seed,kappa,model,pi,v_state,v_static,vosc,c_state,c_static,turnover_state
101,0.0,M0,balanced,0.0502360243302525,0.0502360243302525,0.0,0.3227722701663412,0.3227722701663412,0.0
101,0.0,M0,low,0.05023602433025251,0.05023602433025251,0.0,0.3227722701663412,0.3227722701663412,0.0
101,0.0,M0,high,0.05023602433025251,0.05023602433025251,0.0,0.3227722701663412,0.3227722701663412,0.0
101,0.0,M1,balanced,0.05237588213016933,0.05237588213016933,0.0,0.3223897428406979,0.3223897428406979,0.0
101,0.0,M1,low,0.05237588213016934,0.05237588213016934,0.0,0.3223897428406979,0.3223897428406979,0.0
101,0.0,M1,high,0.05237588213016934,0.05237588213016934,0.0,0.3223897428406979,0.3223897428406979,0.0
101,0.0,M2,balanced,0.05237588213016933,0.05237588213016933,0.0,0.3223897428406979,0.3223897428406979,0.0
101,0.0,M2,low,0.05237588213016934,0.05237588213016934,0.0,0.3223897428406979,0.3223897428406979,0.0
101,0.0,M2,high,0.05237588213016934,0.05237588213016934,0.0,0.3223897428406979,0.3223897428406979,0.0
101,0.0,M3,balanced,0.05237588213016933,0.05237588213016933,0.0,0.3223897428406979,0.3223897428406979,0.0
101,0.0,M3,low,0.05237588213016934,0.05237588213016934,0.0,0.3223897428406979,0.3223897428406979,0.0
101,0.0,M3,high,0.05237588213016934,0.05237588213016934,0.0,0.3223897428406979,0.3223897428406979,0.0
101,0.25,M0,balanced,0.0502360243302525,0.0502360243302525,0.0,0.3227722701663412,0.3227722701663412,0.0
101,0.25,M0,low,0.05023602433025251,0.05023602433025251,0.0,0.3227722701663412,0.3227722701663412,0.0
101,0.25,M0,high,0.05023602433025251,0.05023602433025251,0.0,0.3227722701663412,0.3227722701663412,0.0
101,0.25,M1,balanced,0.05237588213016933,0.05237588213016933,0.0,0.3223897428406979,0.3223897428406979,0.0
101,0.25,M1,low,0.05237588213016934,0.05237588213016934,0.0,0.3223897428406979,0.3223897428406979,0.0
101,0.25,M1,high,0.05237588213016934,0.05237588213016934,0.0,0.3223897428406979,0.3223897428406979,0.0
101,0.25,M2,balanced,0.052386240452177976,0.05238624816026137,7.708083393787035e-09,0.32239094441852645,0.3223897428406979,0.0005290556593917847
101,0.25,M2,low,0.05177959866646661,0.05177960392480838,5.258341775893349e-09,0.32249541338112087,0.3224935638865156,0.00048016906418207986
101,0.25,M2,high,0.052993918070088006,0.052993923232982534,5.162894528565332e-09,0.3222865987429753,0.32228447391148496,0.0004732060397387154
101,0.25,M3,balanced,0.052388891049085895,0.05238890032104172,9.27195582811624e-09,0.3223910869622475,0.32238745956728987,0.0005836999774153385
101,0.25,M3,low,0.051723569153411905,0.05172357547484876,6.321436853140572e-09,0.3225056781538744,0.3225030087208562,0.0005284886849972352
101,0.25,M3,high,0.05305551383664972,0.05305552003593265,6.199282927277228e-09,0.32227664051202737,0.3222742332817353,0.0005172678237222947
101,0.5,M0,balanced,0.0502360243302525,0.0502360243302525,0.0,0.3227722701663412,0.3227722701663412,0.0
101,0.5,M0,low,0.05023602433025251,0.05023602433025251,0.0,0.3227722701663412,0.3227722701663412,0.0
101,0.5,M0,high,0.05023602433025251,0.05023602433025251,0.0,0.3227722701663412,0.3227722701663412,0.0
101,0.5,M1,balanced,0.05237588213016933,0.05237588213016933,0.0,0.3223897428406979,0.3223897428406979,0.0
101,0.5,M1,low,0.05237588213016934,0.05237588213016934,0.0,0.3223897428406979,0.3223897428406979,0.0
101,0.5,M1,high,0.05237588213016934,0.05237588213016934,0.0,0.3223897428406979,0.3223897428406979,0.0
101,0.5,M2,balanced,0.05241732304564865,0.052417353867718036,3.082206938287424e-08,0.32239454535432766,0.32238252814960383,0.0010675365226869606
101,0.5,M2,low,0.05120464923066005,0.05120467043094293,2.1200282876443488e-08,0.32260364465645913,0.32259559149892636,0.0009691305422421564
101,0.5,M2,high,0.05363414095217994,0.05363416137686307,2.042468312535295e-08,0.3221860115321337,0.32217807404999493,0.0009362361255363536
101,0.5,M3,balanced,0.052427900624306245,0.05242793771359961,3.708929336571076e-08,0.3223951977839131,0.32238097960999657,0.0011717459537928206
101,0.5,M3,low,0.05109771351888921,0.05109773905481332,2.5535924104425067e-08,0.3226245305298103,0.3226147835885238,0.0010633283821759975
101,0.5,M3,high,0.05376328957913099,0.05376331413060766,2.455147667113078e-08,0.3221663904889137,0.3221568105093302,0.0010260435033176796
101,0.75,M0,balanced,0.0502360243302525,0.0502360243302525,0.0,0.3227722701663412,0.3227722701663412,0.0
101,0.75,M0,low,0.05023602433025251,0.05023602433025251,0.0,0.3227722701663412,0.3227722701663412,0.0
101,0.75,M0,high,0.05023602433025251,0.05023602433025251,0.0,0.3227722701663412,0.3227722701663412,0.0
101,0.75,M1,balanced,0.05237588213016933,0.05237588213016933,0.0,0.3223897428406979,0.3223897428406979,0.0
101,0.75,M1,low,0.05237588213016934,0.05237588213016934,0.0,0.3223897428406979,0.3223897428406979,0.0
101,0.75,M1,high,0.05237588213016934,0.05237588213016934,0.0,0.3223897428406979,0.3223897428406979,0.0
101,0.75,M2,balanced,0.05246915280054275,0.052469222125351316,6.932480856730594e-08,0.32240062429621213,0.32237438957688036,0.0016069950371766911
101,0.75,M2,low,0.05065063108090714,0.05065067922218168,4.814127454316752e-08,0.32271465914273023,0.3226958687053897,0.0014656026382289106
101,0.75,M2,high,0.0542970015872074,0.054297047107781486,4.552057408790944e-08,0.32208784927605144,0.3220697990493851,0.0013929652050069705
101,0.75,M3,balanced,0.0524928513837431,0.05249293484296931,8.345922621055823e-08,0.3224020033626852,0.32236922913516197,0.0017682751807378526
101,0.75,M3,low,0.05049738547455332,0.050497443520736394,5.8046183075421975e-08,0.3227464222452638,0.3227240993090503,0.001609866592536998
101,0.75,M3,high,0.054500014218281795,0.054500068938435425,5.472015363050531e-08,0.32205879801085513,0.32203772756307325,0.0015269428376884428
101,1.0,M0,balanced,0.0502360243302525,0.0502360243302525,0.0,0.3227722701663412,0.3227722701663412,0.0
101,1.0,M0,low,0.05023602433025251,0.05023602433025251,0.0,0.3227722701663412,0.3227722701663412,0.0
101,1.0,M0,high,0.05023602433025251,0.05023602433025251,0.0,0.3227722701663412,0.3227722701663412,0.0
101,1.0,M1,balanced,0.05237588213016933,0.05237588213016933,0.0,0.3223897428406979,0.3223897428406979,0.0
101,1.0,M1,low,0.05237588213016934,0.05237588213016934,0.0,0.3223897428406979,0.3223897428406979,0.0
101,1.0,M1,high,0.05237588213016934,0.05237588213016934,0.0,0.3223897428406979,0.3223897428406979,0.0
101,1.0,M2,balanced,0.05254176789200021,0.052541891069909225,1.2317790901161807e-07,0.3224090007856015,0.3223614033682276,0.0021531541024096554
101,1.0,M2,low,0.05011715688609093,0.05011724323643521,8.635034427773025e-08,0.3228277918952364,0.32279446051627014,0.0019708322191821907
101,1.0,M2,high,0.054982967474091295,0.05498304762024591,8.014615461571228e-08,0.3219921100947784,0.32196096426361254,0.0018422630133915164
101,1.0,M3,balanced,0.05258361365434866,0.05258376205646751,1.4840211885053245e-07,0.322411661100942,0.3223541081752623,0.002369602644279941
101,1.0,M3,low,0.049921525110100486,0.049921629381733,1.0427163251586213e-07,0.32287146733372624,0.32283088033134816,0.0021682480943279537
101,1.0,M3,high,0.05526647535101476,0.05526657170281045,9.635179568784347e-08,0.32195404669418215,0.321918273213127,0.0020192822213073247
202,0.0,M0,balanced,0.050288781199713334,0.050288781199713334,0.0,0.3227624561332165,0.3227624561332165,0.0
202,0.0,M0,low,0.050288781199713334,0.050288781199713334,0.0,0.3227624561332165,0.3227624561332165,0.0
202,0.0,M0,high,0.050288781199713334,0.050288781199713334,0.0,0.3227624561332165,0.3227624561332165,0.0
202,0.0,M1,balanced,0.05251495419618222,0.05251495419618222,0.0,0.32236589842651886,0.32236589842651886,0.0
202,0.0,M1,low,0.052514954196182226,0.052514954196182226,0.0,0.32236589842651886,0.32236589842651886,0.0
202,0.0,M1,high,0.052514954196182226,0.052514954196182226,0.0,0.32236589842651886,0.32236589842651886,0.0
202,0.0,M2,balanced,0.05251495419618222,0.05251495419618222,0.0,0.32236589842651886,0.32236589842651886,0.0
202,0.0,M2,low,0.052514954196182226,0.052514954196182226,0.0,0.32236589842651886,0.32236589842651886,0.0
202,0.0,M2,high,0.052514954196182226,0.052514954196182226,0.0,0.32236589842651886,0.32236589842651886,0.0
202,0.0,M3,balanced,0.05251495419618222,0.05251495419618222,0.0,0.32236589842651886,0.32236589842651886,0.0
202,0.0,M3,low,0.052514954196182226,0.052514954196182226,0.0,0.32236589842651886,0.32236589842651886,0.0
202,0.0,M3,high,0.052514954196182226,0.052514954196182226,0.0,0.32236589842651886,0.32236589842651886,0.0
202,0.25,M0,balanced,0.050288781199713334,0.050288781199713334,0.0,0.3227624561332165,0.3227624561332165,0.0
202,0.25,M0,low,0.050288781199713334,0.050288781199713334,0.0,0.3227624561332165,0.3227624561332165,0.0
202,0.25,M0,high,0.050288781199713334,0.050288781199713334,0.0,0.3227624561332165,0.3227624561332165,0.0
202,0.25,M1,balanced,0.05251495419618222,0.05251495419618222,0.0,0.32236589842651886,0.32236589842651886,0.0
202,0.25,M1,low,0.052514954196182226,0.052514954196182226,0.0,0.32236589842651886,0.32236589842651886,0.0
202,0.25,M1,high,0.052514954196182226,0.052514954196182226,0.0,0.32236589842651886,0.32236589842651886,0.0
202,0.25,M2,balanced,0.05252565293331757,0.05252566075234866,7.819031089262296e-09,0.32236699549529113,0.3223639810898846,0.0005343181633913873
202,0.25,M2,low,0.05191238403524459,0.05191238936547003,5.3302254415799055e-09,0.32247205615749647,0.32247008332881155,0.0004828242615807318
202,0.25,M2,high,0.05313999170510422,0.05313999693545282,5.230348598672663e-09,0.3222620614253902,0.3222600837261952,0.0004748103136338534
202,0.25,M3,balanced,0.052528791521838876,0.05252880100870023,9.486861352048237e-09,0.3223672107584818,0.3223633944415238,0.0005894968809745544
202,0.25,M3,low,0.05185333558170674,0.05185334204748067,6.46577393015324e-09,0.32248295266892674,0.322480412725668,0.0005324915686235124
202,0.25,M3,high,0.05320563119453227,0.05320563754223241,6.3477001432943325e-09,0.3222515279864049,0.32224877660949136,0.0005234106332636171
202,0.5,M0,balanced,0.050288781199713334,0.050288781199713334,0.0,0.3227624561332165,0.3227624561332165,0.0
202,0.5,M0,low,0.050288781199713334,0.050288781199713334,0.0,0.3227624561332165,0.3227624561332165,0.0
202,0.5,M0,high,0.050288781199713334,0.050288781199713334,0.0,0.3227624561332165,0.3227624561332165,0.0
202,0.5,M1,balanced,0.05251495419618222,0.05251495419618222,0.0,0.32236589842651886,0.32236589842651886,0.0
202,0.5,M1,low,0.052514954196182226,0.052514954196182226,0.0,0.32236589842651886,0.32236589842651886,0.0
202,0.5,M1,high,0.052514954196182226,0.052514954196182226,0.0,0.32236589842651886,0.32236589842651886,0.0
202,0.5,M2,balanced,0.05255775784029059,0.05255778910950141,3.12692108178636e-08,0.3223706649666874,0.3223585697604401,0.0010739207237753928
202,0.5,M2,low,0.051331831933610045,0.05133185343931673,2.150570668768559e-08,0.322581021830533,0.32257270872881855,0.0009743745078359771
202,0.5,M2,high,0.05378796411137766,0.05378798483281855,2.0721440889548415e-08,0.32216082993058287,0.32215249438117066,0.0009416459789037618
202,0.5,M3,balanced,0.052570294192619806,0.052570332155488245,3.7962868439100905e-08,0.3223710842901929,0.3223554766369507,0.001192456994013906
202,0.5,M3,low,0.051219779259856116,0.05121980537868727,2.6118831153443267e-08,0.3226027951122371,0.32259269678088187,0.0010741663239040113
202,0.5,M3,high,0.05392634312502023,0.05392636828829628,2.5163276046180627e-08,0.3221398529949413,0.32213004881515095,0.0010390435729271698
202,0.75,M0,balanced,0.050288781199713334,0.050288781199713334,0.0,0.3227624561332165,0.3227624561332165,0.0
202,0.75,M0,low,0.050288781199713334,0.050288781199713334,0.0,0.3227624561332165,0.3227624561332165,0.0
202,0.75,M0,high,0.050288781199713334,0.050288781199713334,0.0,0.3227624561332165,0.3227624561332165,0.0
202,0.75,M1,balanced,0.05251495419618222,0.05251495419618222,0.0,0.32236589842651886,0.32236589842651886,0.0
202,0.75,M1,low,0.052514954196182226,0.052514954196182226,0.0,0.32236589842651886,0.32236589842651886,0.0
202,0.75,M1,high,0.052514954196182226,0.052514954196182226,0.0,0.32236589842651886,0.32236589842651886,0.0
202,0.75,M2,balanced,0.05261129501293037,0.052611365350972716,7.033804234890528e-08,0.32237663806495553,0.32234761980364396,0.0016227277459991243
202,0.75,M2,low,0.05077286649239822,0.050772915323318915,4.88309206958526e-08,0.322692364510227,0.32267342651113967,0.0014737498184656753
202,0.75,M2,high,0.0544593576151369,0.054459403795699315,4.6180562415787385e-08,0.32206203416792745,0.3220436129664108,0.0014010741008598923
202,0.75,M3,balanced,0.05263942621407839,0.05263951162273039,8.540865199802017e-08,0.3223776766237054,0.3223447366774652,0.0017867537897312106
202,0.75,M3,low,0.050613236076909825,0.05061329543993488,5.9363025058101204e-08,0.3227255938004332,0.3227020965718899,0.0016265280913816884
202,0.75,M3,high,0.05467806355303538,0.05467811958230588,5.6029270500967954e-08,0.3220309259404706,0.3220091210743193,0.001542485613890057
202,1.0,M0,balanced,0.050288781199713334,0.050288781199713334,0.0,0.3227624561332165,0.3227624561332165,0.0
202,1.0,M0,low,0.050288781199713334,0.050288781199713334,0.0,0.3227624561332165,0.3227624561332165,0.0
202,1.0,M0,high,0.050288781199713334,0.050288781199713334,0.0,0.3227624561332165,0.3227624561332165,0.0
202,1.0,M1,balanced,0.05251495419618222,0.05251495419618222,0.0,0.32236589842651886,0.32236589842651886,0.0
202,1.0,M1,low,0.052514954196182226,0.052514954196182226,0.0,0.32236589842651886,0.32236589842651886,0.0
202,1.0,M1,high,0.052514954196182226,0.052514954196182226,0.0,0.32236589842651886,0.32236589842651886,0.0
202,1.0,M2,balanced,0.05268630797493477,0.05268643293900067,1.249640658937401e-07,0.3223850688312954,0.32233644886404517,0.002167387269791743
202,1.0,M2,low,0.050235073850487526,0.050235161442943,8.759245547634853e-08,0.3228064041616964,0.3227722392424396,0.0019824690133600584
202,1.0,M2,high,0.05515467747724539,0.05515475879959826,8.132235287255929e-08,0.3219656555839381,0.32193382764238265,0.001854050074622256
202,1.0,M3,balanced,0.05273609647549369,0.05273624836944215,1.518939484607129e-07,0.3223870265342769,0.32232816486158267,0.002396268572460486
202,1.0,M3,low,0.05003254024838877,0.050032646884772616,1.0663638384811325e-07,0.3228514678145159,0.32280972320968515,0.0021892146843220553
202,1.0,M3,high,0.055461766930526984,0.055461865633837315,9.870331033057234e-08,0.3219246177745958,0.3218863564050206,0.0020411545465173504
303,0.0,M0,balanced,0.0502629405240233,0.0502629405240233,0.0,0.32276712451773737,0.32276712451773737,0.0
303,0.0,M0,low,0.0502629405240233,0.0502629405240233,0.0,0.32276712451773737,0.32276712451773737,0.0
303,0.0,M0,high,0.0502629405240233,0.0502629405240233,0.0,0.32276712451773737,0.32276712451773737,0.0
303,0.0,M1,balanced,0.05241817516416708,0.05241817516416708,0.0,0.3223824951161218,0.3223824951161218,0.0
303,0.0,M1,low,0.05241817516416708,0.05241817516416708,0.0,0.3223824951161218,0.3223824951161218,0.0
303,0.0,M1,high,0.05241817516416708,0.05241817516416708,0.0,0.3223824951161218,0.3223824951161218,0.0
303,0.0,M2,balanced,0.05241817516416708,0.05241817516416708,0.0,0.3223824951161218,0.3223824951161218,0.0
303,0.0,M2,low,0.05241817516416708,0.05241817516416708,0.0,0.3223824951161218,0.3223824951161218,0.0
303,0.0,M2,high,0.05241817516416708,0.05241817516416708,0.0,0.3223824951161218,0.3223824951161218,0.0
303,0.0,M3,balanced,0.05241817516416708,0.05241817516416708,0.0,0.3223824951161218,0.3223824951161218,0.0
303,0.0,M3,low,0.05241817516416708,0.05241817516416708,0.0,0.3223824951161218,0.3223824951161218,0.0
303,0.0,M3,high,0.05241817516416708,0.05241817516416708,0.0,0.3223824951161218,0.3223824951161218,0.0
303,0.25,M0,balanced,0.0502629405240233,0.0502629405240233,0.0,0.32276712451773737,0.32276712451773737,0.0
303,0.25,M0,low,0.0502629405240233,0.0502629405240233,0.0,0.32276712451773737,0.32276712451773737,0.0
303,0.25,M0,high,0.0502629405240233,0.0502629405240233,0.0,0.32276712451773737,0.32276712451773737,0.0
303,0.25,M1,balanced,0.05241817516416708,0.05241817516416708,0.0,0.3223824951161218,0.3223824951161218,0.0
303,0.25,M1,low,0.05241817516416708,0.05241817516416708,0.0,0.3223824951161218,0.3223824951161218,0.0
303,0.25,M1,high,0.05241817516416708,0.05241817516416708,0.0,0.3223824951161218,0.3223824951161218,0.0
303,0.25,M2,balanced,0.05242859615114539,0.052428603883180484,7.732035095520118e-09,0.3223836491746902,0.3223806674922295,0.0005324181448935598
303,0.25,M2,low,0.05182030030409723,0.05182030557269665,5.268599417851405e-09,0.32248828049378464,0.322487239700213,0.0004802621613597742
303,0.25,M2,high,0.053037934096888464,0.05303793926957197,5.17268350375133e-09,0.3222791929885932,0.32227717787695376,0.0004731501023778305
303,0.25,M3,balanced,0.052431277070203536,0.0524312863797545,9.309550963454427e-09,0.32238381496532875,0.3223805276343439,0.0005838910556392092
303,0.25,M3,low,0.05176385724120561,0.05176386358869524,6.347489631131076e-09,0.3224986816697987,0.32249607051033485,0.00052787563180052
303,0.25,M3,high,0.05310000708979838,0.05310001331687206,6.2270736761460554e-09,0.3222691931607126,0.3222669646623648,0.0005194274671908458
303,0.5,M0,balanced,0.0502629405240233,0.0502629405240233,0.0,0.32276712451773737,0.32276712451773737,0.0
303,0.5,M0,low,0.0502629405240233,0.0502629405240233,0.0,0.32276712451773737,0.32276712451773737,0.0
303,0.5,M0,high,0.0502629405240233,0.0502629405240233,0.0,0.32276712451773737,0.32276712451773737,0.0
303,0.5,M1,balanced,0.05241817516416708,0.05241817516416708,0.0,0.3223824951161218,0.3223824951161218,0.0
303,0.5,M1,low,0.05241817516416708,0.05241817516416708,0.0,0.3223824951161218,0.3223824951161218,0.0
303,0.5,M1,high,0.05241817516416708,0.05241817516416708,0.0,0.3223824951161218,0.3223824951161218,0.0
303,0.5,M2,balanced,0.05245986683138415,0.05245989775266206,3.092127791315402e-08,0.32238732356601574,0.3223755299339112,0.0010690114838192639
303,0.5,M2,low,0.051243887206010266,0.05124390847613734,2.1270127076311596e-08,0.3225966340725584,0.3225884687142767,0.0009701602252130341
303,0.5,M2,high,0.05368001562347938,0.05368003611360861,2.0490129232220156e-08,0.3221784976001494,0.322170553655469,0.0009376062722440501
303,0.5,M3,balanced,0.05247056571066282,0.05247060295073643,3.724007361510795e-08,0.32238784918738816,0.3223738323786234,0.0011735606146467924
303,0.5,M3,low,0.051136181768041425,0.05113620741092898,2.5642887556409644e-08,0.32261764513992425,0.3226077170376457,0.001066686212363533
303,0.5,M3,high,0.05381018870791458,0.053810213360271794,2.4652357211163434e-08,0.32215869957600013,0.3221492394443221,0.0010277262909909174
303,0.75,M0,balanced,0.0502629405240233,0.0502629405240233,0.0,0.32276712451773737,0.32276712451773737,0.0
303,0.75,M0,low,0.0502629405240233,0.0502629405240233,0.0,0.32276712451773737,0.32276712451773737,0.0
303,0.75,M0,high,0.0502629405240233,0.0502629405240233,0.0,0.32276712451773737,0.32276712451773737,0.0
303,0.75,M1,balanced,0.05241817516416708,0.05241817516416708,0.0,0.3223824951161218,0.3223824951161218,0.0
303,0.75,M1,low,0.05241817516416708,0.05241817516416708,0.0,0.3223824951161218,0.3223824951161218,0.0
303,0.75,M1,high,0.05241817516416708,0.05241817516416708,0.0,0.3223824951161218,0.3223824951161218,0.0
303,0.75,M2,balanced,0.05251201037045246,0.052512079916919426,6.954646696727407e-08,0.3223933173146516,0.3223661209388936,0.001610877208893545
303,0.75,M2,low,0.050688529454584505,0.05068857774937934,4.829479483686727e-08,0.3227075727371097,0.32268883739463217,0.00146805795281238
303,0.75,M2,high,0.05434487480694786,0.05434492047068512,4.5663737263668125e-08,0.3220801387684068,0.3220624431510074,0.0013952294044255944
303,0.75,M3,balanced,0.052535981867636826,0.05253606566573441,8.379809758596313e-08,0.32239477842915465,0.3223622955402721,0.0017709863899283776
303,0.75,M3,low,0.05053420882534146,0.05053426710837687,5.828303541177693e-08,0.3227397456493089,0.3227170843798634,0.0016132136582428678
303,0.75,M3,high,0.05454953558027821,0.05454959051708601,5.493680779733445e-08,0.3220510123822283,0.3220297682804223,0.001529175192828006
303,1.0,M0,balanced,0.0502629405240233,0.0502629405240233,0.0,0.32276712451773737,0.32276712451773737,0.0
303,1.0,M0,low,0.0502629405240233,0.0502629405240233,0.0,0.32276712451773737,0.32276712451773737,0.0
303,1.0,M0,high,0.0502629405240233,0.0502629405240233,0.0,0.32276712451773737,0.32276712451773737,0.0
303,1.0,M1,balanced,0.05241817516416708,0.05241817516416708,0.0,0.3223824951161218,0.3223824951161218,0.0
303,1.0,M1,low,0.05241817516416708,0.05241817516416708,0.0,0.3223824951161218,0.3223824951161218,0.0
303,1.0,M1,high,0.05241817516416708,0.05241817516416708,0.0,0.3223824951161218,0.3223824951161218,0.0
303,1.0,M2,balanced,0.052585065403209265,0.052585188975672416,1.2357246315097825e-07,0.32240179870913205,0.32235381433402466,0.0021564535224768227
303,1.0,M2,low,0.05015383623051624,0.05015392286406904,8.663355280380536e-08,0.32282110793486013,0.32278763217278117,0.0019728631390595656
303,1.0,M2,high,0.055032983599804755,0.055033063997125736,8.03973209811959e-08,0.32198429747175245,0.32195330636514297,0.001845126893636281
303,1.0,M3,balanced,0.0526273960717157,0.05262754507820661,1.490064909098754e-07,0.3224043888975876,0.32234662524045166,0.0023736143201103935
303,1.0,M3,low,0.04995686790381931,0.049956972605626745,1.0470180743238355e-07,0.322864882888283,0.32282388986022825,0.0021715614187773715
303,1.0,M3,high,0.05531884633035779,0.05531894307168786,9.6741330071759e-08,0.32194604230925183,0.3219085240955216,0.0020215034844315817
404,0.0,M0,balanced,0.05036725562267082,0.05036725562267082,0.0,0.3227478181321487,0.3227478181321487,0.0
404,0.0,M0,low,0.05036725562267082,0.05036725562267082,0.0,0.3227478181321487,0.3227478181321487,0.0
404,0.0,M0,high,0.05036725562267082,0.05036725562267082,0.0,0.3227478181321487,0.3227478181321487,0.0
404,0.0,M1,balanced,0.05263062024990792,0.05263062024990792,0.0,0.32234614981396237,0.32234614981396237,0.0
404,0.0,M1,low,0.05263062024990792,0.05263062024990792,0.0,0.32234614981396237,0.32234614981396237,0.0
404,0.0,M1,high,0.05263062024990792,0.05263062024990792,0.0,0.32234614981396237,0.32234614981396237,0.0
404,0.0,M2,balanced,0.05263062024990792,0.05263062024990792,0.0,0.32234614981396237,0.32234614981396237,0.0
404,0.0,M2,low,0.05263062024990792,0.05263062024990792,0.0,0.32234614981396237,0.32234614981396237,0.0
404,0.0,M2,high,0.05263062024990792,0.05263062024990792,0.0,0.32234614981396237,0.32234614981396237,0.0
404,0.0,M3,balanced,0.05263062024990792,0.05263062024990792,0.0,0.32234614981396237,0.32234614981396237,0.0
404,0.0,M3,low,0.05263062024990792,0.05263062024990792,0.0,0.32234614981396237,0.32234614981396237,0.0
404,0.0,M3,high,0.05263062024990792,0.05263062024990792,0.0,0.32234614981396237,0.32234614981396237,0.0
404,0.25,M0,balanced,0.05036725562267082,0.05036725562267082,0.0,0.3227478181321487,0.3227478181321487,0.0
404,0.25,M0,low,0.05036725562267082,0.05036725562267082,0.0,0.3227478181321487,0.3227478181321487,0.0
404,0.25,M0,high,0.05036725562267082,0.05036725562267082,0.0,0.3227478181321487,0.3227478181321487,0.0
404,0.25,M1,balanced,0.05263062024990792,0.05263062024990792,0.0,0.32234614981396237,0.32234614981396237,0.0
404,0.25,M1,low,0.05263062024990792,0.05263062024990792,0.0,0.32234614981396237,0.32234614981396237,0.0
404,0.25,M1,high,0.05263062024990792,0.05263062024990792,0.0,0.32234614981396237,0.32234614981396237,0.0
404,0.25,M2,balanced,0.05264144561318322,0.052641453491333305,7.878150083684421e-09,0.3223473605388738,0.3223439990697072,0.0005364221732385236
404,0.25,M2,low,0.05202398836208587,0.052023993737961856,5.375875987423395e-09,0.3224527060726261,0.32245043582113786,0.00048492059147553116
404,0.25,M2,high,0.05325998540060474,0.05325999067053572,5.269930977713777e-09,0.3222420279604025,0.3222398193036328,0.0004758954663910877
404,0.25,M3,balanced,0.052644521312586325,0.05264453087759764,9.565011317713701e-09,0.3223474805106433,0.32234368746335246,0.000592298963234289
404,0.25,M3,low,0.05196422817730568,0.05196423469785068,6.520544999777389e-09,0.3224636442043286,0.32246110069476136,0.0005343572659458229
404,0.25,M3,high,0.05332620455412668,0.05332621095527691,6.401150234869313e-09,0.3222314465894139,0.32222875716731525,0.0005254390740571875
404,0.5,M0,balanced,0.05036725562267082,0.05036725562267082,0.0,0.3227478181321487,0.3227478181321487,0.0
404,0.5,M0,low,0.05036725562267082,0.05036725562267082,0.0,0.3227478181321487,0.3227478181321487,0.0
404,0.5,M0,high,0.05036725562267082,0.05036725562267082,0.0,0.3227478181321487,0.3227478181321487,0.0
404,0.5,M1,balanced,0.05263062024990792,0.05263062024990792,0.0,0.32234614981396237,0.32234614981396237,0.0
404,0.5,M1,low,0.05263062024990792,0.05263062024990792,0.0,0.32234614981396237,0.32234614981396237,0.0
404,0.5,M1,high,0.05263062024990792,0.05263062024990792,0.0,0.32234614981396237,0.32234614981396237,0.0
404,0.5,M2,balanced,0.05267393032118318,0.05267396182582943,3.150464625290006e-08,0.3223509777278186,0.3223388184979049,0.0010769711390558265
404,0.5,M2,low,0.051439637017370095,0.05143965869027809,2.1672907996039825e-08,0.322561893499729,0.32255349071809924,0.0009767498120325513
404,0.5,M2,high,0.05391255463212417,0.053912575510666014,2.087854184679161e-08,0.3221405387958513,0.32213251756945227,0.0009444784194126781
404,0.5,M3,balanced,0.052686211552904476,0.0526862498184579,3.826555342728577e-08,0.32235146633786865,0.3223376138303995,0.0011895331547978234
404,0.5,M3,low,0.051326051207060436,0.05132607754957563,2.6342515196953187e-08,0.3225839599310775,0.3225737228741633,0.0010800911472501264
404,0.5,M3,high,0.05405193102904214,0.054051956362582365,2.5333540223937412e-08,0.3221195178313224,0.3221101149105896,0.0010404218651364518
404,0.75,M0,balanced,0.05036725562267082,0.05036725562267082,0.0,0.3227478181321487,0.3227478181321487,0.0
404,0.75,M0,low,0.05036725562267082,0.05036725562267082,0.0,0.3227478181321487,0.3227478181321487,0.0
404,0.75,M0,high,0.05036725562267082,0.05036725562267082,0.0,0.3227478181321487,0.3227478181321487,0.0
404,0.75,M1,balanced,0.05263062024990792,0.05263062024990792,0.0,0.32234614981396237,0.32234614981396237,0.0
404,0.75,M1,low,0.05263062024990792,0.05263062024990792,0.0,0.32234614981396237,0.32234614981396237,0.0
404,0.75,M1,high,0.05263062024990792,0.05263062024990792,0.0,0.32234614981396237,0.32234614981396237,0.0
404,0.75,M2,balanced,0.05272810023760596,0.052728171095447265,7.085784130278494e-08,0.32235695427723143,0.3223298005782489,0.0016222031674986506
404,0.75,M2,low,0.050877131227652375,0.05087718043394733,4.920629495530626e-08,0.32267356097603633,0.32265530205759485,0.001477232950958102
404,0.75,M2,high,0.054588817246329344,0.054588863768425214,4.6522095870082936e-08,0.3220414280247535,0.3220232950620678,0.0014052440163170546
404,0.75,M3,balanced,0.052755643894073195,0.0527557299948355,8.610076230458619e-08,0.32235822532108427,0.32232478989441105,0.0017926442844688761
404,0.75,M3,low,0.05071505116644512,0.050715111035461405,5.98690162861848e-08,0.32270721242491984,0.3226839073381863,0.0016310754201153397
404,0.75,M3,high,0.05480873898611595,0.05480879544675864,5.646064268893802e-08,0.32201041155411847,0.3219885249688452,0.0015473338285717265
404,1.0,M0,balanced,0.05036725562267082,0.05036725562267082,0.0,0.3227478181321487,0.3227478181321487,0.0
404,1.0,M0,low,0.05036725562267082,0.05036725562267082,0.0,0.3227478181321487,0.3227478181321487,0.0
404,1.0,M0,high,0.05036725562267082,0.05036725562267082,0.0,0.3227478181321487,0.3227478181321487,0.0
404,1.0,M1,balanced,0.05263062024990792,0.05263062024990792,0.0,0.32234614981396237,0.32234614981396237,0.0
404,1.0,M1,low,0.05263062024990792,0.05263062024990792,0.0,0.32234614981396237,0.32234614981396237,0.0
404,1.0,M1,high,0.05263062024990792,0.05263062024990792,0.0,0.32234614981396237,0.32234614981396237,0.0
404,1.0,M2,balanced,0.05280399849916083,0.052804124401957274,1.2590279644536517e-07,0.32236542073185404,0.3223166452176366,0.002173121180129082
404,1.0,M2,low,0.050336053388863725,0.050336141652173455,8.826330973044083e-08,0.32278785527356546,0.32275374237010257,0.0019876986800331695
404,1.0,M2,high,0.05528928143438323,0.05528936334937484,8.191499160925542e-08,0.3219449132819318,0.3219132098753721,0.0018573755071869713
404,1.0,M3,balanced,0.052852708142105416,0.05285286125479753,1.531126921153203e-07,0.3223677291432127,0.32230843331860476,0.002403493110821131
404,1.0,M3,low,0.05013006433614828,0.05013017189791686,1.0756176858223165e-07,0.3228336342402278,0.3227971324411729,0.002194912602524619
404,1.0,M3,high,0.055597560737282156,0.055597660182459194,9.944517703752709e-08,0.3219039765799762,0.32186556406987565,0.0020466538291247787
505,0.0,M0,balanced,0.0503469668914663,0.0503469668914663,0.0,0.3227515594521437,0.3227515594521437,0.0
505,0.0,M0,low,0.0503469668914663,0.0503469668914663,0.0,0.3227515594521437,0.3227515594521437,0.0
505,0.0,M0,high,0.0503469668914663,0.0503469668914663,0.0,0.3227515594521437,0.3227515594521437,0.0
505,0.0,M1,balanced,0.052539080207910545,0.052539080207910545,0.0,0.32236173590644895,0.32236173590644895,0.0
505,0.0,M1,low,0.05253908020791055,0.05253908020791055,0.0,0.32236173590644895,0.32236173590644895,0.0
505,0.0,M1,high,0.05253908020791055,0.05253908020791055,0.0,0.32236173590644895,0.32236173590644895,0.0
505,0.0,M2,balanced,0.052539080207910545,0.052539080207910545,0.0,0.32236173590644895,0.32236173590644895,0.0
505,0.0,M2,low,0.05253908020791055,0.05253908020791055,0.0,0.32236173590644895,0.32236173590644895,0.0
505,0.0,M2,high,0.05253908020791055,0.05253908020791055,0.0,0.32236173590644895,0.32236173590644895,0.0
505,0.0,M3,balanced,0.052539080207910545,0.052539080207910545,0.0,0.32236173590644895,0.32236173590644895,0.0
505,0.0,M3,low,0.05253908020791055,0.05253908020791055,0.0,0.32236173590644895,0.32236173590644895,0.0
505,0.0,M3,high,0.05253908020791055,0.05253908020791055,0.0,0.32236173590644895,0.32236173590644895,0.0
505,0.25,M0,balanced,0.0503469668914663,0.0503469668914663,0.0,0.3227515594521437,0.3227515594521437,0.0
505,0.25,M0,low,0.0503469668914663,0.0503469668914663,0.0,0.3227515594521437,0.3227515594521437,0.0
505,0.25,M0,high,0.0503469668914663,0.0503469668914663,0.0,0.3227515594521437,0.3227515594521437,0.0
505,0.25,M1,balanced,0.052539080207910545,0.052539080207910545,0.0,0.32236173590644895,0.32236173590644895,0.0
505,0.25,M1,low,0.05253908020791055,0.05253908020791055,0.0,0.32236173590644895,0.32236173590644895,0.0
505,0.25,M1,high,0.05253908020791055,0.05253908020791055,0.0,0.32236173590644895,0.32236173590644895,0.0
505,0.25,M2,balanced,0.05254965243656957,0.05254966023311811,7.7965485456577e-09,0.32236299028381526,0.3223599717242162,0.0005339707417468045
505,0.25,M2,low,0.05193687170720476,0.05193687702026999,5.3130652308275295e-09,0.32246795286587787,0.3224656207387435,0.00048313159018418536
505,0.25,M2,high,0.05316349038879285,0.05316349560696769,5.218174836674194e-09,0.3222581424694005,0.32225631859022874,0.00047438612123387736
505,0.25,M3,balanced,0.052552340479554434,0.052552349878146054,9.398591620246588e-09,0.3223630780748995,0.32235955919561504,0.0005861240594316243
505,0.25,M3,low,0.05187959327543687,0.05187959968359193,6.408155062143095e-09,0.3224783597257487,0.3224757181733775,0.0005299474898065995
505,0.25,M3,high,0.053226413710806914,0.053226419993387356,6.282580441996366e-09,0.32224803870592517,0.3222462984609798,0.0005210596512453126
505,0.5,M0,balanced,0.0503469668914663,0.0503469668914663,0.0,0.3227515594521437,0.3227515594521437,0.0
505,0.5,M0,low,0.0503469668914663,0.0503469668914663,0.0,0.3227515594521437,0.3227515594521437,0.0
505,0.5,M0,high,0.0503469668914663,0.0503469668914663,0.0,0.3227515594521437,0.3227515594521437,0.0
505,0.5,M1,balanced,0.052539080207910545,0.052539080207910545,0.0,0.32236173590644895,0.32236173590644895,0.0
505,0.5,M1,low,0.05253908020791055,0.05253908020791055,0.0,0.32236173590644895,0.32236173590644895,0.0
505,0.5,M1,high,0.05253908020791055,0.05253908020791055,0.0,0.32236173590644895,0.32236173590644895,0.0
505,0.5,M2,balanced,0.05258137696496185,0.052581408143885414,3.117892356102603e-08,0.32236654889098965,0.3223545038780497,0.0010720441514925846
505,0.5,M2,low,0.051356435253495675,0.05135645670197037,2.1448474697705056e-08,0.3225766600231409,0.3225682198469156,0.0009741744774974658
505,0.5,M2,high,0.05381054835213202,0.05381056901004849,2.0657916474653426e-08,0.3221570891546275,0.32214898920526597,0.0009407128006903558
505,0.5,M3,balanced,0.05259210351213218,0.05259214110756128,3.7595429103198796e-08,0.32236724545981466,0.3223528619319385,0.0011784227775870904
505,0.5,M3,low,0.05124707161187697,0.05124709750348035,2.5891603382122153e-08,0.3225978470683477,0.3225878299636924,0.0010690034010668922
505,0.5,M3,high,0.05394243774280756,0.05394246262934066,2.4886533098178454e-08,0.3221371967508467,0.3221275494034323,0.0010321692045304185
505,0.75,M0,balanced,0.0503469668914663,0.0503469668914663,0.0,0.3227515594521437,0.3227515594521437,0.0
505,0.75,M0,low,0.0503469668914663,0.0503469668914663,0.0,0.3227515594521437,0.3227515594521437,0.0
505,0.75,M0,high,0.0503469668914663,0.0503469668914663,0.0,0.3227515594521437,0.3227515594521437,0.0
505,0.75,M1,balanced,0.052539080207910545,0.052539080207910545,0.0,0.32236173590644895,0.32236173590644895,0.0
505,0.75,M1,low,0.05253908020791055,0.05253908020791055,0.0,0.32236173590644895,0.32236173590644895,0.0
505,0.75,M1,high,0.05253908020791055,0.05253908020791055,0.0,0.32236173590644895,0.32236173590644895,0.0
505,0.75,M2,balanced,0.052634277328333,0.05263434745559308,7.012726008226444e-08,0.32237266047162966,0.3223459167734918,0.001613742494120371
505,0.75,M2,low,0.050797357362000126,0.0507974060623476,4.8700347476948735e-08,0.3226878471170484,0.3226685842835032,0.0014717784814889698
505,0.75,M2,high,0.05448071700670537,0.05448076304473522,4.6038029846706685e-08,0.3220584921899076,0.3220407182945362,0.0013986426301197483
505,0.75,M3,balanced,0.05265830780760818,0.052658392406510525,8.459890234180367e-08,0.32237414348349563,0.32234139581738763,0.0017774286602048525
505,0.75,M3,low,0.050640563415175824,0.050640622267346794,5.885217096990303e-08,0.3227204427084109,0.32269762437252864,0.0016198793871477226
505,0.75,M3,high,0.0546879749600048,0.05468803040703604,5.544703124416017e-08,0.32202908333610497,0.3220084086909504,0.0015350108749174105
505,1.0,M0,balanced,0.0503469668914663,0.0503469668914663,0.0,0.3227515594521437,0.3227515594521437,0.0
505,1.0,M0,low,0.0503469668914663,0.0503469668914663,0.0,0.3227515594521437,0.3227515594521437,0.0
505,1.0,M0,high,0.0503469668914663,0.0503469668914663,0.0,0.3227515594521437,0.3227515594521437,0.0
505,1.0,M1,balanced,0.052539080207910545,0.052539080207910545,0.0,0.32236173590644895,0.32236173590644895,0.0
505,1.0,M1,low,0.05253908020791055,0.05253908020791055,0.0,0.32236173590644895,0.32236173590644895,0.0
505,1.0,M1,high,0.05253908020791055,0.05253908020791055,0.0,0.32236173590644895,0.32236173590644895,0.0
505,1.0,M2,balanced,0.05270839277838001,0.05270851738020083,1.2460182081952542e-07,0.3223810900698296,0.32233291046164403,0.002163552010052015
505,1.0,M2,low,0.050259240391799326,0.05025932775376718,8.736196785430472e-08,0.32280167315105174,0.32276801155012347,0.0019791205338656353
505,1.0,M2,high,0.055174476422007665,0.05517455747750266,8.105549499648479e-08,0.32196244240494554,0.32193108659323805,0.0018502122100521657
505,1.0,M3,balanced,0.05275081945571004,0.05275096988238227,1.5042667223658102e-07,0.3223839563540921,0.32232561188701503,0.0023826103665599905
505,1.0,M3,low,0.050058982886659525,0.05005908862014009,1.057334805612542e-07,0.3228462227295176,0.32280509045004113,0.002179932825388734
505,1.0,M3,high,0.05546382994953725,0.05546392758419856,9.763466131407217e-08,0.32192388893112817,0.3218859675177834,0.002028771339048947
606,0.0,M0,balanced,0.05031790438912457,0.05031790438912457,0.0,0.32275692137469136,0.3227569213746914,0.0
606,0.0,M0,low,0.05031790438912457,0.05031790438912457,0.0,0.3227569213746914,0.3227569213746914,0.0
606,0.0,M0,high,0.05031790438912457,0.05031790438912457,0.0,0.3227569213746914,0.3227569213746914,0.0
606,0.0,M1,balanced,0.05256040960800071,0.05256040960800071,0.0,0.32235812655133855,0.32235812655133855,0.0
606,0.0,M1,low,0.0525604096080007,0.0525604096080007,0.0,0.32235812655133855,0.32235812655133855,0.0
606,0.0,M1,high,0.0525604096080007,0.0525604096080007,0.0,0.32235812655133855,0.32235812655133855,0.0
606,0.0,M2,balanced,0.05256040960800071,0.05256040960800071,0.0,0.32235812655133855,0.32235812655133855,0.0
606,0.0,M2,low,0.0525604096080007,0.0525604096080007,0.0,0.32235812655133855,0.32235812655133855,0.0
606,0.0,M2,high,0.0525604096080007,0.0525604096080007,0.0,0.32235812655133855,0.32235812655133855,0.0
606,0.0,M3,balanced,0.05256040960800071,0.05256040960800071,0.0,0.32235812655133855,0.32235812655133855,0.0
606,0.0,M3,low,0.0525604096080007,0.0525604096080007,0.0,0.32235812655133855,0.32235812655133855,0.0
606,0.0,M3,high,0.0525604096080007,0.0525604096080007,0.0,0.32235812655133855,0.32235812655133855,0.0
606,0.25,M0,balanced,0.05031790438912457,0.05031790438912457,0.0,0.32275692137469136,0.3227569213746914,0.0
606,0.25,M0,low,0.05031790438912457,0.05031790438912457,0.0,0.3227569213746914,0.3227569213746914,0.0
606,0.25,M0,high,0.05031790438912457,0.05031790438912457,0.0,0.3227569213746914,0.3227569213746914,0.0
606,0.25,M1,balanced,0.05256040960800071,0.05256040960800071,0.0,0.32235812655133855,0.32235812655133855,0.0
606,0.25,M1,low,0.0525604096080007,0.0525604096080007,0.0,0.32235812655133855,0.32235812655133855,0.0
606,0.25,M1,high,0.0525604096080007,0.0525604096080007,0.0,0.32235812655133855,0.32235812655133855,0.0
606,0.25,M2,balanced,0.0525711801306805,0.05257118797671882,7.846038319048176e-09,0.322359275903543,0.3223562659393228,0.0005351833103595405
606,0.25,M2,low,0.05195611611098495,0.051956121457066365,5.346081417834103e-09,0.32246446580215493,0.3224624688049468,0.0004838770559480371
606,0.25,M2,high,0.05318732120264286,0.05318732646076853,5.258125670981606e-09,0.3222542123922223,0.32225197842843195,0.00047623632962358813
606,0.25,M3,balanced,0.05257436891463615,0.05257437844320327,9.528567122829568e-09,0.322359339735898,0.32235546997203024,0.0005906936736201328
606,0.25,M3,low,0.051896625750785706,0.051896632248168845,6.4973831384596e-09,0.32247532098615794,0.32247280721739596,0.0005324170256883746
606,0.25,M3,high,0.053253508009147514,0.053253514381210454,6.372062939796752e-09,0.32224353904005726,0.3222411418801242,0.0005240771271570368
606,0.5,M0,balanced,0.05031790438912457,0.05031790438912457,0.0,0.32275692137469136,0.3227569213746914,0.0
606,0.5,M0,low,0.05031790438912457,0.05031790438912457,0.0,0.3227569213746914,0.3227569213746914,0.0
606,0.5,M0,high,0.05031790438912457,0.05031790438912457,0.0,0.3227569213746914,0.3227569213746914,0.0
606,0.5,M1,balanced,0.05256040960800071,0.05256040960800071,0.0,0.32235812655133855,0.32235812655133855,0.0
606,0.5,M1,low,0.0525604096080007,0.0525604096080007,0.0,0.32235812655133855,0.32235812655133855,0.0
606,0.5,M1,high,0.0525604096080007,0.0525604096080007,0.0,0.32235812655133855,0.32235812655133855,0.0
606,0.5,M2,balanced,0.052603500605180896,0.05260353198233595,3.137715505474592e-08,0.32236294523798514,0.32235110510311,0.0010753005035131098
606,0.5,M2,low,0.05137398601592318,0.05137400759723711,2.1581313930374435e-08,0.32257347739525866,0.32256506383254896,0.0009763561682124161
606,0.5,M2,high,0.053837324294149905,0.053837345088212654,2.0794062749462938e-08,0.32215277681395943,0.3221440268540404,0.0009426451278847208
606,0.5,M3,balanced,0.052616239596049746,0.05261627771417875,3.811812900045286e-08,0.32236328435054284,0.3223485505033874,0.0011868755695315324
606,0.5,M3,low,0.051261137936347,0.05126116416986323,2.6233516234319687e-08,0.32259549448408154,0.32258535190390303,0.00107625112947394
606,0.5,M3,high,0.053976924254555816,0.05397694951311142,2.525855560125967e-08,0.3221317188775785,0.32212199143765613,0.0010401029313799055
606,0.75,M0,balanced,0.05031790438912457,0.05031790438912457,0.0,0.32275692137469136,0.3227569213746914,0.0
606,0.75,M0,low,0.05031790438912457,0.05031790438912457,0.0,0.3227569213746914,0.3227569213746914,0.0
606,0.75,M0,high,0.05031790438912457,0.05031790438912457,0.0,0.3227569213746914,0.3227569213746914,0.0
606,0.75,M1,balanced,0.05256040960800071,0.05256040960800071,0.0,0.32235812655133855,0.32235812655133855,0.0
606,0.75,M1,low,0.0525604096080007,0.0525604096080007,0.0,0.32235812655133855,0.32235812655133855,0.0
606,0.75,M1,high,0.0525604096080007,0.0525604096080007,0.0,0.32235812655133855,0.32235812655133855,0.0
606,0.75,M2,balanced,0.05265739776045379,0.0526574683329818,7.057252800896086e-08,0.3223688627570214,0.3223416785408634,0.0016199706568433788
606,0.75,M2,low,0.05081358294505039,0.050813631951095756,4.9006045367561146e-08,0.32268498802549195,0.3226662226762018,0.0014749174421288818
606,0.75,M2,high,0.0545109113910913,0.05451095773074115,4.6339649846516284e-08,0.3220538267398057,0.3220362066848784,0.0014038409377210652
606,0.75,M3,balanced,0.05268599177988165,0.05268607756671555,8.578683390048081e-08,0.3223699019393978,0.3223366349000799,0.001791483284075742
606,0.75,M3,low,0.0506528784097833,0.050652938038077105,5.962829380257162e-08,0.322718446553319,0.3226953374133884,0.0016282738028842339
606,0.75,M3,high,0.05473166336716791,0.054731719645682464,5.627851455691779e-08,0.32202254090784727,0.3220008927315388,0.001545972647999161
606,1.0,M0,balanced,0.05031790438912457,0.05031790438912457,0.0,0.32275692137469136,0.3227569213746914,0.0
606,1.0,M0,low,0.05031790438912457,0.05031790438912457,0.0,0.3227569213746914,0.3227569213746914,0.0
606,1.0,M0,high,0.05031790438912457,0.05031790438912457,0.0,0.3227569213746914,0.3227569213746914,0.0
606,1.0,M1,balanced,0.05256040960800071,0.05256040960800071,0.0,0.32235812655133855,0.32235812655133855,0.0
606,1.0,M1,low,0.0525604096080007,0.0525604096080007,0.0,0.32235812655133855,0.32235812655133855,0.0
606,1.0,M1,high,0.0525604096080007,0.0525604096080007,0.0,0.32235812655133855,0.32235812655133855,0.0
606,1.0,M2,balanced,0.05273291617651911,0.052733041571848494,1.2539532938393716e-07,0.32237726025317825,0.32232874939831957,0.0021699394649606677
606,1.0,M2,low,0.05027448847221426,0.05027457636794955,8.789573528733552e-08,0.3227991012751068,0.32276518568509016,0.0019844919326240276
606,1.0,M2,high,0.05520859453767529,0.05520867613259253,8.159491723946921e-08,0.32195736761119154,0.3219259024989786,0.0018561402323506687
606,1.0,M3,balanced,0.052783544258175163,0.05278369683045496,1.525722797962592e-07,0.3223792304803275,0.3223200469132427,0.0024011668092447855
606,1.0,M3,low,0.05007066579945907,0.05007077293494478,1.0713548571211762e-07,0.32284454243311556,0.3227961717992098,0.002193668624204154
606,1.0,M3,high,0.0555187361819061,0.055518835328306954,9.914640085317838e-08,0.321916028540762,0.32187764022914056,0.0020450868050873308
707,0.0,M0,balanced,0.05033179264431023,0.05033179264431023,0.0,0.32275457665427976,0.32275457665427976,0.0
707,0.0,M0,low,0.05033179264431022,0.05033179264431022,0.0,0.32275457665427976,0.32275457665427976,0.0
707,0.0,M0,high,0.05033179264431022,0.05033179264431022,0.0,0.32275457665427976,0.32275457665427976,0.0
707,0.0,M1,balanced,0.05252808463802264,0.05252808463802264,0.0,0.32236364705320264,0.32236364705320264,0.0
707,0.0,M1,low,0.05252808463802264,0.05252808463802264,0.0,0.32236364705320264,0.32236364705320264,0.0
707,0.0,M1,high,0.05252808463802264,0.05252808463802264,0.0,0.32236364705320264,0.32236364705320264,0.0
707,0.0,M2,balanced,0.05252808463802264,0.05252808463802264,0.0,0.32236364705320264,0.32236364705320264,0.0
707,0.0,M2,low,0.05252808463802264,0.05252808463802264,0.0,0.32236364705320264,0.32236364705320264,0.0
707,0.0,M2,high,0.05252808463802264,0.05252808463802264,0.0,0.32236364705320264,0.32236364705320264,0.0
707,0.0,M3,balanced,0.05252808463802264,0.05252808463802264,0.0,0.32236364705320264,0.32236364705320264,0.0
707,0.0,M3,low,0.05252808463802264,0.05252808463802264,0.0,0.32236364705320264,0.32236364705320264,0.0
707,0.0,M3,high,0.05252808463802264,0.05252808463802264,0.0,0.32236364705320264,0.32236364705320264,0.0
707,0.25,M0,balanced,0.05033179264431023,0.05033179264431023,0.0,0.32275457665427976,0.32275457665427976,0.0
707,0.25,M0,low,0.05033179264431022,0.05033179264431022,0.0,0.32275457665427976,0.32275457665427976,0.0
707,0.25,M0,high,0.05033179264431022,0.05033179264431022,0.0,0.32275457665427976,0.32275457665427976,0.0
707,0.25,M1,balanced,0.05252808463802264,0.05252808463802264,0.0,0.32236364705320264,0.32236364705320264,0.0
707,0.25,M1,low,0.05252808463802264,0.05252808463802264,0.0,0.32236364705320264,0.32236364705320264,0.0
707,0.25,M1,high,0.05252808463802264,0.05252808463802264,0.0,0.32236364705320264,0.32236364705320264,0.0
707,0.25,M2,balanced,0.0525386913489776,0.05253869914935321,7.800375609323673e-09,0.3223648437525306,0.32236181649423035,0.0005339943152148479
707,0.25,M2,low,0.05192593917070784,0.051925944485886104,5.315178262799147e-09,0.3224698273581699,0.3224677031599139,0.0004826340281213058
707,0.25,M2,high,0.05315250419834136,0.053152509419642835,5.221301474511719e-09,0.3222600009890175,0.32225794599244484,0.0004751012990621854
707,0.25,M3,balanced,0.05254152634406465,0.05254153576331748,9.419252829101499e-09,0.3223649889749456,0.32236149297556993,0.0005877787644979654
707,0.25,M3,low,0.051868267723962566,0.05186827414708414,6.42312157628222e-09,0.3224803470787211,0.32247803805019715,0.0005324237219916726
707,0.25,M3,high,0.053216129134773346,0.05321613543375986,6.298986512942584e-09,0.32224977440126157,0.3222473730551666,0.0005215530436503228
707,0.5,M0,balanced,0.05033179264431023,0.05033179264431023,0.0,0.32275457665427976,0.32275457665427976,0.0
707,0.5,M0,low,0.05033179264431022,0.05033179264431022,0.0,0.32275457665427976,0.32275457665427976,0.0
707,0.5,M0,high,0.05033179264431022,0.05033179264431022,0.0,0.32275457665427976,0.32275457665427976,0.0
707,0.5,M1,balanced,0.05252808463802264,0.05252808463802264,0.0,0.32236364705320264,0.32236364705320264,0.0
707,0.5,M1,low,0.05252808463802264,0.05252808463802264,0.0,0.32236364705320264,0.32236364705320264,0.0
707,0.5,M1,high,0.05252808463802264,0.05252808463802264,0.0,0.32236364705320264,0.32236364705320264,0.0
707,0.5,M2,balanced,0.052570519684597736,0.05257055087902699,3.119442925497706e-08,0.3223684445276484,0.3223567069145949,0.0010719920011722655
707,0.5,M2,low,0.051345631306934675,0.05134565276486183,2.1457927157353396e-08,0.322578504130576,0.32257014677182866,0.0009730790283553395
707,0.5,M2,high,0.05379965156692085,0.05379967223744937,2.067052852494644e-08,0.32215886712446107,0.32215091691536435,0.0009412394156464981
707,0.5,M3,balanced,0.05258183812066361,0.05258187581084307,3.769017946353426e-08,0.322369081831756,0.3223554429596719,0.0011849793219544287
707,0.5,M3,low,0.05123575093019876,0.051235776871125696,2.594092693430916e-08,0.3225999863984483,0.3225898198606931,0.0010709616904698417
707,0.5,M3,high,0.05393330065939142,0.053933325601651136,2.4942259715943216e-08,0.3221387244303513,0.32212881973045093,0.0010325798707234539
707,0.75,M0,balanced,0.05033179264431023,0.05033179264431023,0.0,0.32275457665427976,0.32275457665427976,0.0
707,0.75,M0,low,0.05033179264431022,0.05033179264431022,0.0,0.32275457665427976,0.32275457665427976,0.0
707,0.75,M0,high,0.05033179264431022,0.05033179264431022,0.0,0.32275457665427976,0.32275457665427976,0.0
707,0.75,M1,balanced,0.05252808463802264,0.05252808463802264,0.0,0.32236364705320264,0.32236364705320264,0.0
707,0.75,M1,low,0.05252808463802264,0.05252808463802264,0.0,0.32236364705320264,0.32236364705320264,0.0
707,0.75,M1,high,0.05252808463802264,0.05252808463802264,0.0,0.32236364705320264,0.32236364705320264,0.0
707,0.75,M2,balanced,0.0526235942612937,0.05262366442216355,7.016086985001113e-08,0.322374527569084,0.32234731676314365,0.0016155763924061346
707,0.75,M2,low,0.05078674143956049,0.05078679016040168,4.8720841194782594e-08,0.32268987227867346,0.3226709076607902,0.0014723458831093536
707,0.75,M2,high,0.054469998045337045,0.05447004411472535,4.606938830420404e-08,0.3220603094091468,0.32204260094930137,0.001400018217721388
707,0.75,M3,balanced,0.05264897182125752,0.05264905660662716,8.478536963479888e-08,0.3223757628608652,0.3223430284309944,0.0017797249198511892
707,0.75,M3,low,0.05062954523844866,0.05062960420232454,5.896387587911445e-08,0.32272249701338923,0.3226996544555861,0.0016213548310531093
707,0.75,M3,high,0.05468048712238558,0.05468054271852911,5.559614352917963e-08,0.3220303984021076,0.3220083246671706,0.0015356203683363789
707,1.0,M0,balanced,0.05033179264431023,0.05033179264431023,0.0,0.32275457665427976,0.32275457665427976,0.0
707,1.0,M0,low,0.05033179264431022,0.05033179264431022,0.0,0.32275457665427976,0.32275457665427976,0.0
707,1.0,M0,high,0.05033179264431022,0.05033179264431022,0.0,0.32275457665427976,0.32275457665427976,0.0
707,1.0,M1,balanced,0.05252808463802264,0.05252808463802264,0.0,0.32236364705320264,0.32236364705320264,0.0
707,1.0,M1,low,0.05252808463802264,0.05252808463802264,0.0,0.32236364705320264,0.32236364705320264,0.0
707,1.0,M1,high,0.05252808463802264,0.05252808463802264,0.0,0.32236364705320264,0.32236364705320264,0.0
707,1.0,M2,balanced,0.05269795613418006,0.05269808079763448,1.2466345442052607e-07,0.32238290106117873,0.3223349552082562,0.0021635462019646418
707,1.0,M2,low,0.050248866517709156,0.050248953915895345,8.739818618819228e-08,0.3228036743349857,0.3227697172830696,0.0019799650838931496
707,1.0,M2,high,0.055164032900269236,0.055164114008379284,8.110811004768959e-08,0.3219640560121955,0.3219327820746369,0.0018515335524859281
707,1.0,M3,balanced,0.05274281590155343,0.05274296667611271,1.5077455928214079e-07,0.32238546205521346,0.32232706503913255,0.0023859411996252217
707,1.0,M3,low,0.050048536310664325,0.050048642240703434,1.0593003910847054e-07,0.3228482144879741,0.3228073306766698,0.0021816148187349506
707,1.0,M3,high,0.05545856861878719,0.05545866652154953,9.790276234156181e-08,0.32192485281362554,0.3218886401463306,0.0020325689027247996
808,0.0,M0,balanced,0.05025318677314487,0.05025318677314487,0.0,0.32276901360431776,0.32276901360431776,0.0
808,0.0,M0,low,0.05025318677314487,0.05025318677314487,0.0,0.32276901360431776,0.32276901360431776,0.0
808,0.0,M0,high,0.05025318677314487,0.05025318677314487,0.0,0.32276901360431776,0.32276901360431776,0.0
808,0.0,M1,balanced,0.05238974893018797,0.05238974893018797,0.0,0.3223873864372526,0.3223873864372526,0.0
808,0.0,M1,low,0.05238974893018797,0.05238974893018797,0.0,0.3223873864372526,0.3223873864372526,0.0
808,0.0,M1,high,0.05238974893018797,0.05238974893018797,0.0,0.3223873864372526,0.3223873864372526,0.0
808,0.0,M2,balanced,0.05238974893018797,0.05238974893018797,0.0,0.3223873864372526,0.3223873864372526,0.0
808,0.0,M2,low,0.05238974893018797,0.05238974893018797,0.0,0.3223873864372526,0.3223873864372526,0.0
808,0.0,M2,high,0.05238974893018797,0.05238974893018797,0.0,0.3223873864372526,0.3223873864372526,0.0
808,0.0,M3,balanced,0.05238974893018797,0.05238974893018797,0.0,0.3223873864372526,0.3223873864372526,0.0
808,0.0,M3,low,0.05238974893018797,0.05238974893018797,0.0,0.3223873864372526,0.3223873864372526,0.0
808,0.0,M3,high,0.05238974893018797,0.05238974893018797,0.0,0.3223873864372526,0.3223873864372526,0.0
808,0.25,M0,balanced,0.05025318677314487,0.05025318677314487,0.0,0.32276901360431776,0.32276901360431776,0.0
808,0.25,M0,low,0.05025318677314487,0.05025318677314487,0.0,0.32276901360431776,0.32276901360431776,0.0
808,0.25,M0,high,0.05025318677314487,0.05025318677314487,0.0,0.32276901360431776,0.32276901360431776,0.0
808,0.25,M1,balanced,0.05238974893018797,0.05238974893018797,0.0,0.3223873864372526,0.3223873864372526,0.0
808,0.25,M1,low,0.05238974893018797,0.05238974893018797,0.0,0.3223873864372526,0.3223873864372526,0.0
808,0.25,M1,high,0.05238974893018797,0.05238974893018797,0.0,0.3223873864372526,0.3223873864372526,0.0
808,0.25,M2,balanced,0.05240011323867477,0.05240012094994757,7.711272800858815e-09,0.32238856045624154,0.3223855891032723,0.0005313749833916389
808,0.25,M2,low,0.0517930903222074,0.051793095577101385,5.25489398522927e-09,0.3224931065624865,0.32249080524302776,0.0004815126770415967
808,0.25,M2,high,0.05300817258598793,0.05300817774429087,5.158302937569026e-09,0.32228419967895044,0.32228211882047564,0.0004719712383346335
808,0.25,M3,balanced,0.05240273871912823,0.05240274799057659,9.271448359049472e-09,0.3223887135491569,0.32238532780232965,0.0005837676939998704
808,0.25,M3,low,0.05173719974375571,0.05173720607082631,6.327070603551199e-09,0.32250329247487436,0.32250093068610697,0.000526205709809862
808,0.25,M3,high,0.053069576673396554,0.05306958287069134,6.197294788456986e-09,0.3222742616188448,0.3222718388835084,0.0005172186760992459
808,0.5,M0,balanced,0.05025318677314487,0.05025318677314487,0.0,0.32276901360431776,0.32276901360431776,0.0
808,0.5,M0,low,0.05025318677314487,0.05025318677314487,0.0,0.32276901360431776,0.32276901360431776,0.0
808,0.5,M0,high,0.05025318677314487,0.05025318677314487,0.0,0.32276901360431776,0.32276901360431776,0.0
808,0.5,M1,balanced,0.05238974893018797,0.05238974893018797,0.0,0.3223873864372526,0.3223873864372526,0.0
808,0.5,M1,low,0.05238974893018797,0.05238974893018797,0.0,0.3223873864372526,0.3223873864372526,0.0
808,0.5,M1,high,0.05238974893018797,0.05238974893018797,0.0,0.3223873864372526,0.3223873864372526,0.0
808,0.5,M2,balanced,0.05243121378069125,0.05243124461885943,3.083816817878171e-08,0.3223920555128189,0.3223801172498278,0.0010671592410826946
808,0.5,M2,low,0.051217778415564935,0.05121779963029678,2.1214731846241897e-08,0.322601232957376,0.32259309401073044,0.0009683148827762539
808,0.5,M2,high,0.05364879563085699,0.05364881606587532,2.0435018330267063e-08,0.3221834660161805,0.32217573349961803,0.0009362488943644058
808,0.5,M3,balanced,0.05244169090886533,0.052441727995700876,3.7086835547039954e-08,0.32239282025990623,0.3223791818313205,0.001170399542414204
808,0.5,M3,low,0.051111068401663025,0.05111109393832808,2.5536665053393914e-08,0.32262214107694237,0.32261241595686374,0.0010642032076833138
808,0.5,M3,high,0.05377750761393167,0.05377753216996421,2.4556032540701267e-08,0.32216407288065624,0.32215457925116525,0.001026288214372283
808,0.75,M0,balanced,0.05025318677314487,0.05025318677314487,0.0,0.32276901360431776,0.32276901360431776,0.0
808,0.75,M0,low,0.05025318677314487,0.05025318677314487,0.0,0.32276901360431776,0.32276901360431776,0.0
808,0.75,M0,high,0.05025318677314487,0.05025318677314487,0.0,0.32276901360431776,0.32276901360431776,0.0
808,0.75,M1,balanced,0.05238974893018797,0.05238974893018797,0.0,0.3223873864372526,0.3223873864372526,0.0
808,0.75,M1,low,0.05238974893018797,0.05238974893018797,0.0,0.3223873864372526,0.3223873864372526,0.0
808,0.75,M1,high,0.05238974893018797,0.05238974893018797,0.0,0.3223873864372526,0.3223873864372526,0.0
808,0.75,M2,balanced,0.05248307341307867,0.05248314277299203,6.935991336137759e-08,0.3223982495772951,0.32237109785402634,0.00160903441177618
808,0.75,M2,low,0.05066341055068758,0.05066345871295609,4.816226851361849e-08,0.32271219622640346,0.3226934393008599,0.0014664124891952872
808,0.75,M2,high,0.05431206872375985,0.054312114265685926,4.554192607753027e-08,0.3220853792168336,0.32206776626630285,0.0013926355005747708
808,0.75,M3,balanced,0.052506546014572865,0.05250662946628311,8.345171024354281e-08,0.32239963822805484,0.3223673855341346,0.0017668009515871598
808,0.75,M3,low,0.050510425760206035,0.05051048380365483,5.804344879734025e-08,0.3227439438577164,0.3227214623225849,0.0016095687297809937
808,0.75,M3,high,0.05451434597737588,0.05451440068347278,5.47060969025015e-08,0.32205650783978973,0.3220353761202055,0.0015264396628722496
808,1.0,M0,balanced,0.05025318677314487,0.05025318677314487,0.0,0.32276901360431776,0.32276901360431776,0.0
808,1.0,M0,low,0.05025318677314487,0.05025318677314487,0.0,0.32276901360431776,0.32276901360431776,0.0
808,1.0,M0,high,0.05025318677314487,0.05025318677314487,0.0,0.32276901360431776,0.32276901360431776,0.0
808,1.0,M1,balanced,0.05238974893018797,0.05238974893018797,0.0,0.3223873864372526,0.3223873864372526,0.0
808,1.0,M1,low,0.05238974893018797,0.05238974893018797,0.0,0.3223873864372526,0.3223873864372526,0.0
808,1.0,M1,high,0.05238974893018797,0.05238974893018797,0.0,0.3223873864372526,0.3223873864372526,0.0
808,1.0,M2,balanced,0.05255573025523169,0.05255585349682689,1.2324159519988553e-07,0.3224066647441606,0.32235892541432387,0.002153820938803111
808,1.0,M2,low,0.050129599462541925,0.050129685863536014,8.640099408846469e-08,0.3228255745128353,0.3227920259725032,0.001970943557680042
808,1.0,M2,high,0.05499845918042786,0.05499853936252402,8.018209615712202e-08,0.3219896872171048,0.3219584536087623,0.0018429655399675
808,1.0,M3,balanced,0.05259717424504695,0.052597322636825816,1.4839177886472044e-07,0.32240933987632525,0.32235177096451184,0.002368733680653716
808,1.0,M3,low,0.049934212286576685,0.04993431656676024,1.042801835576812e-07,0.3228690317287609,0.3228315128248649,0.0021644891264710284
808,1.0,M3,high,0.05528087873499776,0.05528097507267532,9.63376775575675e-08,0.32195176965595945,0.32191460454333953,0.0020183610963414637
909,0.0,M0,balanced,0.050356909375898054,0.050356909375898054,0.0,0.32274972205208463,0.32274972205208463,0.0
909,0.0,M0,low,0.05035690937589805,0.05035690937589805,0.0,0.32274972205208463,0.32274972205208463,0.0
909,0.0,M0,high,0.05035690937589805,0.05035690937589805,0.0,0.32274972205208463,0.32274972205208463,0.0
909,0.0,M1,balanced,0.052541505268981895,0.052541505268981895,0.0,0.32236132685574725,0.32236132685574725,0.0
909,0.0,M1,low,0.052541505268981895,0.052541505268981895,0.0,0.32236132685574725,0.32236132685574725,0.0
909,0.0,M1,high,0.052541505268981895,0.052541505268981895,0.0,0.32236132685574725,0.32236132685574725,0.0
909,0.0,M2,balanced,0.052541505268981895,0.052541505268981895,0.0,0.32236132685574725,0.32236132685574725,0.0
909,0.0,M2,low,0.052541505268981895,0.052541505268981895,0.0,0.32236132685574725,0.32236132685574725,0.0
909,0.0,M2,high,0.052541505268981895,0.052541505268981895,0.0,0.32236132685574725,0.32236132685574725,0.0
909,0.0,M3,balanced,0.052541505268981895,0.052541505268981895,0.0,0.32236132685574725,0.32236132685574725,0.0
909,0.0,M3,low,0.052541505268981895,0.052541505268981895,0.0,0.32236132685574725,0.32236132685574725,0.0
909,0.0,M3,high,0.052541505268981895,0.052541505268981895,0.0,0.32236132685574725,0.32236132685574725,0.0
909,0.25,M0,balanced,0.050356909375898054,0.050356909375898054,0.0,0.32274972205208463,0.32274972205208463,0.0
909,0.25,M0,low,0.05035690937589805,0.05035690937589805,0.0,0.32274972205208463,0.32274972205208463,0.0
909,0.25,M0,high,0.05035690937589805,0.05035690937589805,0.0,0.32274972205208463,0.32274972205208463,0.0
909,0.25,M1,balanced,0.052541505268981895,0.052541505268981895,0.0,0.32236132685574725,0.32236132685574725,0.0
909,0.25,M1,low,0.052541505268981895,0.052541505268981895,0.0,0.32236132685574725,0.32236132685574725,0.0
909,0.25,M1,high,0.052541505268981895,0.052541505268981895,0.0,0.32236132685574725,0.32236132685574725,0.0
909,0.25,M2,balanced,0.052552057789771386,0.05255206558291113,7.793139744638466e-09,0.3223625495224185,0.3223613447571876,0.0005313360120798154
909,0.25,M2,low,0.051939405249286155,0.05193941056326698,5.313980824817044e-09,0.3224674412103304,0.32246539443273126,0.0004820285627536086
909,0.25,M2,high,0.053165765582335,0.05316577079343958,5.211104575630898e-09,0.32225776622717184,0.32225584762645754,0.0004741575365326368
909,0.25,M3,balanced,0.05255468570562426,0.052554695088960025,9.383335768109458e-09,0.32236272837856617,0.3223588865699373,0.0005860943213123818
909,0.25,M3,low,0.05188243744342277,0.0518824438444898,6.401067030592511e-09,0.32247785136638984,0.322475575986814,0.0005289512677760105
909,0.25,M3,high,0.053228252011491804,0.053228258287491115,6.27599931052325e-09,0.32224774410983525,0.32224538769872413,0.0005218591686616036
909,0.5,M0,balanced,0.050356909375898054,0.050356909375898054,0.0,0.32274972205208463,0.32274972205208463,0.0
909,0.5,M0,low,0.05035690937589805,0.05035690937589805,0.0,0.32274972205208463,0.32274972205208463,0.0
909,0.5,M0,high,0.05035690937589805,0.05035690937589805,0.0,0.32274972205208463,0.32274972205208463,0.0
909,0.5,M1,balanced,0.052541505268981895,0.052541505268981895,0.0,0.32236132685574725,0.32236132685574725,0.0
909,0.5,M1,low,0.052541505268981895,0.052541505268981895,0.0,0.32236132685574725,0.32236132685574725,0.0
909,0.5,M1,high,0.052541505268981895,0.052541505268981895,0.0,0.32236132685574725,0.32236132685574725,0.0
909,0.5,M2,balanced,0.052583723098327206,0.05258375426073306,3.116240585021579e-08,0.3223661306085692,0.3223537112088475,0.0010725364010833263
909,0.5,M2,low,0.05135903846245062,0.05135905990049065,2.1438040030685723e-08,0.3225760383828389,0.3225677363531591,0.0009728183684833849
909,0.5,M2,high,0.05381262951712705,0.05381265016479578,2.0647668727558077e-08,0.32215664923081666,0.3221489107165917,0.000940323009272804
909,0.5,M3,balanced,0.05259420862780039,0.052594246162937064,3.753513667242858e-08,0.3223668632470841,0.32235209251012603,0.0011779602234365642
909,0.5,M3,low,0.05125017939270739,0.051250205242119554,2.5849412166323305e-08,0.32259732170738625,0.32258727843300583,0.001069015289817813
909,0.5,M3,high,0.053943508198775206,0.053943533040223805,2.484144859954407e-08,0.32213699749081315,0.32212729136258944,0.001030452627579287
909,0.75,M0,balanced,0.050356909375898054,0.050356909375898054,0.0,0.32274972205208463,0.32274972205208463,0.0
909,0.75,M0,low,0.05035690937589805,0.05035690937589805,0.0,0.32274972205208463,0.32274972205208463,0.0
909,0.75,M0,high,0.05035690937589805,0.05035690937589805,0.0,0.32274972205208463,0.32274972205208463,0.0
909,0.75,M1,balanced,0.052541505268981895,0.052541505268981895,0.0,0.32236132685574725,0.32236132685574725,0.0
909,0.75,M1,low,0.052541505268981895,0.052541505268981895,0.0,0.32236132685574725,0.32236132685574725,0.0
909,0.75,M1,high,0.052541505268981895,0.052541505268981895,0.0,0.32236132685574725,0.32236132685574725,0.0
909,0.75,M2,balanced,0.05263652444074432,0.052636594530460254,7.008971593391866e-08,0.3223722879390841,0.32234477850326415,0.0016166235780320317
909,0.75,M2,low,0.05079999379974273,0.05080004247392447,4.867418174070437e-08,0.322687391285736,0.3226689804629411,0.0014715200842293872
909,0.75,M2,high,0.05448255699891885,0.05448260301567241,4.6016753560418344e-08,0.32205822035872,0.3220406482527396,0.0013991137468281627
909,0.75,M3,balanced,0.05266001071113516,0.0526600951716421,8.44605069424964e-08,0.32237388679624,0.32234114954271936,0.0017755834679359394
909,0.75,M3,low,0.05064379018781942,0.05064384895193244,5.876411302008222e-08,0.32271979765427233,0.32269666183175993,0.0016184605900195436
909,0.75,M3,high,0.0546880817786616,0.05468813712906144,5.535039983989298e-08,0.32202910702090354,0.3220076267199189,0.0015328250023117311
909,1.0,M0,balanced,0.050356909375898054,0.050356909375898054,0.0,0.32274972205208463,0.32274972205208463,0.0
909,1.0,M0,low,0.05035690937589805,0.05035690937589805,0.0,0.32274972205208463,0.32274972205208463,0.0
909,1.0,M0,high,0.05035690937589805,0.05035690937589805,0.0,0.32274972205208463,0.32274972205208463,0.0
909,1.0,M1,balanced,0.052541505268981895,0.052541505268981895,0.0,0.32236132685574725,0.32236132685574725,0.0
909,1.0,M1,low,0.052541505268981895,0.052541505268981895,0.0,0.32236132685574725,0.32236132685574725,0.0
909,1.0,M1,high,0.052541505268981895,0.052541505268981895,0.0,0.32236132685574725,0.32236132685574725,0.0
909,1.0,M2,balanced,0.05271050058644604,0.052710625120212976,1.2453376693755125e-07,0.3223806847383127,0.32233253391677485,0.002164406314854843
909,1.0,M2,low,0.05026187580585004,0.050261963126603734,8.732075369721759e-08,0.3228011931454408,0.322767431405665,0.001979468202741637
909,1.0,M2,high,0.055176024898784246,0.05517610590946902,8.101068477150974e-08,0.32196216333295996,0.3219308511557557,0.001848804675788079
909,1.0,M3,balanced,0.0527519549642258,0.052752105145007624,1.5018078182438277e-07,0.3223837486785952,0.3223252271007841,0.0023805013506353057
909,1.0,M3,low,0.05006219356630284,0.05006229914061547,1.0557431262547823e-07,0.3228455139821824,0.3228045260093738,0.0021782401136838706
909,1.0,M3,high,0.05546276133166016,0.05546285879178832,9.746012816225225e-08,0.3219239524049107,0.32188624561323764,0.0020272177544621607
1010,0.0,M0,balanced,0.05029742289702895,0.05029742289702895,0.0,0.32276064862493326,0.32276064862493326,0.0
1010,0.0,M0,low,0.05029742289702895,0.05029742289702895,0.0,0.32276064862493326,0.32276064862493326,0.0
1010,0.0,M0,high,0.05029742289702895,0.05029742289702895,0.0,0.32276064862493326,0.32276064862493326,0.0
1010,0.0,M1,balanced,0.05250967621185842,0.05250967621185842,0.0,0.32236671422544116,0.32236671422544116,0.0
1010,0.0,M1,low,0.05250967621185841,0.05250967621185841,0.0,0.32236671422544116,0.32236671422544116,0.0
1010,0.0,M1,high,0.05250967621185841,0.05250967621185841,0.0,0.32236671422544116,0.32236671422544116,0.0
1010,0.0,M2,balanced,0.05250967621185842,0.05250967621185842,0.0,0.32236671422544116,0.32236671422544116,0.0
1010,0.0,M2,low,0.05250967621185841,0.05250967621185841,0.0,0.32236671422544116,0.32236671422544116,0.0
1010,0.0,M2,high,0.05250967621185841,0.05250967621185841,0.0,0.32236671422544116,0.32236671422544116,0.0
1010,0.0,M3,balanced,0.05250967621185842,0.05250967621185842,0.0,0.32236671422544116,0.32236671422544116,0.0
1010,0.0,M3,low,0.05250967621185841,0.05250967621185841,0.0,0.32236671422544116,0.32236671422544116,0.0
1010,0.0,M3,high,0.05250967621185841,0.05250967621185841,0.0,0.32236671422544116,0.32236671422544116,0.0
1010,0.25,M0,balanced,0.05029742289702895,0.05029742289702895,0.0,0.32276064862493326,0.32276064862493326,0.0
1010,0.25,M0,low,0.05029742289702895,0.05029742289702895,0.0,0.32276064862493326,0.32276064862493326,0.0
1010,0.25,M0,high,0.05029742289702895,0.05029742289702895,0.0,0.32276064862493326,0.32276064862493326,0.0
1010,0.25,M1,balanced,0.05250967621185842,0.05250967621185842,0.0,0.32236671422544116,0.32236671422544116,0.0
1010,0.25,M1,low,0.05250967621185841,0.05250967621185841,0.0,0.32236671422544116,0.32236671422544116,0.0
1010,0.25,M1,high,0.05250967621185841,0.05250967621185841,0.0,0.32236671422544116,0.32236671422544116,0.0
1010,0.25,M2,balanced,0.05252031015648086,0.052520317961236435,7.804755577933697e-09,0.3223679841297067,0.3223667836785819,0.0005318089171340197
1010,0.25,M2,low,0.051907720517194555,0.05190772583596567,5.318771117979182e-09,0.3224729374307604,0.32247092756352624,0.00048322734178944947
1010,0.25,M2,high,0.05313396319021721,0.053133968415667435,5.2254502252990775e-09,0.32226309837395334,0.32226045961539096,0.00047448407245509884
1010,0.25,M3,balanced,0.05252327157547542,0.052523281021726494,9.446251073019774e-09,0.32236807945345675,0.3223643275098064,0.000588398705035151
1010,0.25,M3,low,0.05184935204842619,0.0518493584891439,6.4407177091663215e-09,0.32248358822571094,0.3224810515429285,0.0005317074790510023
1010,0.25,M3,high,0.053198550638873444,0.05319855695686854,6.317995092375295e-09,0.3222526665456726,0.32225037563221626,0.0005221715198068809
1010,0.5,M0,balanced,0.05029742289702895,0.05029742289702895,0.0,0.32276064862493326,0.32276064862493326,0.0
1010,0.5,M0,low,0.05029742289702895,0.05029742289702895,0.0,0.32276064862493326,0.32276064862493326,0.0
1010,0.5,M0,high,0.05029742289702895,0.05029742289702895,0.0,0.32276064862493326,0.32276064862493326,0.0
1010,0.5,M1,balanced,0.05250967621185842,0.05250967621185842,0.0,0.32236671422544116,0.32236671422544116,0.0
1010,0.5,M1,low,0.05250967621185841,0.05250967621185841,0.0,0.32236671422544116,0.32236671422544116,0.0
1010,0.5,M1,high,0.05250967621185841,0.05250967621185841,0.0,0.32236671422544116,0.32236671422544116,0.0
1010,0.5,M2,balanced,0.052552220282651496,0.05255225149093573,3.1208284234640615e-08,0.32237158172863906,0.3223597247352241,0.00107246633123418
1010,0.5,M2,low,0.051327655675788425,0.051327677141599276,2.146581085105126e-08,0.3225816898110769,0.3225733306235635,0.000973386664463175
1010,0.5,M2,high,0.0537810392965874,0.0537810599846861,2.0688098699428448e-08,0.32216192051584613,0.3221537088314512,0.000941645933962654
1010,0.5,M3,balanced,0.05256404378135143,0.052564081568679435,3.778732800274742e-08,0.32237214241684903,0.3223574498693313,0.001182471260042611
1010,0.5,M3,low,0.051216635065870444,0.051216661079454676,2.601358423115485e-08,0.3226033266691417,0.32259330368437533,0.0010718495290610093
1010,0.5,M3,high,0.05391688925378018,0.05391691427612093,2.502234074802656e-08,0.32214137829891626,0.32213188961242045,0.0010345054325434904
1010,0.75,M0,balanced,0.05029742289702895,0.05029742289702895,0.0,0.32276064862493326,0.32276064862493326,0.0
1010,0.75,M0,low,0.05029742289702895,0.05029742289702895,0.0,0.32276064862493326,0.32276064862493326,0.0
1010,0.75,M0,high,0.05029742289702895,0.05029742289702895,0.0,0.32276064862493326,0.32276064862493326,0.0
1010,0.75,M1,balanced,0.05250967621185842,0.05250967621185842,0.0,0.32236671422544116,0.32236671422544116,0.0
1010,0.75,M1,low,0.05250967621185841,0.05250967621185841,0.0,0.32236671422544116,0.32236671422544116,0.0
1010,0.75,M1,high,0.05250967621185841,0.05250967621185841,0.0,0.32236671422544116,0.32236671422544116,0.0
1010,0.75,M2,balanced,0.052605431475519604,0.052605501667403416,7.019188381224284e-08,0.3223775984755529,0.3223505400703358,0.0016159364774351094
1010,0.75,M2,low,0.05076905832490889,0.050769107068418334,4.874350944400474e-08,0.3226930005974548,0.3226738834221373,0.0014751359104482767
1010,0.75,M2,high,0.05445138015248419,0.0544514262395414,4.608705720526851e-08,0.32206323503815004,0.3220456687565982,0.0014005236773811734
1010,0.75,M3,balanced,0.052631943096012226,0.05263202812998358,8.503397135040114e-08,0.3223788339970066,0.32234591778174126,0.0017825808039574954
1010,0.75,M3,low,0.05061051993522121,0.050610579058141744,5.912292053156243e-08,0.322725895168012,0.322703152811404,0.0016237294010448833
1010,0.75,M3,high,0.05466559294520584,0.05466564872762282,5.578241697723474e-08,0.3220327907620185,0.32201109986811693,0.0015389359517056396
1010,1.0,M0,balanced,0.05029742289702895,0.05029742289702895,0.0,0.32276064862493326,0.32276064862493326,0.0
1010,1.0,M0,low,0.05029742289702895,0.05029742289702895,0.0,0.32276064862493326,0.32276064862493326,0.0
1010,1.0,M0,high,0.05029742289702895,0.05029742289702895,0.0,0.32276064862493326,0.32276064862493326,0.0
1010,1.0,M1,balanced,0.05250967621185842,0.05250967621185842,0.0,0.32236671422544116,0.32236671422544116,0.0
1010,1.0,M1,low,0.05250967621185841,0.05250967621185841,0.0,0.32236671422544116,0.32236671422544116,0.0
1010,1.0,M1,high,0.05250967621185841,0.05250967621185841,0.0,0.32236671422544116,0.32236671422544116,0.0
1010,1.0,M2,balanced,0.05267998523855504,0.05268010995771659,1.2471916154693785e-07,0.3223859549314262,0.3223376262773434,0.0021643703140074183
1010,1.0,M2,low,0.050231521841360274,0.05023160926990023,8.74285399563024e-08,0.3228068919287769,0.3227731381080393,0.001980114637324383
1010,1.0,M2,high,0.05514547953839713,0.05514556070003236,8.11616352319744e-08,0.32196703557819606,0.3219342863128639,0.0018495627360924686
1010,1.0,M3,balanced,0.052726855496182334,0.052727006709787555,1.5121360522063476e-07,0.32238832053987176,0.32232954966180327,0.0023904650001149636
1010,1.0,M3,low,0.05002987592162378,0.05002998212967092,1.0620804714173149e-07,0.3228517935240792,0.32281043789652053,0.002185004085526545
1010,1.0,M3,high,0.05544555299916827,0.0554456512211943,9.822202602649543e-08,0.32192697327280523,0.3218885733774478,0.002035907086872162
1111,0.0,M0,balanced,0.05033104136235614,0.05033104136235614,0.0,0.3227546633023902,0.3227546633023903,0.0
1111,0.0,M0,low,0.05033104136235614,0.05033104136235614,0.0,0.3227546633023903,0.3227546633023903,0.0
1111,0.0,M0,high,0.05033104136235614,0.05033104136235614,0.0,0.3227546633023903,0.3227546633023903,0.0
1111,0.0,M1,balanced,0.05252923556747465,0.05252923556747465,0.0,0.3223634379204019,0.3223634379204019,0.0
1111,0.0,M1,low,0.05252923556747466,0.05252923556747466,0.0,0.3223634379204019,0.3223634379204019,0.0
1111,0.0,M1,high,0.05252923556747466,0.05252923556747466,0.0,0.3223634379204019,0.3223634379204019,0.0
1111,0.0,M2,balanced,0.05252923556747465,0.05252923556747465,0.0,0.3223634379204019,0.3223634379204019,0.0
1111,0.0,M2,low,0.05252923556747466,0.05252923556747466,0.0,0.3223634379204019,0.3223634379204019,0.0
1111,0.0,M2,high,0.05252923556747466,0.05252923556747466,0.0,0.3223634379204019,0.3223634379204019,0.0
1111,0.0,M3,balanced,0.05252923556747465,0.05252923556747465,0.0,0.3223634379204019,0.3223634379204019,0.0
1111,0.0,M3,low,0.05252923556747466,0.05252923556747466,0.0,0.3223634379204019,0.3223634379204019,0.0
1111,0.0,M3,high,0.05252923556747466,0.05252923556747466,0.0,0.3223634379204019,0.3223634379204019,0.0
1111,0.25,M0,balanced,0.05033104136235614,0.05033104136235614,0.0,0.3227546633023902,0.3227546633023903,0.0
1111,0.25,M0,low,0.05033104136235614,0.05033104136235614,0.0,0.3227546633023903,0.3227546633023903,0.0
1111,0.25,M0,high,0.05033104136235614,0.05033104136235614,0.0,0.3227546633023903,0.3227546633023903,0.0
1111,0.25,M1,balanced,0.05252923556747465,0.05252923556747465,0.0,0.3223634379204019,0.3223634379204019,0.0
1111,0.25,M1,low,0.05252923556747466,0.05252923556747466,0.0,0.3223634379204019,0.3223634379204019,0.0
1111,0.25,M1,high,0.05252923556747466,0.05252923556747466,0.0,0.3223634379204019,0.3223634379204019,0.0
1111,0.25,M2,balanced,0.05253982946139303,0.05253983726037036,7.798977331996415e-09,0.3223646287320374,0.3223616136145604,0.0005338981822524599
1111,0.25,M2,low,0.05192711320378521,0.05192711852019953,5.31641432266472e-09,0.32246958980241275,0.3224676006399385,0.00048210797919516664
1111,0.25,M2,high,0.05315360510838668,0.05315361032685409,5.2184674081967586e-09,0.3222597790206131,0.32225763762085113,0.0004750455742924497
1111,0.25,M3,balanced,0.05254261304977203,0.05254262246449779,9.414725762879605e-09,0.32236476403909176,0.3223613880416392,0.0005870085593147287
1111,0.25,M3,low,0.05186948302067999,0.051869489439177685,6.418497691673686e-09,0.32248003521266044,0.3224776625622823,0.0005299042252478334
1111,0.25,M3,high,0.05321708082708951,0.053217087121348094,6.294258586558854e-09,0.3222496026120457,0.3222468527560619,0.0005203052282635431
1111,0.5,M0,balanced,0.05033104136235614,0.05033104136235614,0.0,0.3227546633023902,0.3227546633023903,0.0
1111,0.5,M0,low,0.05033104136235614,0.05033104136235614,0.0,0.3227546633023903,0.3227546633023903,0.0
1111,0.5,M0,high,0.05033104136235614,0.05033104136235614,0.0,0.3227546633023903,0.3227546633023903,0.0
1111,0.5,M1,balanced,0.05252923556747465,0.05252923556747465,0.0,0.3223634379204019,0.3223634379204019,0.0
1111,0.5,M1,low,0.05252923556747466,0.05252923556747466,0.0,0.3223634379204019,0.3223634379204019,0.0
1111,0.5,M1,high,0.05252923556747466,0.05252923556747466,0.0,0.3223634379204019,0.3223634379204019,0.0
1111,0.5,M2,balanced,0.05257161916676495,0.05257165035549686,3.1188731909603806e-08,0.3223682660052507,0.32235619288051665,0.0010725136248177132
1111,0.5,M2,low,0.05134680441225897,0.051346825865915505,2.145365653183351e-08,0.3225783103834052,0.3225704131032098,0.0009734279446537278
1111,0.5,M2,high,0.053800672281199974,0.05380069294687738,2.066567740544034e-08,0.32215870443558114,0.32215059530610796,0.0009409661096323185
1111,0.5,M3,balanced,0.05258272949683895,0.052582767155511266,3.765867231941833e-08,0.32236888613527637,0.3223543914178081,0.0011797878004077115
1111,0.5,M3,low,0.05123691824779625,0.05123694417936963,2.5931573381654527e-08,0.3225996636424969,0.32258943078164126,0.001070122322381213
1111,0.5,M3,high,0.05393389013881693,0.05393391506919542,2.4930378490772842e-08,0.32213865139784775,0.3221291454046666,0.0010329554053687463
1111,0.75,M0,balanced,0.05033104136235614,0.05033104136235614,0.0,0.3227546633023902,0.3227546633023903,0.0
1111,0.75,M0,low,0.05033104136235614,0.05033104136235614,0.0,0.3227546633023903,0.3227546633023903,0.0
1111,0.75,M0,high,0.05033104136235614,0.05033104136235614,0.0,0.3227546633023903,0.3227546633023903,0.0
1111,0.75,M1,balanced,0.05252923556747465,0.05252923556747465,0.0,0.3223634379204019,0.3223634379204019,0.0
1111,0.75,M1,low,0.05252923556747466,0.05252923556747466,0.0,0.3223634379204019,0.3223634379204019,0.0
1111,0.75,M1,high,0.05252923556747466,0.05252923556747466,0.0,0.3223634379204019,0.3223634379204019,0.0
1111,0.75,M2,balanced,0.05262462876257602,0.05262469891080537,7.014822935025311e-08,0.3223742833904218,0.32234663705764455,0.0016167551216870711
1111,0.75,M2,low,0.050787892105548973,0.05078794081721123,4.871166225939305e-08,0.322689562404893,0.3226705038569203,0.00147261456364849
1111,0.75,M2,high,0.05447090473911076,0.05447095079684391,4.6057733148197055e-08,0.3220600694825457,0.3220419473913145,0.0013997783509555664
1111,0.75,M3,balanced,0.0526495287850535,0.0526496135280691,8.474301559785458e-08,0.3223756724629375,0.32234271634891043,0.0017790766513015737
1111,0.75,M3,low,0.05063056949019307,0.050630628430789665,5.8940596597834016e-08,0.3227223105855319,0.32269964675348184,0.0016206795857197772
1111,0.75,M3,high,0.05468051740165919,0.05468057295519135,5.55535321633549e-08,0.322030351990197,0.32200885506327553,0.0015355717890886008
1111,1.0,M0,balanced,0.05033104136235614,0.05033104136235614,0.0,0.3227546633023902,0.3227546633023903,0.0
1111,1.0,M0,low,0.05033104136235614,0.05033104136235614,0.0,0.3227546633023903,0.3227546633023903,0.0
1111,1.0,M0,high,0.05033104136235614,0.05033104136235614,0.0,0.3227546633023903,0.3227546633023903,0.0
1111,1.0,M1,balanced,0.05252923556747465,0.05252923556747465,0.0,0.3223634379204019,0.3223634379204019,0.0
1111,1.0,M1,low,0.05252923556747466,0.05252923556747466,0.0,0.3223634379204019,0.3223634379204019,0.0
1111,1.0,M1,high,0.05252923556747466,0.05252923556747466,0.0,0.3223634379204019,0.3223634379204019,0.0
1111,1.0,M2,balanced,0.05269889840758179,0.05269902304727936,1.246396975698727e-07,0.3223827803780693,0.32233457848792735,0.0021632101074500402
1111,1.0,M2,low,0.05024997539901316,0.050250062784377506,8.738536434738098e-08,0.3228034781607235,0.32276971284799894,0.0019792536202804752
1111,1.0,M2,high,0.05516478770015908,0.055164868791866294,8.109170721026793e-08,0.32196402876833985,0.3219323563067007,0.0018507424841775857
1111,1.0,M3,balanced,0.0527428860640479,0.05274303675262146,1.5068857355665655e-07,0.3223853705447703,0.32232698357011746,0.0023850228526324222
1111,1.0,M3,low,0.05004933470635368,0.05004944060132335,1.0589496967500223e-07,0.32284802307685423,0.32280661715116143,0.0021824119252612335
1111,1.0,M3,high,0.05545780247139236,0.05545790030249009,9.783109772981691e-08,0.3219249490066399,0.3218869737713237,0.002030952429944166
1212,0.0,M0,balanced,0.0502484271452828,0.0502484271452828,0.0,0.3227697845300759,0.3227697845300759,0.0
1212,0.0,M0,low,0.0502484271452828,0.0502484271452828,0.0,0.3227697845300759,0.3227697845300759,0.0
1212,0.0,M0,high,0.0502484271452828,0.0502484271452828,0.0,0.3227697845300759,0.3227697845300759,0.0
1212,0.0,M1,balanced,0.052444838400849646,0.052444838400849646,0.0,0.3223779460659242,0.3223779460659242,0.0
1212,0.0,M1,low,0.05244483840084965,0.05244483840084965,0.0,0.3223779460659242,0.3223779460659242,0.0
1212,0.0,M1,high,0.05244483840084965,0.05244483840084965,0.0,0.3223779460659242,0.3223779460659242,0.0
1212,0.0,M2,balanced,0.052444838400849646,0.052444838400849646,0.0,0.3223779460659242,0.3223779460659242,0.0
1212,0.0,M2,low,0.05244483840084965,0.05244483840084965,0.0,0.3223779460659242,0.3223779460659242,0.0
1212,0.0,M2,high,0.05244483840084965,0.05244483840084965,0.0,0.3223779460659242,0.3223779460659242,0.0
1212,0.0,M3,balanced,0.052444838400849646,0.052444838400849646,0.0,0.3223779460659242,0.3223779460659242,0.0
1212,0.0,M3,low,0.05244483840084965,0.05244483840084965,0.0,0.3223779460659242,0.3223779460659242,0.0
1212,0.0,M3,high,0.05244483840084965,0.05244483840084965,0.0,0.3223779460659242,0.3223779460659242,0.0
1212,0.25,M0,balanced,0.0502484271452828,0.0502484271452828,0.0,0.3227697845300759,0.3227697845300759,0.0
1212,0.25,M0,low,0.0502484271452828,0.0502484271452828,0.0,0.3227697845300759,0.3227697845300759,0.0
1212,0.25,M0,high,0.0502484271452828,0.0502484271452828,0.0,0.3227697845300759,0.3227697845300759,0.0
1212,0.25,M1,balanced,0.052444838400849646,0.052444838400849646,0.0,0.3223779460659242,0.3223779460659242,0.0
1212,0.25,M1,low,0.05244483840084965,0.05244483840084965,0.0,0.3223779460659242,0.3223779460659242,0.0
1212,0.25,M1,high,0.05244483840084965,0.05244483840084965,0.0,0.3223779460659242,0.3223779460659242,0.0
1212,0.25,M2,balanced,0.052455398126145865,0.052455405897212655,7.77106679006323e-09,0.32237913533676027,0.3223760877309209,0.0005334112902772742
1212,0.25,M2,low,0.05184514185648585,0.051845147153250726,5.296764873929938e-09,0.3224839759735037,0.32248189211285405,0.0004836226959882954
1212,0.25,M2,high,0.05306671036833807,0.053066715567075054,5.198736982570118e-09,0.3222744089083888,0.322272306460097,0.0004739329804421714
1212,0.25,M3,balanced,0.05245837636032762,0.05245838576491642,9.404588795225433e-09,0.3223792347111941,0.3223755243230674,0.0005873946861512346
1212,0.25,M3,low,0.05178709337028009,0.05178709978871617,6.418436081234713e-09,0.32249457038439233,0.3224923129233729,0.0005299941787585558
1212,0.25,M3,high,0.05313101314631742,0.05313101943636747,6.29005005026162e-09,0.3222640439203041,0.32226156681171547,0.000521721325148097
1212,0.5,M0,balanced,0.0502484271452828,0.0502484271452828,0.0,0.3227697845300759,0.3227697845300759,0.0
1212,0.5,M0,low,0.0502484271452828,0.0502484271452828,0.0,0.3227697845300759,0.3227697845300759,0.0
1212,0.5,M0,high,0.0502484271452828,0.0502484271452828,0.0,0.3227697845300759,0.3227697845300759,0.0
1212,0.5,M1,balanced,0.052444838400849646,0.052444838400849646,0.0,0.3223779460659242,0.3223779460659242,0.0
1212,0.5,M1,low,0.05244483840084965,0.05244483840084965,0.0,0.3223779460659242,0.3223779460659242,0.0
1212,0.5,M1,high,0.05244483840084965,0.05244483840084965,0.0,0.3223779460659242,0.3223779460659242,0.0
1212,0.5,M2,balanced,0.052487085578440396,0.05248711665573336,3.107729296125683e-08,0.3223827211858489,0.3223706840265437,0.001071224965285891
1212,0.5,M2,low,0.05126718339676806,0.05126720477222986,2.137546180336347e-08,0.32259253922578623,0.32258432849498264,0.000971577875319663
1212,0.5,M2,high,0.05371121247787333,0.05371123307304371,2.0595170374670957e-08,0.3221733765046603,0.3221653722527457,0.0009403864835881555
1212,0.5,M3,balanced,0.05249897742948047,0.05249901505084674,3.762136627227797e-08,0.32238322663339825,0.32236890717237876,0.0011801626849805174
1212,0.5,M3,low,0.05115683514031184,0.05115686103566881,2.5895356969840577e-08,0.3226140853491548,0.3226041264344426,0.0010702303948273628
1212,0.5,M3,high,0.05384653362150635,0.053846558534248044,2.4912741695970464e-08,0.32215287719100166,0.3221434420011843,0.001033435738950376
1212,0.75,M0,balanced,0.0502484271452828,0.0502484271452828,0.0,0.3227697845300759,0.3227697845300759,0.0
1212,0.75,M0,low,0.0502484271452828,0.0502484271452828,0.0,0.3227697845300759,0.3227697845300759,0.0
1212,0.75,M0,high,0.0502484271452828,0.0502484271452828,0.0,0.3227697845300759,0.3227697845300759,0.0
1212,0.75,M1,balanced,0.052444838400849646,0.052444838400849646,0.0,0.3223779460659242,0.3223779460659242,0.0
1212,0.75,M1,low,0.05244483840084965,0.05244483840084965,0.0,0.3223779460659242,0.3223779460659242,0.0
1212,0.75,M1,high,0.05244483840084965,0.05244483840084965,0.0,0.3223779460659242,0.3223779460659242,0.0
1212,0.75,M2,balanced,0.05253992559527657,0.052539995493055575,6.989777900229255e-08,0.3223886869100316,0.32236168053374753,0.001613714496416364
1212,0.75,M2,low,0.0507105427140125,0.050710591246860504,4.853284800432345e-08,0.32270362791501683,0.32268429591674186,0.0014715550319369046
1212,0.75,M2,high,0.054378817195985876,0.05437886309425881,4.589827293233206e-08,0.32207481558411555,0.32205699895692963,0.0013982976502641808
1212,0.75,M3,balanced,0.052566595194500465,0.05256667985553309,8.466103262189106e-08,0.3223898720675995,0.32235731387346683,0.0017793772622619445
1212,0.75,M3,low,0.050553061030389194,0.0505531198841507,5.885376150316368e-08,0.32273653321731083,0.32271388297109754,0.0016202061653629353
1212,0.75,M3,high,0.054592305037974624,0.054592360567101775,5.552912715062197e-08,0.3220443768008651,0.32202294974136775,0.0015377483677013653
1212,1.0,M0,balanced,0.0502484271452828,0.0502484271452828,0.0,0.3227697845300759,0.3227697845300759,0.0
1212,1.0,M0,low,0.0502484271452828,0.0502484271452828,0.0,0.3227697845300759,0.3227697845300759,0.0
1212,1.0,M0,high,0.0502484271452828,0.0502484271452828,0.0,0.3227697845300759,0.3227697845300759,0.0
1212,1.0,M1,balanced,0.052444838400849646,0.052444838400849646,0.0,0.3223779460659242,0.3223779460659242,0.0
1212,1.0,M1,low,0.05244483840084965,0.05244483840084965,0.0,0.3223779460659242,0.3223779460659242,0.0
1212,1.0,M1,high,0.05244483840084965,0.05244483840084965,0.0,0.3223779460659242,0.3223779460659242,0.0
1212,1.0,M2,balanced,0.05261395960134375,0.0526140837991073,1.2419776355271361e-07,0.32239709715862774,0.32234896833211873,0.0021618910731758473
1212,1.0,M2,low,0.05017481619991021,0.050174903256096845,8.705618663451542e-08,0.3228173600404113,0.32278364262889603,0.001977534395023679
1212,1.0,M2,high,0.0550700151228291,0.05507009593949888,8.081666977993729e-08,0.3219787460759771,0.32194737844016674,0.00184891638958003
1212,1.0,M3,balanced,0.052661121520544585,0.0526612720735619,1.5055301731681237e-07,0.3223992338390396,0.32234097214937707,0.002386735532398912
1212,1.0,M3,low,0.04997464599689384,0.04997475171611453,1.0571922068325357e-07,0.3228619853497938,0.3228211944222963,0.002180472040999329
1212,1.0,M3,high,0.05536922535616612,0.05536932316632123,9.781015511411972e-08,0.32193871209708114,0.32190080665190257,0.002032895066145687
1313,0.0,M0,balanced,0.050381222491073616,0.050381222491073616,0.0,0.32274520156414693,0.32274520156414693,0.0
1313,0.0,M0,low,0.050381222491073616,0.050381222491073616,0.0,0.32274520156414693,0.32274520156414693,0.0
1313,0.0,M0,high,0.050381222491073616,0.050381222491073616,0.0,0.32274520156414693,0.32274520156414693,0.0
1313,0.0,M1,balanced,0.0526318437151555,0.0526318437151555,0.0,0.32234590603529445,0.3223459060352945,0.0
1313,0.0,M1,low,0.0526318437151555,0.0526318437151555,0.0,0.3223459060352945,0.3223459060352945,0.0
1313,0.0,M1,high,0.0526318437151555,0.0526318437151555,0.0,0.3223459060352945,0.3223459060352945,0.0
1313,0.0,M2,balanced,0.0526318437151555,0.0526318437151555,0.0,0.32234590603529445,0.3223459060352945,0.0
1313,0.0,M2,low,0.0526318437151555,0.0526318437151555,0.0,0.3223459060352945,0.3223459060352945,0.0
1313,0.0,M2,high,0.0526318437151555,0.0526318437151555,0.0,0.3223459060352945,0.3223459060352945,0.0
1313,0.0,M3,balanced,0.0526318437151555,0.0526318437151555,0.0,0.32234590603529445,0.3223459060352945,0.0
1313,0.0,M3,low,0.0526318437151555,0.0526318437151555,0.0,0.3223459060352945,0.3223459060352945,0.0
1313,0.0,M3,high,0.0526318437151555,0.0526318437151555,0.0,0.3223459060352945,0.3223459060352945,0.0
1313,0.25,M0,balanced,0.050381222491073616,0.050381222491073616,0.0,0.32274520156414693,0.32274520156414693,0.0
1313,0.25,M0,low,0.050381222491073616,0.050381222491073616,0.0,0.32274520156414693,0.32274520156414693,0.0
1313,0.25,M0,high,0.050381222491073616,0.050381222491073616,0.0,0.32274520156414693,0.32274520156414693,0.0
1313,0.25,M1,balanced,0.0526318437151555,0.0526318437151555,0.0,0.32234590603529445,0.3223459060352945,0.0
1313,0.25,M1,low,0.0526318437151555,0.0526318437151555,0.0,0.3223459060352945,0.3223459060352945,0.0
1313,0.25,M1,high,0.0526318437151555,0.0526318437151555,0.0,0.3223459060352945,0.3223459060352945,0.0
1313,0.25,M2,balanced,0.0526426219946242,0.05264262986321516,7.86859095935899e-09,0.32234714025922473,0.3223459060352945,0.0005337541092218026
1313,0.25,M2,low,0.05202554956835023,0.05202555492986967,5.361519436752893e-09,0.32245239941715165,0.32245034572851927,0.0004852670495093813
1313,0.25,M2,high,0.05326077224882558,0.05326077751208355,5.26325796834648e-09,0.32224189609989135,0.32223956479540605,0.00047604804632266106
1313,0.25,M3,balanced,0.052645557681455624,0.052645567213856166,9.532400542522357e-09,0.3223472542555767,0.32234384603347954,0.0005899413875200866
1313,0.25,M3,low,0.05196638611527701,0.05196639261384367,6.4985666570205325e-09,0.3224631615926826,0.3224606980969946,0.0005338257599328134
1313,0.25,M3,high,0.05332610064425912,0.05332610702090692,6.376647800065971e-09,0.3222314427229747,0.322228951246897,0.0005241938568864131
1313,0.5,M0,balanced,0.050381222491073616,0.050381222491073616,0.0,0.32274520156414693,0.32274520156414693,0.0
1313,0.5,M0,low,0.050381222491073616,0.050381222491073616,0.0,0.32274520156414693,0.32274520156414693,0.0
1313,0.5,M0,high,0.050381222491073616,0.050381222491073616,0.0,0.32274520156414693,0.32274520156414693,0.0
1313,0.5,M1,balanced,0.0526318437151555,0.0526318437151555,0.0,0.32234590603529445,0.3223459060352945,0.0
1313,0.5,M1,low,0.0526318437151555,0.0526318437151555,0.0,0.3223459060352945,0.3223459060352945,0.0
1313,0.5,M1,high,0.0526318437151555,0.0526318437151555,0.0,0.3223459060352945,0.3223459060352945,0.0
1313,0.5,M2,balanced,0.05267496518436918,0.052674996647614665,3.146324548813917e-08,0.322350754990154,0.3223387937874972,0.0010758443298548512
1313,0.5,M2,low,0.05144144353588993,0.051441465180106054,2.1644216120775273e-08,0.32256152356550133,0.3225529117171265,0.000976434917695802
1313,0.5,M2,high,0.053912798979765544,0.05391281982888502,2.084911947253243e-08,0.3221404910371506,0.3221322922200449,0.0009437104974205966
1313,0.5,M3,balanced,0.05268668410941624,0.05268672224131417,3.813189793089311e-08,0.3223513023904999,0.32233780312824534,0.0011844952301818116
1313,0.5,M3,low,0.051328786641933105,0.05132881289601832,2.6254085211396827e-08,0.3225833963658321,0.3225733271871403,0.001075574067682103
1313,0.5,M3,high,0.05405006561631852,0.054050090859832964,2.524351444543882e-08,0.3221198247309719,0.3221098376601269,0.0010377788236427938
1313,0.75,M0,balanced,0.050381222491073616,0.050381222491073616,0.0,0.32274520156414693,0.32274520156414693,0.0
1313,0.75,M0,low,0.050381222491073616,0.050381222491073616,0.0,0.32274520156414693,0.32274520156414693,0.0
1313,0.75,M0,high,0.050381222491073616,0.050381222491073616,0.0,0.32274520156414693,0.32274520156414693,0.0
1313,0.75,M1,balanced,0.0526318437151555,0.0526318437151555,0.0,0.32234590603529445,0.3223459060352945,0.0
1313,0.75,M1,low,0.0526318437151555,0.0526318437151555,0.0,0.3223459060352945,0.3223459060352945,0.0
1313,0.75,M1,high,0.0526318437151555,0.0526318437151555,0.0,0.3223459060352945,0.3223459060352945,0.0
1313,0.75,M2,balanced,0.0527288983471121,0.0527289691115609,7.076444880071975e-08,0.3223567769614294,0.32232921322991387,0.0016215475450897545
1313,0.75,M2,low,0.05087909653186898,0.05087914567443587,4.914256689081409e-08,0.3226732199034286,0.3226544392932277,0.0014770830238561724
1313,0.75,M2,high,0.05458840562553911,0.05458845208536471,4.645982559781103e-08,0.3220415389672315,0.32202313480428313,0.0014034131864456515
1313,0.75,M3,balanced,0.052755168338863935,0.0527552541454505,8.580658656526241e-08,0.32235815921675204,0.3223250447686517,0.0017889836721054105
1313,0.75,M3,low,0.050718037875903794,0.050718097556369565,5.968046577070618e-08,0.32270654301187834,0.32268346784677965,0.00163019033958135
1313,0.75,M3,high,0.05480463126418555,0.054804687517426405,5.6253240857118136e-08,0.3220109746373333,0.32198916439587244,0.0015438004358675126
1313,1.0,M0,balanced,0.050381222491073616,0.050381222491073616,0.0,0.32274520156414693,0.32274520156414693,0.0
1313,1.0,M0,low,0.050381222491073616,0.050381222491073616,0.0,0.32274520156414693,0.32274520156414693,0.0
1313,1.0,M0,high,0.050381222491073616,0.050381222491073616,0.0,0.32274520156414693,0.32274520156414693,0.0
1313,1.0,M1,balanced,0.0526318437151555,0.0526318437151555,0.0,0.32234590603529445,0.3223459060352945,0.0
1313,1.0,M1,low,0.0526318437151555,0.0526318437151555,0.0,0.3223459060352945,0.3223459060352945,0.0
1313,1.0,M1,high,0.0526318437151555,0.0526318437151555,0.0,0.3223459060352945,0.3223459060352945,0.0
1313,1.0,M2,balanced,0.05280446328307904,0.05280458901688409,1.257338050481005e-07,0.322365260698225,0.32231661638591913,0.0021713999780234444
1313,1.0,M2,low,0.050338096323974485,0.05033818447982073,8.815584624788375e-08,0.3227874640511721,0.32275325403559285,0.0019872663115938823
1313,1.0,M2,high,0.05528809219894998,0.055288173996626666,8.179767668758942e-08,0.32194508027739727,0.3219133038991045,0.0018572050132989462
1313,1.0,M3,balanced,0.05285088748335043,0.05285104006350248,1.525801520546599e-07,0.3223678950181717,0.3223087815286556,0.0023984666925941007
1313,1.0,M3,low,0.05013300175051433,0.050133108965373374,1.072148590464117e-07,0.3228329770126661,0.3227948309687896,0.0021913433160529803
1313,1.0,M3,high,0.05559067759300611,0.0555907766593727,9.906636658923995e-08,0.3219049986824982,0.32186657176705746,0.0020413562111728754
1414,0.0,M0,balanced,0.05037305738834792,0.05037305738834792,0.0,0.32274675105042316,0.32274675105042316,0.0
1414,0.0,M0,low,0.05037305738834792,0.05037305738834792,0.0,0.32274675105042316,0.32274675105042316,0.0
1414,0.0,M0,high,0.05037305738834792,0.05037305738834792,0.0,0.32274675105042316,0.32274675105042316,0.0
1414,0.0,M1,balanced,0.05266755980617638,0.05266755980617638,0.0,0.32233988261093244,0.32233988261093244,0.0
1414,0.0,M1,low,0.05266755980617638,0.05266755980617638,0.0,0.32233988261093244,0.32233988261093244,0.0
1414,0.0,M1,high,0.05266755980617638,0.05266755980617638,0.0,0.32233988261093244,0.32233988261093244,0.0
1414,0.0,M2,balanced,0.05266755980617638,0.05266755980617638,0.0,0.32233988261093244,0.32233988261093244,0.0
1414,0.0,M2,low,0.05266755980617638,0.05266755980617638,0.0,0.32233988261093244,0.32233988261093244,0.0
1414,0.0,M2,high,0.05266755980617638,0.05266755980617638,0.0,0.32233988261093244,0.32233988261093244,0.0
1414,0.0,M3,balanced,0.05266755980617638,0.05266755980617638,0.0,0.32233988261093244,0.32233988261093244,0.0
1414,0.0,M3,low,0.05266755980617638,0.05266755980617638,0.0,0.32233988261093244,0.32233988261093244,0.0
1414,0.0,M3,high,0.05266755980617638,0.05266755980617638,0.0,0.32233988261093244,0.32233988261093244,0.0
1414,0.25,M0,balanced,0.05037305738834792,0.05037305738834792,0.0,0.32274675105042316,0.32274675105042316,0.0
1414,0.25,M0,low,0.05037305738834792,0.05037305738834792,0.0,0.32274675105042316,0.32274675105042316,0.0
1414,0.25,M0,high,0.05037305738834792,0.05037305738834792,0.0,0.32274675105042316,0.32274675105042316,0.0
1414,0.25,M1,balanced,0.05266755980617638,0.05266755980617638,0.0,0.32233988261093244,0.32233988261093244,0.0
1414,0.25,M1,low,0.05266755980617638,0.05266755980617638,0.0,0.32233988261093244,0.32233988261093244,0.0
1414,0.25,M1,high,0.05266755980617638,0.05266755980617638,0.0,0.32233988261093244,0.32233988261093244,0.0
1414,0.25,M2,balanced,0.05267851556379824,0.05267852348022996,7.91643171849099e-09,0.32234100755264083,0.3223379937778492,0.000537304033605247
1414,0.25,M2,low,0.05205895549367122,0.052058960888558284,5.394887064857912e-09,0.3224466353492761,0.3224444096206402,0.00048581865724358107
1414,0.25,M2,high,0.05329917120968639,0.05329917650496718,5.295280790240664e-09,0.3222355274198744,0.322233552795372,0.00047716290803579
1414,0.25,M3,balanced,0.05268183883565594,0.05268184848436895,9.648713009124954e-09,0.3223411126429858,0.32233868779575126,0.0005930438703920781
1414,0.25,M3,low,0.05199794570900086,0.05199795228515357,6.57615270571732e-09,0.3224577136191467,0.3224552930649499,0.000535821882981493
1414,0.25,M3,high,0.053367159865257946,0.0533671663158821,6.450624152887219e-09,0.32222470129620734,0.32222214733941273,0.000526736915028297
1414,0.5,M0,balanced,0.05037305738834792,0.05037305738834792,0.0,0.32274675105042316,0.32274675105042316,0.0
1414,0.5,M0,low,0.05037305738834792,0.05037305738834792,0.0,0.32274675105042316,0.32274675105042316,0.0
1414,0.5,M0,high,0.05037305738834792,0.05037305738834792,0.0,0.32274675105042316,0.32274675105042316,0.0
1414,0.5,M1,balanced,0.05266755980617638,0.05266755980617638,0.0,0.32233988261093244,0.32233988261093244,0.0
1414,0.5,M1,low,0.05266755980617638,0.05266755980617638,0.0,0.32233988261093244,0.32233988261093244,0.0
1414,0.5,M1,high,0.05266755980617638,0.05266755980617638,0.0,0.32233988261093244,0.32233988261093244,0.0
1414,0.5,M2,balanced,0.05271139195108816,0.052711423609807205,3.165871904214912e-08,0.3223445872286105,0.3223321883193068,0.0010794639838402735
1414,0.5,M2,low,0.05147289188671282,0.051472913660896916,2.1774184094658366e-08,0.3225559388950137,0.32254789740955825,0.0009790609567911972
1414,0.5,M2,high,0.05395427522994084,0.053954296209245925,2.097930508482282e-08,0.32213372981442806,0.3221255544117699,0.0009461259390192204
1414,0.5,M3,balanced,0.05272466712746979,0.05272470572205194,3.859458215516032e-08,0.32234503776281237,0.3223301129199075,0.0011936471430585326
1414,0.5,M3,low,0.05135727300206176,0.051357299568899756,2.6566837993402537e-08,0.32257835913976257,0.3225681215239724,0.0010834543424163806
1414,0.5,M3,high,0.05409777198500515,0.05409779754524359,2.5560238439692462e-08,0.32211220382668343,0.3221023049298197,0.0010442431465397845
1414,0.75,M0,balanced,0.05037305738834792,0.05037305738834792,0.0,0.32274675105042316,0.32274675105042316,0.0
1414,0.75,M0,low,0.05037305738834792,0.05037305738834792,0.0,0.32274675105042316,0.32274675105042316,0.0
1414,0.75,M0,high,0.05037305738834792,0.05037305738834792,0.0,0.32274675105042316,0.32274675105042316,0.0
1414,0.75,M1,balanced,0.05266755980617638,0.05266755980617638,0.0,0.32233988261093244,0.32233988261093244,0.0
1414,0.75,M1,low,0.05266755980617638,0.05266755980617638,0.0,0.32233988261093244,0.32233988261093244,0.0
1414,0.75,M1,high,0.05266755980617638,0.05266755980617638,0.0,0.32233988261093244,0.32233988261093244,0.0
1414,0.75,M2,balanced,0.05276621632113909,0.052766287526013346,7.120487425377187e-08,0.3223505838837136,0.32232326981712023,0.0016268045962935193
1414,0.75,M2,low,0.05090892134790551,0.05090897078902333,4.944111781784999e-08,0.3226678830427703,0.3226487375239021,0.0014808490198476838
1414,0.75,M2,high,0.054633376945854475,0.05463342370773186,4.676187738417159e-08,0.32203442956079914,0.3220163220806004,0.001407668677180795
1414,0.75,M3,balanced,0.05279601003121204,0.05279609688682968,8.685561764254501e-08,0.3223516395476675,0.32231804993371393,0.0018001140825489256
1414,0.75,M3,low,0.05074444441230041,0.05074450478165307,6.03693526626814e-08,0.3227020814327644,0.3226786851802909,0.001637600035184782
1414,0.75,M3,high,0.05486042067262184,0.05486047765104617,5.697842433288747e-08,0.32200244585041776,0.3219802253017716,0.001554055523933708
1414,1.0,M0,balanced,0.05037305738834792,0.05037305738834792,0.0,0.32274675105042316,0.32274675105042316,0.0
1414,1.0,M0,low,0.05037305738834792,0.05037305738834792,0.0,0.32274675105042316,0.32274675105042316,0.0
1414,1.0,M0,high,0.05037305738834792,0.05037305738834792,0.0,0.32274675105042316,0.32274675105042316,0.0
1414,1.0,M1,balanced,0.05266755980617638,0.05266755980617638,0.0,0.32233988261093244,0.32233988261093244,0.0
1414,1.0,M1,low,0.05266755980617638,0.05266755980617638,0.0,0.32233988261093244,0.32233988261093244,0.0
1414,1.0,M1,high,0.05266755980617638,0.05266755980617638,0.0,0.32233988261093244,0.32233988261093244,0.0
1414,1.0,M2,balanced,0.05284303429592253,0.052843160811576556,1.2651565402949094e-07,0.3223589726150958,0.3223100216940375,0.0021776585199746513
1414,1.0,M2,low,0.05036661461648502,0.05036670330215124,8.868566622050045e-08,0.32278235790502197,0.32274785708221976,0.001992116473345357
1414,1.0,M2,high,0.05533700142431999,0.05533708374554466,8.23212246703342e-08,0.32193762829999595,0.3219055643073651,0.0018624710375851415
1414,1.0,M3,balanced,0.052895777962541746,0.052895932430083,1.5446754125097995e-07,0.3223609504421068,0.32230104251684216,0.002414039000787349
1414,1.0,M3,low,0.05015824498963721,0.05015835348070585,1.0849106864274649e-07,0.3228286915207623,0.32278786397735837,0.0022186062251252276
1414,1.0,M3,high,0.05565613275108519,0.055656233149284716,1.0039819952484264e-07,0.3218953237615768,0.3218557666802547,0.002055681430580952
1515,0.0,M0,balanced,0.050384724166797755,0.050384724166797755,0.0,0.32274459675515643,0.32274459675515643,0.0
1515,0.0,M0,low,0.05038472416679775,0.05038472416679775,0.0,0.32274459675515643,0.32274459675515643,0.0
1515,0.0,M0,high,0.05038472416679775,0.05038472416679775,0.0,0.32274459675515643,0.32274459675515643,0.0
1515,0.0,M1,balanced,0.05264862289881554,0.05264862289881554,0.0,0.32234303191232516,0.32234303191232516,0.0
1515,0.0,M1,low,0.05264862289881554,0.05264862289881554,0.0,0.32234303191232516,0.32234303191232516,0.0
1515,0.0,M1,high,0.05264862289881554,0.05264862289881554,0.0,0.32234303191232516,0.32234303191232516,0.0
1515,0.0,M2,balanced,0.05264862289881554,0.05264862289881554,0.0,0.32234303191232516,0.32234303191232516,0.0
1515,0.0,M2,low,0.05264862289881554,0.05264862289881554,0.0,0.32234303191232516,0.32234303191232516,0.0
1515,0.0,M2,high,0.05264862289881554,0.05264862289881554,0.0,0.32234303191232516,0.32234303191232516,0.0
1515,0.0,M3,balanced,0.05264862289881554,0.05264862289881554,0.0,0.32234303191232516,0.32234303191232516,0.0
1515,0.0,M3,low,0.05264862289881554,0.05264862289881554,0.0,0.32234303191232516,0.32234303191232516,0.0
1515,0.0,M3,high,0.05264862289881554,0.05264862289881554,0.0,0.32234303191232516,0.32234303191232516,0.0
1515,0.25,M0,balanced,0.050384724166797755,0.050384724166797755,0.0,0.32274459675515643,0.32274459675515643,0.0
1515,0.25,M0,low,0.05038472416679775,0.05038472416679775,0.0,0.32274459675515643,0.32274459675515643,0.0
1515,0.25,M0,high,0.05038472416679775,0.05038472416679775,0.0,0.32274459675515643,0.32274459675515643,0.0
1515,0.25,M1,balanced,0.05264862289881554,0.05264862289881554,0.0,0.32234303191232516,0.32234303191232516,0.0
1515,0.25,M1,low,0.05264862289881554,0.05264862289881554,0.0,0.32234303191232516,0.32234303191232516,0.0
1515,0.25,M1,high,0.05264862289881554,0.05264862289881554,0.0,0.32234303191232516,0.32234303191232516,0.0
1515,0.25,M2,balanced,0.05265947915018375,0.05265948703789233,7.8877085835094e-09,0.3223442345040105,0.3223412075979467,0.000536124067286482
1515,0.25,M2,low,0.052041348757128195,0.05204135413302756,5.3758993645569575e-09,0.32244976742172105,0.3224476118472876,0.0004862240221706139
1515,0.25,M2,high,0.05327869516837036,0.05327870044357888,5.275208520005847e-09,0.3222389522039395,0.32223705822532256,0.00047630236796757477
1515,0.25,M3,balanced,0.052662595371923374,0.05266260494932328,9.577399907867434e-09,0.3223443236919991,0.32234129726892036,0.0005905237002521874
1515,0.25,M3,low,0.05198154398414669,0.05198155051333686,6.529190167692267e-09,0.32246050759290346,0.32245801449527,0.0005342404520913016
1515,0.25,M3,high,0.053345044007007944,0.05334505041402963,6.4070216840295124e-09,0.3222283382909691,0.32222595346891936,0.0005254834890844652
1515,0.5,M0,balanced,0.050384724166797755,0.050384724166797755,0.0,0.32274459675515643,0.32274459675515643,0.0
1515,0.5,M0,low,0.05038472416679775,0.05038472416679775,0.0,0.32274459675515643,0.32274459675515643,0.0
1515,0.5,M0,high,0.05038472416679775,0.05038472416679775,0.0,0.32274459675515643,0.32274459675515643,0.0
1515,0.5,M1,balanced,0.05264862289881554,0.05264862289881554,0.0,0.32234303191232516,0.32234303191232516,0.0
1515,0.5,M1,low,0.05264862289881554,0.05264862289881554,0.0,0.32234303191232516,0.32234303191232516,0.0
1515,0.5,M1,high,0.05264862289881554,0.05264862289881554,0.0,0.32234303191232516,0.32234303191232516,0.0
1515,0.5,M2,balanced,0.05269205675772391,0.05269208830144469,3.1543720774296347e-08,0.322347862012336,0.322336352993451,0.0010764736614556172
1515,0.5,M2,low,0.051456416203774724,0.05145643790018578,2.1696411056648657e-08,0.32255887036359016,0.32255012080208556,0.0009778026450645472
1515,0.5,M2,high,0.053932040697551656,0.053932061603351435,2.0905799778814238e-08,0.3221373401023095,0.32212909727954997,0.0009453543922931355
1515,0.5,M3,balanced,0.05270450348455744,0.052704541796487425,3.831192998265953e-08,0.3223483689908041,0.3223340737617615,0.00118846355461253
1515,0.5,M3,low,0.05134280344303799,0.05134282981531567,2.6372277681097067e-08,0.32258091585742676,0.32257067113976456,0.0010784880303076018
1515,0.5,M3,high,0.05407179158465222,0.05407181695168882,2.5367036596279924e-08,0.3221163527254772,0.3221066857852666,0.0010407275313108033
1515,0.75,M0,balanced,0.050384724166797755,0.050384724166797755,0.0,0.32274459675515643,0.32274459675515643,0.0
1515,0.75,M0,low,0.05038472416679775,0.05038472416679775,0.0,0.32274459675515643,0.32274459675515643,0.0
1515,0.75,M0,high,0.05038472416679775,0.05038472416679775,0.0,0.32274459675515643,0.32274459675515643,0.0
1515,0.75,M1,balanced,0.05264862289881554,0.05264862289881554,0.0,0.32234303191232516,0.32234303191232516,0.0
1515,0.75,M1,low,0.05264862289881554,0.05264862289881554,0.0,0.32234303191232516,0.32234303191232516,0.0
1515,0.75,M1,high,0.05264862289881554,0.05264862289881554,0.0,0.32234303191232516,0.32234303191232516,0.0
1515,0.75,M2,balanced,0.052746382291167515,0.05274645324169914,7.095053162348153e-08,0.3223538650424914,0.32232698277674093,0.001622924689008399
1515,0.75,M2,low,0.05089338690743897,0.05089343617117588,4.9263736909277434e-08,0.32267064474874274,0.322651805683413,0.001478677271239734
1515,0.75,M2,high,0.05460915361413127,0.054609200194109045,4.657997777768319e-08,0.32203827691074616,0.32202089547660123,0.0014067451328983393
1515,0.75,M3,balanced,0.05277431104691649,0.05277439726729622,8.622037973166075e-08,0.32235505533728903,0.32232077167176315,0.0017949631107553644
1515,0.75,M3,low,0.050731343411048166,0.050731403356261785,5.994521361935012e-08,0.3227043094189911,0.3226809887623498,0.0016319052378622712
1515,0.75,M3,high,0.05482984749759201,0.05482990404058454,5.654299253116113e-08,0.32200713877362913,0.3219851344188104,0.0015482343504448033
1515,1.0,M0,balanced,0.050384724166797755,0.050384724166797755,0.0,0.32274459675515643,0.32274459675515643,0.0
1515,1.0,M0,low,0.05038472416679775,0.05038472416679775,0.0,0.32274459675515643,0.32274459675515643,0.0
1515,1.0,M0,high,0.05038472416679775,0.05038472416679775,0.0,0.32274459675515643,0.32274459675515643,0.0
1515,1.0,M1,balanced,0.05264862289881554,0.05264862289881554,0.0,0.32234303191232516,0.32234303191232516,0.0
1515,1.0,M1,low,0.05264862289881554,0.05264862289881554,0.0,0.32234303191232516,0.32234303191232516,0.0
1515,1.0,M1,high,0.05264862289881554,0.05264862289881554,0.0,0.32234303191232516,0.32234303191232516,0.0
1515,1.0,M2,balanced,0.05282250006532542,0.05282262612267724,1.2605735182080746e-07,0.3223623010649241,0.3223133740742571,0.002173763257610345
1515,1.0,M2,low,0.05035184038077439,0.050351928756907166,8.837613277301593e-08,0.32278493823353305,0.3227507459790762,0.001988750048159311
1515,1.0,M2,high,0.0553105474664998,0.05531062949443677,8.202793697065225e-08,0.3219416532306867,0.3219098077630922,0.0018596972164435365
1515,1.0,M3,balanced,0.05287192587913697,0.05287207921290453,1.5333376755799488e-07,0.32236457783946726,0.32230521506325166,0.0024049047220287023
1515,1.0,M3,low,0.05014598672531578,0.05014609441708996,1.076917741787975e-07,0.32283068081422645,0.3227902497623898,0.0021966360739935622
1515,1.0,M3,high,0.0556201953309784,0.05562029493258415,9.960160574778998e-08,0.3219005530136958,0.32186178055149006,0.0020476381787911347
1616,0.0,M0,balanced,0.05026370912454505,0.05026370912454505,0.0,0.3227670419482915,0.3227670419482915,0.0
1616,0.0,M0,low,0.05026370912454505,0.05026370912454505,0.0,0.3227670419482915,0.3227670419482915,0.0
1616,0.0,M0,high,0.05026370912454505,0.05026370912454505,0.0,0.3227670419482915,0.3227670419482915,0.0
1616,0.0,M1,balanced,0.05241515417769354,0.05241515417769354,0.0,0.3223830118187555,0.3223830118187555,0.0
1616,0.0,M1,low,0.05241515417769354,0.05241515417769354,0.0,0.3223830118187555,0.3223830118187555,0.0
1616,0.0,M1,high,0.05241515417769354,0.05241515417769354,0.0,0.3223830118187555,0.3223830118187555,0.0
1616,0.0,M2,balanced,0.05241515417769354,0.05241515417769354,0.0,0.3223830118187555,0.3223830118187555,0.0
1616,0.0,M2,low,0.05241515417769354,0.05241515417769354,0.0,0.3223830118187555,0.3223830118187555,0.0
1616,0.0,M2,high,0.05241515417769354,0.05241515417769354,0.0,0.3223830118187555,0.3223830118187555,0.0
1616,0.0,M3,balanced,0.05241515417769354,0.05241515417769354,0.0,0.3223830118187555,0.3223830118187555,0.0
1616,0.0,M3,low,0.05241515417769354,0.05241515417769354,0.0,0.3223830118187555,0.3223830118187555,0.0
1616,0.0,M3,high,0.05241515417769354,0.05241515417769354,0.0,0.3223830118187555,0.3223830118187555,0.0
1616,0.25,M0,balanced,0.05026370912454505,0.05026370912454505,0.0,0.3227670419482915,0.3227670419482915,0.0
1616,0.25,M0,low,0.05026370912454505,0.05026370912454505,0.0,0.3227670419482915,0.3227670419482915,0.0
1616,0.25,M0,high,0.05026370912454505,0.05026370912454505,0.0,0.3227670419482915,0.3227670419482915,0.0
1616,0.25,M1,balanced,0.05241515417769354,0.05241515417769354,0.0,0.3223830118187555,0.3223830118187555,0.0
1616,0.25,M1,low,0.05241515417769354,0.05241515417769354,0.0,0.3223830118187555,0.3223830118187555,0.0
1616,0.25,M1,high,0.05241515417769354,0.05241515417769354,0.0,0.3223830118187555,0.3223830118187555,0.0
1616,0.25,M2,balanced,0.05242557242332232,0.05242558015386496,7.730542643524796e-09,0.32238420386864053,0.3223812527581217,0.0005331869728616745
1616,0.25,M2,low,0.05181740292769642,0.05181740819488676,5.2671903436052325e-09,0.3224887936803359,0.3224867273321393,0.0004811383918249905
1616,0.25,M2,high,0.05303478374351074,0.0530347889144749,5.170964156864244e-09,0.32227972033479635,0.32227794371875873,0.00047337951267037437
1616,0.25,M3,balanced,0.0524282607923715,0.05242827009896435,9.306592850533146e-09,0.322384320088808,0.3223789874175416,0.0005860668192810096
1616,0.25,M3,low,0.051761036042678725,0.05176104238749374,6.344815013659133e-09,0.322499118274315,0.32249715798369294,0.0005271542577650598
1616,0.25,M3,high,0.053096796203512875,0.053096802426626746,6.2231138714397005e-09,0.3222697221387768,0.32226706264607874,0.0005185730017710096
1616,0.5,M0,balanced,0.05026370912454505,0.05026370912454505,0.0,0.3227670419482915,0.3227670419482915,0.0
1616,0.5,M0,low,0.05026370912454505,0.05026370912454505,0.0,0.3227670419482915,0.3227670419482915,0.0
1616,0.5,M0,high,0.05026370912454505,0.05026370912454505,0.0,0.3227670419482915,0.3227670419482915,0.0
1616,0.5,M1,balanced,0.05241515417769354,0.05241515417769354,0.0,0.3223830118187555,0.3223830118187555,0.0
1616,0.5,M1,low,0.05241515417769354,0.05241515417769354,0.0,0.3223830118187555,0.3223830118187555,0.0
1616,0.5,M1,high,0.05241515417769354,0.05241515417769354,0.0,0.3223830118187555,0.3223830118187555,0.0
1616,0.5,M2,balanced,0.05245683492018705,0.05245686583392514,3.0913738090221354e-08,0.3223878525418156,0.3223762938060579,0.001069013629088414
1616,0.5,M2,low,0.051241107268685776,0.051241128534506714,2.126582093753271e-08,0.3225971075767443,0.3225888861439866,0.0009690826079029116
1616,0.5,M2,high,0.05367673064593593,0.053676751130030745,2.048409481619773e-08,0.32217905762242305,0.3221711090086881,0.0009369254266049724
1616,0.5,M3,balanced,0.05246756431811178,0.05246760154665826,3.722854648169349e-08,0.32238834386126364,0.3223741544623477,0.0011762429289871787
1616,0.5,M3,low,0.051133564661515106,0.05113359029282859,2.5631313481377926e-08,0.3226181127896895,0.32260772852948616,0.0010652856430073767
1616,0.5,M3,high,0.05380680498873423,0.053806829635162465,2.4646428231633877e-08,0.32215925273849044,0.32214985304801536,0.0010282357826137645
1616,0.75,M0,balanced,0.05026370912454505,0.05026370912454505,0.0,0.3227670419482915,0.3227670419482915,0.0
1616,0.75,M0,low,0.05026370912454505,0.05026370912454505,0.0,0.3227670419482915,0.3227670419482915,0.0
1616,0.75,M0,high,0.05026370912454505,0.05026370912454505,0.0,0.3227670419482915,0.3227670419482915,0.0
1616,0.75,M1,balanced,0.05241515417769354,0.05241515417769354,0.0,0.3223830118187555,0.3223830118187555,0.0
1616,0.75,M1,low,0.05241515417769354,0.05241515417769354,0.0,0.3223830118187555,0.3223830118187555,0.0
1616,0.75,M1,high,0.05241515417769354,0.05241515417769354,0.0,0.3223830118187555,0.3223830118187555,0.0
1616,0.75,M2,balanced,0.05250896495583397,0.05250903448497417,6.952914019531242e-08,0.3223938441119275,0.3223671359963659,0.0016093815874732042
1616,0.75,M2,low,0.05068586045462895,0.05068590873573722,4.828110827109766e-08,0.32270805983774986,0.3226895516730002,0.001466727044640177
1616,0.75,M2,high,0.05434145053485192,0.05434149618576983,4.565091791391973e-08,0.32208065269543135,0.3220629379813638,0.0013944728606767108
1616,0.75,M3,balanced,0.05253300782414815,0.05253309158880732,8.37646591672625e-08,0.32239526060994395,0.3223628281119722,0.0017704619212773308
1616,0.75,M3,low,0.05053179604363424,0.050531854300889995,5.8257255755589377e-08,0.3227401605845472,0.3227175186726868,0.001612848976181621
1616,0.75,M3,high,0.05454600496930544,0.0545460598909987,5.492169326271057e-08,0.3220515599272763,0.3220300183920252,0.001529177123860359
1616,1.0,M0,balanced,0.05026370912454505,0.05026370912454505,0.0,0.3227670419482915,0.3227670419482915,0.0
1616,1.0,M0,low,0.05026370912454505,0.05026370912454505,0.0,0.3227670419482915,0.3227670419482915,0.0
1616,1.0,M0,high,0.05026370912454505,0.05026370912454505,0.0,0.3227670419482915,0.3227670419482915,0.0
1616,1.0,M1,balanced,0.05241515417769354,0.05241515417769354,0.0,0.3223830118187555,0.3223830118187555,0.0
1616,1.0,M1,low,0.05241515417769354,0.05241515417769354,0.0,0.3223830118187555,0.3223830118187555,0.0
1616,1.0,M1,high,0.05241515417769354,0.05241515417769354,0.0,0.3223830118187555,0.3223830118187555,0.0
1616,1.0,M2,balanced,0.05258200136838717,0.05258212490987524,1.235414880673691e-07,0.3224022679977675,0.3223543425161462,0.002156118890344764
1616,1.0,M2,low,0.05015127141699209,0.050151358029616705,8.66126246140686e-08,0.3228215440522858,0.32278806865614396,0.001972503801419519
1616,1.0,M2,high,0.05502941603885162,0.055029496416582904,8.037773128327652e-08,0.32198491756115044,0.3219531542811096,0.00184435066412484
1616,1.0,M3,balanced,0.05262446568570211,0.05262461463742752,1.4895172541218304e-07,0.3224048476440728,0.3223471513752808,0.0023734569600846237
1616,1.0,M3,low,0.04995465706681827,0.04995476172510361,1.0465828533673394e-07,0.3228652711576945,0.322824513008183,0.0021709337003803578
1616,1.0,M3,high,0.05531520545538577,0.055315302162917454,9.670753168405932e-08,0.3219465981969734,0.32190905414542215,0.002021863607150457
1717,0.0,M0,balanced,0.050279573899447275,0.050279573899447275,0.0,0.3227641363226219,0.3227641363226219,0.0
1717,0.0,M0,low,0.050279573899447275,0.050279573899447275,0.0,0.3227641363226219,0.3227641363226219,0.0
1717,0.0,M0,high,0.050279573899447275,0.050279573899447275,0.0,0.3227641363226219,0.3227641363226219,0.0
1717,0.0,M1,balanced,0.05244390857683226,0.05244390857683226,0.0,0.32237801964949686,0.32237801964949686,0.0
1717,0.0,M1,low,0.05244390857683227,0.05244390857683227,0.0,0.32237801964949686,0.32237801964949686,0.0
1717,0.0,M1,high,0.05244390857683227,0.05244390857683227,0.0,0.32237801964949686,0.32237801964949686,0.0
1717,0.0,M2,balanced,0.05244390857683226,0.05244390857683226,0.0,0.32237801964949686,0.32237801964949686,0.0
1717,0.0,M2,low,0.05244390857683227,0.05244390857683227,0.0,0.32237801964949686,0.32237801964949686,0.0
1717,0.0,M2,high,0.05244390857683227,0.05244390857683227,0.0,0.32237801964949686,0.32237801964949686,0.0
1717,0.0,M3,balanced,0.05244390857683226,0.05244390857683226,0.0,0.32237801964949686,0.32237801964949686,0.0
1717,0.0,M3,low,0.05244390857683227,0.05244390857683227,0.0,0.32237801964949686,0.32237801964949686,0.0
1717,0.0,M3,high,0.05244390857683227,0.05244390857683227,0.0,0.32237801964949686,0.32237801964949686,0.0
1717,0.25,M0,balanced,0.050279573899447275,0.050279573899447275,0.0,0.3227641363226219,0.3227641363226219,0.0
1717,0.25,M0,low,0.050279573899447275,0.050279573899447275,0.0,0.3227641363226219,0.3227641363226219,0.0
1717,0.25,M0,high,0.050279573899447275,0.050279573899447275,0.0,0.3227641363226219,0.3227641363226219,0.0
1717,0.25,M1,balanced,0.05244390857683226,0.05244390857683226,0.0,0.32237801964949686,0.32237801964949686,0.0
1717,0.25,M1,low,0.05244390857683227,0.05244390857683227,0.0,0.32237801964949686,0.32237801964949686,0.0
1717,0.25,M1,high,0.05244390857683227,0.05244390857683227,0.0,0.32237801964949686,0.32237801964949686,0.0
1717,0.25,M2,balanced,0.05245437121484378,0.052454378963383924,7.748540142848981e-09,0.3223791793756104,0.32237801964949686,0.0005301074850322489
1717,0.25,M2,low,0.05184504535249749,0.05184505063217154,5.279674052116601e-09,0.32248381425440964,0.32248186278694246,0.0004810799607690694
1717,0.25,M2,high,0.053064743340991226,0.05306474852309394,5.1821027122200825e-09,0.32227466046942255,0.322272628708132,0.00047317082808455803
1717,0.25,M3,balanced,0.0524570820450082,0.0524570913789998,9.33399160046866e-09,0.32237939701233925,0.32237557329627436,0.0005850278344260371
1717,0.25,M3,low,0.05178833180185366,0.051788338166099235,6.364245574985716e-09,0.3224943100019681,0.32249185859592894,0.000528615954756469
1717,0.25,M3,high,0.053127149634980775,0.05312715587494693,6.239966154897303e-09,0.32226462099203024,0.3222621993708825,0.000519246589474305
1717,0.5,M0,balanced,0.050279573899447275,0.050279573899447275,0.0,0.3227641363226219,0.3227641363226219,0.0
1717,0.5,M0,low,0.050279573899447275,0.050279573899447275,0.0,0.3227641363226219,0.3227641363226219,0.0
1717,0.5,M0,high,0.050279573899447275,0.050279573899447275,0.0,0.3227641363226219,0.3227641363226219,0.0
1717,0.5,M1,balanced,0.05244390857683226,0.05244390857683226,0.0,0.32237801964949686,0.32237801964949686,0.0
1717,0.5,M1,low,0.05244390857683227,0.05244390857683227,0.0,0.32237801964949686,0.32237801964949686,0.0
1717,0.5,M1,high,0.05244390857683227,0.05244390857683227,0.0,0.32237801964949686,0.32237801964949686,0.0
1717,0.5,M2,balanced,0.05248576693081704,0.052485797914664685,3.0983847647270135e-08,0.32238283181330707,0.3223708908442334,0.001069913485179969
1717,0.5,M2,low,0.05126772840430009,0.0512677497163105,2.1312010406449033e-08,0.3225923818848414,0.3225841722677346,0.0009704785466560964
1717,0.5,M2,high,0.05370799129273124,0.053708011823541735,2.0530810496133256e-08,0.3221738718355909,0.3221659263237751,0.0009385476971366924
1717,0.5,M3,balanced,0.052496585741362956,0.05249662307974899,3.73383860358123e-08,0.3223834652872166,0.32236833502312773,0.001176613181188128
1717,0.5,M3,low,0.05115953757250775,0.05115956328802801,2.571552026181534e-08,0.3226135133205559,0.32260345025305803,0.0010698319574072729
1717,0.5,M3,high,0.0538389016266535,0.053838926351194444,2.472454094237797e-08,0.32215403967148903,0.3221444643520619,0.0010298645768391124
1717,0.75,M0,balanced,0.050279573899447275,0.050279573899447275,0.0,0.3227641363226219,0.3227641363226219,0.0
1717,0.75,M0,low,0.050279573899447275,0.050279573899447275,0.0,0.3227641363226219,0.3227641363226219,0.0
1717,0.75,M0,high,0.050279573899447275,0.050279573899447275,0.0,0.3227641363226219,0.3227641363226219,0.0
1717,0.75,M1,balanced,0.05244390857683226,0.05244390857683226,0.0,0.32237801964949686,0.32237801964949686,0.0
1717,0.75,M1,low,0.05244390857683227,0.05244390857683227,0.0,0.32237801964949686,0.32237801964949686,0.0
1717,0.75,M1,high,0.05244390857683227,0.05244390857683227,0.0,0.32237801964949686,0.32237801964949686,0.0
1717,0.75,M2,balanced,0.052538119138294224,0.05253818882569555,6.968740132867746e-08,0.32238889233357604,0.322362039982871,0.0016110510077551495
1717,0.75,M2,low,0.050711548534428004,0.050711596924759884,4.83903318804213e-08,0.32270336335821415,0.3226846661269145,0.001468538442891017
1717,0.75,M2,high,0.05437411079828673,0.05437415655348524,4.5755198505026407e-08,0.3220754780384083,0.3220573919152615,0.0013954295293340604
1717,0.75,M3,balanced,0.052562361522783346,0.052562445541716775,8.40189334286312e-08,0.32239029612640446,0.32235782303196425,0.0017725854004160223
1717,0.75,M3,low,0.050556576415230134,0.05055663485107055,5.843584041653749e-08,0.3227356539547042,0.32271288895981853,0.0016154781070702145
1717,0.75,M3,high,0.054579991924929266,0.05458004700577576,5.508084649497036e-08,0.32204619738944407,0.32202492963778584,0.001530969510417441
1717,1.0,M0,balanced,0.050279573899447275,0.050279573899447275,0.0,0.3227641363226219,0.3227641363226219,0.0
1717,1.0,M0,low,0.050279573899447275,0.050279573899447275,0.0,0.3227641363226219,0.3227641363226219,0.0
1717,1.0,M0,high,0.050279573899447275,0.050279573899447275,0.0,0.3227641363226219,0.3227641363226219,0.0
1717,1.0,M1,balanced,0.05244390857683226,0.05244390857683226,0.0,0.32237801964949686,0.32237801964949686,0.0
1717,1.0,M1,low,0.05244390857683227,0.05244390857683227,0.0,0.32237801964949686,0.32237801964949686,0.0
1717,1.0,M1,high,0.05244390857683227,0.05244390857683227,0.0,0.32237801964949686,0.32237801964949686,0.0
1717,1.0,M2,balanced,0.05261146688541926,0.05261159077932391,1.2389390464939698e-07,0.32239733420173583,0.32233785660210074,0.0021801673190000037
1717,1.0,M2,low,0.05017611230846169,0.05017619911633172,8.680787003112478e-08,0.32281697491504724,0.3227833940328358,0.001974649452620547
1717,1.0,M2,high,0.05506357729323555,0.055063657855582954,8.056234740427826e-08,0.32197962494364835,0.32194831762584125,0.001846227518839616
1717,1.0,M3,balanced,0.052654281582614045,0.052654430984074754,1.494014607097971e-07,0.32239996687930406,0.3223420389527892,0.0023762611174432168
1717,1.0,M3,low,0.04997836862903904,0.04997847360859807,1.0497955903188139e-07,0.3228608746945573,0.3228201554504978,0.0021733632166869776
1717,1.0,M3,high,0.05535123183676287,0.05535132883637446,9.699961159292947e-08,0.32194111178044943,0.32190356419924393,0.0020239951378886695
1818,0.0,M0,balanced,0.050460838719362903,0.050460838719362903,0.0,0.32273049214684923,0.32273049214684923,0.0
1818,0.0,M0,low,0.0504608387193629,0.0504608387193629,0.0,0.32273049214684923,0.32273049214684923,0.0
1818,0.0,M0,high,0.0504608387193629,0.0504608387193629,0.0,0.32273049214684923,0.32273049214684923,0.0
1818,0.0,M1,balanced,0.05276452533290626,0.05276452533290626,0.0,0.32232332739164565,0.32232332739164565,0.0
1818,0.0,M1,low,0.052764525332906265,0.052764525332906265,0.0,0.32232332739164565,0.32232332739164565,0.0
1818,0.0,M1,high,0.052764525332906265,0.052764525332906265,0.0,0.32232332739164565,0.32232332739164565,0.0
1818,0.0,M2,balanced,0.05276452533290626,0.05276452533290626,0.0,0.32232332739164565,0.32232332739164565,0.0
1818,0.0,M2,low,0.052764525332906265,0.052764525332906265,0.0,0.32232332739164565,0.32232332739164565,0.0
1818,0.0,M2,high,0.052764525332906265,0.052764525332906265,0.0,0.32232332739164565,0.32232332739164565,0.0
1818,0.0,M3,balanced,0.05276452533290626,0.05276452533290626,0.0,0.32232332739164565,0.32232332739164565,0.0
1818,0.0,M3,low,0.052764525332906265,0.052764525332906265,0.0,0.32232332739164565,0.32232332739164565,0.0
1818,0.0,M3,high,0.052764525332906265,0.052764525332906265,0.0,0.32232332739164565,0.32232332739164565,0.0
1818,0.25,M0,balanced,0.050460838719362903,0.050460838719362903,0.0,0.32273049214684923,0.32273049214684923,0.0
1818,0.25,M0,low,0.0504608387193629,0.0504608387193629,0.0,0.32273049214684923,0.32273049214684923,0.0
1818,0.25,M0,high,0.0504608387193629,0.0504608387193629,0.0,0.32273049214684923,0.32273049214684923,0.0
1818,0.25,M1,balanced,0.05276452533290626,0.05276452533290626,0.0,0.32232332739164565,0.32232332739164565,0.0
1818,0.25,M1,low,0.052764525332906265,0.052764525332906265,0.0,0.32232332739164565,0.32232332739164565,0.0
1818,0.25,M1,high,0.052764525332906265,0.052764525332906265,0.0,0.32232332739164565,0.32232332739164565,0.0
1818,0.25,M2,balanced,0.05277551887348135,0.05277552682242104,7.948939687030254e-09,0.3223245112918317,0.3223215001620158,0.0005378272605771663
1818,0.25,M2,low,0.05215310005850324,0.05215310548163217,5.423128932036114e-09,0.32243033703379154,0.32242819704661285,0.0004859696404077622
1818,0.25,M2,high,0.053399037042507175,0.053399042358197896,5.3156907209306326e-09,0.32221897706048663,0.3222168385278057,0.00047817143470329056
1818,0.25,M3,balanced,0.05277860398374162,0.05277861364504932,9.661307698305421e-09,0.3223246459705831,0.32232093685692276,0.000593506149062676
1818,0.25,M3,low,0.05209247006850949,0.052092476654504324,6.585994832830622e-09,0.3224413128044586,0.3224388175074886,0.000535819399610319
1818,0.25,M3,high,0.0534661457640553,0.0534661522278658,6.463810500734191e-09,0.3222083166317593,0.3222055109469102,0.000527051579672895
1818,0.5,M0,balanced,0.050460838719362903,0.050460838719362903,0.0,0.32273049214684923,0.32273049214684923,0.0
1818,0.5,M0,low,0.0504608387193629,0.0504608387193629,0.0,0.32273049214684923,0.32273049214684923,0.0
1818,0.5,M0,high,0.0504608387193629,0.0504608387193629,0.0,0.32273049214684923,0.32273049214684923,0.0
1818,0.5,M1,balanced,0.05276452533290626,0.05276452533290626,0.0,0.32232332739164565,0.32232332739164565,0.0
1818,0.5,M1,low,0.052764525332906265,0.052764525332906265,0.0,0.32232332739164565,0.32232332739164565,0.0
1818,0.5,M1,high,0.052764525332906265,0.052764525332906265,0.0,0.32232332739164565,0.32232332739164565,0.0
1818,0.5,M2,balanced,0.052808508375171696,0.05280854016337871,3.1788207011107517e-08,0.3223281829270962,0.3223159504937293,0.0010809074265261582
1818,0.5,M2,low,0.05156429965536444,0.051564321522455624,2.186709118640051e-08,0.32253982496554723,0.3225319851728104,0.0009798135828244816
1818,0.5,M2,high,0.05405711539918641,0.0540571364611529,2.1061966490321105e-08,0.32211708356734065,0.32210895623836144,0.0009481141281563132
1818,0.5,M3,balanced,0.052820828525433544,0.052820867175352504,3.8649918959743346e-08,0.3223287964019851,0.32231309354038123,0.0011942374488895825
1818,0.5,M3,low,0.05144898433456106,0.05144901094470764,2.661014657928673e-08,0.3225621411627749,0.3225517587498197,0.0010818131984659707
1818,0.5,M3,high,0.054198303035541,0.05419832862393807,2.5588397074838287e-08,0.322096041045682,0.3220858770891829,0.001044131437993847
1818,0.75,M0,balanced,0.050460838719362903,0.050460838719362903,0.0,0.32273049214684923,0.32273049214684923,0.0
1818,0.75,M0,low,0.0504608387193629,0.0504608387193629,0.0,0.32273049214684923,0.32273049214684923,0.0
1818,0.75,M0,high,0.0504608387193629,0.0504608387193629,0.0,0.32273049214684923,0.32273049214684923,0.0
1818,0.75,M1,balanced,0.05276452533290626,0.05276452533290626,0.0,0.32232332739164565,0.32232332739164565,0.0
1818,0.75,M1,low,0.052764525332906265,0.052764525332906265,0.0,0.32232332739164565,0.32232332739164565,0.0
1818,0.75,M1,high,0.052764525332906265,0.052764525332906265,0.0,0.32232332739164565,0.32232332739164565,0.0
1818,0.75,M2,balanced,0.05286352048763104,0.052863591982323606,7.149469256895191e-08,0.3223342639749109,0.3223067064513352,0.0016280936113370647
1818,0.75,M2,low,0.05099768081566683,0.05099773046722496,4.965155812886035e-08,0.32265192267224047,0.3226326936232236,0.0014837494770490029
1818,0.75,M2,high,0.05473925967506326,0.05473930662318233,4.6948119065970406e-08,0.322017726027582,0.32199934119171103,0.0014089955206345345
1818,0.75,M3,balanced,0.05289115631668996,0.052891243288886405,8.697219644471232e-08,0.3223355577301879,0.3223017000204552,0.0017998597009712136
1818,0.75,M3,low,0.050833013402081705,0.050833073890476116,6.048839441136211e-08,0.322685960841784,0.32266200119738214,0.0016388950660884839
1818,0.75,M3,high,0.05496196232967034,0.054962019350816196,5.702114585365292e-08,0.3219864226701829,0.3219643405293094,0.0015531421323899354
1818,1.0,M0,balanced,0.050460838719362903,0.050460838719362903,0.0,0.32273049214684923,0.32273049214684923,0.0
1818,1.0,M0,low,0.0504608387193629,0.0504608387193629,0.0,0.32273049214684923,0.32273049214684923,0.0
1818,1.0,M0,high,0.0504608387193629,0.0504608387193629,0.0,0.32273049214684923,0.32273049214684923,0.0
1818,1.0,M1,balanced,0.05276452533290626,0.05276452533290626,0.0,0.32232332739164565,0.32232332739164565,0.0
1818,1.0,M1,low,0.052764525332906265,0.052764525332906265,0.0,0.32232332739164565,0.32232332739164565,0.0
1818,1.0,M1,high,0.052764525332906265,0.052764525332906265,0.0,0.32232332739164565,0.32232332739164565,0.0
1818,1.0,M2,balanced,0.05294059966057619,0.05294072669121312,1.270306369330343e-07,0.32234271812554705,0.32229355753111305,0.0021807640597078593
1818,1.0,M2,low,0.05045281811704627,0.0504529071863776,8.906933132712958e-08,0.32276663864344196,0.32273225414061146,0.001994431986481894
1818,1.0,M2,high,0.05544598863686068,0.05544607127254534,8.263568466310156e-08,0.3219208433196502,0.321888809732512,0.0018642806610293184
1818,1.0,M3,balanced,0.052989483876801816,0.05298963854161992,1.5466481810555432e-07,0.32234523918183944,0.32228596277916083,0.002411697651985974
1818,1.0,M3,low,0.05024337701252628,0.05024348568853351,1.0867600723496462e-07,0.32281303550111706,0.3227728139677997,0.002204721850404359
1818,1.0,M3,high,0.055758086595464995,0.055758187018373206,1.0042290821132838e-07,0.32187971635199364,0.3218408268354441,0.002053809908852578
1919,0.0,M0,balanced,0.05031248769339674,0.05031248769339674,0.0,0.322757965207919,0.322757965207919,0.0
1919,0.0,M0,low,0.05031248769339673,0.05031248769339673,0.0,0.322757965207919,0.322757965207919,0.0
1919,0.0,M0,high,0.05031248769339673,0.05031248769339673,0.0,0.322757965207919,0.322757965207919,0.0
1919,0.0,M1,balanced,0.05250493131763792,0.05250493131763792,0.0,0.32236760167319756,0.32236760167319756,0.0
1919,0.0,M1,low,0.052504931317637914,0.052504931317637914,0.0,0.32236760167319756,0.32236760167319756,0.0
1919,0.0,M1,high,0.052504931317637914,0.052504931317637914,0.0,0.32236760167319756,0.32236760167319756,0.0
1919,0.0,M2,balanced,0.05250493131763792,0.05250493131763792,0.0,0.32236760167319756,0.32236760167319756,0.0
1919,0.0,M2,low,0.052504931317637914,0.052504931317637914,0.0,0.32236760167319756,0.32236760167319756,0.0
1919,0.0,M2,high,0.052504931317637914,0.052504931317637914,0.0,0.32236760167319756,0.32236760167319756,0.0
1919,0.0,M3,balanced,0.05250493131763792,0.05250493131763792,0.0,0.32236760167319756,0.32236760167319756,0.0
1919,0.0,M3,low,0.052504931317637914,0.052504931317637914,0.0,0.32236760167319756,0.32236760167319756,0.0
1919,0.0,M3,high,0.052504931317637914,0.052504931317637914,0.0,0.32236760167319756,0.32236760167319756,0.0
1919,0.25,M0,balanced,0.05031248769339674,0.05031248769339674,0.0,0.322757965207919,0.322757965207919,0.0
1919,0.25,M0,low,0.05031248769339673,0.05031248769339673,0.0,0.322757965207919,0.322757965207919,0.0
1919,0.25,M0,high,0.05031248769339673,0.05031248769339673,0.0,0.322757965207919,0.322757965207919,0.0
1919,0.25,M1,balanced,0.05250493131763792,0.05250493131763792,0.0,0.32236760167319756,0.32236760167319756,0.0
1919,0.25,M1,low,0.052504931317637914,0.052504931317637914,0.0,0.32236760167319756,0.32236760167319756,0.0
1919,0.25,M1,high,0.052504931317637914,0.052504931317637914,0.0,0.32236760167319756,0.32236760167319756,0.0
1919,0.25,M2,balanced,0.05251549934038462,0.05251550712756406,7.787179442941827e-09,0.32236878724711915,0.3223657844946721,0.0005338016799099528
1919,0.25,M2,low,0.05190363889479893,0.05190364420113385,5.306334920074374e-09,0.32247371376765693,0.3224715351041168,0.00048244152479781226
1919,0.25,M2,high,0.05312841658822196,0.05312842179665947,5.208437507675523e-09,0.3222640348610563,0.32226208493880826,0.00047428744985887167
1919,0.25,M3,balanced,0.05251829322853842,0.052518302629809,9.401270581466115e-09,0.3223689342975768,0.32236760167319756,0.0005837393510160366
1919,0.25,M3,low,0.0518461058567058,0.05184611226680397,6.4100981675419e-09,0.32248416659881984,0.32248206459737216,0.0005300246017096392
1919,0.25,M3,high,0.05319181679146109,0.05319182307859926,6.287138171190421e-09,0.3222538352587717,0.3222512044480522,0.0005208472155446044
1919,0.5,M0,balanced,0.05031248769339674,0.05031248769339674,0.0,0.322757965207919,0.322757965207919,0.0
1919,0.5,M0,low,0.05031248769339673,0.05031248769339673,0.0,0.322757965207919,0.322757965207919,0.0
1919,0.5,M0,high,0.05031248769339673,0.05031248769339673,0.0,0.322757965207919,0.322757965207919,0.0
1919,0.5,M1,balanced,0.05250493131763792,0.05250493131763792,0.0,0.32236760167319756,0.32236760167319756,0.0
1919,0.5,M1,low,0.052504931317637914,0.052504931317637914,0.0,0.32236760167319756,0.32236760167319756,0.0
1919,0.5,M1,high,0.052504931317637914,0.052504931317637914,0.0,0.32236760167319756,0.32236760167319756,0.0
1919,0.5,M2,balanced,0.052547211410910094,0.05254724255250109,3.1141590993433166e-08,0.3223724208926502,0.32236042455522124,0.0010716859972789657
1919,0.5,M2,low,0.05132410673794163,0.051324128158684965,2.1420743331890257e-08,0.32258235987014083,0.32257399175407575,0.0009729045845084137
1919,0.5,M2,high,0.05377454409320408,0.053774564728824845,2.0635620767706087e-08,0.3221629546800413,0.32215492589526085,0.0009402171993536234
1919,0.5,M3,balanced,0.05255836291717801,0.052558400518831254,3.7601653242458344e-08,0.3223730261602119,0.32235846237929583,0.0011788535668240039
1919,0.5,M3,low,0.05121443599186561,0.051214461882124154,2.589025854121685e-08,0.32260370612143535,0.3225937558787114,0.0010696924194525954
1919,0.5,M3,high,0.05390763300244149,0.05390765789437156,2.4891930072712398e-08,0.32214290653992694,0.32213304004632215,0.001031592101154721
1919,0.75,M0,balanced,0.05031248769339674,0.05031248769339674,0.0,0.322757965207919,0.322757965207919,0.0
1919,0.75,M0,low,0.05031248769339673,0.05031248769339673,0.0,0.322757965207919,0.322757965207919,0.0
1919,0.75,M0,high,0.05031248769339673,0.05031248769339673,0.0,0.322757965207919,0.322757965207919,0.0
1919,0.75,M1,balanced,0.05250493131763792,0.05250493131763792,0.0,0.32236760167319756,0.32236760167319756,0.0
1919,0.75,M1,low,0.052504931317637914,0.052504931317637914,0.0,0.32236760167319756,0.32236760167319756,0.0
1919,0.75,M1,high,0.052504931317637914,0.052504931317637914,0.0,0.32236760167319756,0.32236760167319756,0.0
1919,0.75,M2,balanced,0.05260009154420145,0.05260016158855906,7.004435761265304e-08,0.32237844492955586,0.3223527587958779,0.0016117228790220699
1919,0.75,M2,low,0.05076591874066151,0.050765967379087056,4.86384255440897e-08,0.3226935605440001,0.3226746581431881,0.00147117229850414
1919,0.75,M2,high,0.05444378037039769,0.05444382635949449,4.59890968015908e-08,0.32206439635706996,0.32204661203615026,0.0013992624862724803
1919,0.75,M3,balanced,0.05262508415875966,0.052625168772704956,8.461394529479804e-08,0.3223798627463269,0.3223472260415114,0.0017778538535654664
1919,0.75,M3,low,0.050608950601960086,0.050609009449432016,5.884747193013462e-08,0.3227262214989293,0.3227032317810484,0.001620048400378838
1919,0.75,M3,high,0.054653232999667144,0.054653288471190165,5.547152302082248e-08,0.32203461126754185,0.3220132457151655,0.0015355345226474425
1919,1.0,M0,balanced,0.05031248769339674,0.05031248769339674,0.0,0.322757965207919,0.322757965207919,0.0
1919,1.0,M0,low,0.05031248769339673,0.05031248769339673,0.0,0.322757965207919,0.322757965207919,0.0
1919,1.0,M0,high,0.05031248769339673,0.05031248769339673,0.0,0.322757965207919,0.322757965207919,0.0
1919,1.0,M1,balanced,0.05250493131763792,0.05250493131763792,0.0,0.32236760167319756,0.32236760167319756,0.0
1919,1.0,M1,low,0.052504931317637914,0.052504931317637914,0.0,0.32236760167319756,0.32236760167319756,0.0
1919,1.0,M1,high,0.052504931317637914,0.052504931317637914,0.0,0.32236760167319756,0.32236760167319756,0.0
1919,1.0,M2,balanced,0.05267417979190267,0.052674304243751406,1.2445184873616233e-07,0.32238691173238976,0.32233866504936626,0.0021625830739846518
1919,1.0,M2,low,0.050228674958998396,0.050228762208799155,8.724980075924815e-08,0.3228073804677417,0.3227734595091006,0.001979077240549387
1919,1.0,M2,high,0.05513660947223044,0.05513669043934208,8.096711164029546e-08,0.3219683760430198,0.3219370217023722,0.0018497475916555229
1919,1.0,M3,balanced,0.052718332057797704,0.052718482518093565,1.5046029586129883e-07,0.3223895015034238,0.3223311357107408,0.0023834845919398526
1919,1.0,M3,low,0.05002854872939795,0.05002865444970972,1.057203117688088e-07,0.3228518558536896,0.3228091309516662,0.0021796859394941324
1919,1.0,M3,high,0.055429455460207375,0.05542955315273944,9.769253206393103e-08,0.32192926691701484,0.3218912420514193,0.00203001769859571
2020,0.0,M0,balanced,0.05032816807071967,0.05032816807071967,0.0,0.32275514808738315,0.32275514808738315,0.0
2020,0.0,M0,low,0.05032816807071967,0.05032816807071967,0.0,0.32275514808738315,0.32275514808738315,0.0
2020,0.0,M0,high,0.05032816807071967,0.05032816807071967,0.0,0.32275514808738315,0.32275514808738315,0.0
2020,0.0,M1,balanced,0.05255416291781022,0.05255416291781022,0.0,0.32235918616059067,0.32235918616059067,0.0
2020,0.0,M1,low,0.05255416291781022,0.05255416291781022,0.0,0.32235918616059067,0.32235918616059067,0.0
2020,0.0,M1,high,0.05255416291781022,0.05255416291781022,0.0,0.32235918616059067,0.32235918616059067,0.0
2020,0.0,M2,balanced,0.05255416291781022,0.05255416291781022,0.0,0.32235918616059067,0.32235918616059067,0.0
2020,0.0,M2,low,0.05255416291781022,0.05255416291781022,0.0,0.32235918616059067,0.32235918616059067,0.0
2020,0.0,M2,high,0.05255416291781022,0.05255416291781022,0.0,0.32235918616059067,0.32235918616059067,0.0
2020,0.0,M3,balanced,0.05255416291781022,0.05255416291781022,0.0,0.32235918616059067,0.32235918616059067,0.0
2020,0.0,M3,low,0.05255416291781022,0.05255416291781022,0.0,0.32235918616059067,0.32235918616059067,0.0
2020,0.0,M3,high,0.05255416291781022,0.05255416291781022,0.0,0.32235918616059067,0.32235918616059067,0.0
2020,0.25,M0,balanced,0.05032816807071967,0.05032816807071967,0.0,0.32275514808738315,0.32275514808738315,0.0
2020,0.25,M0,low,0.05032816807071967,0.05032816807071967,0.0,0.32275514808738315,0.32275514808738315,0.0
2020,0.25,M0,high,0.05032816807071967,0.05032816807071967,0.0,0.32275514808738315,0.32275514808738315,0.0
2020,0.25,M1,balanced,0.05255416291781022,0.05255416291781022,0.0,0.32235918616059067,0.32235918616059067,0.0
2020,0.25,M1,low,0.05255416291781022,0.05255416291781022,0.0,0.32235918616059067,0.32235918616059067,0.0
2020,0.25,M1,high,0.05255416291781022,0.05255416291781022,0.0,0.32235918616059067,0.32235918616059067,0.0
2020,0.25,M2,balanced,0.052564875539352,0.05256488337072192,7.831369920607845e-09,0.32236037465984957,0.3223573444918633,0.000535040411254443
2020,0.25,M2,low,0.051950486673717315,0.051950492012623,5.338905685603468e-09,0.3224655221704397,0.3224634821168876,0.0004847470695804351
2020,0.25,M2,high,0.05318033566714086,0.053180340906363435,5.239222576614022e-09,0.32225534599918526,0.3222533329877667,0.0004762076727330367
2020,0.25,M3,balanced,0.05256791794418037,0.05256792743381503,9.489634661408175e-09,0.32236049880353085,0.3223568402446726,0.0005904627498769948
2020,0.25,M3,low,0.05189167473772266,0.05189168120849952,6.4707768587801695e-09,0.32247622235292783,0.3224737204651883,0.0005319868188143915
2020,0.25,M3,high,0.053245536653264064,0.05324554299785034,6.344586273021591e-09,0.3222448627743363,0.32224211146052667,0.0005228921335276602
2020,0.5,M0,balanced,0.05032816807071967,0.05032816807071967,0.0,0.32275514808738315,0.32275514808738315,0.0
2020,0.5,M0,low,0.05032816807071967,0.05032816807071967,0.0,0.32275514808738315,0.32275514808738315,0.0
2020,0.5,M0,high,0.05032816807071967,0.05032816807071967,0.0,0.32275514808738315,0.32275514808738315,0.0
2020,0.5,M1,balanced,0.05255416291781022,0.05255416291781022,0.0,0.32235918616059067,0.32235918616059067,0.0
2020,0.5,M1,low,0.05255416291781022,0.05255416291781022,0.0,0.32235918616059067,0.32235918616059067,0.0
2020,0.5,M1,high,0.05255416291781022,0.05255416291781022,0.0,0.32235918616059067,0.32235918616059067,0.0
2020,0.5,M2,balanced,0.052597021982167425,0.05259705330124166,3.1319074236813016e-08,0.3223639694710876,0.32235033495293347,0.0010765518650944633
2020,0.5,M2,low,0.05136885951845855,0.05136888106005269,2.1541594140417342e-08,0.3225743964830883,0.32256594683268447,0.0009753174822550309
2020,0.5,M2,high,0.05382947035231203,0.05382949111062066,2.075830862757755e-08,0.32215402079013655,0.3221464479954172,0.0009435647572577519
2020,0.5,M3,balanced,0.052609172252492814,0.05260921021411699,3.796162417746274e-08,0.32236447884346636,0.3223496927366549,0.0011845078438839905
2020,0.5,M3,low,0.05125709399054626,0.051257120121467215,2.61309209548255e-08,0.3225961597585505,0.3225862967833025,0.00107385385894863
2020,0.5,M3,high,0.05396675144790489,0.053966776585448996,2.5137544108766452e-08,0.3221332910788844,0.3221236348369595,0.0010372481173954382
2020,0.75,M0,balanced,0.05032816807071967,0.05032816807071967,0.0,0.32275514808738315,0.32275514808738315,0.0
2020,0.75,M0,low,0.05032816807071967,0.05032816807071967,0.0,0.32275514808738315,0.32275514808738315,0.0
2020,0.75,M0,high,0.05032816807071967,0.05032816807071967,0.0,0.32275514808738315,0.32275514808738315,0.0
2020,0.75,M1,balanced,0.05255416291781022,0.05255416291781022,0.0,0.32235918616059067,0.32235918616059067,0.0
2020,0.75,M1,low,0.05255416291781022,0.05255416291781022,0.0,0.32235918616059067,0.32235918616059067,0.0
2020,0.75,M1,high,0.05255416291781022,0.05255416291781022,0.0,0.32235918616059067,0.32235918616059067,0.0
2020,0.75,M2,balanced,0.052650627989646114,0.052650698429210434,7.043956432029042e-08,0.3223700370028646,0.32234270849254043,0.001618637665996588
2020,0.75,M2,low,0.05080885168783481,0.05080890059820009,4.891036527870929e-08,0.32268591764809207,0.3226668960847482,0.0014750088129039743
2020,0.75,M2,high,0.05450205079863725,0.054502097048836295,4.625019904558325e-08,0.3220552338937898,0.3220372956337312,0.0014025757269372013
2020,0.75,M3,balanced,0.05267788538201315,0.05267797081073141,8.542871825917286e-08,0.32237111542397306,0.3223380812114565,0.0017875508686235966
2020,0.75,M3,low,0.0506493862758102,0.05064944566740785,5.939159765377955e-08,0.32271897200008715,0.32269601951201937,0.001626025636134115
2020,0.75,M3,high,0.05471875673463332,0.05471881276329811,5.6028664791041294e-08,0.32202442535024545,0.3220029944163397,0.0015424857099661012
2020,1.0,M0,balanced,0.05032816807071967,0.05032816807071967,0.0,0.32275514808738315,0.32275514808738315,0.0
2020,1.0,M0,low,0.05032816807071967,0.05032816807071967,0.0,0.32275514808738315,0.32275514808738315,0.0
2020,1.0,M0,high,0.05032816807071967,0.05032816807071967,0.0,0.32275514808738315,0.32275514808738315,0.0
2020,1.0,M1,balanced,0.05255416291781022,0.05255416291781022,0.0,0.32235918616059067,0.32235918616059067,0.0
2020,1.0,M1,low,0.05255416291781022,0.05255416291781022,0.0,0.32235918616059067,0.32235918616059067,0.0
2020,1.0,M1,high,0.05255416291781022,0.05255416291781022,0.0,0.32235918616059067,0.32235918616059067,0.0
2020,1.0,M2,balanced,0.05272573649705116,0.05272586165661814,1.2515956698128106e-07,0.32237841598560046,0.3223295671712488,0.002168640740604385
2020,1.0,M2,low,0.050270050726112986,0.050270138466503765,8.774039077924511e-08,0.3227999101583334,0.3227657025496889,0.0019829610033115378
2020,1.0,M2,high,0.05519857962590924,0.055198661061729715,8.143582047592801e-08,0.32195886702546617,0.32192723626828434,0.001854358717161836
2020,1.0,M3,balanced,0.052773958503403856,0.05277411042771992,1.5192431606497747e-07,0.32238055132849475,0.3223217220655472,0.0023950999897651057
2020,1.0,M3,low,0.050067396949969464,0.05006750364303643,1.0669306696464709e-07,0.3228449421874311,0.3228036224399569,0.0021886736438424866
2020,1.0,M3,high,0.05550249961539813,0.05550259830837991,9.869298178005748e-08,0.32191831103778573,0.32188077921819636,0.002040608313968237
2121,0.0,M0,balanced,0.0502744429623571,0.0502744429623571,0.0,0.3227650256946916,0.3227650256946916,0.0
2121,0.0,M0,low,0.050274442962357106,0.050274442962357106,0.0,0.3227650256946916,0.3227650256946916,0.0
2121,0.0,M0,high,0.050274442962357106,0.050274442962357106,0.0,0.3227650256946916,0.3227650256946916,0.0
2121,0.0,M1,balanced,0.05244252632410142,0.05244252632410142,0.0,0.32237831136516343,0.32237831136516343,0.0
2121,0.0,M1,low,0.05244252632410143,0.05244252632410143,0.0,0.32237831136516343,0.32237831136516343,0.0
2121,0.0,M1,high,0.05244252632410143,0.05244252632410143,0.0,0.32237831136516343,0.32237831136516343,0.0
2121,0.0,M2,balanced,0.05244252632410142,0.05244252632410142,0.0,0.32237831136516343,0.32237831136516343,0.0
2121,0.0,M2,low,0.05244252632410143,0.05244252632410143,0.0,0.32237831136516343,0.32237831136516343,0.0
2121,0.0,M2,high,0.05244252632410143,0.05244252632410143,0.0,0.32237831136516343,0.32237831136516343,0.0
2121,0.0,M3,balanced,0.05244252632410142,0.05244252632410142,0.0,0.32237831136516343,0.32237831136516343,0.0
2121,0.0,M3,low,0.05244252632410143,0.05244252632410143,0.0,0.32237831136516343,0.32237831136516343,0.0
2121,0.0,M3,high,0.05244252632410143,0.05244252632410143,0.0,0.32237831136516343,0.32237831136516343,0.0
2121,0.25,M0,balanced,0.0502744429623571,0.0502744429623571,0.0,0.3227650256946916,0.3227650256946916,0.0
2121,0.25,M0,low,0.050274442962357106,0.050274442962357106,0.0,0.3227650256946916,0.3227650256946916,0.0
2121,0.25,M0,high,0.050274442962357106,0.050274442962357106,0.0,0.3227650256946916,0.3227650256946916,0.0
2121,0.25,M1,balanced,0.05244252632410142,0.05244252632410142,0.0,0.32237831136516343,0.32237831136516343,0.0
2121,0.25,M1,low,0.05244252632410143,0.05244252632410143,0.0,0.32237831136516343,0.32237831136516343,0.0
2121,0.25,M1,high,0.05244252632410143,0.05244252632410143,0.0,0.32237831136516343,0.32237831136516343,0.0
2121,0.25,M2,balanced,0.052452991581134624,0.05245299933048191,7.749347288865671e-09,0.32237947953439744,0.32237831136516343,0.0005305073405835689
2121,0.25,M2,low,0.05184365802509749,0.051843663306249274,5.2811517867179525e-09,0.3224841951844115,0.32248200698379526,0.0004815376645397513
2121,0.25,M2,high,0.05306337166287355,0.05306337684543408,5.1825605265620744e-09,0.3222749285884939,0.32227311624340627,0.0004736598150975109
2121,0.25,M3,balanced,0.052455710679841096,0.05245572001794139,9.338100293021512e-09,0.3223796479370062,0.322376315812913,0.0005846724147935908
2121,0.25,M3,low,0.051786838473501906,0.05178684484188669,6.368384784793957e-09,0.3224945289040361,0.32249199530549677,0.0005281960793554121
2121,0.25,M3,high,0.0531259013217502,0.053125907568816966,6.2470667666625346e-09,0.32226485261554144,0.3222626769180155,0.0005199782597096153
2121,0.5,M0,balanced,0.0502744429623571,0.0502744429623571,0.0,0.3227650256946916,0.3227650256946916,0.0
2121,0.5,M0,low,0.050274442962357106,0.050274442962357106,0.0,0.3227650256946916,0.3227650256946916,0.0
2121,0.5,M0,high,0.050274442962357106,0.050274442962357106,0.0,0.3227650256946916,0.3227650256946916,0.0
2121,0.5,M1,balanced,0.05244252632410142,0.05244252632410142,0.0,0.32237831136516343,0.32237831136516343,0.0
2121,0.5,M1,low,0.05244252632410143,0.05244252632410143,0.0,0.32237831136516343,0.32237831136516343,0.0
2121,0.5,M1,high,0.05244252632410143,0.05244252632410143,0.0,0.32237831136516343,0.32237831136516343,0.0
2121,0.5,M2,balanced,0.05248439515893542,0.052484426145790825,3.09868554079773e-08,0.32238308915609093,0.3223709699164306,0.00106968851795348
2121,0.5,M2,low,0.05126634134802118,0.05126636266151202,2.1313490840280114e-08,0.322592611870896,0.3225844462779125,0.0009706938130638054
2121,0.5,M2,high,0.05370663585333319,0.05370665638662102,2.0533287826973723e-08,0.322174051992247,0.3221661104618211,0.0009386821765779824
2121,0.5,M3,balanced,0.0524952469567892,0.05249528431609482,3.7359305621320615e-08,0.3223836824573747,0.3223707386100239,0.001177661852757537
2121,0.5,M3,low,0.05115795685424607,0.051157982573260166,2.5719014098979365e-08,0.3226137109989056,0.3226038689111995,0.0010669776085711926
2121,0.5,M3,high,0.053837809122600354,0.05383783385069049,2.4728090138037562e-08,0.3221542015615744,0.32214450488880764,0.0010295398491106918
2121,0.75,M0,balanced,0.0502744429623571,0.0502744429623571,0.0,0.3227650256946916,0.3227650256946916,0.0
2121,0.75,M0,low,0.050274442962357106,0.050274442962357106,0.0,0.3227650256946916,0.3227650256946916,0.0
2121,0.75,M0,high,0.050274442962357106,0.050274442962357106,0.0,0.3227650256946916,0.3227650256946916,0.0
2121,0.75,M1,balanced,0.05244252632410142,0.05244252632410142,0.0,0.32237831136516343,0.32237831136516343,0.0
2121,0.75,M1,low,0.05244252632410143,0.05244252632410143,0.0,0.32237831136516343,0.32237831136516343,0.0
2121,0.75,M1,high,0.05244252632410143,0.05244252632410143,0.0,0.32237831136516343,0.32237831136516343,0.0
2121,0.75,M2,balanced,0.0525367604855517,0.052536830179572745,6.969402104733957e-08,0.322389135227059,0.3223622148151948,0.0016112283837803145
2121,0.75,M2,low,0.0507101669480597,0.05071021534219153,4.83941318268899e-08,0.3227036214459647,0.32268472166993,0.001468929825509986
2121,0.75,M2,high,0.05437277743918628,0.054372823203003934,4.5763817652089145e-08,0.32207570531177604,0.322057929560238,0.0013965021322394889
2121,0.75,M3,balanced,0.05256107677310116,0.05256116082823424,8.405513308301638e-08,0.32239050094487787,0.32235762754970787,0.0017737425108001342
2121,0.75,M3,low,0.0505549326228433,0.05055499108306902,5.846022571587284e-08,0.32273591831583615,0.322713371291955,0.001615380643398274
2121,0.75,M3,high,0.0545790759682568,0.0545791310754277,5.5107170902901625e-08,0.322046325479837,0.3220247976063543,0.0015311414402205345
2121,1.0,M0,balanced,0.0502744429623571,0.0502744429623571,0.0,0.3227650256946916,0.3227650256946916,0.0
2121,1.0,M0,low,0.050274442962357106,0.050274442962357106,0.0,0.3227650256946916,0.3227650256946916,0.0
2121,1.0,M0,high,0.050274442962357106,0.050274442962357106,0.0,0.3227650256946916,0.3227650256946916,0.0
2121,1.0,M1,balanced,0.05244252632410142,0.05244252632410142,0.0,0.32237831136516343,0.32237831136516343,0.0
2121,1.0,M1,low,0.05244252632410143,0.05244252632410143,0.0,0.32237831136516343,0.32237831136516343,0.0
2121,1.0,M1,high,0.05244252632410143,0.05244252632410143,0.0,0.32237831136516343,0.32237831136516343,0.0
2121,1.0,M2,balanced,0.05261012663390876,0.0526102504684095,1.2383450074399116e-07,0.32239749533434403,0.3223496554946741,0.0021581992578033594
2121,1.0,M2,low,0.05017474124840563,0.050174828067055685,8.68186500538326e-08,0.3228172082279415,0.3227834032962492,0.001975634542463703
2121,1.0,M2,high,0.05506227205038706,0.05506235261938691,8.056899985370292e-08,0.3219798905849644,0.3219486399559672,0.0018460468662460376
2121,1.0,M3,balanced,0.05265307195013471,0.05265322141514646,1.49465011749228e-07,0.322400206378083,0.32234221162978416,0.002377042014330809
2121,1.0,M3,low,0.049976686516360565,0.04997679153852748,1.0502216691438138e-07,0.3228612836848962,0.32282054395081533,0.002173786964654007
2121,1.0,M3,high,0.05535051194650799,0.05535060899019929,9.70436913050321e-08,0.3219412549015991,0.3219035823505965,0.00202496948741029
2222,0.0,M0,balanced,0.05033768557829841,0.05033768557829841,0.0,0.3227533454668293,0.3227533454668293,0.0
2222,0.0,M0,low,0.050337685578298416,0.050337685578298416,0.0,0.3227533454668293,0.3227533454668293,0.0
2222,0.0,M0,high,0.050337685578298416,0.050337685578298416,0.0,0.3227533454668293,0.3227533454668293,0.0
2222,0.0,M1,balanced,0.05255138853117279,0.05255138853117279,0.0,0.32235963065039475,0.32235963065039475,0.0
2222,0.0,M1,low,0.0525513885311728,0.0525513885311728,0.0,0.32235963065039475,0.32235963065039475,0.0
2222,0.0,M1,high,0.0525513885311728,0.0525513885311728,0.0,0.32235963065039475,0.32235963065039475,0.0
2222,0.0,M2,balanced,0.05255138853117279,0.05255138853117279,0.0,0.32235963065039475,0.32235963065039475,0.0
2222,0.0,M2,low,0.0525513885311728,0.0525513885311728,0.0,0.32235963065039475,0.32235963065039475,0.0
2222,0.0,M2,high,0.0525513885311728,0.0525513885311728,0.0,0.32235963065039475,0.32235963065039475,0.0
2222,0.0,M3,balanced,0.05255138853117279,0.05255138853117279,0.0,0.32235963065039475,0.32235963065039475,0.0
2222,0.0,M3,low,0.0525513885311728,0.0525513885311728,0.0,0.32235963065039475,0.32235963065039475,0.0
2222,0.0,M3,high,0.0525513885311728,0.0525513885311728,0.0,0.32235963065039475,0.32235963065039475,0.0
2222,0.25,M0,balanced,0.05033768557829841,0.05033768557829841,0.0,0.3227533454668293,0.3227533454668293,0.0
2222,0.25,M0,low,0.050337685578298416,0.050337685578298416,0.0,0.3227533454668293,0.3227533454668293,0.0
2222,0.25,M0,high,0.050337685578298416,0.050337685578298416,0.0,0.3227533454668293,0.3227533454668293,0.0
2222,0.25,M1,balanced,0.05255138853117279,0.05255138853117279,0.0,0.32235963065039475,0.32235963065039475,0.0
2222,0.25,M1,low,0.0525513885311728,0.0525513885311728,0.0,0.32235963065039475,0.32235963065039475,0.0
2222,0.25,M1,high,0.0525513885311728,0.0525513885311728,0.0,0.32235963065039475,0.32235963065039475,0.0
2222,0.25,M2,balanced,0.05256202512165476,0.05256203293681058,7.815155821100372e-09,0.32236084028803347,0.32235781750831327,0.000534262020141868
2222,0.25,M2,low,0.05194831548261407,0.0519483208079718,5.325357731178482e-09,0.32246587321090664,0.32246381785173794,0.00048267421820238974
2222,0.25,M2,high,0.05317679841973168,0.05317680364672677,5.2269950936989495e-09,0.3222559383973622,0.3222538678358812,0.0004744688956005272
2222,0.25,M3,balanced,0.052564843815880155,0.052564853260871985,9.444991830309668e-09,0.3223609783267851,0.32235717476838976,0.0005885806790338239
2222,0.25,M3,low,0.051890241096933326,0.051890247536720766,6.4397874394162e-09,0.32247644518681384,0.3224740397860445,0.0005325296534898456
2222,0.25,M3,high,0.05324079206329922,0.053240798378800094,6.315500872267066e-09,0.3222456471818678,0.32224329810745445,0.0005220898650128817
2222,0.5,M0,balanced,0.05033768557829841,0.05033768557829841,0.0,0.3227533454668293,0.3227533454668293,0.0
2222,0.5,M0,low,0.050337685578298416,0.050337685578298416,0.0,0.3227533454668293,0.3227533454668293,0.0
2222,0.5,M0,high,0.050337685578298416,0.050337685578298416,0.0,0.3227533454668293,0.3227533454668293,0.0
2222,0.5,M1,balanced,0.05255138853117279,0.05255138853117279,0.0,0.32235963065039475,0.32235963065039475,0.0
2222,0.5,M1,low,0.0525513885311728,0.0525513885311728,0.0,0.32235963065039475,0.32235963065039475,0.0
2222,0.5,M1,high,0.0525513885311728,0.0525513885311728,0.0,0.32235963065039475,0.32235963065039475,0.0
2222,0.5,M2,balanced,0.052593942953942256,0.052593974207307756,3.125336549975044e-08,0.3223644688855591,0.32235240171388563,0.001073289904822605
2222,0.5,M2,low,0.051367143106791,0.05136716460732051,2.1500529516493838e-08,0.32257469013213674,0.3225661538668074,0.0009740545184745788
2222,0.5,M2,high,0.05382499824337178,0.053825018953330486,2.0709958706288667e-08,0.32215474056635407,0.3221467381142142,0.0009415572344022836
2222,0.5,M3,balanced,0.052605192981993176,0.05260523076130187,3.77793086953071e-08,0.32236512483846314,0.32235094198071257,0.0011813514499906424
2222,0.5,M3,low,0.05125644143553608,0.05125646744850676,2.601297068027808e-08,0.32259618339547175,0.32258620253561837,0.0010720937598035492
2222,0.5,M3,high,0.0539593249735322,0.05395934998311534,2.5009583140556124e-08,0.32213451639228635,0.3221248817512342,0.0010339078315933332
2222,0.75,M0,balanced,0.05033768557829841,0.05033768557829841,0.0,0.3227533454668293,0.3227533454668293,0.0
2222,0.75,M0,low,0.050337685578298416,0.050337685578298416,0.0,0.3227533454668293,0.3227533454668293,0.0
2222,0.75,M0,high,0.050337685578298416,0.050337685578298416,0.0,0.3227533454668293,0.3227533454668293,0.0
2222,0.75,M1,balanced,0.05255138853117279,0.05255138853117279,0.0,0.32235963065039475,0.32235963065039475,0.0
2222,0.75,M1,low,0.0525513885311728,0.0525513885311728,0.0,0.32235963065039475,0.32235963065039475,0.0
2222,0.75,M1,high,0.0525513885311728,0.0525513885311728,0.0,0.32235963065039475,0.32235963065039475,0.0
2222,0.75,M2,balanced,0.052647166218731604,0.0526472365119065,7.029317489887221e-08,0.3223705099191161,0.3223435643880331,0.0016161478242037162
2222,0.75,M2,low,0.05080745182991879,0.050807500648095846,4.881817705637559e-08,0.3226860641217698,0.3226672153283551,0.0014724687423949782
2222,0.75,M2,high,0.05449645837630179,0.05449650452875571,4.6152453914150016e-08,0.3220560447117851,0.3220383965140693,0.0014011278105165001
2222,0.75,M3,balanced,0.05267237781294339,0.052672462825442766,8.501249937342692e-08,0.32237194361018157,0.3223390226398345,0.001781910096993242
2222,0.75,M3,low,0.05064901297121409,0.05064907209948202,5.9128267934638323e-08,0.32271904077071845,0.32269631944590554,0.001622851538898898
2222,0.75,M3,high,0.05470784158283916,0.054707897332644,5.574980484202019e-08,0.3220261828557333,0.3220050750617057,0.0015381075376310876
2222,1.0,M0,balanced,0.05033768557829841,0.05033768557829841,0.0,0.3227533454668293,0.3227533454668293,0.0
2222,1.0,M0,low,0.050337685578298416,0.050337685578298416,0.0,0.3227533454668293,0.3227533454668293,0.0
2222,1.0,M0,high,0.050337685578298416,0.050337685578298416,0.0,0.3227533454668293,0.3227533454668293,0.0
2222,1.0,M1,balanced,0.05255138853117279,0.05255138853117279,0.0,0.32235963065039475,0.32235963065039475,0.0
2222,1.0,M1,low,0.0525513885311728,0.0525513885311728,0.0,0.32235963065039475,0.32235963065039475,0.0
2222,1.0,M1,high,0.0525513885311728,0.0525513885311728,0.0,0.32235963065039475,0.32235963065039475,0.0
2222,1.0,M2,balanced,0.052721735261261476,0.052721860158214194,1.2489695271761247e-07,0.32237899503051126,0.3223305781698715,0.0021658207975443363
2222,1.0,M2,low,0.05026883835458154,0.05026892592000545,8.756542391186173e-08,0.3228000480539277,0.3227660966071584,0.0019822241800851585
2222,1.0,M2,high,0.055191666840942566,0.05519174809456532,8.125362275374082e-08,0.3219598410925202,0.32192832959435985,0.0018525327765499758
2222,1.0,M3,balanced,0.052766269861963866,0.052766421027953675,1.5116598980902118e-07,0.3223816443672191,0.32232314678380886,0.0023890101346308403
2222,1.0,M3,low,0.05006684732598448,0.05006695355248339,1.0622649890962288e-07,0.32284498669162204,0.32280318189138935,0.002185111831023113
2222,1.0,M3,high,0.055487180531014785,0.05548727867400006,9.814298527338616e-08,0.3219205317914575,0.3218829797171361,0.0020346105870411003
2323,0.0,M0,balanced,0.05025613244993764,0.05025613244993764,0.0,0.3227683690727668,0.3227683690727668,0.0
2323,0.0,M0,low,0.050256132449937645,0.050256132449937645,0.0,0.3227683690727668,0.3227683690727668,0.0
2323,0.0,M0,high,0.050256132449937645,0.050256132449937645,0.0,0.3227683690727668,0.3227683690727668,0.0
2323,0.0,M1,balanced,0.052403457931503486,0.052403457931503486,0.0,0.3223850087300968,0.3223850087300968,0.0
2323,0.0,M1,low,0.052403457931503486,0.052403457931503486,0.0,0.3223850087300968,0.3223850087300968,0.0
2323,0.0,M1,high,0.052403457931503486,0.052403457931503486,0.0,0.3223850087300968,0.3223850087300968,0.0
2323,0.0,M2,balanced,0.052403457931503486,0.052403457931503486,0.0,0.3223850087300968,0.3223850087300968,0.0
2323,0.0,M2,low,0.052403457931503486,0.052403457931503486,0.0,0.3223850087300968,0.3223850087300968,0.0
2323,0.0,M2,high,0.052403457931503486,0.052403457931503486,0.0,0.3223850087300968,0.3223850087300968,0.0
2323,0.0,M3,balanced,0.052403457931503486,0.052403457931503486,0.0,0.3223850087300968,0.3223850087300968,0.0
2323,0.0,M3,low,0.052403457931503486,0.052403457931503486,0.0,0.3223850087300968,0.3223850087300968,0.0
2323,0.0,M3,high,0.052403457931503486,0.052403457931503486,0.0,0.3223850087300968,0.3223850087300968,0.0
2323,0.25,M0,balanced,0.05025613244993764,0.05025613244993764,0.0,0.3227683690727668,0.3227683690727668,0.0
2323,0.25,M0,low,0.050256132449937645,0.050256132449937645,0.0,0.3227683690727668,0.3227683690727668,0.0
2323,0.25,M0,high,0.050256132449937645,0.050256132449937645,0.0,0.3227683690727668,0.3227683690727668,0.0
2323,0.25,M1,balanced,0.052403457931503486,0.052403457931503486,0.0,0.3223850087300968,0.3223850087300968,0.0
2323,0.25,M1,low,0.052403457931503486,0.052403457931503486,0.0,0.3223850087300968,0.3223850087300968,0.0
2323,0.25,M1,high,0.052403457931503486,0.052403457931503486,0.0,0.3223850087300968,0.3223850087300968,0.0
2323,0.25,M2,balanced,0.05241387165874189,0.05241387938415923,7.725417340564977e-09,0.32238619882786934,0.32238320558098066,0.0005319763409003657
2323,0.25,M2,low,0.051806072828037134,0.051806078093333756,5.265296622314342e-09,0.3224907717264114,0.32248874847678116,0.00048197883151867085
2323,0.25,M2,high,0.05302271186216684,0.053022717029040455,5.1668736164578455e-09,0.322281734375641,0.32228027318398345,0.0004731896994588227
2323,0.25,M3,balanced,0.05241659391138777,0.052416603212504,9.301116231374973e-09,0.32238635005334765,0.3223827522860313,0.0005842262769914333
2323,0.25,M3,low,0.05174973578216789,0.05174974212453793,6.34237003888094e-09,0.32250104334762364,0.32249852260991363,0.0005274957694046019
2323,0.25,M3,high,0.05308476563858695,0.053084771862138315,6.223551361761448e-09,0.32227170106845215,0.3222693548538309,0.0005190597608860752
2323,0.5,M0,balanced,0.05025613244993764,0.05025613244993764,0.0,0.3227683690727668,0.3227683690727668,0.0
2323,0.5,M0,low,0.050256132449937645,0.050256132449937645,0.0,0.3227683690727668,0.3227683690727668,0.0
2323,0.5,M0,high,0.050256132449937645,0.050256132449937645,0.0,0.3227683690727668,0.3227683690727668,0.0
2323,0.5,M1,balanced,0.052403457931503486,0.052403457931503486,0.0,0.3223850087300968,0.3223850087300968,0.0
2323,0.5,M1,low,0.052403457931503486,0.052403457931503486,0.0,0.3223850087300968,0.3223850087300968,0.0
2323,0.5,M1,high,0.052403457931503486,0.052403457931503486,0.0,0.3223850087300968,0.3223850087300968,0.0
2323,0.5,M2,balanced,0.052445120696751446,0.05244515159151891,3.08947674665383e-08,0.3223897964908826,0.3223778995870472,0.0010680398979928626
2323,0.5,M2,low,0.05123013262224582,0.05123015387670403,2.1254458207331517e-08,0.32259904492751956,0.322590852694352,0.0009688893667185991
2323,0.5,M2,high,0.053664275047776475,0.05366429551908788,2.0471311402980863e-08,0.3221810108419563,0.3221728852531627,0.0009373947576474664
2323,0.5,M3,balanced,0.05245598709387264,0.05245602430116919,3.72072965493242e-08,0.3223903445368301,0.3223748963469799,0.0011751183531850337
2323,0.5,M3,low,0.051122709233373115,0.051122734853683155,2.5620310040164185e-08,0.32262007914715585,0.3226102013851089,0.0010643440409005178
2323,0.5,M3,high,0.053794517870583564,0.05379454250470978,2.4634126218059382e-08,0.3221612783547191,0.32215168120950355,0.0010274096785326478
2323,0.75,M0,balanced,0.05025613244993764,0.05025613244993764,0.0,0.3227683690727668,0.3227683690727668,0.0
2323,0.75,M0,low,0.050256132449937645,0.050256132449937645,0.0,0.3227683690727668,0.3227683690727668,0.0
2323,0.75,M0,high,0.050256132449937645,0.050256132449937645,0.0,0.3227683690727668,0.3227683690727668,0.0
2323,0.75,M1,balanced,0.052403457931503486,0.052403457931503486,0.0,0.3223850087300968,0.3223850087300968,0.0
2323,0.75,M1,low,0.052403457931503486,0.052403457931503486,0.0,0.3223850087300968,0.3223850087300968,0.0
2323,0.75,M1,high,0.052403457931503486,0.052403457931503486,0.0,0.3223850087300968,0.3223850087300968,0.0
2323,0.75,M2,balanced,0.05249722862213444,0.0524972981109119,6.948877746132398e-08,0.3223958282447862,0.32236943775299265,0.0016083395984077945
2323,0.75,M2,low,0.05067522955958318,0.050675277808405784,4.82488226039024e-08,0.32270997548667973,0.3226913782113171,0.0014671569872749465
2323,0.75,M2,high,0.054328604753744014,0.05432865037875105,4.562500703630956e-08,0.32208273604625526,0.32206509080080226,0.0013940141362910339
2323,0.75,M3,balanced,0.05252158525397503,0.05252166898125859,8.372728355771075e-08,0.32239715874879027,0.3223647226876995,0.0017703447803882066
2323,0.75,M3,low,0.05052142463657169,0.05052148286182628,5.8225254589983066e-08,0.322742001779863,0.32271938080781915,0.0016124044737137837
2323,0.75,M3,high,0.05453355860361536,0.05453361349934625,5.489573089156874e-08,0.32205351616885025,0.3220321730122313,0.0015289075040076118
2323,1.0,M0,balanced,0.05025613244993764,0.05025613244993764,0.0,0.3227683690727668,0.3227683690727668,0.0
2323,1.0,M0,low,0.050256132449937645,0.050256132449937645,0.0,0.3227683690727668,0.3227683690727668,0.0
2323,1.0,M0,high,0.050256132449937645,0.050256132449937645,0.0,0.3227683690727668,0.3227683690727668,0.0
2323,1.0,M1,balanced,0.052403457931503486,0.052403457931503486,0.0,0.3223850087300968,0.3223850087300968,0.0
2323,1.0,M1,low,0.052403457931503486,0.052403457931503486,0.0,0.3223850087300968,0.3223850087300968,0.0
2323,1.0,M1,high,0.052403457931503486,0.052403457931503486,0.0,0.3223850087300968,0.3223850087300968,0.0
2323,1.0,M2,balanced,0.05257023475505556,0.05257035822367077,1.2346861520684538e-07,0.32240420821329296,0.322356367399933,0.0021556957268242145
2323,1.0,M2,low,0.050140971753214254,0.05014105831166333,8.655844907501375e-08,0.3228234046066696,0.3227897070081975,0.0019727073128581666
2323,1.0,M2,high,0.05501617543925236,0.05501625577609523,8.033684287256371e-08,0.3219869421754086,0.3219556526026629,0.0018444946897922438
2323,1.0,M3,balanced,0.052613270695107295,0.05261341958417493,1.4888906763738108e-07,0.3224067479879928,0.3223490183294013,0.002373146232295527
2323,1.0,M3,low,0.049944802337554786,0.04994490693882371,1.0460126892430921e-07,0.3228671300643259,0.3228265842836737,0.0021701304624446847
2323,1.0,M3,high,0.0553027203290202,0.0553028170189256,9.668990540168121e-08,0.3219485398374493,0.3219111022063829,0.002021998946264411
2424,0.0,M0,balanced,0.05038421447166609,0.05038421447166609,0.0,0.3227446483127882,0.3227446483127882,0.0
2424,0.0,M0,low,0.05038421447166609,0.05038421447166609,0.0,0.3227446483127882,0.3227446483127882,0.0
2424,0.0,M0,high,0.05038421447166609,0.05038421447166609,0.0,0.3227446483127882,0.3227446483127882,0.0
2424,0.0,M1,balanced,0.05276663115292114,0.05276663115292114,0.0,0.32232298591136493,0.32232298591136493,0.0
2424,0.0,M1,low,0.05276663115292114,0.05276663115292114,0.0,0.32232298591136493,0.32232298591136493,0.0
2424,0.0,M1,high,0.05276663115292114,0.05276663115292114,0.0,0.32232298591136493,0.32232298591136493,0.0
2424,0.0,M2,balanced,0.05276663115292114,0.05276663115292114,0.0,0.32232298591136493,0.32232298591136493,0.0
2424,0.0,M2,low,0.05276663115292114,0.05276663115292114,0.0,0.32232298591136493,0.32232298591136493,0.0
2424,0.0,M2,high,0.05276663115292114,0.05276663115292114,0.0,0.32232298591136493,0.32232298591136493,0.0
2424,0.0,M3,balanced,0.05276663115292114,0.05276663115292114,0.0,0.32232298591136493,0.32232298591136493,0.0
2424,0.0,M3,low,0.05276663115292114,0.05276663115292114,0.0,0.32232298591136493,0.32232298591136493,0.0
2424,0.0,M3,high,0.05276663115292114,0.05276663115292114,0.0,0.32232298591136493,0.32232298591136493,0.0
2424,0.25,M0,balanced,0.05038421447166609,0.05038421447166609,0.0,0.3227446483127882,0.3227446483127882,0.0
2424,0.25,M0,low,0.05038421447166609,0.05038421447166609,0.0,0.3227446483127882,0.3227446483127882,0.0
2424,0.25,M0,high,0.05038421447166609,0.05038421447166609,0.0,0.3227446483127882,0.3227446483127882,0.0
2424,0.25,M1,balanced,0.05276663115292114,0.05276663115292114,0.0,0.32232298591136493,0.32232298591136493,0.0
2424,0.25,M1,low,0.05276663115292114,0.05276663115292114,0.0,0.32232298591136493,0.32232298591136493,0.0
2424,0.25,M1,high,0.05276663115292114,0.05276663115292114,0.0,0.32232298591136493,0.32232298591136493,0.0
2424,0.25,M2,balanced,0.05277807313456206,0.052778081178909676,8.044347618585412e-09,0.32232415929301145,0.32232104862612876,0.0005412564201259772
2424,0.25,M2,low,0.052151907253511334,0.0521519127338322,5.48032086378214e-09,0.3224305377565896,0.3224285958526132,0.0004888238458634036
2424,0.25,M2,high,0.053405383213776095,0.053405388594468736,5.380692641443474e-09,0.3222178834812039,0.3222160473725075,0.00048135035306077
2424,0.25,M3,balanced,0.052782549484456494,0.05278255942750971,9.943053214112041e-09,0.32232413800079945,0.322320672774814,0.0006032296499465031
2424,0.25,M3,low,0.05208651484817056,0.052086521620014106,6.771843544250977e-09,0.3224423749819799,0.3224397998056975,0.0005435366621604716
2424,0.25,M3,high,0.05348017595388919,0.05348018260622128,6.652332094903013e-09,0.32220601879880145,0.32220358046917696,0.0005347701846334027
2424,0.5,M0,balanced,0.05038421447166609,0.05038421447166609,0.0,0.3227446483127882,0.3227446483127882,0.0
2424,0.5,M0,low,0.05038421447166609,0.05038421447166609,0.0,0.3227446483127882,0.3227446483127882,0.0
2424,0.5,M0,high,0.05038421447166609,0.05038421447166609,0.0,0.3227446483127882,0.3227446483127882,0.0
2424,0.5,M1,balanced,0.05276663115292114,0.05276663115292114,0.0,0.32232298591136493,0.32232298591136493,0.0
2424,0.5,M1,low,0.05276663115292114,0.05276663115292114,0.0,0.32232298591136493,0.32232298591136493,0.0
2424,0.5,M1,high,0.05276663115292114,0.05276663115292114,0.0,0.32232298591136493,0.32232298591136493,0.0
2424,0.5,M2,balanced,0.052812410201862385,0.05281244237365527,3.2171792882507155e-08,0.3223277385613831,0.322315127240988,0.0010883946472303068
2424,0.5,M2,low,0.05156068703489732,0.05156070915577948,2.21208821607477e-08,0.3225405557362675,0.3225316784807839,0.0009863738636584202
2424,0.5,M2,high,0.05406871127371268,0.05406873259653175,2.1322819065972e-08,0.3221152798734004,0.3221075030840097,0.0009542208127190667
2424,0.5,M3,balanced,0.05283031273394603,0.052830352516113316,3.9782167282620406e-08,0.3223276057625958,0.3223121782106766,0.001211955534333149
2424,0.5,M3,low,0.05143843866449406,0.05143846600732791,2.734283385125158e-08,0.32256422486184766,0.3225536833497739,0.001095602439312278
2424,0.5,M3,high,0.05422855496149814,0.05422858134266989,2.6381171747136278e-08,0.32209139108142315,0.32208135402107313,0.0010618188162238903
2424,0.75,M0,balanced,0.05038421447166609,0.05038421447166609,0.0,0.3227446483127882,0.3227446483127882,0.0
2424,0.75,M0,low,0.05038421447166609,0.05038421447166609,0.0,0.3227446483127882,0.3227446483127882,0.0
2424,0.75,M0,high,0.05038421447166609,0.05038421447166609,0.0,0.3227446483127882,0.3227446483127882,0.0
2424,0.75,M1,balanced,0.05276663115292114,0.05276663115292114,0.0,0.32232298591136493,0.32232298591136493,0.0
2424,0.75,M1,low,0.05276663115292114,0.05276663115292114,0.0,0.32232298591136493,0.32232298591136493,0.0
2424,0.75,M1,high,0.05276663115292114,0.05276663115292114,0.0,0.32232298591136493,0.32232298591136493,0.0
2424,0.75,M2,balanced,0.05286967574419034,0.05286974810127869,7.23570883487401e-08,0.3223335744734656,0.32230552762853193,0.00163876147188806
2424,0.75,M2,low,0.05099246891295,0.050992519133392956,5.022044295699413e-08,0.32265307260070775,0.3226334699008956,0.0014917918609852203
2424,0.75,M2,high,0.05475718703454371,0.05475723457195201,4.75374083014346e-08,0.32201509810892437,0.3219965248837254,0.0014196081502101797
2424,0.75,M3,balanced,0.05290993761824926,0.05291002717841098,8.956016171735026e-08,0.3223334364605478,0.3222982274325005,0.0018293708799708326
2424,0.75,M3,low,0.0508209985633713,0.05082106068883296,6.212546165701438e-08,0.32268880473482053,0.3226652710063651,0.001658028569414504
2424,0.75,M3,high,0.055013207319655213,0.055013266190247365,5.887059215115009e-08,0.3219791105132851,0.321956792308534,0.0015801260717787267
2424,1.0,M0,balanced,0.05038421447166609,0.05038421447166609,0.0,0.3227446483127882,0.3227446483127882,0.0
2424,1.0,M0,low,0.05038421447166609,0.05038421447166609,0.0,0.3227446483127882,0.3227446483127882,0.0
2424,1.0,M0,high,0.05038421447166609,0.05038421447166609,0.0,0.3227446483127882,0.3227446483127882,0.0
2424,1.0,M1,balanced,0.05276663115292114,0.05276663115292114,0.0,0.32232298591136493,0.32232298591136493,0.0
2424,1.0,M1,low,0.05276663115292114,0.05276663115292114,0.0,0.32232298591136493,0.32232298591136493,0.0
2424,1.0,M1,high,0.05276663115292114,0.05276663115292114,0.0,0.32232298591136493,0.32232298591136493,0.0
2424,1.0,M2,balanced,0.052949925484291685,0.05295005405412854,1.2856983685333168e-07,0.3223418127125849,0.3222920158286369,0.0021947615654556996
2424,1.0,M2,low,0.0504467737837858,0.05044686386250649,9.007872069088929e-08,0.32276810170401593,0.322733191691542,0.002004946697653773
2424,1.0,M2,high,0.05547140661793459,0.05547149031880673,8.370087213604993e-08,0.3219174017733228,0.3218848867446821,0.0018765147134762426
2424,1.0,M3,balanced,0.05302142079642831,0.05302158015057695,1.5935414864054476e-07,0.32234166779220474,0.3222799608748594,0.0024540558939968914
2424,1.0,M3,low,0.0502327112622167,0.0502328228418461,1.1157962940405719e-07,0.32281615546892867,0.3227728389851058,0.00223077644426818
2424,1.0,M3,high,0.055835609294979514,0.05583571312812878,1.0383314926615261e-07,0.32186919443298273,0.32182992239159686,0.002091458505999044
2525,0.0,M0,balanced,0.050322020415352255,0.050322020415352255,0.0,0.32275616420317466,0.32275616420317466,0.0
2525,0.0,M0,low,0.05032202041535225,0.05032202041535225,0.0,0.32275616420317466,0.32275616420317466,0.0
2525,0.0,M0,high,0.05032202041535225,0.05032202041535225,0.0,0.32275616420317466,0.32275616420317466,0.0
2525,0.0,M1,balanced,0.052565243730317734,0.052565243730317734,0.0,0.32235730233293547,0.32235730233293547,0.0
2525,0.0,M1,low,0.05256524373031773,0.05256524373031773,0.0,0.32235730233293547,0.32235730233293547,0.0
2525,0.0,M1,high,0.05256524373031773,0.05256524373031773,0.0,0.32235730233293547,0.32235730233293547,0.0
2525,0.0,M2,balanced,0.052565243730317734,0.052565243730317734,0.0,0.32235730233293547,0.32235730233293547,0.0
2525,0.0,M2,low,0.05256524373031773,0.05256524373031773,0.0,0.32235730233293547,0.32235730233293547,0.0
2525,0.0,M2,high,0.05256524373031773,0.05256524373031773,0.0,0.32235730233293547,0.32235730233293547,0.0
2525,0.0,M3,balanced,0.052565243730317734,0.052565243730317734,0.0,0.32235730233293547,0.32235730233293547,0.0
2525,0.0,M3,low,0.05256524373031773,0.05256524373031773,0.0,0.32235730233293547,0.32235730233293547,0.0
2525,0.0,M3,high,0.05256524373031773,0.05256524373031773,0.0,0.32235730233293547,0.32235730233293547,0.0
2525,0.25,M0,balanced,0.050322020415352255,0.050322020415352255,0.0,0.32275616420317466,0.32275616420317466,0.0
2525,0.25,M0,low,0.05032202041535225,0.05032202041535225,0.0,0.32275616420317466,0.32275616420317466,0.0
2525,0.25,M0,high,0.05032202041535225,0.05032202041535225,0.0,0.32275616420317466,0.32275616420317466,0.0
2525,0.25,M1,balanced,0.052565243730317734,0.052565243730317734,0.0,0.32235730233293547,0.32235730233293547,0.0
2525,0.25,M1,low,0.05256524373031773,0.05256524373031773,0.0,0.32235730233293547,0.32235730233293547,0.0
2525,0.25,M1,high,0.05256524373031773,0.05256524373031773,0.0,0.32235730233293547,0.32235730233293547,0.0
2525,0.25,M2,balanced,0.052575970247171464,0.05257597808726562,7.840094157218758e-09,0.322358449809836,0.32235543373764775,0.0005350738463392988
2525,0.25,M2,low,0.051961059672934864,0.05196106501561695,5.3426820884050485e-09,0.32246361107966237,0.32246163976331377,0.00048397092750768124
2525,0.25,M2,high,0.0531919534730947,0.053191958716291086,5.243196384008275e-09,0.3222534001362879,0.32225150110263323,0.0004755943661499971
2525,0.25,M3,balanced,0.05257898843630698,0.05257899794523987,9.508932891089117e-09,0.32235866352968356,0.32235546154947536,0.0005900031097000648
2525,0.25,M3,low,0.05190186136811244,0.05190186785297204,6.484859600697224e-09,0.3224744722061328,0.3224719369864532,0.0005332459458738288
2525,0.25,M3,high,0.0532574899750993,0.05325749633248699,6.357387692668137e-09,0.3222428976535136,0.3222404095928645,0.0005239249572577684
2525,0.5,M0,balanced,0.050322020415352255,0.050322020415352255,0.0,0.32275616420317466,0.32275616420317466,0.0
2525,0.5,M0,low,0.05032202041535225,0.05032202041535225,0.0,0.32275616420317466,0.32275616420317466,0.0
2525,0.5,M0,high,0.05032202041535225,0.05032202041535225,0.0,0.32275616420317466,0.32275616420317466,0.0
2525,0.5,M1,balanced,0.052565243730317734,0.052565243730317734,0.0,0.32235730233293547,0.32235730233293547,0.0
2525,0.5,M1,low,0.05256524373031773,0.05256524373031773,0.0,0.32235730233293547,0.32235730233293547,0.0
2525,0.5,M1,high,0.05256524373031773,0.05256524373031773,0.0,0.32235730233293547,0.32235730233293547,0.0
2525,0.5,M2,balanced,0.05260815821892367,0.05260818957203092,3.135310724933227e-08,0.32236212830597455,0.322349931804329,0.0010754908573620177
2525,0.5,M2,low,0.05137895537465319,0.05137897693966291,2.1565009722390727e-08,0.322572674278641,0.3225641911568683,0.0009758550777358893
2525,0.5,M2,high,0.05384165251203972,0.05384167329127684,2.0779237122625638e-08,0.3221520687391346,0.32214372484836673,0.000943303820627388
2525,0.5,M3,balanced,0.052620208423516154,0.05262024646114816,3.803763200249666e-08,0.32236259841580656,0.3223482753614986,0.0011858794579338455
2525,0.5,M3,low,0.0512663898259904,0.05126641601006415,2.618407375643006e-08,0.32259453862015897,0.3225843388030858,0.0010756698429990393
2525,0.5,M3,high,0.05397952349034993,0.053979548675118214,2.5184768284725045e-08,0.3221312402423013,0.322121562057222,0.0010375465262872977
2525,0.75,M0,balanced,0.050322020415352255,0.050322020415352255,0.0,0.32275616420317466,0.32275616420317466,0.0
2525,0.75,M0,low,0.05032202041535225,0.05032202041535225,0.0,0.32275616420317466,0.32275616420317466,0.0
2525,0.75,M0,high,0.05032202041535225,0.05032202041535225,0.0,0.32275616420317466,0.32275616420317466,0.0
2525,0.75,M1,balanced,0.052565243730317734,0.052565243730317734,0.0,0.32235730233293547,0.32235730233293547,0.0
2525,0.75,M1,low,0.05256524373031773,0.05256524373031773,0.0,0.32235730233293547,0.32235730233293547,0.0
2525,0.75,M1,high,0.05256524373031773,0.05256524373031773,0.0,0.32235730233293547,0.32235730233293547,0.0
2525,0.75,M2,balanced,0.05266183291786747,0.05266190343567108,7.05178036103371e-08,0.32236814725528884,0.3223411486204318,0.001618923622208485
2525,0.75,M2,low,0.050818502234998425,0.05081855120004007,4.896504164630944e-08,0.3226840616499394,0.3226651043181189,0.0014752576112410597
2525,0.75,M2,high,0.054514822519469916,0.054514868823246014,4.630377609809999e-08,0.3220531625354078,0.32203530398424696,0.0014031820938520685
2525,0.75,M3,balanced,0.05268885315543872,0.05268893874774547,8.55923067491493e-08,0.32236944505472165,0.32233614758017126,0.0017879201636912718
2525,0.75,M3,low,0.05065781294728047,0.05065787246332537,5.951604489795592e-08,0.3227175977726558,0.32269473747844757,0.0016287564951453035
2525,0.75,M3,high,0.05473225430610679,0.05473231043796654,5.613185975056334e-08,0.3220223689948085,0.32200076378300996,0.0015436763093580985
2525,1.0,M0,balanced,0.050322020415352255,0.050322020415352255,0.0,0.32275616420317466,0.32275616420317466,0.0
2525,1.0,M0,low,0.05032202041535225,0.05032202041535225,0.0,0.32275616420317466,0.32275616420317466,0.0
2525,1.0,M0,high,0.05032202041535225,0.05032202041535225,0.0,0.32275616420317466,0.32275616420317466,0.0
2525,1.0,M1,balanced,0.052565243730317734,0.052565243730317734,0.0,0.32235730233293547,0.32235730233293547,0.0
2525,1.0,M1,low,0.05256524373031773,0.05256524373031773,0.0,0.32235730233293547,0.32235730233293547,0.0
2525,1.0,M1,high,0.05256524373031773,0.05256524373031773,0.0,0.32235730233293547,0.32235730233293547,0.0
2525,1.0,M2,balanced,0.05273703649435301,0.05273716179068048,1.2529632746616226e-07,0.32237657911494966,0.32232794376031293,0.002169167893219698
2525,1.0,M2,low,0.05027928863944237,0.05027937647967211,8.784022973579164e-08,0.3227981380620075,0.3227640496583009,0.0019838607292067927
2525,1.0,M2,high,0.05521196362565302,0.05521204514765292,8.152199990063558e-08,0.32195680946497285,0.32192519042527035,0.0018548445136472296
2525,1.0,M3,balanced,0.052784807014213606,0.05278495921795341,1.5220373980606716e-07,0.3223788706096228,0.32231975574826666,0.002397617685200685
2525,1.0,M3,low,0.05007498773623033,0.05007509464742277,1.0691119244066183e-07,0.32284365070594606,0.3227998032509841,0.0021938739494857013
2525,1.0,M3,high,0.05551658262057181,0.05551668147988336,9.88593115494596e-08,0.32191622678086756,0.3218775352154123,0.002041286297540895
2626,0.0,M0,balanced,0.050382522039886996,0.050382522039886996,0.0,0.32274497297070615,0.3227449729707062,0.0
2626,0.0,M0,low,0.050382522039886996,0.050382522039886996,0.0,0.3227449729707062,0.3227449729707062,0.0
2626,0.0,M0,high,0.050382522039886996,0.050382522039886996,0.0,0.3227449729707062,0.3227449729707062,0.0
2626,0.0,M1,balanced,0.05261819211524432,0.05261819211524432,0.0,0.3223482699179828,0.3223482699179828,0.0
2626,0.0,M1,low,0.05261819211524432,0.05261819211524432,0.0,0.3223482699179828,0.3223482699179828,0.0
2626,0.0,M1,high,0.05261819211524432,0.05261819211524432,0.0,0.3223482699179828,0.3223482699179828,0.0
2626,0.0,M2,balanced,0.05261819211524432,0.05261819211524432,0.0,0.3223482699179828,0.3223482699179828,0.0
2626,0.0,M2,low,0.05261819211524432,0.05261819211524432,0.0,0.3223482699179828,0.3223482699179828,0.0
2626,0.0,M2,high,0.05261819211524432,0.05261819211524432,0.0,0.3223482699179828,0.3223482699179828,0.0
2626,0.0,M3,balanced,0.05261819211524432,0.05261819211524432,0.0,0.3223482699179828,0.3223482699179828,0.0
2626,0.0,M3,low,0.05261819211524432,0.05261819211524432,0.0,0.3223482699179828,0.3223482699179828,0.0
2626,0.0,M3,high,0.05261819211524432,0.05261819211524432,0.0,0.3223482699179828,0.3223482699179828,0.0
2626,0.25,M0,balanced,0.050382522039886996,0.050382522039886996,0.0,0.32274497297070615,0.3227449729707062,0.0
2626,0.25,M0,low,0.050382522039886996,0.050382522039886996,0.0,0.3227449729707062,0.3227449729707062,0.0
2626,0.25,M0,high,0.050382522039886996,0.050382522039886996,0.0,0.3227449729707062,0.3227449729707062,0.0
2626,0.25,M1,balanced,0.05261819211524432,0.05261819211524432,0.0,0.3223482699179828,0.3223482699179828,0.0
2626,0.25,M1,low,0.05261819211524432,0.05261819211524432,0.0,0.3223482699179828,0.3223482699179828,0.0
2626,0.25,M1,high,0.05261819211524432,0.05261819211524432,0.0,0.3223482699179828,0.3223482699179828,0.0
2626,0.25,M2,balanced,0.05262892002989952,0.052628927882411435,7.85251191154357e-09,0.32234946445391294,0.32234634705760223,0.0005356048322857782
2626,0.25,M2,low,0.05201266741239661,0.052012672763505956,5.351109347295768e-09,0.3224546819272238,0.3224529681517211,0.00048368788035940794
2626,0.25,M2,high,0.05324624543885939,0.05324625069140283,5.252543441858215e-09,0.322244340196201,0.3222424148914662,0.00047586037009598564
2626,0.25,M3,balanced,0.05263176519195998,0.05263177469133396,9.499373981869397e-09,0.3223496371351201,0.3223450200290534,0.000591926943004365
2626,0.25,M3,low,0.051954055108706515,0.05195406158666288,6.477956365769089e-09,0.3224652755577024,0.32246292803914767,0.0005318422246680481
2626,0.25,M3,high,0.05331083258288191,0.05331083893204429,6.349162376406703e-09,0.3222340393295646,0.3222312468995633,0.0005223059527252043
2626,0.5,M0,balanced,0.050382522039886996,0.050382522039886996,0.0,0.32274497297070615,0.3227449729707062,0.0
2626,0.5,M0,low,0.050382522039886996,0.050382522039886996,0.0,0.3227449729707062,0.3227449729707062,0.0
2626,0.5,M0,high,0.050382522039886996,0.050382522039886996,0.0,0.3227449729707062,0.3227449729707062,0.0
2626,0.5,M1,balanced,0.05261819211524432,0.05261819211524432,0.0,0.3223482699179828,0.3223482699179828,0.0
2626,0.5,M1,low,0.05261819211524432,0.05261819211524432,0.0,0.3223482699179828,0.3223482699179828,0.0
2626,0.5,M1,high,0.05261819211524432,0.05261819211524432,0.0,0.3223482699179828,0.3223482699179828,0.0
2626,0.5,M2,balanced,0.052661111967670704,0.05266114336980007,3.14021293690292e-08,0.3223530672582958,0.3223407945589311,0.0010749666187740423
2626,0.5,M2,low,0.05142922993467158,0.051429251536854466,2.1602182882773935e-08,0.32256364553552963,0.32255574176064805,0.0009751664157896175
2626,0.5,M2,high,0.0538972859859114,0.05389730679725441,2.0811343010018746e-08,0.3221429525384297,0.32213493257731995,0.000943603792761194
2626,0.5,M3,balanced,0.052672468168952755,0.05267250616327527,3.7994322514556256e-08,0.32235370244554234,0.32233942049591296,0.0011839515062766481
2626,0.5,M3,low,0.05131750045211042,0.051317526618322756,2.6166212335754224e-08,0.32258536282776346,0.3225752997669328,0.0010739529919834118
2626,0.5,M3,high,0.05403286349116476,0.05403288864020442,2.514903965633586e-08,0.32212253264566115,0.32211304287558273,0.0010367772674263534
2626,0.75,M0,balanced,0.050382522039886996,0.050382522039886996,0.0,0.32274497297070615,0.3227449729707062,0.0
2626,0.75,M0,low,0.050382522039886996,0.050382522039886996,0.0,0.3227449729707062,0.3227449729707062,0.0
2626,0.75,M0,high,0.050382522039886996,0.050382522039886996,0.0,0.3227449729707062,0.3227449729707062,0.0
2626,0.75,M1,balanced,0.05261819211524432,0.05261819211524432,0.0,0.3223482699179828,0.3223482699179828,0.0
2626,0.75,M1,low,0.05261819211524432,0.05261819211524432,0.0,0.3223482699179828,0.3223482699179828,0.0
2626,0.75,M1,high,0.05261819211524432,0.05261819211524432,0.0,0.3223482699179828,0.3223482699179828,0.0
2626,0.75,M2,balanced,0.05271479251854584,0.05271486314580376,7.062725791706637e-08,0.3223591856026515,0.32233180047532284,0.0016199970779000189
2626,0.75,M2,low,0.050867455150697016,0.05086750420181345,4.905111643249693e-08,0.32267533238063134,0.32265623227929086,0.0014759558366141835
2626,0.75,M2,high,0.05457178992672152,0.054571836293974454,4.636725293299948e-08,0.32204411551935264,0.32202621359192696,0.0014029026588370584
2626,0.75,M3,balanced,0.05274024404828729,0.05274032954486403,8.54965767418947e-08,0.322360587896783,0.3223274849599648,0.0017858242239129373
2626,0.75,M3,low,0.050707539222380374,0.050707598693257916,5.947087754198943e-08,0.32270843933680055,0.3226856267072864,0.0016272692293779062
2626,0.75,M3,high,0.05478515406749428,0.054785210109769084,5.6042274806933357e-08,0.3220140052325877,0.3219916242917692,0.0015412806886732763
2626,1.0,M0,balanced,0.050382522039886996,0.050382522039886996,0.0,0.32274497297070615,0.3227449729707062,0.0
2626,1.0,M0,low,0.050382522039886996,0.050382522039886996,0.0,0.3227449729707062,0.3227449729707062,0.0
2626,1.0,M0,high,0.050382522039886996,0.050382522039886996,0.0,0.3227449729707062,0.3227449729707062,0.0
2626,1.0,M1,balanced,0.05261819211524432,0.05261819211524432,0.0,0.3223482699179828,0.3223482699179828,0.0
2626,1.0,M1,low,0.05261819211524432,0.05261819211524432,0.0,0.3223482699179828,0.3223482699179828,0.0
2626,1.0,M1,high,0.05261819211524432,0.05261819211524432,0.0,0.3223482699179828,0.3223482699179828,0.0
2626,1.0,M2,balanced,0.05279000269430347,0.05279012818426741,1.2548996394107226e-07,0.32236762066707036,0.3223189120088442,0.0021694635448853603
2626,1.0,M2,low,0.05032693506832045,0.050327023055021694,8.798670124432473e-08,0.322789420275419,0.3227553301396126,0.0019850146106750433
2626,1.0,M2,high,0.05527025137819252,0.05527033301431759,8.16361250682851e-08,0.32194773934498966,0.3219161737159086,0.001854785914182114
2626,1.0,M3,balanced,0.052834966080602994,0.05283511810883358,1.5202823058779735e-07,0.3223703080862296,0.32231131328327023,0.002394291868014549
2626,1.0,M3,low,0.05012305033272059,0.05012315718529796,1.0685257736953169e-07,0.32283464887700586,0.3227930837529757,0.0021907954382847775
2626,1.0,M3,high,0.05556855922502148,0.05556865792771171,9.870269022937972e-08,0.3219081733143766,0.3218698428953143,0.0020389610835014433
2727,0.0,M0,balanced,0.05034977936134269,0.05034977936134269,0.0,0.3227510598969978,0.32275105989699787,0.0
2727,0.0,M0,low,0.05034977936134268,0.05034977936134268,0.0,0.32275105989699787,0.32275105989699787,0.0
2727,0.0,M0,high,0.05034977936134268,0.05034977936134268,0.0,0.32275105989699787,0.32275105989699787,0.0
2727,0.0,M1,balanced,0.052621145418343215,0.052621145418343215,0.0,0.32234771321469174,0.32234771321469174,0.0
2727,0.0,M1,low,0.052621145418343215,0.052621145418343215,0.0,0.32234771321469174,0.32234771321469174,0.0
2727,0.0,M1,high,0.052621145418343215,0.052621145418343215,0.0,0.32234771321469174,0.32234771321469174,0.0
2727,0.0,M2,balanced,0.052621145418343215,0.052621145418343215,0.0,0.32234771321469174,0.32234771321469174,0.0
2727,0.0,M2,low,0.052621145418343215,0.052621145418343215,0.0,0.32234771321469174,0.32234771321469174,0.0
2727,0.0,M2,high,0.052621145418343215,0.052621145418343215,0.0,0.32234771321469174,0.32234771321469174,0.0
2727,0.0,M3,balanced,0.052621145418343215,0.052621145418343215,0.0,0.32234771321469174,0.32234771321469174,0.0
2727,0.0,M3,low,0.052621145418343215,0.052621145418343215,0.0,0.32234771321469174,0.32234771321469174,0.0
2727,0.0,M3,high,0.052621145418343215,0.052621145418343215,0.0,0.32234771321469174,0.32234771321469174,0.0
2727,0.25,M0,balanced,0.05034977936134269,0.05034977936134269,0.0,0.3227510598969978,0.32275105989699787,0.0
2727,0.25,M0,low,0.05034977936134268,0.05034977936134268,0.0,0.32275105989699787,0.32275105989699787,0.0
2727,0.25,M0,high,0.05034977936134268,0.05034977936134268,0.0,0.32275105989699787,0.32275105989699787,0.0
2727,0.25,M1,balanced,0.052621145418343215,0.052621145418343215,0.0,0.32234771321469174,0.32234771321469174,0.0
2727,0.25,M1,low,0.052621145418343215,0.052621145418343215,0.0,0.32234771321469174,0.32234771321469174,0.0
2727,0.25,M1,high,0.052621145418343215,0.052621145418343215,0.0,0.32234771321469174,0.32234771321469174,0.0
2727,0.25,M2,balanced,0.05263199419904717,0.05263200208048099,7.88143381807993e-09,0.32234888794667305,0.32234596935460125,0.0005365838949845877
2727,0.25,M2,low,0.05201456447125568,0.052014569842719655,5.371463975001323e-09,0.32245438759783074,0.3224523814370725,0.0004862664694345511
2727,0.25,M2,high,0.05325050880489805,0.053250514077568964,5.272670910994037e-09,0.3222436145623012,0.3222415970672259,0.0004765904541667542
2727,0.25,M3,balanced,0.05263516927640364,0.05263517885949458,9.583090938847239e-09,0.3223490529417513,0.32234538579673566,0.000591789456688925
2727,0.25,M3,low,0.051954394798275016,0.051954401330877,6.532601980191455e-09,0.32246529784673256,0.32246275172024214,0.0005345359327220987
2727,0.25,M3,high,0.05331734614033927,0.053317352548212876,6.407873606728565e-09,0.32223294298580385,0.322230390569473,0.0005253087239721944
2727,0.5,M0,balanced,0.05034977936134269,0.05034977936134269,0.0,0.3227510598969978,0.32275105989699787,0.0
2727,0.5,M0,low,0.05034977936134268,0.05034977936134268,0.0,0.32275105989699787,0.32275105989699787,0.0
2727,0.5,M0,high,0.05034977936134268,0.05034977936134268,0.0,0.32275105989699787,0.32275105989699787,0.0
2727,0.5,M1,balanced,0.052621145418343215,0.052621145418343215,0.0,0.32234771321469174,0.32234771321469174,0.0
2727,0.5,M1,low,0.052621145418343215,0.052621145418343215,0.0,0.32234771321469174,0.32234771321469174,0.0
2727,0.5,M1,high,0.052621145418343215,0.052621145418343215,0.0,0.32234771321469174,0.32234771321469174,0.0
2727,0.5,M2,balanced,0.05266454932443179,0.05266458084214612,3.151771432730044e-08,0.3223524922354509,0.3223404326610044,0.0010773129363647362
2727,0.5,M2,low,0.051430309331013245,0.05143033100940427,2.1678391026735966e-08,0.3225634784870503,0.32255513250969126,0.0009772777389672632
2727,0.5,M2,high,0.05390312970846088,0.053903150593601824,2.0885140943061042e-08,0.32214199094575413,0.3221339547435462,0.0009454157679977263
2727,0.5,M3,balanced,0.052677229441224944,0.05267726777655822,3.833533327585181e-08,0.3223530030290166,0.32233829374483747,0.0011898493565607956
2727,0.5,M3,low,0.05131609444996055,0.05131612083855029,2.6388589743908675e-08,0.3225857218481944,0.32257560220633874,0.0010786640778105558
2727,0.5,M3,high,0.05404397283477794,0.0540439982219901,2.5387212165828288e-08,0.32212095534145446,0.32211126409108015,0.0010407942283230094
2727,0.75,M0,balanced,0.05034977936134269,0.05034977936134269,0.0,0.3227510598969978,0.32275105989699787,0.0
2727,0.75,M0,low,0.05034977936134268,0.05034977936134268,0.0,0.32275105989699787,0.32275105989699787,0.0
2727,0.75,M0,high,0.05034977936134268,0.05034977936134268,0.0,0.32275105989699787,0.32275105989699787,0.0
2727,0.75,M1,balanced,0.052621145418343215,0.052621145418343215,0.0,0.32234771321469174,0.32234771321469174,0.0
2727,0.75,M1,low,0.052621145418343215,0.052621145418343215,0.0,0.32234771321469174,0.32234771321469174,0.0
2727,0.75,M1,high,0.052621145418343215,0.052621145418343215,0.0,0.32234771321469174,0.32234771321469174,0.0
2727,0.75,M2,balanced,0.0527188371537266,0.052718908041112233,7.088738563504338e-08,0.32235853337314135,0.32233117585308324,0.0016231453263733965
2727,0.75,M2,low,0.0508679414329058,0.050867990653828174,4.92209223726392e-08,0.32267520448389275,0.3226561472748718,0.0014786341194491543
2727,0.75,M2,high,0.054579502048066435,0.05457954859222694,4.654416050492438e-08,0.3220430509266299,0.3220247177943264,0.0014047063734821798
2727,0.75,M3,balanced,0.05274728347658992,0.05274736974891573,8.627232581104316e-08,0.3223596453042993,0.322326278189464,0.001795262175398004
2727,0.75,M3,low,0.05070518670956306,0.050705246682149,5.997258593903876e-08,0.3227089805617897,0.3226861092457037,0.0016328148358150513
2727,0.75,M3,high,0.05480199404941406,0.05480205063427113,5.658485706383498e-08,0.32201149867642964,0.32198965680256386,0.0015490176172462038
2727,1.0,M0,balanced,0.05034977936134269,0.05034977936134269,0.0,0.3227510598969978,0.32275105989699787,0.0
2727,1.0,M0,low,0.05034977936134268,0.05034977936134268,0.0,0.32275105989699787,0.32275105989699787,0.0
2727,1.0,M0,high,0.05034977936134268,0.05034977936134268,0.0,0.32275105989699787,0.32275105989699787,0.0
2727,1.0,M1,balanced,0.052621145418343215,0.052621145418343215,0.0,0.32234771321469174,0.32234771321469174,0.0
2727,1.0,M1,low,0.052621145418343215,0.052621145418343215,0.0,0.32234771321469174,0.32234771321469174,0.0
2727,1.0,M1,high,0.052621145418343215,0.052621145418343215,0.0,0.32234771321469174,0.32234771321469174,0.0
2727,1.0,M2,balanced,0.05279490165053011,0.05279502760438214,1.2595385203567622e-07,0.3223669591405898,0.32231791607146065,0.002174296782504012
2727,1.0,M2,low,0.050327039922864546,0.05032712821762619,8.829476164096128e-08,0.32278954942328786,0.3227559738969116,0.0019877610128112553
2727,1.0,M2,high,0.05528013900140316,0.055280220956215764,8.19548126029801e-08,0.32194633785394916,0.3219146332371946,0.0018583929856833283
2727,1.0,M3,balanced,0.05284522902074556,0.052845382437250774,1.5341650521499828e-07,0.32236910009956143,0.3223097263605573,0.0024059714354667605
2727,1.0,M3,low,0.05012049164781057,0.0501205993918805,1.0774406992986041e-07,0.32283545664828,0.32279332680057216,0.002196145059417728
2727,1.0,M3,high,0.05559237475391392,0.05559247443305504,9.967914112174459e-08,0.32190489107012893,0.32186617020927655,0.002049105743739165
2828,0.0,M0,balanced,0.050337139269391165,0.050337139269391165,0.0,0.3227534258550784,0.3227534258550784,0.0
2828,0.0,M0,low,0.05033713926939116,0.05033713926939116,0.0,0.3227534258550784,0.3227534258550784,0.0
2828,0.0,M0,high,0.05033713926939116,0.05033713926939116,0.0,0.3227534258550784,0.3227534258550784,0.0
2828,0.0,M1,balanced,0.05253555883223462,0.05253555883223462,0.0,0.32236237029848724,0.32236237029848724,0.0
2828,0.0,M1,low,0.05253555883223462,0.05253555883223462,0.0,0.32236237029848724,0.32236237029848724,0.0
2828,0.0,M1,high,0.05253555883223462,0.05253555883223462,0.0,0.32236237029848724,0.32236237029848724,0.0
2828,0.0,M2,balanced,0.05253555883223462,0.05253555883223462,0.0,0.32236237029848724,0.32236237029848724,0.0
2828,0.0,M2,low,0.05253555883223462,0.05253555883223462,0.0,0.32236237029848724,0.32236237029848724,0.0
2828,0.0,M2,high,0.05253555883223462,0.05253555883223462,0.0,0.32236237029848724,0.32236237029848724,0.0
2828,0.0,M3,balanced,0.05253555883223462,0.05253555883223462,0.0,0.32236237029848724,0.32236237029848724,0.0
2828,0.0,M3,low,0.05253555883223462,0.05253555883223462,0.0,0.32236237029848724,0.32236237029848724,0.0
2828,0.0,M3,high,0.05253555883223462,0.05253555883223462,0.0,0.32236237029848724,0.32236237029848724,0.0
2828,0.25,M0,balanced,0.050337139269391165,0.050337139269391165,0.0,0.3227534258550784,0.3227534258550784,0.0
2828,0.25,M0,low,0.05033713926939116,0.05033713926939116,0.0,0.3227534258550784,0.3227534258550784,0.0
2828,0.25,M0,high,0.05033713926939116,0.05033713926939116,0.0,0.3227534258550784,0.3227534258550784,0.0
2828,0.25,M1,balanced,0.05253555883223462,0.05253555883223462,0.0,0.32236237029848724,0.32236237029848724,0.0
2828,0.25,M1,low,0.05253555883223462,0.05253555883223462,0.0,0.32236237029848724,0.32236237029848724,0.0
2828,0.25,M1,high,0.05253555883223462,0.05253555883223462,0.0,0.32236237029848724,0.32236237029848724,0.0
2828,0.25,M2,balanced,0.052546156814827986,0.05254616461611017,7.801282182751113e-09,0.32236357033665736,0.32236052589919106,0.0005340400919548206
2828,0.25,M2,low,0.051933247848255884,0.05193325316465611,5.316400222832307e-09,0.32246851405077176,0.32246647385858196,0.0004827734560472367
2828,0.25,M2,high,0.05316012557965438,0.053160130796923305,5.217268922441676e-09,0.3222587292803122,0.32225665749958343,0.00047397898166859424
2828,0.25,M3,balanced,0.05254893189975201,0.05254894131613969,9.416387683480743e-09,0.3223637007466752,0.32235935797273174,0.000588663684527927
2828,0.25,M3,low,0.05187564086275516,0.0518756472821833,6.4194281418350485e-09,0.32247896769751555,0.3224765688449551,0.0005298892132275519
2828,0.25,M3,high,0.05322356024349703,0.053223566540553255,6.297056223680819e-09,0.32224854168918765,0.3222461117649239,0.0005210751252536238
2828,0.5,M0,balanced,0.050337139269391165,0.050337139269391165,0.0,0.3227534258550784,0.3227534258550784,0.0
2828,0.5,M0,low,0.05033713926939116,0.05033713926939116,0.0,0.3227534258550784,0.3227534258550784,0.0
2828,0.5,M0,high,0.05033713926939116,0.05033713926939116,0.0,0.3227534258550784,0.3227534258550784,0.0
2828,0.5,M1,balanced,0.05253555883223462,0.05253555883223462,0.0,0.32236237029848724,0.32236237029848724,0.0
2828,0.5,M1,low,0.05253555883223462,0.05253555883223462,0.0,0.32236237029848724,0.32236237029848724,0.0
2828,0.5,M1,high,0.05253555883223462,0.05253555883223462,0.0,0.32236237029848724,0.32236237029848724,0.0
2828,0.5,M2,balanced,0.05257795879864018,0.052577989996617926,3.1197977742869476e-08,0.32236718109573165,0.3223551860469092,0.0010723061902694862
2828,0.5,M2,low,0.051352758939778524,0.051352780400765026,2.146098650179784e-08,0.32257723880965744,0.3225688749313858,0.0009729967992846821
2828,0.5,M2,high,0.05380739865414203,0.05380741932750055,2.067335851813068e-08,0.32215760444537356,0.3221494976633398,0.0009410027674332713
2828,0.5,M3,balanced,0.052589035407031165,0.05258907307811805,3.7671086881851945e-08,0.3223678333415525,0.3223542557292481,0.0011821104828516407
2828,0.5,M3,low,0.051242901100534484,0.051242927038819094,2.5938284610449447e-08,0.3225986274407737,0.3225884768105615,0.0010721136064367816
2828,0.5,M3,high,0.05394051737100544,0.05394054230352727,2.4932521824894138e-08,0.32213757676882887,0.32212784863353305,0.0010328448643970839
2828,0.75,M0,balanced,0.050337139269391165,0.050337139269391165,0.0,0.3227534258550784,0.3227534258550784,0.0
2828,0.75,M0,low,0.05033713926939116,0.05033713926939116,0.0,0.3227534258550784,0.3227534258550784,0.0
2828,0.75,M0,high,0.05033713926939116,0.05033713926939116,0.0,0.3227534258550784,0.3227534258550784,0.0
2828,0.75,M1,balanced,0.05253555883223462,0.05253555883223462,0.0,0.32236237029848724,0.32236237029848724,0.0
2828,0.75,M1,low,0.05253555883223462,0.05253555883223462,0.0,0.32236237029848724,0.32236237029848724,0.0
2828,0.75,M1,high,0.05253555883223462,0.05253555883223462,0.0,0.32236237029848724,0.32236237029848724,0.0
2828,0.75,M2,balanced,0.0526309889000302,0.0526310590689185,7.016888829702861e-08,0.32237324527722955,0.32234553809088434,0.0016169279013178207
2828,0.75,M2,low,0.050793674960443624,0.050793723687594314,4.872715068937605e-08,0.32268851705801527,0.3226695579348357,0.00147224586074357
2828,0.75,M2,high,0.05447784584638537,0.054477891916562535,4.607017716623529e-08,0.3220589459998085,0.32204095328513127,0.0013999037121242021
2828,0.75,M3,balanced,0.052655814138633635,0.05265589892961492,8.479098128483242e-08,0.3223746229065067,0.32234179387394635,0.0017866075369378683
2828,0.75,M3,low,0.050636367995055616,0.050636426946280205,5.8951224589376405e-08,0.32272124292807697,0.3226987170738942,0.0016206637398755866
2828,0.75,M3,high,0.05468728581284933,0.054687341374467804,5.556161847275476e-08,0.32202932958567393,0.32200742511100305,0.0015353383211992033
2828,1.0,M0,balanced,0.050337139269391165,0.050337139269391165,0.0,0.3227534258550784,0.3227534258550784,0.0
2828,1.0,M0,low,0.05033713926939116,0.05033713926939116,0.0,0.3227534258550784,0.3227534258550784,0.0
2828,1.0,M0,high,0.05033713926939116,0.05033713926939116,0.0,0.3227534258550784,0.3227534258550784,0.0
2828,1.0,M1,balanced,0.05253555883223462,0.05253555883223462,0.0,0.32236237029848724,0.32236237029848724,0.0
2828,1.0,M1,low,0.05253555883223462,0.05253555883223462,0.0,0.32236237029848724,0.32236237029848724,0.0
2828,1.0,M1,high,0.05253555883223462,0.05253555883223462,0.0,0.32236237029848724,0.32236237029848724,0.0
2828,1.0,M2,balanced,0.05270528734035606,0.05270541201684182,1.2467648576042212e-07,0.3223816222542069,0.3223334215930185,0.00216331818295284
2828,1.0,M2,low,0.05025559498838081,0.05025568239923646,8.741085565089346e-08,0.322802269766127,0.32276836645395623,0.001979737303357774
2828,1.0,M2,high,0.055171952543133014,0.055172033655527114,8.111239409996918e-08,0.32196290553973944,0.32193144039044685,0.0018511140368807667
2828,1.0,M3,balanced,0.052749144734096566,0.0527492954462766,1.5071218003454012e-07,0.32238438352130644,0.32232578261359607,0.0023848957964360466
2828,1.0,M3,low,0.05005494005292088,0.05005504596139884,1.0590847795977076e-07,0.32284699138563894,0.3228059066018669,0.0021816522168274866
2828,1.0,M3,high,0.05546470800545293,0.0554648058515462,9.784609326934923e-08,0.3219238578406987,0.32188613899387064,0.002031639859134727
2929,0.0,M0,balanced,0.05032750045771489,0.05032750045771489,0.0,0.32275517245873053,0.32275517245873053,0.0
2929,0.0,M0,low,0.050327500457714884,0.050327500457714884,0.0,0.32275517245873053,0.32275517245873053,0.0
2929,0.0,M0,high,0.050327500457714884,0.050327500457714884,0.0,0.32275517245873053,0.32275517245873053,0.0
2929,0.0,M1,balanced,0.05255717255209952,0.05255717255209952,0.0,0.32235865629034377,0.32235865629034377,0.0
2929,0.0,M1,low,0.05255717255209952,0.05255717255209952,0.0,0.32235865629034377,0.32235865629034377,0.0
2929,0.0,M1,high,0.05255717255209952,0.05255717255209952,0.0,0.32235865629034377,0.32235865629034377,0.0
2929,0.0,M2,balanced,0.05255717255209952,0.05255717255209952,0.0,0.32235865629034377,0.32235865629034377,0.0
2929,0.0,M2,low,0.05255717255209952,0.05255717255209952,0.0,0.32235865629034377,0.32235865629034377,0.0
2929,0.0,M2,high,0.05255717255209952,0.05255717255209952,0.0,0.32235865629034377,0.32235865629034377,0.0
2929,0.0,M3,balanced,0.05255717255209952,0.05255717255209952,0.0,0.32235865629034377,0.32235865629034377,0.0
2929,0.0,M3,low,0.05255717255209952,0.05255717255209952,0.0,0.32235865629034377,0.32235865629034377,0.0
2929,0.0,M3,high,0.05255717255209952,0.05255717255209952,0.0,0.32235865629034377,0.32235865629034377,0.0
2929,0.25,M0,balanced,0.05032750045771489,0.05032750045771489,0.0,0.32275517245873053,0.32275517245873053,0.0
2929,0.25,M0,low,0.050327500457714884,0.050327500457714884,0.0,0.32275517245873053,0.32275517245873053,0.0
2929,0.25,M0,high,0.050327500457714884,0.050327500457714884,0.0,0.32275517245873053,0.32275517245873053,0.0
2929,0.25,M1,balanced,0.05255717255209952,0.05255717255209952,0.0,0.32235865629034377,0.32235865629034377,0.0
2929,0.25,M1,low,0.05255717255209952,0.05255717255209952,0.0,0.32235865629034377,0.32235865629034377,0.0
2929,0.25,M1,high,0.05255717255209952,0.05255717255209952,0.0,0.32235865629034377,0.32235865629034377,0.0
2929,0.25,M2,balanced,0.052567877623688905,0.052567885455160494,7.831471589281325e-09,0.322359901885796,0.32235683282458105,0.0005349342601340632
2929,0.25,M2,low,0.05195343544363824,0.05195344078181729,5.338179044633851e-09,0.32246507406426633,0.3224630440768707,0.00048537739750645765
2929,0.25,M2,high,0.05318339031088733,0.05318339554949705,5.238609726565535e-09,0.3222548201054175,0.3222532702559342,0.0004755855999724265
2929,0.25,M3,balanced,0.05257087830230141,0.05257088779075643,9.488455021688935e-09,0.32235999960817807,0.3223564560405219,0.0005892785386993985
2929,0.25,M3,low,0.0518946209555631,0.051894627424451084,6.4688879808372235e-09,0.3224757187558479,0.3224733586109293,0.000531817079353157
2929,0.25,M3,high,0.05324850622405804,0.053248512567555986,6.343497949146126e-09,0.32224438461358473,0.32224187662503273,0.0005230483782715873
2929,0.5,M0,balanced,0.05032750045771489,0.05032750045771489,0.0,0.32275517245873053,0.32275517245873053,0.0
2929,0.5,M0,low,0.050327500457714884,0.050327500457714884,0.0,0.32275517245873053,0.32275517245873053,0.0
2929,0.5,M0,high,0.050327500457714884,0.050327500457714884,0.0,0.32275517245873053,0.32275517245873053,0.0
2929,0.5,M1,balanced,0.05255717255209952,0.05255717255209952,0.0,0.32235865629034377,0.32235865629034377,0.0
2929,0.5,M1,low,0.05255717255209952,0.05255717255209952,0.0,0.32235865629034377,0.32235865629034377,0.0
2929,0.5,M1,high,0.05255717255209952,0.05255717255209952,0.0,0.32235865629034377,0.32235865629034377,0.0
2929,0.5,M2,balanced,0.05260000131980885,0.05260003263858401,3.131877515660797e-08,0.3223634238601587,0.32235117097402083,0.0010742295983237015
2929,0.5,M2,low,0.0513717336314823,0.0513717551788673,2.154738500126374e-08,0.32257381570655663,0.3225655092500108,0.0009773682230399775
2929,0.5,M2,high,0.05383255188490631,0.053832572642007526,2.0757101218404905e-08,0.32215350843625823,0.3221455757741737,0.0009428033609874098
2929,0.5,M3,balanced,0.05261198347041009,0.052612021432397606,3.796198751876423e-08,0.32236396993144145,0.3223502653274767,0.0011833739171488525
2929,0.5,M3,low,0.051259890218518456,0.05125991634741464,2.6128896185584338e-08,0.3225956482843383,0.3225856057501528,0.0010744662631996655
2929,0.5,M3,high,0.05396955781413279,0.05396958294646594,2.5132333152100284e-08,0.3221328229426545,0.32212272934343245,0.0010366281796238227
2929,0.75,M0,balanced,0.05032750045771489,0.05032750045771489,0.0,0.32275517245873053,0.32275517245873053,0.0
2929,0.75,M0,low,0.050327500457714884,0.050327500457714884,0.0,0.32275517245873053,0.32275517245873053,0.0
2929,0.75,M0,high,0.050327500457714884,0.050327500457714884,0.0,0.32275517245873053,0.32275517245873053,0.0
2929,0.75,M1,balanced,0.05255717255209952,0.05255717255209952,0.0,0.32235865629034377,0.32235865629034377,0.0
2929,0.75,M1,low,0.05255717255209952,0.05255717255209952,0.0,0.32235865629034377,0.32235865629034377,0.0
2929,0.75,M1,high,0.05255717255209952,0.05255717255209952,0.0,0.32235865629034377,0.32235865629034377,0.0
2929,0.75,M2,balanced,0.05265356909366159,0.052653639535311623,7.044165003383673e-08,0.3223694698867796,0.32234242957014964,0.0016179415204721215
2929,0.75,M2,low,0.05081163921029788,0.05081168812721382,4.891691593456038e-08,0.32268537354783333,0.3226661244710512,0.0014745431435818658
2929,0.75,M2,high,0.05450513863117416,0.05450518488899225,4.625781808986762e-08,0.32205465343436945,0.32203675759313777,0.001403046066323826
2929,0.75,M3,balanced,0.05268044367210083,0.052680529085768146,8.541366731951161e-08,0.3223706659844849,0.3223374076130231,0.0017866468519813588
2929,0.75,M3,low,0.05065196004169738,0.05065201942926888,5.9387571499369685e-08,0.3227185339253445,0.3226954896059663,0.0016261374235149724
2929,0.75,M3,high,0.05472125441449345,0.05472131047647841,5.606198495711201e-08,0.3220240627481173,0.3220018919948773,0.001542703030176834
2929,1.0,M0,balanced,0.05032750045771489,0.05032750045771489,0.0,0.32275517245873053,0.32275517245873053,0.0
2929,1.0,M0,low,0.050327500457714884,0.050327500457714884,0.0,0.32275517245873053,0.32275517245873053,0.0
2929,1.0,M0,high,0.050327500457714884,0.050327500457714884,0.0,0.32275517245873053,0.32275517245873053,0.0
2929,1.0,M1,balanced,0.05255717255209952,0.05255717255209952,0.0,0.32235865629034377,0.32235865629034377,0.0
2929,1.0,M1,low,0.05255717255209952,0.05255717255209952,0.0,0.32235865629034377,0.32235865629034377,0.0
2929,1.0,M1,high,0.05255717255209952,0.05255717255209952,0.0,0.32235865629034377,0.32235865629034377,0.0
2929,1.0,M2,balanced,0.05272862339723591,0.05272874855924488,1.2516200896539598e-07,0.32237791565070695,0.32232956830608495,0.0021681082471138174
2929,1.0,M2,low,0.050272741379680616,0.050272829120666274,8.774098565755839e-08,0.32279938811200787,0.322764925116075,0.0019839615540672454
2929,1.0,M2,high,0.05520165049930485,0.05520173193307418,8.143376932501223e-08,0.32195836912544235,0.32192686374198576,0.0018541144661852731
2929,1.0,M3,balanced,0.05277615357109536,0.05277630546936781,1.5189827245326581e-07,0.3223802135781456,0.32232149330824045,0.00239457823944266
2929,1.0,M3,low,0.05006968703731529,0.05006979372337597,1.0668606068020559e-07,0.32284454603078716,0.32280317847503315,0.002188544939679701
2929,1.0,M3,high,0.05550451820677396,0.05550461688143023,9.867465626534067e-08,0.32191799816126104,0.32188021347121043,0.0020392520333352726
3030,0.0,M0,balanced,0.05027323706408223,0.05027323706408223,0.0,0.3227652006011935,0.3227652006011935,0.0
3030,0.0,M0,low,0.05027323706408224,0.05027323706408224,0.0,0.3227652006011935,0.3227652006011935,0.0
3030,0.0,M0,high,0.05027323706408224,0.05027323706408224,0.0,0.3227652006011935,0.3227652006011935,0.0
3030,0.0,M1,balanced,0.05247350274225722,0.05247350274225722,0.0,0.32237297990293806,0.32237297990293806,0.0
3030,0.0,M1,low,0.05247350274225722,0.05247350274225722,0.0,0.32237297990293806,0.32237297990293806,0.0
3030,0.0,M1,high,0.05247350274225722,0.05247350274225722,0.0,0.32237297990293806,0.32237297990293806,0.0
3030,0.0,M2,balanced,0.05247350274225722,0.05247350274225722,0.0,0.32237297990293806,0.32237297990293806,0.0
3030,0.0,M2,low,0.05247350274225722,0.05247350274225722,0.0,0.32237297990293806,0.32237297990293806,0.0
3030,0.0,M2,high,0.05247350274225722,0.05247350274225722,0.0,0.32237297990293806,0.32237297990293806,0.0
3030,0.0,M3,balanced,0.05247350274225722,0.05247350274225722,0.0,0.32237297990293806,0.32237297990293806,0.0
3030,0.0,M3,low,0.05247350274225722,0.05247350274225722,0.0,0.32237297990293806,0.32237297990293806,0.0
3030,0.0,M3,high,0.05247350274225722,0.05247350274225722,0.0,0.32237297990293806,0.32237297990293806,0.0
3030,0.25,M0,balanced,0.05027323706408223,0.05027323706408223,0.0,0.3227652006011935,0.3227652006011935,0.0
3030,0.25,M0,low,0.05027323706408224,0.05027323706408224,0.0,0.3227652006011935,0.3227652006011935,0.0
3030,0.25,M0,high,0.05027323706408224,0.05027323706408224,0.0,0.3227652006011935,0.3227652006011935,0.0
3030,0.25,M1,balanced,0.05247350274225722,0.05247350274225722,0.0,0.32237297990293806,0.32237297990293806,0.0
3030,0.25,M1,low,0.05247350274225722,0.05247350274225722,0.0,0.32237297990293806,0.32237297990293806,0.0
3030,0.25,M1,high,0.05247350274225722,0.05247350274225722,0.0,0.32237297990293806,0.32237297990293806,0.0
3030,0.25,M2,balanced,0.05248408290155822,0.05248409068521344,7.783655220361396e-09,0.32237406431938503,0.3223728654822373,0.0005312722532776516
3030,0.25,M2,low,0.051872900231208816,0.051872905537243295,5.306034479846122e-09,0.3224790164638152,0.3224772854658199,0.00048209455338673945
3030,0.25,M2,high,0.05309632358783427,0.05309632879375139,5.205917120998382e-09,0.32226932942462444,0.32226741897787436,0.000474738974696531
3030,0.25,M3,balanced,0.05248701611484588,0.052487025529729725,9.414883844760524e-09,0.3223743501451448,0.322370683063989,0.0005874353141191769
3030,0.25,M3,low,0.05181485597594708,0.0518148623961736,6.420226517089844e-09,0.3224897086423334,0.32248722379299644,0.0005303365526827378
3030,0.25,M3,high,0.0531605275909981,0.053160533887066236,6.296068139066691e-09,0.3222590835125017,0.3222574273748302,0.0005213934229486318
3030,0.5,M0,balanced,0.05027323706408223,0.05027323706408223,0.0,0.3227652006011935,0.3227652006011935,0.0
3030,0.5,M0,low,0.05027323706408224,0.05027323706408224,0.0,0.3227652006011935,0.3227652006011935,0.0
3030,0.5,M0,high,0.05027323706408224,0.05027323706408224,0.0,0.3227652006011935,0.3227652006011935,0.0
3030,0.5,M1,balanced,0.05247350274225722,0.05247350274225722,0.0,0.32237297990293806,0.32237297990293806,0.0
3030,0.5,M1,low,0.05247350274225722,0.05247350274225722,0.0,0.32237297990293806,0.32237297990293806,0.0
3030,0.5,M1,high,0.05247350274225722,0.05247350274225722,0.0,0.32237297990293806,0.32237297990293806,0.0
3030,0.5,M2,balanced,0.05251583157373756,0.05251586269960823,3.1125870665615896e-08,0.32237780677605776,0.3223640792954958,0.0010752258759163487
3030,0.5,M2,low,0.05129407915468018,0.05129410056253821,2.14078580348942e-08,0.32258775057172256,0.3225794415085472,0.0009727487540182034
3030,0.5,M2,high,0.053741816875939846,0.053741837500965534,2.0625025687337484e-08,0.3221683757244619,0.3221602862808044,0.0009395577886014257
3030,0.5,M3,balanced,0.052527541860220586,0.05252757952450919,3.7664288604633e-08,0.32237829302532767,0.32236407100657416,0.0011809070982817561
3030,0.5,M3,low,0.051183655545723655,0.051183681474279576,2.5928555920373686e-08,0.32260921578959,0.32259921750170706,0.0010702306960214216
3030,0.5,M3,high,0.05387683208651217,0.05387685702368096,2.4937168788263797e-08,0.32214787936385403,0.32213797491450713,0.0010332511302302962
3030,0.75,M0,balanced,0.05027323706408223,0.05027323706408223,0.0,0.3227652006011935,0.3227652006011935,0.0
3030,0.75,M0,low,0.05027323706408224,0.05027323706408224,0.0,0.3227652006011935,0.3227652006011935,0.0
3030,0.75,M0,high,0.05027323706408224,0.05027323706408224,0.0,0.3227652006011935,0.3227652006011935,0.0
3030,0.75,M1,balanced,0.05247350274225722,0.05247350274225722,0.0,0.32237297990293806,0.32237297990293806,0.0
3030,0.75,M1,low,0.05247350274225722,0.05247350274225722,0.0,0.32237297990293806,0.32237297990293806,0.0
3030,0.75,M1,high,0.05247350274225722,0.05247350274225722,0.0,0.32237297990293806,0.32237297990293806,0.0
3030,0.75,M2,balanced,0.052568773349943324,0.052568843353533914,7.000359059095018e-08,0.32238376131421154,0.32235682961558626,0.001614567873195446
3030,0.75,M2,low,0.050736619479310546,0.050736668085295755,4.860598520894932e-08,0.3226988771122298,0.3226810922543891,0.0014705109161238727
3030,0.75,M2,high,0.05441045428133913,0.05441050024842206,4.5967082931697156e-08,0.3220697600935608,0.3220519190770049,0.0013989699225503284
3030,0.75,M3,balanced,0.052595028830207086,0.05259511358106352,8.475085643694369e-08,0.32238497862988075,0.32235188598933373,0.0017807229414797295
3030,0.75,M3,low,0.0505789066807122,0.050578965605228135,5.8924515933256316e-08,0.3227316905191489,0.3227087918227892,0.0016211455076935906
3030,0.75,M3,high,0.05462330358849393,0.054623359168616034,5.558012210193919e-08,0.322039463313702,0.3220178958084427,0.0015375518444603747
3030,1.0,M0,balanced,0.05027323706408223,0.05027323706408223,0.0,0.3227652006011935,0.3227652006011935,0.0
3030,1.0,M0,low,0.05027323706408224,0.05027323706408224,0.0,0.3227652006011935,0.3227652006011935,0.0
3030,1.0,M0,high,0.05027323706408224,0.05027323706408224,0.0,0.3227652006011935,0.3227652006011935,0.0
3030,1.0,M1,balanced,0.05247350274225722,0.05247350274225722,0.0,0.32237297990293806,0.32237297990293806,0.0
3030,1.0,M1,low,0.05247350274225722,0.05247350274225722,0.0,0.32237297990293806,0.32237297990293806,0.0
3030,1.0,M1,high,0.05247350274225722,0.05247350274225722,0.0,0.32237297990293806,0.32237297990293806,0.0
3030,1.0,M2,balanced,0.05264294924313876,0.052643073628088344,1.2438494958327828e-07,0.32239218947589815,0.3223442451228618,0.002162432030939132
3030,1.0,M2,low,0.05020011771424834,0.050200204907162906,8.719291456210643e-08,0.32281264004564614,0.3227783954855945,0.0019798127960610388
3030,1.0,M2,high,0.055102725422114474,0.055102806357794576,8.093568010236751e-08,0.3219736150045315,0.32194230170569493,0.0018493130834968921
3030,1.0,M3,balanced,0.0526893608261953,0.052689511535892984,1.5070969768687936e-07,0.32239449240000745,0.32233625532323495,0.0023870578247121043
3030,1.0,M3,low,0.049999488847223994,0.04999959469627524,1.0584905124622068e-07,0.3228572888600593,0.3228163772434289,0.0021814450458926696
3030,1.0,M3,high,0.055400818613554434,0.05540091650376247,9.789020803674386e-08,0.3219337443077445,0.32189575109856494,0.0020330091740270754
