seed,dgp,intensity,pred_cvar,pred_var,true_cvar,cvar_bias,cvar_rel_error,tail_exceedance,exceedance_error,decision_regret,normalized_regret,delta_c
101,radial,0.0,0.054499370571065124,0.040971695727313726,0.054499370571065124,0.0,0.0,0.049999999999999996,-4.85722573273506e-17,9.169095947517136e-06,0.00016827054588344862,-0.0012546282821380705
101,radial,0.25,0.054499370571065124,0.040971695727313726,0.054499370571065124,0.0,0.0,0.049999999999999996,-4.85722573273506e-17,9.169095947517136e-06,0.00016827054588344862,-0.0012546282821380705
101,radial,0.5,0.054499370571065124,0.040971695727313726,0.054499370571065124,0.0,0.0,0.049999999999999996,-4.85722573273506e-17,9.169095947517136e-06,0.00016827054588344862,-0.0012546282821380705
101,radial,0.75,0.054499370571065124,0.040971695727313726,0.054499370571065124,0.0,0.0,0.049999999999999996,-4.85722573273506e-17,9.169095947517136e-06,0.00016827054588344862,-0.0012546282821380705
101,radial,1.0,0.054499370571065124,0.040971695727313726,0.054499370571065124,0.0,0.0,0.049999999999999996,-4.85722573273506e-17,9.169095947517136e-06,0.00016827054588344862,-0.0012546282821380705
101,mean,0.0,0.054499370571065124,0.040971695727313726,0.054499370571065124,0.0,0.0,0.049999999999999996,-4.85722573273506e-17,9.169095947517136e-06,0.00016827054588344862,-0.0012546282821380705
101,mean,0.25,0.054499370571065124,0.040971695727313726,0.05460786979687844,-0.00010849922581331745,0.0019868789282001913,0.050416666666666665,0.0004166666666666208,9.725354305004097e-06,0.0001781260957546509,-0.0010057326185907156
101,mean,0.5,0.054499370571065124,0.040971695727313726,0.05471636902269175,-0.00021699845162662795,0.00396587813669864,0.051,0.0009999999999999523,7.947024064758335e-06,0.00014526143826553396,-0.0007153265974780276
101,mean,0.75,0.054499370571065124,0.040971695727313726,0.05482486824850508,-0.0003254976774399593,0.00593704440774164,0.05158333333333333,0.0015833333333332839,1.0645035769654698e-05,0.00019420207285143925,-0.001374999045350378
101,mean,1.0,0.054499370571065124,0.040971695727313726,0.054933367474318394,-0.0004339969032532698,0.007900424153974638,0.052,0.001999999999999953,7.380510107887761e-06,0.00013437191602395536,-0.0008182110863851344
101,correlation,0.0,0.054499370571065124,0.040971695727313726,0.054499370571065124,0.0,0.0,0.049999999999999996,-4.85722573273506e-17,9.169095947517136e-06,0.00016827054588344862,-0.0012546282821384036
101,correlation,0.25,0.054499370571065124,0.040971695727313726,0.05934814105474523,-0.004848770483680105,0.08170046100024253,0.06316666666666666,0.013166666666666618,2.927421947837572e-07,4.9326505190559745e-06,3.9172974794943194e-05
101,correlation,0.5,0.054499370571065124,0.040971695727313726,0.0638470411891762,-0.009347670618111072,0.14640726404868634,0.07608333333333334,0.026083333333333292,9.980443361062852e-07,1.5632046826177435e-05,4.8222629370431314e-05
101,correlation,0.75,0.054499370571065124,0.040971695727313726,0.0680730832881923,-0.013573712717127172,0.19939911726433607,0.0915,0.041499999999999954,0.0,0.0,0.0
101,correlation,1.0,0.054499370571065124,0.040971695727313726,0.07206351962785658,-0.017564149056791455,0.24373149060016117,0.10283333333333333,0.05283333333333329,2.850184047109572e-08,3.9551012621987843e-07,6.621871538881052e-07
101,combined,0.0,0.054499370571065124,0.040971695727313726,0.054499370571065124,0.0,0.0,0.049999999999999996,-4.85722573273506e-17,9.169095947517136e-06,0.00016827054588344862,-0.0012546282821384036
101,combined,0.25,0.054499370571065124,0.040971695727313726,0.05945664028055855,-0.004957269709493423,0.08337621645120734,0.0635,0.013499999999999956,2.994114416329796e-07,5.0358201876580885e-06,3.837583100085862e-05
101,combined,0.5,0.054499370571065124,0.040971695727313726,0.06406403964080283,-0.009564669069737707,0.14929856317780346,0.07741666666666666,0.027416666666666617,1.0089308107724682e-06,1.574903340648701e-05,4.72130782536162e-05
101,combined,0.75,0.054499370571065124,0.040971695727313726,0.06839858096563224,-0.013899210394567117,0.20320904612847096,0.093,0.042999999999999955,0.0,0.0,0.0
101,combined,1.0,0.054499370571065124,0.040971695727313726,0.07249751653110985,-0.017998145960044724,0.24825879314529942,0.1055,0.05549999999999995,2.9844211948959476e-08,4.116585734599413e-07,6.727589374477816e-07
202,radial,0.0,0.05446016302201713,0.04214237289665933,0.05446016302201713,0.0,0.0,0.049999999999999996,-4.85722573273506e-17,1.316664180461835e-09,2.4176648383554444e-08,7.480643549051536e-08
202,radial,0.25,0.05446016302201713,0.04214237289665933,0.05446016302201713,0.0,0.0,0.049999999999999996,-4.85722573273506e-17,1.316664180461835e-09,2.4176648383554444e-08,7.480643549051536e-08
202,radial,0.5,0.05446016302201713,0.04214237289665933,0.05446016302201713,0.0,0.0,0.049999999999999996,-4.85722573273506e-17,1.316664180461835e-09,2.4176648383554444e-08,7.480643549051536e-08
202,radial,0.75,0.05446016302201713,0.04214237289665933,0.05446016302201713,0.0,0.0,0.049999999999999996,-4.85722573273506e-17,1.316664180461835e-09,2.4176648383554444e-08,7.480643549051536e-08
202,radial,1.0,0.05446016302201713,0.04214237289665933,0.05446016302201713,0.0,0.0,0.049999999999999996,-4.85722573273506e-17,1.316664180461835e-09,2.4176648383554444e-08,7.480643549051536e-08
202,mean,0.0,0.05446016302201713,0.04214237289665933,0.05446016302201713,0.0,0.0,0.049999999999999996,-4.85722573273506e-17,1.316664180461835e-09,2.4176648383554444e-08,7.480643549051536e-08
202,mean,0.25,0.05446016302201713,0.04214237289665933,0.05456866484864774,-0.00010850182663060814,0.0019883540660477956,0.050249999999999996,0.00024999999999995165,1.3621867869795246e-09,2.4962802823959528e-08,8.528963485465724e-08
202,mean,0.5,0.05446016302201713,0.04214237289665933,0.05467716667527835,-0.00021700365326122323,0.003968816719234629,0.050833333333333335,0.0008333333333332901,1.4145428647860392e-09,2.5870815687693382e-08,9.564409297890819e-08
202,mean,0.75,0.05446016302201713,0.04214237289665933,0.05478566850190897,-0.0003255054798918383,0.0059414348458757295,0.051083333333333335,0.0010833333333332903,1.473606327240251e-09,2.6897661508419276e-08,1.0587171650477956e-07
202,mean,1.0,0.05446016302201713,0.04214237289665933,0.05489417032853958,-0.00043400730652244646,0.007906254961591164,0.05125,0.0012499999999999525,1.5358204985549406e-09,2.7977844137766508e-08,1.1571582281266757e-07
202,correlation,0.0,0.05446016302201713,0.04214237289665933,0.05446016302201713,0.0,0.0,0.049999999999999996,-4.85722573273506e-17,1.3166643123008193e-09,2.4176650804388008e-08,7.480641767143581e-08
202,correlation,0.25,0.05446016302201713,0.04214237289665933,0.059206675466919975,-0.004746512444902845,0.08016853517733523,0.06383333333333333,0.01383333333333328,1.4395518024297449e-05,0.0002431992489008023,0.00012906473674290098
202,correlation,0.5,0.05446016302201713,0.04214237289665933,0.06362416996541666,-0.009164006943399527,0.1440334223358935,0.07558333333333334,0.02558333333333329,1.4438399489891118e-08,2.2693266999449667e-07,5.394203453357171e-07
202,correlation,0.75,0.05446016302201713,0.04214237289665933,0.0677465036268051,-0.013286340604787963,0.19611846949295533,0.08716666666666667,0.037166666666666626,3.82385437808358e-05,0.0005647544466535582,0.0013524233627371096
202,correlation,1.0,0.05446016302201713,0.04214237289665933,0.07159815907281103,-0.0171379960507939,0.2393636410869948,0.09808333333333333,0.048083333333333284,3.0954006940975276e-08,4.323298353500628e-07,6.916789795363698e-07
202,combined,0.0,0.05446016302201713,0.04214237289665933,0.05446016302201713,0.0,0.0,0.049999999999999996,-4.85722573273506e-17,1.3166643123008193e-09,2.4176650804388008e-08,7.480641767143581e-08
202,combined,0.25,0.05446016302201713,0.04214237289665933,0.05931517729355059,-0.00485501427153346,0.08185112972866983,0.06408333333333333,0.014083333333333281,1.4303140224873612e-05,0.0002411961110032214,8.092942994231134e-05
202,combined,0.5,0.05446016302201713,0.04214237289665933,0.0638411736186779,-0.009381010596660772,0.14694295334690066,0.076,0.025999999999999954,1.5032273661952367e-08,2.3546367257115654e-07,5.484686981249709e-07
202,combined,0.75,0.05446016302201713,0.04214237289665933,0.06807200910669693,-0.013611846084679802,0.19996245539549776,0.08858333333333333,0.03858333333333329,4.0689295374901624e-05,0.0005980965162479467,0.001375910338193731
202,combined,1.0,0.05446016302201713,0.04214237289665933,0.07203216637933348,-0.017572003357316346,0.24394661774823248,0.09949999999999999,0.04949999999999995,3.233455279916253e-08,4.488906684211369e-07,7.01877800435291e-07
303,radial,0.0,0.05510602476072119,0.04165189795477962,0.05510602476072119,0.0,0.0,0.049999999999999996,-4.85722573273506e-17,3.4619999297880177e-09,6.282434928519061e-08,-1.7329587387315826e-07
303,radial,0.25,0.05510602476072119,0.04165189795477962,0.05510602476072119,0.0,0.0,0.049999999999999996,-4.85722573273506e-17,3.4619999297880177e-09,6.282434928519061e-08,-1.7329587387315826e-07
303,radial,0.5,0.05510602476072119,0.04165189795477962,0.05510602476072119,0.0,0.0,0.049999999999999996,-4.85722573273506e-17,3.4619999297880177e-09,6.282434928519061e-08,-1.7329587387315826e-07
303,radial,0.75,0.05510602476072119,0.04165189795477962,0.05510602476072119,0.0,0.0,0.049999999999999996,-4.85722573273506e-17,3.4619999297880177e-09,6.282434928519061e-08,-1.7329587387315826e-07
303,radial,1.0,0.05510602476072119,0.04165189795477962,0.05510602476072119,0.0,0.0,0.049999999999999996,-4.85722573273506e-17,3.4619999297880177e-09,6.282434928519061e-08,-1.7329587387315826e-07
303,mean,0.0,0.05510602476072119,0.04165189795477962,0.05510602476072119,0.0,0.0,0.049999999999999996,-4.85722573273506e-17,3.4619999297880177e-09,6.282434928519061e-08,-1.7329587387315826e-07
303,mean,0.25,0.05510602476072119,0.04165189795477962,0.05521453471056454,-0.0001085099498433495,0.0019652424929805234,0.050333333333333334,0.0003333333333332897,3.322517434789507e-09,6.017469226423189e-08,-1.6083263254529356e-07
303,mean,0.5,0.05510602476072119,0.04165189795477962,0.05532304466040788,-0.00021701989968669205,0.003922775780307027,0.050499999999999996,0.0004999999999999519,3.1925424318068885e-09,5.770728338681969e-08,-1.4852611751603462e-07
303,mean,0.75,0.05510602476072119,0.04165189795477962,0.05543155461025123,-0.00032552984953004155,0.005872645135408843,0.051,0.0009999999999999523,3.0718987562017297e-09,5.5417874314348154e-08,-1.3637393725396407e-07
303,mean,1.0,0.05510602476072119,0.04165189795477962,0.055540064560094575,-0.0004340397993733841,0.007814895477907688,0.05125,0.0012499999999999525,2.9571155732432963e-09,5.3242929299968324e-08,-1.2423511791537223e-07
303,correlation,0.0,0.05510602476072119,0.04165189795477962,0.05510602476072119,0.0,0.0,0.049999999999999996,-4.85722573273506e-17,3.461999985299169e-09,6.28243502925425e-08,-1.73295873040491e-07
303,correlation,0.25,0.05510602476072119,0.04165189795477962,0.05998622145967099,-0.004880196698949797,0.08135529426921441,0.06233333333333333,0.012333333333333286,3.928516928430881e-09,6.549032578009425e-08,2.5631365957456964e-07
303,correlation,0.5,0.05510602476072119,0.04165189795477962,0.06451790286640319,-0.009411878105681996,0.14588009974798952,0.07516666666666666,0.025166666666666615,1.9519925150854323e-05,0.0003026420859052209,0.0006398307511423784
303,correlation,0.75,0.05510602476072119,0.04165189795477962,0.06874816936780474,-0.013642144607083552,0.19843647812784185,0.08675,0.03674999999999995,1.0381220322819296e-06,1.5100586940429865e-05,3.202986287698106e-05
303,correlation,1.0,0.05510602476072119,0.04165189795477962,0.07275788457782452,-0.01765185981710333,0.24261095439384645,0.09899999999999999,0.048999999999999946,2.833440203298121e-08,3.894342617542792e-07,6.486101893354856e-07
303,combined,0.0,0.05510602476072119,0.04165189795477962,0.05510602476072119,0.0,0.0,0.049999999999999996,-4.85722573273506e-17,3.461999985299169e-09,6.28243502925425e-08,-1.73295873040491e-07
303,combined,0.25,0.05510602476072119,0.04165189795477962,0.06009473140951433,-0.00498870664879314,0.08301404352401044,0.06283333333333332,0.01283333333333328,4.082952080597391e-09,6.794193537829233e-08,2.6363304461707315e-07
303,combined,0.5,0.05510602476072119,0.04165189795477962,0.06473492276608987,-0.009628898005368682,0.14874348487540937,0.07575,0.025749999999999953,2.5205099274852594e-05,0.0003895102649749078,0.0018269766189308312
303,combined,0.75,0.05510602476072119,0.04165189795477962,0.06907369921733479,-0.0139676744566136,0.20221407880104186,0.08841666666666666,0.03841666666666661,2.408282465075906e-05,0.0003487756472650106,0.0015887485985156546
303,combined,1.0,0.05510602476072119,0.04165189795477962,0.0731919243771979,-0.018085899616476712,0.24710239237965936,0.10141666666666667,0.051416666666666624,2.9644556948094092e-08,4.0502513367608835e-07,6.590862210442694e-07
404,radial,0.0,0.053547348665403456,0.04090168544481284,0.053547348665403456,0.0,0.0,0.049999999999999996,-4.85722573273506e-17,2.075607415543551e-05,0.00038777125818446504,0.0023828150916451185
404,radial,0.25,0.053547348665403456,0.04090168544481284,0.053547348665403456,0.0,0.0,0.049999999999999996,-4.85722573273506e-17,2.075607415543551e-05,0.00038777125818446504,0.0023828150916451185
404,radial,0.5,0.053547348665403456,0.04090168544481284,0.053547348665403456,0.0,0.0,0.049999999999999996,-4.85722573273506e-17,2.075607415543551e-05,0.00038777125818446504,0.0023828150916451185
404,radial,0.75,0.053547348665403456,0.04090168544481284,0.053547348665403456,0.0,0.0,0.049999999999999996,-4.85722573273506e-17,2.075607415543551e-05,0.00038777125818446504,0.0023828150916451185
404,radial,1.0,0.053547348665403456,0.04090168544481284,0.053547348665403456,0.0,0.0,0.049999999999999996,-4.85722573273506e-17,2.075607415543551e-05,0.00038777125818446504,0.0023828150916451185
404,mean,0.0,0.053547348665403456,0.04090168544481284,0.053547348665403456,0.0,0.0,0.049999999999999996,-4.85722573273506e-17,2.075607415543551e-05,0.00038777125818446504,0.0023828150916451185
404,mean,0.25,0.053547348665403456,0.04090168544481284,0.053655835122092606,-0.00010848645668914969,0.002021894849689531,0.050499999999999996,0.0004999999999999519,2.1554676691161456e-05,0.0004018824623386839,0.002430539241599472
404,mean,0.5,0.053547348665403456,0.04090168544481284,0.053764321578781755,-0.00021697291337829938,0.004035630079705653,0.050749999999999997,0.0007499999999999521,2.216615397866717e-05,0.0004124537581988578,0.002367489942421308
404,mean,0.75,0.053547348665403456,0.04090168544481284,0.05387280803547092,-0.00032545937006746295,0.006041254984391645,0.050916666666666666,0.0009166666666666212,2.263082376372655e-05,0.000420255325711473,0.002388577393687308
404,mean,1.0,0.053547348665403456,0.04090168544481284,0.05398129449216007,-0.00043394582675661264,0.008038818461821742,0.05175,0.001749999999999953,2.3658375953097832e-05,0.00043846205386287654,0.002254343670018366
404,correlation,0.0,0.053547348665403456,0.04090168544481284,0.053547348665403456,0.0,0.0,0.049999999999999996,-4.85722573273506e-17,2.075607415543551e-05,0.00038777125818446504,0.0023828150916442303
404,correlation,0.25,0.053547348665403456,0.04090168544481284,0.058187950559738584,-0.004640601894335128,0.07975193918491527,0.065,0.014999999999999958,6.84343919032937e-09,1.1760922887557567e-07,3.807123328813944e-07
404,correlation,0.5,0.053547348665403456,0.04090168544481284,0.06250811075675657,-0.00896076209135311,0.14335359016404975,0.077,0.026999999999999955,6.671434879981786e-05,0.0010684314034866238,0.0021590305769911278
404,correlation,0.75,0.053547348665403456,0.04090168544481284,0.06658503079117739,-0.013037682125773935,0.19580500257876948,0.089,0.03899999999999995,2.3544296477412407e-05,0.0003537225160872443,0.0004203011413562163
404,correlation,1.0,0.053547348665403456,0.04090168544481284,0.07049364693594,-0.016946298270536543,0.2403946881331906,0.10183333333333333,0.05183333333333329,7.964024990374241e-05,0.00113102852190821,0.002561439259902931
404,combined,0.0,0.053547348665403456,0.04090168544481284,0.053547348665403456,0.0,0.0,0.049999999999999996,-4.85722573273506e-17,2.075607415543551e-05,0.00038777125818446504,0.0023828150916442303
404,combined,0.25,0.053547348665403456,0.04090168544481284,0.058296437016427734,-0.004749088351024278,0.08146447011308772,0.0655,0.015499999999999958,7.06731384525483e-09,1.2123064570890166e-07,3.8768227439422986e-07
404,combined,0.5,0.053547348665403456,0.04090168544481284,0.06272508367013488,-0.009177735004731423,0.1463168236330499,0.07825,0.028249999999999956,6.48264998427267e-05,0.0010345712381381925,0.002023112667326299
404,combined,0.75,0.053547348665403456,0.04090168544481284,0.06691049016124485,-0.013363141495841398,0.19971668812525672,0.09058333333333334,0.04058333333333329,2.4530539607131585e-05,0.0003667517031361529,0.00042953506212101145
404,combined,1.0,0.053547348665403456,0.04090168544481284,0.07092759276269661,-0.017380244097293156,0.24504206924718944,0.10433333333333333,0.05433333333333329,8.620694564272224e-05,0.0012169008927260334,0.002636041633556352
505,radial,0.0,0.05509663428941091,0.04211960234046825,0.05509663428941091,0.0,0.0,0.049999999999999996,-4.85722573273506e-17,2.4263796388757086e-09,4.40386200903827e-08,6.863464130368868e-09
505,radial,0.25,0.05509663428941091,0.04211960234046825,0.05509663428941091,0.0,0.0,0.049999999999999996,-4.85722573273506e-17,2.4263796388757086e-09,4.40386200903827e-08,6.863464130368868e-09
505,radial,0.5,0.05509663428941091,0.04211960234046825,0.05509663428941091,0.0,0.0,0.049999999999999996,-4.85722573273506e-17,2.4263796388757086e-09,4.40386200903827e-08,6.863464130368868e-09
505,radial,0.75,0.05509663428941091,0.04211960234046825,0.05509663428941091,0.0,0.0,0.049999999999999996,-4.85722573273506e-17,2.4263796388757086e-09,4.40386200903827e-08,6.863464130368868e-09
505,radial,1.0,0.05509663428941091,0.04211960234046825,0.05509663428941091,0.0,0.0,0.049999999999999996,-4.85722573273506e-17,2.4263796388757086e-09,4.40386200903827e-08,6.863464130368868e-09
505,mean,0.0,0.05509663428941091,0.04211960234046825,0.05509663428941091,0.0,0.0,0.049999999999999996,-4.85722573273506e-17,2.4263796388757086e-09,4.40386200903827e-08,6.863464130368868e-09
505,mean,0.25,0.05509663428941091,0.04211960234046825,0.055205123613912006,-0.00010848932450109594,0.0019652039049823994,0.050166666666666665,0.00016666666666662056,2.416763227042207e-09,4.377788101236932e-08,1.7379655103955116e-08
505,mean,0.5,0.05509663428941091,0.04211960234046825,0.05531361293841312,-0.0002169786490022127,0.003922698906755548,0.050666666666666665,0.000666666666666621,2.414295631469887e-09,4.3647406281989514e-08,2.7768731869493024e-08
505,mean,0.75,0.05509663428941091,0.04211960234046825,0.05542210226291424,-0.00032546797350332946,0.005872530276086562,0.051083333333333335,0.0010833333333332903,2.418847074026065e-09,4.364408928625244e-08,3.803246811928673e-08
505,mean,1.0,0.05509663428941091,0.04211960234046825,0.055530591587415336,-0.0004339572980044254,0.007814742929963155,0.05125,0.0012499999999999525,2.430292043997806e-09,4.3764924537741114e-08,4.8172661526457716e-08
505,correlation,0.0,0.05509663428941091,0.04211960234046825,0.05509663428941091,0.0,0.0,0.049999999999999996,-4.85722573273506e-17,2.426379618059027e-09,4.4038619712561374e-08,6.863465240591893e-09
505,correlation,0.25,0.05509663428941091,0.04211960234046825,0.06001288875526257,-0.004916254465851658,0.08191997698861894,0.06225,0.012249999999999955,1.9323114861587165e-05,0.0003220864546943107,0.0008882587007389975
505,correlation,0.5,0.05509663428941091,0.04211960234046825,0.06455295697424919,-0.00945632268483828,0.14648938062760625,0.07466666666666666,0.024666666666666615,1.4300978942727305e-08,2.2153876106176304e-07,5.198870400291433e-07
505,correlation,0.75,0.05509663428941091,0.04211960234046825,0.06878898404488001,-0.013692349755469103,0.1990485823505665,0.08775,0.03774999999999995,4.817321698354082e-05,0.0007007950066831495,0.0012898653137650151
505,correlation,1.0,0.05509663428941091,0.04211960234046825,0.07282704566706694,-0.017730411377656026,0.2434591601959474,0.09891666666666667,0.04891666666666662,7.880331320234135e-05,0.0010832332253337953,0.0012143733691482028
505,combined,0.0,0.05509663428941091,0.04211960234046825,0.05509663428941091,0.0,0.0,0.049999999999999996,-4.85722573273506e-17,2.426379618059027e-09,4.4038619712561374e-08,6.863465240591893e-09
505,combined,0.25,0.05509663428941091,0.04211960234046825,0.060121378079763685,-0.0050247437903527745,0.08357665693701152,0.06233333333333333,0.012333333333333286,2.0157098629500214e-05,0.00033538584242452483,0.000873213806143025
505,combined,0.5,0.05509663428941091,0.04211960234046825,0.0647699356232514,-0.009673301333840485,0.14934863283032077,0.0755,0.025499999999999953,1.4868258430000836e-08,2.295549887461407e-07,5.287182015534242e-07
505,combined,0.75,0.05509663428941091,0.04211960234046825,0.06911445201838334,-0.014017817728972433,0.20282035550602234,0.089,0.03899999999999995,4.507029676500962e-05,0.0006525365602180114,0.0013008811290955435
505,combined,1.0,0.05509663428941091,0.04211960234046825,0.07326100296507139,-0.01816436867566048,0.24794048594066745,0.10133333333333333,0.051333333333333286,7.91430442064478e-05,0.0010814571301143339,0.0011874620956535686
606,radial,0.0,0.055866452920414277,0.04241874509044871,0.055866452920414277,0.0,0.0,0.049999999999999996,-4.85722573273506e-17,1.3404019860357996e-05,0.0002399872544867477,-0.0005161032593615777
606,radial,0.25,0.055866452920414277,0.04241874509044871,0.055866452920414277,0.0,0.0,0.049999999999999996,-4.85722573273506e-17,1.3404019860357996e-05,0.0002399872544867477,-0.0005161032593615777
606,radial,0.5,0.055866452920414277,0.04241874509044871,0.055866452920414277,0.0,0.0,0.049999999999999996,-4.85722573273506e-17,1.3404019860357996e-05,0.0002399872544867477,-0.0005161032593615777
606,radial,0.75,0.055866452920414277,0.04241874509044871,0.055866452920414277,0.0,0.0,0.049999999999999996,-4.85722573273506e-17,1.3404019860357996e-05,0.0002399872544867477,-0.0005161032593615777
606,radial,1.0,0.055866452920414277,0.04241874509044871,0.055866452920414277,0.0,0.0,0.049999999999999996,-4.85722573273506e-17,1.3404019860357996e-05,0.0002399872544867477,-0.0005161032593615777
606,mean,0.0,0.055866452920414277,0.04241874509044871,0.055866452920414277,0.0,0.0,0.049999999999999996,-4.85722573273506e-17,1.3404019860357996e-05,0.0002399872544867477,-0.0005161032593615777
606,mean,0.25,0.055866452920414277,0.04241874509044871,0.05597495035049233,-0.00010849743007805557,0.001938321148990555,0.050249999999999996,0.00024999999999995165,1.2296452766097365e-05,0.00021972604781341455,-0.0004494384744279101
606,mean,0.5,0.055866452920414277,0.04241874509044871,0.05608344778057036,-0.00021699486015608338,0.0038691426569402074,0.050666666666666665,0.000666666666666621,1.3908057188878609e-05,0.0002480501401918737,-0.000555102275242525
606,mean,0.75,0.055866452920414277,0.04241874509044871,0.056191945210648395,-0.00032549229023411813,0.005792507965580042,0.051333333333333335,0.0013333333333332906,1.3274622957984428e-05,0.0002362929350074919,-0.0005540837716513369
606,mean,1.0,0.055866452920414277,0.04241874509044871,0.05630044264072642,-0.00043398972031214594,0.00770846018177143,0.052,0.001999999999999953,1.2444718028595259e-05,0.0002210900811516871,-0.0005634201318232002
606,correlation,0.0,0.055866452920414277,0.04241874509044871,0.0558664529204143,-2.0816681711721685e-17,3.726150600858178e-16,0.049999999999999996,-4.85722573273506e-17,1.3404019860371874e-05,0.00023998725448699614,-0.0005161032593620218
606,correlation,0.25,0.055866452920414277,0.04241874509044871,0.06082341134245559,-0.004956958422041316,0.08149754038181166,0.06358333333333333,0.01358333333333328,1.0301101922738365e-05,0.00016938949318649592,0.0001749869614998678
606,correlation,0.5,0.055866452920414277,0.04241874509044871,0.06541196179421062,-0.009545508873796342,0.14592910244500848,0.07516666666666666,0.025166666666666615,3.285313849227256e-05,0.0005025020861828326,0.0011093948618942084
606,correlation,0.75,0.055866452920414277,0.04241874509044871,0.06971142862266586,-0.013844975702251579,0.1986041023085567,0.08775,0.03774999999999995,7.653709624411142e-08,1.097914384878998e-06,1.8901042965202564e-06
606,correlation,1.0,0.055866452920414277,0.04241874509044871,0.07376784456406228,-0.017901391643648006,0.24267201718361017,0.09966666666666667,0.04966666666666662,7.529117649951456e-06,0.00010207545350618031,7.7307528034809e-05
606,combined,0.0,0.055866452920414277,0.04241874509044871,0.0558664529204143,-2.0816681711721685e-17,3.726150600858178e-16,0.049999999999999996,-4.85722573273506e-17,1.3404019860371874e-05,0.00023998725448699614,-0.0005161032593620218
606,combined,0.25,0.055866452920414277,0.04241874509044871,0.060931908772533634,-0.005065455852119358,0.0831330571151042,0.06366666666666666,0.013666666666666619,9.604109403274497e-06,0.00015764520821036533,0.00015137637999140807
606,combined,0.5,0.055866452920414277,0.04241874509044871,0.0656289566543667,-0.009762503733952425,0.14875299306320552,0.0765,0.026499999999999954,3.445690279695046e-05,0.0005253017086409882,0.0011452296379484972
606,combined,0.75,0.055866452920414277,0.04241874509044871,0.07003692091289997,-0.01417046799248569,0.2023285405437585,0.08925,0.03924999999999995,7.845901063563421e-08,1.1202533964504445e-06,1.8930780306680717e-06
606,combined,1.0,0.055866452920414277,0.04241874509044871,0.07420183428437442,-0.018335381363960145,0.247101457002947,0.10183333333333333,0.05183333333333329,4.576745914683378e-06,6.168349163459373e-05,2.394484088208415e-05
707,radial,0.0,0.05529164216557673,0.041709975079609135,0.05529164216557673,0.0,0.0,0.049999999999999996,-4.85722573273506e-17,1.5583566659316261e-09,2.8184308673382602e-08,-7.467998941468323e-09
707,radial,0.25,0.05529164216557673,0.041709975079609135,0.05529164216557673,0.0,0.0,0.049999999999999996,-4.85722573273506e-17,1.5583566659316261e-09,2.8184308673382602e-08,-7.467998941468323e-09
707,radial,0.5,0.05529164216557673,0.041709975079609135,0.05529164216557673,0.0,0.0,0.049999999999999996,-4.85722573273506e-17,1.5583566659316261e-09,2.8184308673382602e-08,-7.467998941468323e-09
707,radial,0.75,0.05529164216557673,0.041709975079609135,0.05529164216557673,0.0,0.0,0.049999999999999996,-4.85722573273506e-17,1.5583566659316261e-09,2.8184308673382602e-08,-7.467998941468323e-09
707,radial,1.0,0.05529164216557673,0.041709975079609135,0.05529164216557673,0.0,0.0,0.049999999999999996,-4.85722573273506e-17,1.5583566659316261e-09,2.8184308673382602e-08,-7.467998941468323e-09
707,mean,0.0,0.05529164216557673,0.041709975079609135,0.05529164216557673,0.0,0.0,0.049999999999999996,-4.85722573273506e-17,1.5583566659316261e-09,2.8184308673382602e-08,-7.467998941468323e-09
707,mean,0.25,0.05529164216557673,0.041709975079609135,0.05540012331289198,-0.00010848114731525083,0.0019581390947916275,0.050416666666666665,0.0004166666666666208,1.5447260484635628e-09,2.788308038252715e-08,-2.0794890809305855e-09
707,mean,0.5,0.05529164216557673,0.041709975079609135,0.055508604460207236,-0.0002169622946305086,0.003908624559027485,0.050833333333333335,0.0008333333333332901,1.5348302212503384e-09,2.765031257071426e-08,3.2435431562838346e-09
707,mean,0.75,0.05529164216557673,0.041709975079609135,0.055617085607522494,-0.00032544344194576635,0.00585150117793566,0.051333333333333335,0.0013333333333332906,1.5286020088600694e-09,2.7484396821145592e-08,8.502129833498628e-09
707,mean,1.0,0.05529164216557673,0.041709975079609135,0.05572556675483776,-0.00043392458926103106,0.007786813388010277,0.0515,0.0014999999999999528,1.525974735461233e-09,2.7383746206864048e-08,1.3697252276845262e-08
707,correlation,0.0,0.05529164216557673,0.041709975079609135,0.05529164216557673,0.0,0.0,0.049999999999999996,-4.85722573273506e-17,1.558356679809414e-09,2.8184308924375124e-08,-7.467997664711845e-09
707,correlation,0.25,0.05529164216557673,0.041709975079609135,0.06027598912330687,-0.004984346957730139,0.08269208071448877,0.06341666666666666,0.013416666666666618,2.2093163420298934e-05,0.000366667799124678,0.0008795897262036667
707,correlation,0.5,0.05529164216557673,0.041709975079609135,0.06490270096772427,-0.009611058802147542,0.1480841114289999,0.07608333333333334,0.026083333333333292,1.327844242893228e-08,2.045900239525074e-07,4.865744387960724e-07
707,correlation,0.75,0.05529164216557673,0.041709975079609135,0.06925480836024145,-0.013963166194664721,0.20162016941889116,0.08808333333333333,0.03808333333333329,1.664156925601512e-05,0.0002403525400412796,0.0007543112955414877
707,correlation,1.0,0.05529164216557673,0.041709975079609135,0.07334907954809014,-0.018057437382513412,0.24618492138915452,0.09799999999999999,0.047999999999999945,0.0,0.0,0.0
707,combined,0.0,0.05529164216557673,0.041709975079609135,0.05529164216557673,0.0,0.0,0.049999999999999996,-4.85722573273506e-17,1.558356679809414e-09,2.8184308924375124e-08,-7.467997664711845e-09
707,combined,0.25,0.05529164216557673,0.041709975079609135,0.06038447027062212,-0.00509282810504539,0.08434003117392787,0.06408333333333333,0.014083333333333281,2.30211589579421e-05,0.00038138844074725036,0.0008882121931728659
707,combined,0.5,0.05529164216557673,0.041709975079609135,0.06511966326235481,-0.009828021096778085,0.1509224803141694,0.07708333333333334,0.027083333333333293,1.3811621887849235e-08,2.120960724504297e-07,4.95710701264862e-07
707,combined,0.75,0.05529164216557673,0.041709975079609135,0.06958025180218722,-0.014288609636610487,0.2053543824077011,0.08916666666666666,0.039166666666666614,1.5421518406430468e-05,0.0002216855606995714,0.0007277355241719907
707,combined,1.0,0.05529164216557673,0.041709975079609135,0.07378300413735117,-0.018491361971774443,0.2506181767463919,0.09933333333333333,0.049333333333333285,0.0,0.0,0.0
808,radial,0.0,0.055378055474879874,0.041845811356700034,0.055378055474879874,0.0,0.0,0.049999999999999996,-4.85722573273506e-17,1.2412135039455152e-05,0.00022418478844846252,0.0007176165737117768
808,radial,0.25,0.055378055474879874,0.041845811356700034,0.055378055474879874,0.0,0.0,0.049999999999999996,-4.85722573273506e-17,1.2412135039455152e-05,0.00022418478844846252,0.0007176165737117768
808,radial,0.5,0.055378055474879874,0.041845811356700034,0.055378055474879874,0.0,0.0,0.049999999999999996,-4.85722573273506e-17,1.2412135039455152e-05,0.00022418478844846252,0.0007176165737117768
808,radial,0.75,0.055378055474879874,0.041845811356700034,0.055378055474879874,0.0,0.0,0.049999999999999996,-4.85722573273506e-17,1.2412135039455152e-05,0.00022418478844846252,0.0007176165737117768
808,radial,1.0,0.055378055474879874,0.041845811356700034,0.055378055474879874,0.0,0.0,0.049999999999999996,-4.85722573273506e-17,1.2412135039455152e-05,0.00022418478844846252,0.0007176165737117768
808,mean,0.0,0.055378055474879874,0.041845811356700034,0.055378055474879874,0.0,0.0,0.049999999999999996,-4.85722573273506e-17,1.2412135039455152e-05,0.00022418478844846252,0.0007176165737117768
808,mean,0.25,0.055378055474879874,0.041845811356700034,0.055486561977494554,-0.00010850650261468031,0.0019555456086590975,0.050499999999999996,0.0004999999999999519,1.279826236735837e-05,0.00023070838375201862,0.0007475565503907711
808,mean,0.5,0.055378055474879874,0.041845811356700034,0.05559506848010923,-0.00021701300522935368,0.0039034578275049065,0.050916666666666666,0.0009166666666666212,1.2908047964672875e-05,0.00023223364950758244,0.0007727073827538677
808,mean,0.75,0.055378055474879874,0.041845811356700034,0.055703574982723915,-0.00032551950784404093,0.005843781264398175,0.051333333333333335,0.0013333333333332906,1.2959402376250262e-05,0.0002327035217909035,0.0007029085637126342
808,mean,1.0,0.055378055474879874,0.041845811356700034,0.05581208148533859,-0.0004340260104587143,0.00777656018030307,0.05175,0.001749999999999953,1.3489953820784717e-05,0.00024176154720975213,0.0006985383501190712
808,correlation,0.0,0.055378055474879874,0.041845811356700034,0.05537805547487988,-6.938893903907228e-18,1.253004253111558e-16,0.049999999999999996,-4.85722573273506e-17,1.2412135039475969e-05,0.00022418478844883857,0.0007176165737133311
808,correlation,0.25,0.055378055474879874,0.041845811356700034,0.06016275209907509,-0.004784696624195214,0.07952921795059924,0.0635,0.013499999999999956,5.636230232530792e-09,9.368306076271967e-08,2.4905393786189833e-07
808,correlation,0.5,0.055378055474879874,0.041845811356700034,0.06459675010388281,-0.00921869462900294,0.14271143074810536,0.0755,0.025499999999999953,1.815720691855649e-08,2.810855343819115e-07,5.749110559283288e-07
808,correlation,0.75,0.055378055474879874,0.041845811356700034,0.06872510090693176,-0.01334704543205189,0.19420917911967267,0.0875,0.03749999999999995,2.8363765711136857e-08,4.1271350704390517e-07,6.81004653169115e-07
808,correlation,1.0,0.055378055474879874,0.041845811356700034,0.07263402925171207,-0.017255973776832197,0.23757423283006776,0.0975,0.04749999999999996,3.860455856374845e-08,5.314943901579686e-07,7.483044617284662e-07
808,combined,0.0,0.055378055474879874,0.041845811356700034,0.05537805547487988,-6.938893903907228e-18,1.253004253111558e-16,0.049999999999999996,-4.85722573273506e-17,1.2412135039475969e-05,0.00022418478844883857,0.0007176165737133311
808,combined,0.25,0.055378055474879874,0.041845811356700034,0.06027125860168975,-0.004893203126809874,0.08118634387821942,0.064,0.013999999999999957,0.0,0.0,0.0
808,combined,0.5,0.055378055474879874,0.041845811356700034,0.06481376310911219,-0.009435707634232314,0.1455818514710766,0.07658333333333334,0.026583333333333292,1.8769287846165383e-08,2.8958808100572474e-07,5.833098338237086e-07
808,combined,0.75,0.055378055474879874,0.041845811356700034,0.0690506204147758,-0.01367256493989593,0.19800785072990024,0.08908333333333333,0.03908333333333329,2.9388524530604698e-08,4.2560858775896547e-07,6.898675493638429e-07
808,combined,1.0,0.055378055474879874,0.041845811356700034,0.07306805526217078,-0.017689999787290904,0.24210306027467896,0.09966666666666667,0.04966666666666662,4.0026496089806685e-08,5.477977739056496e-07,7.56877084284735e-07
909,radial,0.0,0.05578274240413517,0.042050910178203504,0.05578274240413517,0.0,0.0,0.049999999999999996,-4.85722573273506e-17,3.2828664717210465e-09,5.885093710770046e-08,6.434982274816647e-08
909,radial,0.25,0.05578274240413517,0.042050910178203504,0.05578274240413517,0.0,0.0,0.049999999999999996,-4.85722573273506e-17,3.2828664717210465e-09,5.885093710770046e-08,6.434982274816647e-08
909,radial,0.5,0.05578274240413517,0.042050910178203504,0.05578274240413517,0.0,0.0,0.049999999999999996,-4.85722573273506e-17,3.2828664717210465e-09,5.885093710770046e-08,6.434982274816647e-08
909,radial,0.75,0.05578274240413517,0.042050910178203504,0.05578274240413517,0.0,0.0,0.049999999999999996,-4.85722573273506e-17,3.2828664717210465e-09,5.885093710770046e-08,6.434982274816647e-08
909,radial,1.0,0.05578274240413517,0.042050910178203504,0.05578274240413517,0.0,0.0,0.049999999999999996,-4.85722573273506e-17,3.2828664717210465e-09,5.885093710770046e-08,6.434982274816647e-08
909,mean,0.0,0.05578274240413517,0.042050910178203504,0.05578274240413517,0.0,0.0,0.049999999999999996,-4.85722573273506e-17,3.2828664717210465e-09,5.885093710770046e-08,6.434982274816647e-08
909,mean,0.25,0.05578274240413517,0.042050910178203504,0.05589124037671089,-0.00010849797257572041,0.001941233936560299,0.050416666666666665,0.0004166666666666208,3.3090379533695646e-09,5.9204951025918276e-08,7.457757977835655e-08
909,mean,0.5,0.05578274240413517,0.042050910178203504,0.05599973834928662,-0.00021699594515144777,0.003874945697031316,0.050583333333333334,0.0005833333333332899,3.3421101511277307e-09,5.968082082351698e-08,8.468143813944451e-08
909,mean,0.75,0.05578274240413517,0.042050910178203504,0.05610823632186235,-0.0003254939177271751,0.005801178918902281,0.050749999999999997,0.0007499999999999521,3.3819548134195188e-09,6.027555380404913e-08,9.466320632922631e-08
909,mean,1.0,0.05578274240413517,0.042050910178203504,0.056216734294438075,-0.00043399189030290247,0.007719976902782138,0.051166666666666666,0.0011666666666666214,3.4284494895842066e-09,6.098628356310979e-08,1.0452478105271723e-07
909,correlation,0.0,0.05578274240413517,0.042050910178203504,0.05578274240413517,0.0,0.0,0.049999999999999996,-4.85722573273506e-17,3.2828664786599404e-09,5.885093723209188e-08,6.434982330327799e-08
909,correlation,0.25,0.05578274240413517,0.042050910178203504,0.06061439462344012,-0.004831652219304948,0.0797113004150421,0.062,0.011999999999999955,4.196606261903241e-05,0.0006928245014461335,0.002547492715196553
909,correlation,0.5,0.05578274240413517,0.042050910178203504,0.06506590189552676,-0.009283159491391586,0.14267318550808866,0.07283333333333333,0.02283333333333329,1.7008610228574916e-08,2.614059619435839e-07,5.645292362466137e-07
909,correlation,0.75,0.05578274240413517,0.042050910178203504,0.06919648924166164,-0.013413746837526462,0.19385010691337717,0.08583333333333333,0.035833333333333287,2.6160739343236705e-05,0.0003782075336299707,0.0006468741106636644
909,correlation,1.0,0.05578274240413517,0.042050910178203504,0.07307281865209443,-0.01729007624795926,0.23661433302961396,0.09625,0.04624999999999996,3.637298477687789e-08,4.977637862199801e-07,7.305630277953945e-07
909,combined,0.0,0.05578274240413517,0.042050910178203504,0.05578274240413517,0.0,0.0,0.049999999999999996,-4.85722573273506e-17,3.2828664786599404e-09,5.885093723209188e-08,6.434982330327799e-08
909,combined,0.25,0.05578274240413517,0.042050910178203504,0.060722892596015855,-0.004940150191880682,0.08135564662156451,0.06241666666666666,0.012416666666666618,4.326917535302233e-05,0.0007130758715006817,0.0026037213735257136
909,combined,0.5,0.05578274240413517,0.042050910178203504,0.06528289784067823,-0.009500155436543055,0.14552288196103086,0.07375,0.02374999999999995,1.7620683898100786e-08,2.6991278323997814e-07,5.729456973302405e-07
909,combined,0.75,0.05578274240413517,0.042050910178203504,0.06952198315938883,-0.013739240755253658,0.19762440786182026,0.08783333333333333,0.03783333333333329,2.1842631554608305e-05,0.0003142818329390358,0.0005288059784951393
909,combined,1.0,0.05578274240413517,0.042050910178203504,0.07350681054239733,-0.017724068138262154,0.24112144177496656,0.09766666666666667,0.04766666666666662,3.77910058385611e-08,5.141159708694423e-07,7.394548298678139e-07
1010,radial,0.0,0.054644136893928566,0.04205603233741511,0.054644136893928566,0.0,0.0,0.049999999999999996,-4.85722573273506e-17,2.307288901604032e-09,4.222390781842774e-08,-1.0418561202651944e-07
1010,radial,0.25,0.054644136893928566,0.04205603233741511,0.054644136893928566,0.0,0.0,0.049999999999999996,-4.85722573273506e-17,2.307288901604032e-09,4.222390781842774e-08,-1.0418561202651944e-07
1010,radial,0.5,0.054644136893928566,0.04205603233741511,0.054644136893928566,0.0,0.0,0.049999999999999996,-4.85722573273506e-17,2.307288901604032e-09,4.222390781842774e-08,-1.0418561202651944e-07
1010,radial,0.75,0.054644136893928566,0.04205603233741511,0.054644136893928566,0.0,0.0,0.049999999999999996,-4.85722573273506e-17,2.307288901604032e-09,4.222390781842774e-08,-1.0418561202651944e-07
1010,radial,1.0,0.054644136893928566,0.04205603233741511,0.054644136893928566,0.0,0.0,0.049999999999999996,-4.85722573273506e-17,2.307288901604032e-09,4.222390781842774e-08,-1.0418561202651944e-07
1010,mean,0.0,0.054644136893928566,0.04205603233741511,0.054644136893928566,0.0,0.0,0.049999999999999996,-4.85722573273506e-17,2.307288901604032e-09,4.222390781842774e-08,-1.0418561202651944e-07
1010,mean,0.25,0.054644136893928566,0.04205603233741511,0.05475262861946997,-0.00010849172554140696,0.001981488894267031,0.050333333333333334,0.0003333333333332897,2.2204151642335468e-09,4.055358272771144e-08,-9.817970320069591e-08
1010,mean,0.5,0.054644136893928566,0.04205603233741511,0.05486112034501138,-0.00021698345108281392,0.0039551407211199,0.050583333333333334,0.0005833333333332899,2.138310882526806e-09,3.89768009188271e-08,-9.225082536756801e-08
1010,mean,0.75,0.054644136893928566,0.04205603233741511,0.05496961207055277,-0.000325475176624207,0.005921001883849278,0.050916666666666666,0.0009166666666666212,2.0608853720793796e-09,3.749135880201689e-08,-8.639769139007214e-08
1010,mean,1.0,0.054644136893928566,0.04205603233741511,0.05507810379609419,-0.0004339669021656209,0.007879118420129694,0.051166666666666666,0.0011666666666666214,1.988049842804873e-09,3.609510454324538e-08,-8.06190529334394e-08
1010,correlation,0.0,0.054644136893928566,0.04205603233741511,0.054644136893928566,0.0,0.0,0.049999999999999996,-4.85722573273506e-17,2.3072888530317748e-09,4.222390692954442e-08,-1.0418560952851763e-07
1010,correlation,0.25,0.054644136893928566,0.04205603233741511,0.05957994976977059,-0.004935812875842022,0.08284352193842118,0.06358333333333333,0.01358333333333328,8.154206654391316e-06,0.0001368803236046822,0.0004621811476406834
1010,correlation,0.5,0.054644136893928566,0.04205603233741511,0.06416383545612696,-0.009519698562198392,0.1483654849265929,0.0765,0.026499999999999954,1.5786150442398394e-09,2.4602879049487582e-08,6.689752157784667e-08
1010,correlation,0.75,0.054644136893928566,0.04205603233741511,0.06849870874954636,-0.013854571855617795,0.20226033612216884,0.08866666666666666,0.03866666666666661,1.509133218045855e-05,0.00022036412137060575,3.871112104192331e-05
1010,correlation,1.0,0.054644136893928566,0.04205603233741511,0.07262602278521557,-0.017981885891287006,0.24759563034956067,0.09941666666666667,0.04941666666666662,8.705313492937683e-06,0.00011987930422144214,0.0005478411075458545
1010,combined,0.0,0.054644136893928566,0.04205603233741511,0.054644136893928566,0.0,0.0,0.049999999999999996,-4.85722573273506e-17,2.3072888530317748e-09,4.222390692954442e-08,-1.0418560952851763e-07
1010,combined,0.25,0.054644136893928566,0.04205603233741511,0.05968844149531199,-0.005044304601383422,0.08451057650382124,0.06383333333333333,0.01383333333333328,8.463099688556242e-06,0.0001418080219877706,0.00038814837324313567
1010,combined,0.5,0.054644136893928566,0.04205603233741511,0.06438081890720979,-0.00973668201328122,0.15123575901254718,0.07766666666666666,0.027666666666666617,0.0,0.0,0.0
1010,combined,0.75,0.054644136893928566,0.04205603233741511,0.06882418392617058,-0.014180047032242016,0.20603291202774457,0.09,0.03999999999999995,1.4286663533230604e-05,0.00020762512518657732,-1.610786426242683e-06
1010,combined,1.0,0.054644136893928566,0.04205603233741511,0.07305998968738117,-0.018415852793452606,0.2520648151231996,0.10133333333333333,0.051333333333333286,6.102095816293285e-06,8.352869391988195e-05,0.0004610023338901259
1111,radial,0.0,0.05687636832400186,0.043559699182937936,0.05687636832400186,0.0,0.0,0.049999999999999996,-4.85722573273506e-17,8.315873464802281e-06,0.00014623102262971462,-0.0005454182675103669
1111,radial,0.25,0.05687636832400186,0.043559699182937936,0.05687636832400186,0.0,0.0,0.049999999999999996,-4.85722573273506e-17,8.315873464802281e-06,0.00014623102262971462,-0.0005454182675103669
1111,radial,0.5,0.05687636832400186,0.043559699182937936,0.05687636832400186,0.0,0.0,0.049999999999999996,-4.85722573273506e-17,8.315873464802281e-06,0.00014623102262971462,-0.0005454182675103669
1111,radial,0.75,0.05687636832400186,0.043559699182937936,0.05687636832400186,0.0,0.0,0.049999999999999996,-4.85722573273506e-17,8.315873464802281e-06,0.00014623102262971462,-0.0005454182675103669
1111,radial,1.0,0.05687636832400186,0.043559699182937936,0.05687636832400186,0.0,0.0,0.049999999999999996,-4.85722573273506e-17,8.315873464802281e-06,0.00014623102262971462,-0.0005454182675103669
1111,mean,0.0,0.05687636832400186,0.043559699182937936,0.05687636832400186,0.0,0.0,0.049999999999999996,-4.85722573273506e-17,8.315873464802281e-06,0.00014623102262971462,-0.0005454182675103669
1111,mean,0.25,0.05687636832400186,0.043559699182937936,0.056984869429282964,-0.00010850110528110718,0.0019040335858934413,0.050416666666666665,0.0004166666666666208,8.261999718151003e-06,0.00014500687371329698,-0.0005766985504312983
1111,mean,0.5,0.05687636832400186,0.043559699182937936,0.05709337053456409,-0.00021700221056223518,0.003800830263311621,0.050833333333333335,0.0008333333333332901,7.811035279088607e-06,0.00013683031834323074,-0.0006635635567379117
1111,mean,0.75,0.05687636832400186,0.043559699182937936,0.057201871639845185,-0.0003255033158433285,0.005690431213383448,0.051416666666666666,0.0014166666666666217,7.4141660709528545e-06,0.00012963084883447882,-0.0006092233460929242
1111,mean,1.0,0.05687636832400186,0.043559699182937936,0.05731037274512629,-0.00043400442112443566,0.007572877305380005,0.05158333333333333,0.0015833333333332839,7.267207954256283e-06,0.00012682049054989013,-0.0007108046109345345
1111,correlation,0.0,0.05687636832400186,0.043559699182937936,0.056876368324001864,-6.938893903907228e-18,1.2199959505816428e-16,0.049999999999999996,-4.85722573273506e-17,8.315873464823098e-06,0.0001462310226300807,-0.0005454182675111996
1111,correlation,0.25,0.05687636832400186,0.043559699182937936,0.06180114320746803,-0.004924774883466175,0.07968743987362141,0.06025,0.010249999999999954,9.654395845271058e-09,1.562171321174922e-07,4.4941378440910285e-07
1111,correlation,0.5,0.05687636832400186,0.043559699182937936,0.0663129424966701,-0.009436574172668237,0.14230365623033686,0.07216666666666667,0.022166666666666626,4.243989692766237e-05,0.0006404040298892696,0.0010127477656514672
1111,correlation,0.75,0.05687636832400186,0.043559699182937936,0.07050407738083114,-0.013627709056829286,0.1932896587415585,0.08308333333333333,0.033083333333333284,0.0,0.0,0.0
1111,correlation,1.0,0.05687636832400186,0.043559699182937936,0.0744300320651122,-0.017553663741110344,0.2358411417283041,0.09291666666666666,0.04291666666666662,6.05779021093239e-05,0.0008145535393677803,0.001506294990331336
1111,combined,0.0,0.05687636832400186,0.043559699182937936,0.056876368324001864,-6.938893903907228e-18,1.2199959505816428e-16,0.049999999999999996,-4.85722573273506e-17,8.315873464823098e-06,0.0001462310226300807,-0.0005454182675111996
1111,combined,0.25,0.05687636832400186,0.043559699182937936,0.06190964431274914,-0.005033275988747282,0.0813003538401976,0.06075,0.010749999999999954,9.91081968576557e-09,1.6008525622074573e-07,4.549069471115885e-07
1111,combined,0.5,0.05687636832400186,0.043559699182937936,0.06652994470723232,-0.009653576383230465,0.14510122360256594,0.07333333333333333,0.02333333333333329,4.403639833090722e-05,0.0006623418322918729,0.0010395507091467415
1111,combined,0.75,0.05687636832400186,0.043559699182937936,0.07082958069667447,-0.013953212372672615,0.196996964198148,0.08424999999999999,0.03424999999999995,0.0,0.0,0.0
1111,combined,1.0,0.05687636832400186,0.043559699182937936,0.07486403648623663,-0.017987668162234773,0.24027115029446366,0.09633333333333333,0.04633333333333328,6.384861345472281e-05,0.0008535889450346672,0.0015307920288315513
1212,radial,0.0,0.05376129724719517,0.04097117848689414,0.05376129724719517,0.0,0.0,0.049999999999999996,-4.85722573273506e-17,1.7190339360317886e-09,3.1975307126505623e-08,3.500730594296897e-09
1212,radial,0.25,0.05376129724719517,0.04097117848689414,0.05376129724719517,0.0,0.0,0.049999999999999996,-4.85722573273506e-17,1.7190339360317886e-09,3.1975307126505623e-08,3.500730594296897e-09
1212,radial,0.5,0.05376129724719517,0.04097117848689414,0.05376129724719517,0.0,0.0,0.049999999999999996,-4.85722573273506e-17,1.7190339360317886e-09,3.1975307126505623e-08,3.500730594296897e-09
1212,radial,0.75,0.05376129724719517,0.04097117848689414,0.05376129724719517,0.0,0.0,0.049999999999999996,-4.85722573273506e-17,1.7190339360317886e-09,3.1975307126505623e-08,3.500730594296897e-09
1212,radial,1.0,0.05376129724719517,0.04097117848689414,0.05376129724719517,0.0,0.0,0.049999999999999996,-4.85722573273506e-17,1.7190339360317886e-09,3.1975307126505623e-08,3.500730594296897e-09
1212,mean,0.0,0.05376129724719517,0.04097117848689414,0.05376129724719517,0.0,0.0,0.049999999999999996,-4.85722573273506e-17,1.7190339360317886e-09,3.1975307126505623e-08,3.500730594296897e-09
1212,mean,0.25,0.05376129724719517,0.04097117848689414,0.05386979673778359,-0.00010849949058842207,0.002014106181178922,0.050416666666666665,0.0004166666666666208,1.7129071286370312e-09,3.179717182599321e-08,1.1624782469965567e-08
1212,mean,0.5,0.05376129724719517,0.04097117848689414,0.053978296228372004,-0.0002169989811768372,0.004020115423035128,0.050916666666666666,0.0009166666666666212,1.7122462475649414e-09,3.172101421347086e-08,1.9648486559997735e-08
1212,mean,0.75,0.05376129724719517,0.04097117848689414,0.054086795718960426,-0.00032549847176525926,0.006018076453568758,0.051333333333333335,0.0013333333333332906,1.7169499988423098e-09,3.1744347775142486e-08,2.757344952364349e-08
1212,mean,1.0,0.05376129724719517,0.04097117848689414,0.05419529520954884,-0.0004339979623536744,0.008008037610563784,0.05175,0.001749999999999953,1.7269208979486805e-09,3.18647762005798e-08,3.5401149456326664e-08
1212,correlation,0.0,0.05376129724719517,0.04097117848689414,0.05376129724719517,0.0,0.0,0.049999999999999996,-4.85722573273506e-17,1.7190339360317886e-09,3.1975307126505623e-08,3.500730816341502e-09
1212,correlation,0.25,0.05376129724719517,0.04097117848689414,0.058599018538576644,-0.004837721291381478,0.08255635353682128,0.064,0.013999999999999957,6.63552881328966e-07,1.1323745888275337e-05,6.481348970427403e-05
1212,correlation,0.5,0.05376129724719517,0.04097117848689414,0.06313104243265757,-0.009369745185462408,0.14841740013175286,0.0775,0.027499999999999955,1.5459336130674295e-08,2.448769942742617e-07,5.195508471222965e-07
1212,correlation,0.75,0.05376129724719517,0.04097117848689414,0.06742129575095238,-0.01365999850375721,0.20260658522814362,0.08941666666666666,0.039416666666666614,4.180420242722027e-06,6.200829303086146e-05,0.0008657472784148745
1212,correlation,1.0,0.05376129724719517,0.04097117848689414,0.0715254418342485,-0.017764144587053332,0.24836120031554051,0.10166666666666667,0.051666666666666625,2.3825865603441243e-05,0.00033322135843600204,0.0002991117787853881
1212,combined,0.0,0.05376129724719517,0.04097117848689414,0.05376129724719517,0.0,0.0,0.049999999999999996,-4.85722573273506e-17,1.7190339360317886e-09,3.1975307126505623e-08,3.500730816341502e-09
1212,combined,0.25,0.05376129724719517,0.04097117848689414,0.058707518029165066,-0.0049462207819699,0.08425191437172812,0.06416666666666666,0.014166666666666619,6.758458079014762e-07,1.1512215318797578e-05,6.402575714736791e-05
1212,combined,0.5,0.05376129724719517,0.04097117848689414,0.06334804141383442,-0.009586744166639252,0.1513344998941929,0.0785,0.028499999999999956,1.600745212770871e-08,2.5269062492508196e-07,5.287523817121276e-07
1212,combined,0.75,0.05376129724719517,0.04097117848689414,0.06774679422271765,-0.013985496975522482,0.2064377678085423,0.09083333333333334,0.04083333333333329,3.7100128375266994e-06,5.476592748615371e-05,0.0009278038672166367
1212,combined,1.0,0.05376129724719517,0.04097117848689414,0.07195943979660219,-0.01819814254940702,0.25289444443766096,0.1045,0.05449999999999995,2.276766333686453e-06,3.1640579447646375e-05,5.3672647574609655e-05
1313,radial,0.0,0.05527376070433017,0.04117002764167172,0.05527376070433017,0.0,0.0,0.049999999999999996,-4.85722573273506e-17,2.114345191983613e-09,3.825224203889602e-08,-1.3795636411018108e-07
1313,radial,0.25,0.05527376070433017,0.04117002764167172,0.05527376070433017,0.0,0.0,0.049999999999999996,-4.85722573273506e-17,2.114345191983613e-09,3.825224203889602e-08,-1.3795636411018108e-07
1313,radial,0.5,0.05527376070433017,0.04117002764167172,0.05527376070433017,0.0,0.0,0.049999999999999996,-4.85722573273506e-17,2.114345191983613e-09,3.825224203889602e-08,-1.3795636411018108e-07
1313,radial,0.75,0.05527376070433017,0.04117002764167172,0.05527376070433017,0.0,0.0,0.049999999999999996,-4.85722573273506e-17,2.114345191983613e-09,3.825224203889602e-08,-1.3795636411018108e-07
1313,radial,1.0,0.05527376070433017,0.04117002764167172,0.05527376070433017,0.0,0.0,0.049999999999999996,-4.85722573273506e-17,2.114345191983613e-09,3.825224203889602e-08,-1.3795636411018108e-07
1313,mean,0.0,0.05527376070433017,0.04117002764167172,0.05527376070433017,0.0,0.0,0.049999999999999996,-4.85722573273506e-17,2.114345191983613e-09,3.825224203889602e-08,-1.3795636411018108e-07
1313,mean,0.25,0.05527376070433017,0.04117002764167172,0.05538225766115202,-0.00010849695682185051,0.0019590562285429526,0.050583333333333334,0.0005833333333332899,2.0119177226995966e-09,3.6327840011467875e-08,-1.259408166642828e-07
1313,mean,0.5,0.05527376070433017,0.04117002764167172,0.05549075461797387,-0.00021699391364370102,0.003910451662400264,0.051,0.0009999999999999523,1.918318198734781e-09,3.4570051862833795e-08,-1.1407457023437928e-07
1313,mean,0.75,0.05527376070433017,0.04117002764167172,0.05559925157479569,-0.0003254908704655238,0.005854231149634317,0.051416666666666666,0.0014166666666666217,1.8333840556827852e-09,3.297497833531443e-08,-1.0235560532478871e-07
1313,mean,1.0,0.05527376070433017,0.04117002764167172,0.055707748531617536,-0.00043398782728736734,0.007790439188922756,0.05175,0.001749999999999953,1.754994372049623e-09,3.15035964223575e-08,-9.067986617150581e-08
1313,correlation,0.0,0.05527376070433017,0.04117002764167172,0.05527376070433017,0.0,0.0,0.049999999999999996,-4.85722573273506e-17,2.1143451781058253e-09,3.825224178782229e-08,-1.3795636050195625e-07
1313,correlation,0.25,0.05527376070433017,0.04117002764167172,0.06015198674338552,-0.004878226039055349,0.0810983361175809,0.0645,0.014499999999999957,3.5237263731890955e-09,5.858038562621249e-08,2.407439972373915e-07
1313,correlation,0.5,0.05527376070433017,0.04117002764167172,0.06469788091674071,-0.009424120212410542,0.14566350673120781,0.079,0.028999999999999956,1.8058814337792994e-05,0.0002792032159457979,0.0007749514819175296
1313,correlation,0.75,0.05527376070433017,0.04117002764167172,0.0689756478657356,-0.013701887161405427,0.19864818360353506,0.09008333333333333,0.04008333333333329,2.4065966884700973e-05,0.0003490270450938275,0.0006783074815276402
1313,correlation,1.0,0.05527376070433017,0.04117002764167172,0.0729900219328496,-0.017716261228519437,0.2427216866000985,0.09974999999999999,0.04974999999999995,6.450111264190428e-05,0.0008844792867633656,0.001633509071962802
1313,combined,0.0,0.05527376070433017,0.04117002764167172,0.05527376070433017,0.0,0.0,0.049999999999999996,-4.85722573273506e-17,2.1143451781058253e-09,3.825224178782229e-08,-1.3795636050195625e-07
1313,combined,0.25,0.05527376070433017,0.04117002764167172,0.060260483700207354,-0.004986722995877185,0.0827527873935739,0.06525,0.015249999999999958,3.6709414119595607e-09,6.091789196131098e-08,2.481119489861072e-07
1313,combined,0.5,0.05527376070433017,0.04117002764167172,0.06491487483038441,-0.009641114126054243,0.14851933630382,0.07991666666666666,0.02991666666666662,1.6231499758226353e-05,0.00025010537855984084,0.0006479676620880226
1313,combined,0.75,0.05527376070433017,0.04117002764167172,0.06930113873620111,-0.014027378031870943,0.20241194138623014,0.09183333333333334,0.04183333333333329,2.7476787526070634e-05,0.000396641187330738,0.0007321342656177454
1313,combined,1.0,0.05527376070433017,0.04117002764167172,0.07342400976013698,-0.01815024905580681,0.2471977370222684,0.102,0.05199999999999995,6.883645527032412e-05,0.0009383994634466667,0.0016744782117200652
1414,radial,0.0,0.054748941338823326,0.04190581681342626,0.054748941338823326,0.0,0.0,0.049999999999999996,-4.85722573273506e-17,6.654905395225841e-07,1.2155461139393037e-05,0.00034283389896183625
1414,radial,0.25,0.054748941338823326,0.04190581681342626,0.054748941338823326,0.0,0.0,0.049999999999999996,-4.85722573273506e-17,6.654905395225841e-07,1.2155461139393037e-05,0.00034283389896183625
1414,radial,0.5,0.054748941338823326,0.04190581681342626,0.054748941338823326,0.0,0.0,0.049999999999999996,-4.85722573273506e-17,6.654905395225841e-07,1.2155461139393037e-05,0.00034283389896183625
1414,radial,0.75,0.054748941338823326,0.04190581681342626,0.054748941338823326,0.0,0.0,0.049999999999999996,-4.85722573273506e-17,6.654905395225841e-07,1.2155461139393037e-05,0.00034283389896183625
1414,radial,1.0,0.054748941338823326,0.04190581681342626,0.054748941338823326,0.0,0.0,0.049999999999999996,-4.85722573273506e-17,6.654905395225841e-07,1.2155461139393037e-05,0.00034283389896183625
1414,mean,0.0,0.054748941338823326,0.04190581681342626,0.054748941338823326,0.0,0.0,0.049999999999999996,-4.85722573273506e-17,6.654905395225841e-07,1.2155461139393037e-05,0.00034283389896183625
1414,mean,0.25,0.054748941338823326,0.04190581681342626,0.054857436632450886,-0.00010849529362755989,0.0019777681985851223,0.050583333333333334,0.0005833333333332899,1.0319603656813725e-06,1.8812030643461156e-05,0.000381973444667838
1414,mean,0.5,0.054748941338823326,0.04190581681342626,0.05496593192607847,-0.00021699058725514753,0.0039477287048815925,0.050916666666666666,0.0009166666666666212,1.4463028713274095e-06,2.6313406828585882e-05,0.00032008189923687924
1414,mean,0.75,0.054748941338823326,0.04190581681342626,0.05507442721970603,-0.0003254858808827074,0.005909927661785036,0.051333333333333335,0.0013333333333332906,1.346390437563516e-06,2.4447341918957616e-05,0.0003382956167673479
1414,mean,1.0,0.054748941338823326,0.04190581681342626,0.05518292251333361,-0.0004339811745102812,0.007864410849306145,0.051666666666666666,0.0016666666666666219,1.387980953039547e-06,2.5152996646461123e-05,0.0003038620529986491
1414,correlation,0.0,0.054748941338823326,0.04190581681342626,0.054748941338823326,0.0,0.0,0.049999999999999996,-4.85722573273506e-17,6.65490539529523e-07,1.215546113951978e-05,0.0003428338989626134
1414,correlation,0.25,0.054748941338823326,0.04190581681342626,0.05964281245791115,-0.004893871119087824,0.08205299041760213,0.06316666666666666,0.013166666666666618,1.2346893188408536e-07,2.070143616544517e-06,2.5622752986564912e-05
1414,correlation,0.5,0.054748941338823326,0.04190581681342626,0.06416995584093481,-0.009421014502111483,0.14681347958948884,0.075,0.024999999999999953,0.0,0.0,0.0
1414,correlation,0.75,0.054748941338823326,0.04190581681342626,0.0684031508889233,-0.01365420955009998,0.19961375130617032,0.08766666666666667,0.037666666666666626,6.578556927115675e-05,0.0009626588464954829,0.0016208357668308637
1414,correlation,1.0,0.054748941338823326,0.04190581681342626,0.07238300910618439,-0.017634067767361067,0.24362164526059216,0.09949999999999999,0.04949999999999995,2.8840486150191746e-05,0.0003986015830220746,0.0008245271930801823
1414,combined,0.0,0.054748941338823326,0.04190581681342626,0.054748941338823326,0.0,0.0,0.049999999999999996,-4.85722573273506e-17,6.65490539529523e-07,1.215546113951978e-05,0.0003428338989626134
1414,combined,0.25,0.054748941338823326,0.04190581681342626,0.05975130775153871,-0.005002366412715384,0.08371978122247146,0.06383333333333333,0.01383333333333328,1.262674534166508e-07,2.1132210322951033e-06,2.5065395453771622e-05
1414,combined,0.5,0.054748941338823326,0.04190581681342626,0.06438694642818994,-0.009638005089366616,0.14968880532509454,0.07591666666666666,0.025916666666666616,0.0,0.0,0.0
1414,combined,0.75,0.054748941338823326,0.04190581681342626,0.06872863676980603,-0.013979695430982708,0.20340422985261783,0.0895,0.03949999999999995,6.545471883244447e-05,0.0009532724362213908,0.0015898757378485784
1414,combined,1.0,0.054748941338823326,0.04190581681342626,0.07281699028069469,-0.018068048941871362,0.24812957624618523,0.10091666666666667,0.050916666666666624,3.2525989013251766e-05,0.0004468809289150621,0.0008548810237598015
1515,radial,0.0,0.05286899205975394,0.039993171048501565,0.05286899205975394,0.0,0.0,0.049999999999999996,-4.85722573273506e-17,2.9549569874331993e-09,5.589206522515271e-08,-2.554775038743351e-07
1515,radial,0.25,0.05286899205975394,0.039993171048501565,0.05286899205975394,0.0,0.0,0.049999999999999996,-4.85722573273506e-17,2.9549569874331993e-09,5.589206522515271e-08,-2.554775038743351e-07
1515,radial,0.5,0.05286899205975394,0.039993171048501565,0.05286899205975394,0.0,0.0,0.049999999999999996,-4.85722573273506e-17,2.9549569874331993e-09,5.589206522515271e-08,-2.554775038743351e-07
1515,radial,0.75,0.05286899205975394,0.039993171048501565,0.05286899205975394,0.0,0.0,0.049999999999999996,-4.85722573273506e-17,2.9549569874331993e-09,5.589206522515271e-08,-2.554775038743351e-07
1515,radial,1.0,0.05286899205975394,0.039993171048501565,0.05286899205975394,0.0,0.0,0.049999999999999996,-4.85722573273506e-17,2.9549569874331993e-09,5.589206522515271e-08,-2.554775038743351e-07
1515,mean,0.0,0.05286899205975394,0.039993171048501565,0.05286899205975394,0.0,0.0,0.049999999999999996,-4.85722573273506e-17,2.9549569874331993e-09,5.589206522515271e-08,-2.554775038743351e-07
1515,mean,0.25,0.05286899205975394,0.039993171048501565,0.05297746851983816,-0.00010847646008421696,0.002047596140680003,0.050249999999999996,0.00024999999999995165,2.7656682777266184e-09,5.220461640351174e-08,-2.4132457282499686e-07
1515,mean,0.5,0.05286899205975394,0.039993171048501565,0.05308594497992238,-0.00021695292016844087,0.004086824116072429,0.050583333333333334,0.0005833333333332899,2.5873221065619845e-09,4.87383663160256e-08,-2.273578704192758e-07
1515,mean,0.75,0.05286899205975394,0.039993171048501565,0.053194421440006606,-0.00032542938025266477,0.006117735120395819,0.05125,0.0012499999999999525,2.4197079270815713e-09,4.5488003659899455e-08,-2.135744551767793e-07
1515,mean,1.0,0.05286899205975394,0.039993171048501565,0.05330289790009082,-0.00043390584033688173,0.00814037993112833,0.05183333333333333,0.001833333333333284,2.2626163581618286e-09,4.244828223874393e-08,-1.9997106198710313e-07
1515,correlation,0.0,0.05286899205975394,0.039993171048501565,0.05286899205975394,0.0,0.0,0.049999999999999996,-4.85722573273506e-17,2.954957153966653e-09,5.589206837507984e-08,-2.5547751486554304e-07
1515,correlation,0.25,0.05286899205975394,0.039993171048501565,0.0576026922422505,-0.00473370018249656,0.0821784537880415,0.06441666666666666,0.01441666666666662,1.5044648721262988e-09,2.611796172812141e-08,1.2166558172044262e-07
1515,correlation,0.5,0.05286899205975394,0.039993171048501565,0.06206930204963779,-0.009200309989883845,0.148226412833291,0.0775,0.027499999999999955,3.3619504349186036e-07,5.416475671262944e-06,0.0008971405798355314
1515,correlation,0.75,0.05286899205975394,0.039993171048501565,0.06631342673338736,-0.013444434673633418,0.20274076210367875,0.08908333333333333,0.03908333333333329,1.1528972998497977e-08,1.7385581730271847e-07,4.669468651186115e-07
1515,correlation,1.0,0.05286899205975394,0.039993171048501565,0.07038617644871889,-0.01751718438896495,0.24887250981344905,0.10083333333333333,0.050833333333333286,1.9868141895584834e-08,2.8227343075395927e-07,5.695779148884306e-07
1515,combined,0.0,0.05286899205975394,0.039993171048501565,0.05286899205975394,0.0,0.0,0.049999999999999996,-4.85722573273506e-17,2.954957153966653e-09,5.589206837507984e-08,-2.5547751486554304e-07
1515,combined,0.25,0.05286899205975394,0.039993171048501565,0.05771116870233473,-0.004842176642580791,0.08390363167926797,0.06466666666666666,0.01466666666666662,1.5810034878493973e-09,2.73951050846973e-08,1.3060203646331203e-07
1515,combined,0.5,0.05286899205975394,0.039993171048501565,0.062286254969806235,-0.009417262910052293,0.1511932755407656,0.07883333333333332,0.02883333333333328,1.10734974288762e-06,1.777871266585743e-05,0.000903689232163829
1515,combined,0.75,0.05286899205975394,0.039993171048501565,0.06663885611364002,-0.013769864053886083,0.20663415996223242,0.09066666666666666,0.040666666666666615,1.2322978193424206e-08,1.8492184876639528e-07,4.802424171113095e-07
1515,combined,1.0,0.05286899205975394,0.039993171048501565,0.0708200822890558,-0.017951090229301858,0.2534745745710032,0.1025,0.05249999999999995,2.1076602435554648e-08,2.9760779749013305e-07,5.824918457020267e-07
1616,radial,0.0,0.05492155232125161,0.041467442949906064,0.05492155232125161,0.0,0.0,0.049999999999999996,-4.85722573273506e-17,1.5271483796028273e-05,0.000278137283441906,0.0005702108737283273
1616,radial,0.25,0.05492155232125161,0.041467442949906064,0.05492155232125161,0.0,0.0,0.049999999999999996,-4.85722573273506e-17,1.5271483796028273e-05,0.000278137283441906,0.0005702108737283273
1616,radial,0.5,0.05492155232125161,0.041467442949906064,0.05492155232125161,0.0,0.0,0.049999999999999996,-4.85722573273506e-17,1.5271483796028273e-05,0.000278137283441906,0.0005702108737283273
1616,radial,0.75,0.05492155232125161,0.041467442949906064,0.05492155232125161,0.0,0.0,0.049999999999999996,-4.85722573273506e-17,1.5271483796028273e-05,0.000278137283441906,0.0005702108737283273
1616,radial,1.0,0.05492155232125161,0.041467442949906064,0.05492155232125161,0.0,0.0,0.049999999999999996,-4.85722573273506e-17,1.5271483796028273e-05,0.000278137283441906,0.0005702108737283273
1616,mean,0.0,0.05492155232125161,0.041467442949906064,0.05492155232125161,0.0,0.0,0.049999999999999996,-4.85722573273506e-17,1.5271483796028273e-05,0.000278137283441906,0.0005702108737283273
1616,mean,0.25,0.05492155232125161,0.041467442949906064,0.05503005054330223,-0.00010849822205061949,0.0019716177066790817,0.050583333333333334,0.0005833333333332899,1.5926960242405863e-05,0.0002895067521771838,0.0004974375950341781
1616,mean,0.5,0.05492155232125161,0.041467442949906064,0.05513854876535287,-0.0002169964441012598,0.00393547615887948,0.051083333333333335,0.0010833333333332903,1.5876967636399564e-05,0.0002880297184190061,0.0005310462784138825
1616,mean,0.75,0.05492155232125161,0.041467442949906064,0.055247046987403486,-0.0003254946661518793,0.005891621071187627,0.051333333333333335,0.0013333333333332906,1.6194442543852883e-05,0.00029321369846137035,0.0004633785082801545
1616,mean,1.0,0.05492155232125161,0.041467442949906064,0.05535554520945412,-0.00043399288820251264,0.0078400977997845,0.052,0.001999999999999953,1.7210995264090034e-05,0.00031101397446251167,0.00041843944832109514
1616,correlation,0.0,0.05492155232125161,0.041467442949906064,0.05492155232125161,0.0,0.0,0.049999999999999996,-4.85722573273506e-17,1.5271483796132357e-05,0.00027813728344380214,0.0005702108737337674
1616,correlation,0.25,0.05492155232125161,0.041467442949906064,0.05972529828172567,-0.0048037459604740596,0.08043067341103387,0.06325,0.013249999999999956,3.475264213110424e-05,0.0005822135106778409,0.0007775857447988033
1616,correlation,0.5,0.05492155232125161,0.041467442949906064,0.06418858052031644,-0.00926702819906483,0.14437191357007353,0.07508333333333334,0.02508333333333329,1.7527736603892285e-05,0.00027314086092633115,0.0004470671190650033
1616,correlation,0.75,0.05492155232125161,0.041467442949906064,0.06840592768739522,-0.013484375366143608,0.1971229076486642,0.08783333333333333,0.03783333333333329,4.082923053302934e-05,0.0005972233121084766,0.0017556508540871318
1616,correlation,1.0,0.05492155232125161,0.041467442949906064,0.07235163244204784,-0.017430080120796235,0.240907903975178,0.09916666666666667,0.04916666666666662,3.3230641904857805e-08,4.5929381336493154e-07,7.006172801915511e-07
1616,combined,0.0,0.05492155232125161,0.041467442949906064,0.05492155232125161,0.0,0.0,0.049999999999999996,-4.85722573273506e-17,1.5271483796132357e-05,0.00027813728344380214,0.0005702108737337674
1616,combined,0.25,0.05492155232125161,0.041467442949906064,0.059833796503776286,-0.004912244182524679,0.0820981530432329,0.0635,0.013499999999999956,3.3778905261690195e-05,0.0005648644702494075,0.0007470977370185317
1616,combined,0.5,0.05492155232125161,0.041467442949906064,0.0644055769644177,-0.009484024643166097,0.14725471131802387,0.0755,0.025499999999999953,2.6496156226019085e-07,4.113970634106137e-06,3.162333834505482e-05
1616,combined,0.75,0.05492155232125161,0.041467442949906064,0.06873142235354711,-0.013809870032295501,0.20092513088495392,0.08908333333333333,0.03908333333333329,4.1281883528226926e-05,0.0006009870302455589,0.0017283510454803586
1616,combined,1.0,0.05492155232125161,0.041467442949906064,0.07278562533025036,-0.017864073008998754,0.2454340802588981,0.10141666666666667,0.051416666666666624,3.4600836668063906e-08,4.7538030977443473e-07,7.102067132169765e-07
1717,radial,0.0,0.05567870196650873,0.04229326907839785,0.05567870196650873,0.0,0.0,0.049999999999999996,-4.85722573273506e-17,1.5537892161805733e-05,0.00027914137509417236,-0.0005075209183345031
1717,radial,0.25,0.05567870196650873,0.04229326907839785,0.05567870196650873,0.0,0.0,0.049999999999999996,-4.85722573273506e-17,1.5537892161805733e-05,0.00027914137509417236,-0.0005075209183345031
1717,radial,0.5,0.05567870196650873,0.04229326907839785,0.05567870196650873,0.0,0.0,0.049999999999999996,-4.85722573273506e-17,1.5537892161805733e-05,0.00027914137509417236,-0.0005075209183345031
1717,radial,0.75,0.05567870196650873,0.04229326907839785,0.05567870196650873,0.0,0.0,0.049999999999999996,-4.85722573273506e-17,1.5537892161805733e-05,0.00027914137509417236,-0.0005075209183345031
1717,radial,1.0,0.05567870196650873,0.04229326907839785,0.05567870196650873,0.0,0.0,0.049999999999999996,-4.85722573273506e-17,1.5537892161805733e-05,0.00027914137509417236,-0.0005075209183345031
1717,mean,0.0,0.05567870196650873,0.04229326907839785,0.05567870196650873,0.0,0.0,0.049999999999999996,-4.85722573273506e-17,1.5537892161805733e-05,0.00027914137509417236,-0.0005075209183345031
1717,mean,0.25,0.05567870196650873,0.04229326907839785,0.05578720845500494,-0.00010850648849621003,0.0019450065974124823,0.050749999999999997,0.0007499999999999521,1.6058443784480736e-05,0.00028793460025927344,-0.0006819744211550294
1717,mean,0.5,0.05567870196650873,0.04229326907839785,0.05589571494350116,-0.000217012976992427,0.003882461781046751,0.051083333333333335,0.0010833333333332903,1.6444850786216658e-05,0.0002942925123920077,-0.0006329741295121316
1717,mean,0.75,0.05567870196650873,0.04229326907839785,0.05600422143199737,-0.00032551946548863703,0.0058124094428113095,0.051666666666666666,0.0016666666666666219,1.587071688651659e-05,0.00028346462583390936,-0.0007253086947010545
1717,mean,1.0,0.05567870196650873,0.04229326907839785,0.05611272792049356,-0.00043402595398482624,0.007734893135115443,0.05183333333333333,0.001833333333333284,1.6056266098150862e-05,0.0002862249332201296,-0.0006470118140036174
1717,correlation,0.0,0.05567870196650873,0.04229326907839785,0.05567870196650873,0.0,0.0,0.049999999999999996,-4.85722573273506e-17,1.5537892161840428e-05,0.0002791413750947958,-0.0005075209183321161
1717,correlation,0.25,0.05567870196650873,0.04229326907839785,0.060525751026346296,-0.004847049059837565,0.08008242735769919,0.06275,0.012749999999999956,8.042755476125873e-07,1.328833135407879e-05,5.697478657751276e-05
1717,correlation,0.5,0.05567870196650873,0.04229326907839785,0.06495416963252582,-0.009275467666017084,0.1428001884789301,0.076,0.025999999999999954,1.406754790864162e-06,2.1658120894906243e-05,3.959718879192886e-05
1717,correlation,0.75,0.05567870196650873,0.04229326907839785,0.0690924799223369,-0.013413777955828168,0.1941423722365425,0.08916666666666666,0.039166666666666614,1.9526542521797197e-08,2.8261466460942193e-07,8.421421749393865e-07
1717,correlation,1.0,0.05567870196650873,0.04229326907839785,0.0729631991950965,-0.01728449722858777,0.23689335746327,0.10099999999999999,0.05099999999999995,1.491777701882746e-05,0.00020449799130059577,2.752606476430497e-05
1717,combined,0.0,0.05567870196650873,0.04229326907839785,0.05567870196650873,0.0,0.0,0.049999999999999996,-4.85722573273506e-17,1.5537892161840428e-05,0.0002791413750947958,-0.0005075209183321161
1717,combined,0.25,0.05567870196650873,0.04229326907839785,0.06063425751484251,-0.0049555555483337815,0.081728642378786,0.06308333333333332,0.01308333333333328,8.151068108114279e-07,1.3443188749307365e-05,5.6328788415438424e-05
1717,combined,0.5,0.05567870196650873,0.04229326907839785,0.06517118260951822,-0.00949248064300949,0.14565457097633086,0.07733333333333334,0.027333333333333293,1.3975624025275302e-06,2.1444944179532535e-05,3.827362294506198e-05
1717,combined,0.75,0.05567870196650873,0.04229326907839785,0.06941799938782552,-0.013739297421316785,0.19792125302485128,0.09091666666666666,0.040916666666666615,2.055814847523596e-08,2.9615020232261643e-07,8.458220069895717e-07
1717,combined,1.0,0.05567870196650873,0.04229326907839785,0.07339722514908133,-0.017718523182572596,0.24140589983590638,0.10233333333333333,0.05233333333333329,4.851481602355379e-06,6.610334779927042e-05,-9.969118533459387e-06
1818,radial,0.0,0.05573185514549112,0.042004293237781064,0.05573185514549112,0.0,0.0,0.049999999999999996,-4.85722573273506e-17,5.049253293254452e-09,9.05990611209819e-08,-1.3711820556761012e-07
1818,radial,0.25,0.05573185514549112,0.042004293237781064,0.05573185514549112,0.0,0.0,0.049999999999999996,-4.85722573273506e-17,5.049253293254452e-09,9.05990611209819e-08,-1.3711820556761012e-07
1818,radial,0.5,0.05573185514549112,0.042004293237781064,0.05573185514549112,0.0,0.0,0.049999999999999996,-4.85722573273506e-17,5.049253293254452e-09,9.05990611209819e-08,-1.3711820556761012e-07
1818,radial,0.75,0.05573185514549112,0.042004293237781064,0.05573185514549112,0.0,0.0,0.049999999999999996,-4.85722573273506e-17,5.049253293254452e-09,9.05990611209819e-08,-1.3711820556761012e-07
1818,radial,1.0,0.05573185514549112,0.042004293237781064,0.05573185514549112,0.0,0.0,0.049999999999999996,-4.85722573273506e-17,5.049253293254452e-09,9.05990611209819e-08,-1.3711820556761012e-07
1818,mean,0.0,0.05573185514549112,0.042004293237781064,0.05573185514549112,0.0,0.0,0.049999999999999996,-4.85722573273506e-17,5.049253293254452e-09,9.05990611209819e-08,-1.3711820556761012e-07
1818,mean,0.25,0.05573185514549112,0.042004293237781064,0.05584034466615437,-0.00010848952066324496,0.0019428519166895834,0.050416666666666665,0.0004166666666666208,4.923613954044281e-09,8.817306586502307e-08,-1.2529093462720908e-07
1818,mean,0.5,0.05573185514549112,0.042004293237781064,0.05594883418681761,-0.00021697904132648993,0.003878169125061295,0.050833333333333335,0.0008333333333332901,4.806983283645039e-09,8.591749527073435e-08,-1.136103970345026e-07
1818,mean,0.75,0.05573185514549112,0.042004293237781064,0.056057323707480844,-0.000325468561989721,0.005805995371596508,0.051083333333333335,0.0010833333333332903,4.699193971446913e-09,8.382837521630741e-08,-1.0207416795138258e-07
1818,mean,1.0,0.05573185514549112,0.042004293237781064,0.05616581322814406,-0.0004339580826529382,0.007726374064775166,0.05183333333333333,0.001833333333333284,4.600082481598378e-09,8.190182949311413e-08,-9.067995232481252e-08
1818,correlation,0.0,0.05573185514549112,0.042004293237781064,0.05573185514549114,-1.3877787807814457e-17,2.4900997412674876e-16,0.049999999999999996,-4.85722573273506e-17,5.04925327243777e-09,9.059906074746685e-08,-1.371181975184932e-07
1818,correlation,0.25,0.05573185514549112,0.042004293237781064,0.06068479738274048,-0.004952942237249354,0.0816175129664029,0.06625,0.01624999999999996,2.090448349145735e-09,3.444764605494604e-08,9.725671967775185e-08
1818,correlation,0.5,0.05573185514549112,0.042004293237781064,0.06527986441506661,-0.00954800926957549,0.14626270068311917,0.07883333333333332,0.02883333333333328,0.0,0.0,0.0
1818,correlation,0.75,0.05573185514549112,0.042004293237781064,0.06957489858277457,-0.013843043437283452,0.19896605987594967,0.0895,0.03949999999999995,1.8641822278897546e-05,0.0002680107174698499,0.000507936520820762
1818,correlation,1.0,0.05573185514549112,0.042004293237781064,0.07363575278716575,-0.017903897641674625,0.24314136766447456,0.09966666666666667,0.04966666666666662,3.0094237879474406e-08,4.086907383929936e-07,6.560733983307365e-07
1818,combined,0.0,0.05573185514549112,0.042004293237781064,0.05573185514549114,-1.3877787807814457e-17,2.4900997412674876e-16,0.049999999999999996,-4.85722573273506e-17,5.04925327243777e-09,9.059906074746685e-08,-1.371181975184932e-07
1818,combined,0.25,0.05573185514549112,0.042004293237781064,0.06079328690340371,-0.005061431757912585,0.08325642543320362,0.0665,0.01649999999999996,0.0,0.0,0.0
1818,combined,0.5,0.05573185514549112,0.042004293237781064,0.06549684345639308,-0.009764988310901952,0.14909097592471537,0.07966666666666666,0.02966666666666662,0.0,0.0,0.0
1818,combined,0.75,0.05573185514549112,0.042004293237781064,0.06990036714476427,-0.014168511999273152,0.20269581660322383,0.09125,0.04124999999999995,1.800034709011078e-05,0.00025758067327951275,0.0004580074846309845
1818,combined,1.0,0.05573185514549112,0.042004293237781064,0.07406971086981869,-0.018337855724327563,0.24757563528980536,0.10149999999999999,0.05149999999999995,3.139860987877441e-08,4.2390638251619786e-07,6.658904966316825e-07
1919,radial,0.0,0.055626197929110575,0.04185108071006717,0.055626197929110575,0.0,0.0,0.049999999999999996,-4.85722573273506e-17,2.812217610719675e-05,0.0005058120398290512,0.0003634039387352961
1919,radial,0.25,0.055626197929110575,0.04185108071006717,0.055626197929110575,0.0,0.0,0.049999999999999996,-4.85722573273506e-17,2.812217610719675e-05,0.0005058120398290512,0.0003634039387352961
1919,radial,0.5,0.055626197929110575,0.04185108071006717,0.055626197929110575,0.0,0.0,0.049999999999999996,-4.85722573273506e-17,2.812217610719675e-05,0.0005058120398290512,0.0003634039387352961
1919,radial,0.75,0.055626197929110575,0.04185108071006717,0.055626197929110575,0.0,0.0,0.049999999999999996,-4.85722573273506e-17,2.812217610719675e-05,0.0005058120398290512,0.0003634039387352961
1919,radial,1.0,0.055626197929110575,0.04185108071006717,0.055626197929110575,0.0,0.0,0.049999999999999996,-4.85722573273506e-17,2.812217610719675e-05,0.0005058120398290512,0.0003634039387352961
1919,mean,0.0,0.055626197929110575,0.04185108071006717,0.055626197929110575,0.0,0.0,0.049999999999999996,-4.85722573273506e-17,2.812217610719675e-05,0.0005058120398290512,0.0003634039387352961
1919,mean,0.25,0.055626197929110575,0.04185108071006717,0.055734695294382165,-0.00010849736527158982,0.001946675489989194,0.050083333333333334,8.333333333328946e-05,2.825992842966224e-05,0.0005073009652119038,0.0004503585709851321
1919,mean,0.5,0.055626197929110575,0.04185108071006717,0.055843192659653755,-0.00021699473054317964,0.0038857866144167744,0.050166666666666665,0.00016666666666662056,2.9004064399484886e-05,0.0005196539648692666,0.0002575813293727025
1919,mean,0.75,0.055626197929110575,0.04185108071006717,0.05595169002492535,-0.0003254920958147764,0.0058173773780519624,0.050666666666666665,0.000666666666666621,2.8745014692313497e-05,0.0005140111037974413,0.0003026007116495588
1919,mean,1.0,0.055626197929110575,0.04185108071006717,0.05606018739019694,-0.0004339894610863662,0.007741491445001065,0.051,0.0009999999999999523,2.916267279030188e-05,0.0005204736650344033,9.684989777186681e-05
1919,correlation,0.0,0.055626197929110575,0.04185108071006717,0.05562619792911059,-1.3877787807814457e-17,2.4948294732457097e-16,0.049999999999999996,-4.85722573273506e-17,2.8122176107210628e-05,0.0005058120398293008,0.0003634039387357402
1919,correlation,0.25,0.055626197929110575,0.04185108071006717,0.06056424349818473,-0.004938045569074158,0.0815340089110857,0.062,0.011999999999999955,3.4185208483417107e-09,5.644454291583811e-08,1.9423127251005923e-07
1919,correlation,0.5,0.055626197929110575,0.04185108071006717,0.06516313601562211,-0.009536938086511536,0.14635480533388026,0.07508333333333334,0.02508333333333329,1.7843357349486832e-05,0.00027390094696613435,0.0008162345583418995
1919,correlation,0.75,0.055626197929110575,0.04185108071006717,0.06947262213568323,-0.013846424206572651,0.19930763775591984,0.08841666666666666,0.03841666666666661,2.198356329929929e-05,0.00031653507802361297,0.0002976813885939844
1919,correlation,1.0,0.055626197929110575,0.04185108071006717,0.07354428485958656,-0.01791808693047598,0.2436367008624239,0.09991666666666667,0.04991666666666662,2.4805222861856713e-08,3.3728292110792557e-07,6.089357005856222e-07
1919,combined,0.0,0.055626197929110575,0.04185108071006717,0.05562619792911059,-1.3877787807814457e-17,2.4948294732457097e-16,0.049999999999999996,-4.85722573273506e-17,2.8122176107210628e-05,0.0005058120398293008,0.0003634039387357402
1919,combined,0.25,0.055626197929110575,0.04185108071006717,0.06067274086345632,-0.005046542934345748,0.08317644567439215,0.06225,0.012249999999999955,3.534864276288907e-09,5.8261163611998454e-08,2.0018512836283975e-07
1919,combined,0.5,0.055626197929110575,0.04185108071006717,0.06538013074616529,-0.009753932817054715,0.14918802862178138,0.076,0.025999999999999954,1.525517973086088e-05,0.00023338497317808066,0.0006047653347404647
1919,combined,0.75,0.055626197929110575,0.04185108071006717,0.06979811423149798,-0.014171916302387406,0.20304153569799466,0.09025,0.04024999999999995,2.1911760919396395e-05,0.0003140291409329073,0.0002776768473667923
1919,combined,1.0,0.055626197929110575,0.04185108071006717,0.07397827432067292,-0.01835207639156234,0.24807386438904713,0.10116666666666667,0.051166666666666624,2.607259365350334e-08,3.52435942603984e-07,6.19971497584082e-07
2020,radial,0.0,0.0543995114724279,0.042342418971927816,0.0543995114724279,0.0,0.0,0.049999999999999996,-4.85722573273506e-17,3.832983590246197e-09,7.045989488822056e-08,6.976893063281864e-09
2020,radial,0.25,0.0543995114724279,0.042342418971927816,0.0543995114724279,0.0,0.0,0.049999999999999996,-4.85722573273506e-17,3.832983590246197e-09,7.045989488822056e-08,6.976893063281864e-09
2020,radial,0.5,0.0543995114724279,0.042342418971927816,0.0543995114724279,0.0,0.0,0.049999999999999996,-4.85722573273506e-17,3.832983590246197e-09,7.045989488822056e-08,6.976893063281864e-09
2020,radial,0.75,0.0543995114724279,0.042342418971927816,0.0543995114724279,0.0,0.0,0.049999999999999996,-4.85722573273506e-17,3.832983590246197e-09,7.045989488822056e-08,6.976893063281864e-09
2020,radial,1.0,0.0543995114724279,0.042342418971927816,0.0543995114724279,0.0,0.0,0.049999999999999996,-4.85722573273506e-17,3.832983590246197e-09,7.045989488822056e-08,6.976893063281864e-09
2020,mean,0.0,0.0543995114724279,0.042342418971927816,0.0543995114724279,0.0,0.0,0.049999999999999996,-4.85722573273506e-17,3.832983590246197e-09,7.045989488822056e-08,6.976893063281864e-09
2020,mean,0.25,0.0543995114724279,0.042342418971927816,0.054508017504786295,-0.00010850603235839501,0.00199064352962144,0.050333333333333334,0.0003333333333332897,3.8151661760355005e-09,6.999275735417261e-08,1.8071909080319415e-08
2020,mean,0.5,0.0543995114724279,0.042342418971927816,0.05461652353714468,-0.00021701206471678308,0.003973377481069318,0.050499999999999996,0.0004999999999999519,3.805080084351431e-09,6.966903242861741e-08,2.9029079862130658e-08
2020,mean,0.75,0.0543995114724279,0.042342418971927816,0.05472502956950306,-0.0003255180970751573,0.005948248902483201,0.050666666666666665,0.000666666666666621,3.8025820686682366e-09,6.948524948830157e-08,3.9850555133558174e-08
2020,mean,1.0,0.0543995114724279,0.042342418971927816,0.05483353560186146,-0.0004340241294335592,0.007915304469603182,0.051,0.0009999999999999523,3.807530915556079e-09,6.943800245873921e-08,5.0538530138588555e-08
2020,correlation,0.0,0.0543995114724279,0.042342418971927816,0.0543995114724279,0.0,0.0,0.049999999999999996,-4.85722573273506e-17,3.832983756779651e-09,7.04598979495252e-08,6.976872968245118e-09
2020,correlation,0.25,0.0543995114724279,0.042342418971927816,0.05908837407426005,-0.004688862601832149,0.07935338677519477,0.06125,0.011249999999999954,2.5253615551383557e-05,0.0004275699515239546,0.0003582546057384062
2020,correlation,0.5,0.0543995114724279,0.042342418971927816,0.06336611239089647,-0.00896660091846857,0.14150467150572366,0.07125,0.02124999999999995,0.0,0.0,0.0
2020,correlation,0.75,0.0543995114724279,0.042342418971927816,0.06736854865801158,-0.012969037185583676,0.1925087810844709,0.08283333333333333,0.032833333333333284,2.3286149564150094e-08,3.4565324735274793e-07,6.355811005276379e-07
2020,correlation,1.0,0.0543995114724279,0.042342418971927816,0.07111230124942654,-0.016712789776998638,0.23501967287457756,0.09225,0.042249999999999954,3.278526360117606e-08,4.6103526591474453e-07,7.125848570099791e-07
2020,combined,0.0,0.0543995114724279,0.042342418971927816,0.0543995114724279,0.0,0.0,0.049999999999999996,-4.85722573273506e-17,3.832983756779651e-09,7.04598979495252e-08,6.976872968245118e-09
2020,combined,0.25,0.0543995114724279,0.042342418971927816,0.059196880106618444,-0.004797368634190544,0.08104090326297751,0.06166666666666666,0.011666666666666617,2.4762764260444214e-05,0.00041848704039390425,0.0002733178729857344
2020,combined,0.5,0.0543995114724279,0.042342418971927816,0.06358312445561325,-0.009183612983185346,0.1444347546902376,0.072,0.02199999999999995,0.0,0.0,0.0
2020,combined,0.75,0.0543995114724279,0.042342418971927816,0.06769406675508674,-0.01329455528265884,0.1963917359368847,0.08416666666666667,0.03416666666666662,2.4276491997210492e-08,3.5862080484980436e-07,6.457799467396441e-07
2020,combined,1.0,0.0543995114724279,0.042342418971927816,0.07154632537886009,-0.01714681390643219,0.23966030142896183,0.09525,0.04524999999999996,3.4190862904792674e-08,4.778844904056834e-07,7.226317576547459e-07
2121,radial,0.0,0.055064018212346105,0.04136522239886664,0.055064018212346105,0.0,0.0,0.049999999999999996,-4.85722573273506e-17,1.2254121536936502e-09,2.225431816905814e-08,1.3990243608041908e-07
2121,radial,0.25,0.055064018212346105,0.04136522239886664,0.055064018212346105,0.0,0.0,0.049999999999999996,-4.85722573273506e-17,1.2254121536936502e-09,2.225431816905814e-08,1.3990243608041908e-07
2121,radial,0.5,0.055064018212346105,0.04136522239886664,0.055064018212346105,0.0,0.0,0.049999999999999996,-4.85722573273506e-17,1.2254121536936502e-09,2.225431816905814e-08,1.3990243608041908e-07
2121,radial,0.75,0.055064018212346105,0.04136522239886664,0.055064018212346105,0.0,0.0,0.049999999999999996,-4.85722573273506e-17,1.2254121536936502e-09,2.225431816905814e-08,1.3990243608041908e-07
2121,radial,1.0,0.055064018212346105,0.04136522239886664,0.055064018212346105,0.0,0.0,0.049999999999999996,-4.85722573273506e-17,1.2254121536936502e-09,2.225431816905814e-08,1.3990243608041908e-07
2121,mean,0.0,0.055064018212346105,0.04136522239886664,0.055064018212346105,0.0,0.0,0.049999999999999996,-4.85722573273506e-17,1.2254121536936502e-09,2.225431816905814e-08,1.3990243608041908e-07
2121,mean,0.25,0.055064018212346105,0.04136522239886664,0.05517251279428972,-0.000108494581943612,0.001966460769117644,0.050333333333333334,0.0003333333333332897,1.3159599451806336e-09,2.3851731775841057e-08,1.495350466229617e-07
2121,mean,0.5,0.055064018212346105,0.04136522239886664,0.055281007376233315,-0.00021698916388721012,0.003925202780955457,0.050666666666666665,0.000666666666666621,1.4124554373329268e-09,2.555046552984978e-08,1.5905197509047397e-07
2121,mean,0.75,0.055064018212346105,0.04136522239886664,0.05538950195817692,-0.0003254837458308152,0.005876271393026407,0.050916666666666666,0.0009166666666666212,1.5114135359928227e-09,2.7287004284241387e-08,1.6807944663854713e-07
2121,mean,1.0,0.055064018212346105,0.04136522239886664,0.05549799654012053,-0.0004339783277744272,0.007819711608160416,0.05125,0.0012499999999999525,1.619241345174327e-09,2.9176573811050313e-08,1.7734950419345807e-07
2121,correlation,0.0,0.055064018212346105,0.04136522239886664,0.055064018212346105,0.0,0.0,0.049999999999999996,-4.85722573273506e-17,1.2254121051213929e-09,2.225431728695289e-08,1.3990243402650648e-07
2121,correlation,0.25,0.055064018212346105,0.04136522239886664,0.05982294022393801,-0.004758922011591907,0.07955011896402302,0.06283333333333332,0.01283333333333328,7.256713972780826e-09,1.2130321287919226e-07,3.904625277550977e-07
2121,correlation,0.5,0.055064018212346105,0.04136522239886664,0.06422890099599791,-0.00916488278365181,0.14269094817958775,0.07558333333333334,0.02558333333333329,1.7167431740072736e-08,2.6728522615922245e-07,5.873291564761907e-07
2121,correlation,0.75,0.055064018212346105,0.04136522239886664,0.06834120148663897,-0.013277183274292864,0.19427787316394513,0.08666666666666667,0.036666666666666625,4.7553885894655035e-05,0.000696314921889408,0.0013762379738264108
2121,correlation,1.0,0.055064018212346105,0.04136522239886664,0.07222533609728682,-0.017161317884940713,0.23760800312267966,0.09816666666666667,0.04816666666666662,8.077944181726637e-05,0.0011196886579126573,0.0014739879909814735
2121,combined,0.0,0.055064018212346105,0.04136522239886664,0.055064018212346105,0.0,0.0,0.049999999999999996,-4.85722573273506e-17,1.2254121051213929e-09,2.225431728695289e-08,1.3990243402650648e-07
2121,combined,0.25,0.055064018212346105,0.04136522239886664,0.059931434805881624,-0.004867416593535519,0.08121642021922416,0.06325,0.013249999999999956,7.484273291391563e-09,1.2488061149001037e-07,3.958153473870851e-07
2121,combined,0.5,0.055064018212346105,0.04136522239886664,0.06444589015988512,-0.00938187194753902,0.14557750578451692,0.07666666666666666,0.026666666666666616,1.7805718302565943e-08,2.762895070255759e-07,5.957092161223976e-07
2121,combined,0.75,0.055064018212346105,0.04136522239886664,0.0686666852324698,-0.013602667020123693,0.19809703896543301,0.08783333333333333,0.03783333333333329,4.63993206008817e-05,0.0006761749821397383,0.0013682542417753907
2121,combined,1.0,0.055064018212346105,0.04136522239886664,0.07265931442506125,-0.017595296212715147,0.2421616051836332,0.09999999999999999,0.04999999999999995,8.381916286943902e-05,0.001154923746184955,0.001479600082122834
2222,radial,0.0,0.05370394919441753,0.04072958130545265,0.05370394919441753,0.0,0.0,0.049999999999999996,-4.85722573273506e-17,2.025876350494893e-07,3.7723184665835512e-06,-0.00012682360924154423
2222,radial,0.25,0.05370394919441753,0.04072958130545265,0.05370394919441753,0.0,0.0,0.049999999999999996,-4.85722573273506e-17,2.025876350494893e-07,3.7723184665835512e-06,-0.00012682360924154423
2222,radial,0.5,0.05370394919441753,0.04072958130545265,0.05370394919441753,0.0,0.0,0.049999999999999996,-4.85722573273506e-17,2.025876350494893e-07,3.7723184665835512e-06,-0.00012682360924154423
2222,radial,0.75,0.05370394919441753,0.04072958130545265,0.05370394919441753,0.0,0.0,0.049999999999999996,-4.85722573273506e-17,2.025876350494893e-07,3.7723184665835512e-06,-0.00012682360924154423
2222,radial,1.0,0.05370394919441753,0.04072958130545265,0.05370394919441753,0.0,0.0,0.049999999999999996,-4.85722573273506e-17,2.025876350494893e-07,3.7723184665835512e-06,-0.00012682360924154423
2222,mean,0.0,0.05370394919441753,0.04072958130545265,0.05370394919441753,0.0,0.0,0.049999999999999996,-4.85722573273506e-17,2.025876350494893e-07,3.7723184665835512e-06,-0.00012682360924154423
2222,mean,0.25,0.05370394919441753,0.04072958130545265,0.05381245824528475,-0.00010850905086721985,0.0020164299198639156,0.050583333333333334,0.0005833333333332899,1.5860611038420735e-07,2.9473951391726996e-06,-0.00012728074288387292
2222,mean,0.5,0.05370394919441753,0.04072958130545265,0.05392096729615198,-0.00021701810173444663,0.004024744225052764,0.051,0.0009999999999999523,1.1838961755383792e-10,2.195613761220945e-09,4.4036425062010665e-09
2222,mean,0.75,0.05370394919441753,0.04072958130545265,0.0540294763470192,-0.0003255271526016665,0.006024991812078257,0.051416666666666666,0.0014166666666666217,1.2094922285932341e-10,2.2385784817392645e-09,5.604945341186607e-09
2222,mean,1.0,0.05370394919441753,0.04072958130545265,0.054137985397886404,-0.00043403620346887245,0.008017221185438083,0.05175,0.001749999999999953,1.242973085568977e-10,2.2959352463663883e-09,6.791447459963962e-09
2222,correlation,0.0,0.05370394919441753,0.04072958130545265,0.05370394919441753,0.0,0.0,0.049999999999999996,-4.85722573273506e-17,2.025876350494893e-07,3.7723184665835512e-06,-0.00012682360924126668
2222,correlation,0.25,0.05370394919441753,0.04072958130545265,0.05851762541173625,-0.004813676217318721,0.08226027941922083,0.0645,0.014499999999999957,5.577123415867469e-10,9.530672903727676e-09,3.7614088788107125e-08
2222,correlation,0.5,0.05370394919441753,0.04072958130545265,0.06301855693387967,-0.00931460773946214,0.1478073791698406,0.07741666666666666,0.027416666666666617,2.553324205252505e-05,0.0004053344411190376,0.0021396827762116266
2222,correlation,0.75,0.05370394919441753,0.04072958130545265,0.06723855863375114,-0.013534609439333607,0.20129237916976644,0.08925,0.03924999999999995,2.031432695670521e-08,3.021232683583889e-07,5.998608554880214e-07
2222,correlation,1.0,0.05370394919441753,0.04072958130545265,0.071222535620758,-0.017518586426340473,0.24596970991909803,0.10149999999999999,0.05149999999999995,1.873441988703428e-05,0.00026310982800178257,0.0004550426655002826
2222,combined,0.0,0.05370394919441753,0.04072958130545265,0.05370394919441753,0.0,0.0,0.049999999999999996,-4.85722573273506e-17,2.025876350494893e-07,3.7723184665835512e-06,-0.00012682360924126668
2222,combined,0.25,0.05370394919441753,0.04072958130545265,0.05862613446260348,-0.004922185268185948,0.08395889159851941,0.06516666666666666,0.01516666666666662,5.801175859132535e-10,9.895204535848801e-09,3.848068402811933e-08
2222,combined,0.5,0.05370394919441753,0.04072958130545265,0.06323557503561411,-0.00953162584119658,0.15073201810576392,0.07841666666666666,0.028416666666666618,2.6718071853087944e-05,0.0004226950642123774,0.002141357647370723
2222,combined,0.75,0.05370394919441753,0.04072958130545265,0.06756408578635278,-0.013860136591935253,0.20514059252963135,0.09066666666666666,0.040666666666666615,2.126065803964572e-08,3.1467405326925307e-07,6.103941946333791e-07
2222,combined,1.0,0.05370394919441753,0.04072958130545265,0.0716565718242269,-0.017952622629809366,0.2505370013213447,0.10383333333333333,0.05383333333333329,2.7768001405067966e-05,0.0003876652955667638,0.0006620485185969138
2323,radial,0.0,0.05615423218719535,0.04237002078299842,0.05615423218719535,0.0,0.0,0.049999999999999996,-4.85722573273506e-17,7.314677083695986e-06,0.00013027744724149223,0.00045671463978297355
2323,radial,0.25,0.05615423218719535,0.04237002078299842,0.05615423218719535,0.0,0.0,0.049999999999999996,-4.85722573273506e-17,7.314677083695986e-06,0.00013027744724149223,0.00045671463978297355
2323,radial,0.5,0.05615423218719535,0.04237002078299842,0.05615423218719535,0.0,0.0,0.049999999999999996,-4.85722573273506e-17,7.314677083695986e-06,0.00013027744724149223,0.00045671463978297355
2323,radial,0.75,0.05615423218719535,0.04237002078299842,0.05615423218719535,0.0,0.0,0.049999999999999996,-4.85722573273506e-17,7.314677083695986e-06,0.00013027744724149223,0.00045671463978297355
2323,radial,1.0,0.05615423218719535,0.04237002078299842,0.05615423218719535,0.0,0.0,0.049999999999999996,-4.85722573273506e-17,7.314677083695986e-06,0.00013027744724149223,0.00045671463978297355
2323,mean,0.0,0.05615423218719535,0.04237002078299842,0.05615423218719535,0.0,0.0,0.049999999999999996,-4.85722573273506e-17,7.314677083695986e-06,0.00013027744724149223,0.00045671463978297355
2323,mean,0.25,0.05615423218719535,0.04237002078299842,0.0562627218771898,-0.00010848968999445374,0.0019282694895434477,0.050583333333333334,0.0005833333333332899,7.705540941274625e-06,0.0001369751791594357,0.00047016709617864194
2323,mean,0.5,0.05615423218719535,0.04237002078299842,0.056371211567184235,-0.00021697937998888667,0.0038491168445135633,0.051166666666666666,0.0011666666666666214,7.83718369785219e-06,0.0001390474538399597,0.0004678384829410187
2323,mean,0.75,0.05615423218719535,0.04237002078299842,0.05647970125717867,-0.0003254690699833196,0.005762584835590856,0.051333333333333335,0.0013333333333332906,8.013630190997767e-06,0.00014190527196442549,0.0003904101514137226
2323,mean,1.0,0.05615423218719535,0.04237002078299842,0.056588190947173114,-0.0004339587599777664,0.007668715905459512,0.0515,0.0014999999999999528,8.308248932845097e-06,0.00014684104202116873,0.00038304063403515887
2323,correlation,0.0,0.05615423218719535,0.04237002078299842,0.05615423218719535,0.0,0.0,0.049999999999999996,-4.85722573273506e-17,7.314677083709864e-06,0.00013027744724173942,0.00045671463978597115
2323,correlation,0.25,0.05615423218719535,0.04237002078299842,0.061075678612036,-0.004921446424840652,0.08057948002678102,0.06291666666666666,0.012916666666666618,8.062345298320839e-09,1.3200584170027862e-07,4.1482023083183606e-07
2323,correlation,0.5,0.05615423218719535,0.04237002078299842,0.06562476196475418,-0.009470529777558835,0.14431335815961172,0.07675,0.026749999999999954,4.205524269092209e-05,0.0006412550623924449,0.0012613874707248507
2323,correlation,0.75,0.05615423218719535,0.04237002078299842,0.06985674212002654,-0.013702509932831196,0.19615157416427753,0.08733333333333333,0.03733333333333329,2.760169152959957e-08,3.951186613901669e-07,6.71741130386927e-07
2323,correlation,1.0,0.05615423218719535,0.04237002078299842,0.07382980519177085,-0.0176755730045755,0.2394097202161606,0.09999999999999999,0.04999999999999995,2.9217952732529806e-06,3.95763052540234e-05,5.969972311531402e-05
2323,combined,0.0,0.05615423218719535,0.04237002078299842,0.05615423218719535,0.0,0.0,0.049999999999999996,-4.85722573273506e-17,7.314677083709864e-06,0.00013027744724173942,0.00045671463978597115
2323,combined,0.25,0.05615423218719535,0.04237002078299842,0.061184168302030446,-0.0050299361148350985,0.08220976527792691,0.06341666666666666,0.013416666666666618,8.300708113917477e-09,1.3566759948552172e-07,4.2059100013869255e-07
2323,combined,0.5,0.05615423218719535,0.04237002078299842,0.06584174134474305,-0.009687509157547701,0.1471332464739129,0.07758333333333334,0.027583333333333293,4.4351968774988815e-05,0.000674068822420301,0.001309329995492825
2323,combined,0.75,0.05615423218719535,0.04237002078299842,0.07018221119000986,-0.014027979002814515,0.19987941053660244,0.08966666666666666,0.039666666666666614,2.8622018727331167e-08,4.0782457427286063e-07,6.802538961570015e-07
2323,combined,1.0,0.05615423218719535,0.04237002078299842,0.07426376395174861,-0.01810953176455326,0.2438542136959226,0.10166666666666667,0.051666666666666625,2.9057958077921553e-06,3.912957485207426e-05,5.7796813947574854e-05
2424,radial,0.0,0.05587580129688451,0.04168641759770209,0.05587580129688451,0.0,0.0,0.049999999999999996,-4.85722573273506e-17,3.778622720274072e-09,6.762539217519197e-08,-1.032178625903768e-07
2424,radial,0.25,0.05587580129688451,0.04168641759770209,0.05587580129688451,0.0,0.0,0.049999999999999996,-4.85722573273506e-17,3.778622720274072e-09,6.762539217519197e-08,-1.032178625903768e-07
2424,radial,0.5,0.05587580129688451,0.04168641759770209,0.05587580129688451,0.0,0.0,0.049999999999999996,-4.85722573273506e-17,3.778622720274072e-09,6.762539217519197e-08,-1.032178625903768e-07
2424,radial,0.75,0.05587580129688451,0.04168641759770209,0.05587580129688451,0.0,0.0,0.049999999999999996,-4.85722573273506e-17,3.778622720274072e-09,6.762539217519197e-08,-1.032178625903768e-07
2424,radial,1.0,0.05587580129688451,0.04168641759770209,0.05587580129688451,0.0,0.0,0.049999999999999996,-4.85722573273506e-17,3.778622720274072e-09,6.762539217519197e-08,-1.032178625903768e-07
2424,mean,0.0,0.05587580129688451,0.04168641759770209,0.05587580129688451,0.0,0.0,0.049999999999999996,-4.85722573273506e-17,3.778622720274072e-09,6.762539217519197e-08,-1.032178625903768e-07
2424,mean,0.25,0.05587580129688451,0.04168641759770209,0.055984274842132524,-0.00010847354524801123,0.0019375716762232034,0.050499999999999996,0.0004999999999999519,3.6844121226176085e-09,6.581155825424221e-08,-9.165932141064204e-08
2424,mean,0.5,0.05587580129688451,0.04168641759770209,0.05609274838738055,-0.00021694709049603633,0.003867649504313537,0.050833333333333335,0.0008333333333332901,3.598811748606323e-09,6.415823939747246e-08,-8.024335385048431e-08
2424,mean,0.75,0.05587580129688451,0.04168641759770209,0.05620122193262857,-0.0003254206357440545,0.005790276875726186,0.051333333333333335,0.0013333333333332906,3.521664168615324e-09,6.266170499834352e-08,-6.896775489595441e-08
2424,mean,1.0,0.05587580129688451,0.04168641759770209,0.05630969547787658,-0.0004338941809920657,0.007705496847563981,0.0515,0.0014999999999999528,3.4528141318324046e-09,6.131829189006429e-08,-5.783031037376318e-08
2424,correlation,0.0,0.05587580129688451,0.04168641759770209,0.05587580129688451,0.0,0.0,0.049999999999999996,-4.85722573273506e-17,3.77862269945739e-09,6.76253918026392e-08,-1.0321786297895486e-07
2424,correlation,0.25,0.05587580129688451,0.04168641759770209,0.06081522579998011,-0.004939424503095598,0.081220195076497,0.0645,0.014499999999999957,5.993991816777289e-09,9.85607194366677e-08,3.039346509470242e-07
2424,correlation,0.5,0.05587580129688451,0.04168641759770209,0.06538849061198224,-0.009512689315097723,0.14547956721537403,0.07841666666666666,0.028416666666666618,1.1924275164498788e-08,1.823604923039834e-07,4.6043020335284623e-07
2424,correlation,0.75,0.05587580129688451,0.04168641759770209,0.06970886651227215,-0.013833065215387637,0.19844054146185758,0.08983333333333333,0.03983333333333329,6.457968067570541e-05,0.0009272789429499433,0.003032882645593149
2424,correlation,1.0,0.05587580129688451,0.04168641759770209,0.07383907626882563,-0.01796327497194112,0.2432759980168535,0.10116666666666667,0.051166666666666624,2.83699307795926e-08,3.842131174069108e-07,8.457444028997507e-07
2424,combined,0.0,0.05587580129688451,0.04168641759770209,0.05587580129688451,0.0,0.0,0.049999999999999996,-4.85722573273506e-17,3.77862269945739e-09,6.76253918026392e-08,-1.0321786297895486e-07
2424,combined,0.25,0.05587580129688451,0.04168641759770209,0.06092369934522812,-0.005047898048343609,0.08285606590859437,0.06491666666666666,0.01491666666666662,6.169560383406658e-09,1.0126701225444937e-07,3.10709603712489e-07
2424,combined,0.5,0.05587580129688451,0.04168641759770209,0.06560543770247826,-0.009729636405593746,0.1483053348369964,0.07891666666666666,0.02891666666666662,1.2441448635214236e-08,1.8964054551452774e-07,4.6995453473197557e-07
2424,combined,0.75,0.05587580129688451,0.04168641759770209,0.07003428714801618,-0.01415848585113167,0.20216505982573893,0.091,0.04099999999999995,6.73068680798472e-05,0.0009619804629348575,0.0030095564030141464
2424,combined,1.0,0.05587580129688451,0.04168641759770209,0.07427297044981769,-0.018397169152933178,0.24769669290880414,0.1025,0.05249999999999995,2.9546362245724822e-08,3.978078945888383e-07,8.449557131751106e-07
2525,radial,0.0,0.0555501272396748,0.04201672044332247,0.0555501272396748,0.0,0.0,0.049999999999999996,-4.85722573273506e-17,2.659111000835601e-09,4.786867753967174e-08,-1.9992312561001313e-07
2525,radial,0.25,0.0555501272396748,0.04201672044332247,0.0555501272396748,0.0,0.0,0.049999999999999996,-4.85722573273506e-17,2.659111000835601e-09,4.786867753967174e-08,-1.9992312561001313e-07
2525,radial,0.5,0.0555501272396748,0.04201672044332247,0.0555501272396748,0.0,0.0,0.049999999999999996,-4.85722573273506e-17,2.659111000835601e-09,4.786867753967174e-08,-1.9992312561001313e-07
2525,radial,0.75,0.0555501272396748,0.04201672044332247,0.0555501272396748,0.0,0.0,0.049999999999999996,-4.85722573273506e-17,2.659111000835601e-09,4.786867753967174e-08,-1.9992312561001313e-07
2525,radial,1.0,0.0555501272396748,0.04201672044332247,0.0555501272396748,0.0,0.0,0.049999999999999996,-4.85722573273506e-17,2.659111000835601e-09,4.786867753967174e-08,-1.9992312561001313e-07
2525,mean,0.0,0.0555501272396748,0.04201672044332247,0.0555501272396748,0.0,0.0,0.049999999999999996,-4.85722573273506e-17,2.659111000835601e-09,4.786867753967174e-08,-1.9992312561001313e-07
2525,mean,0.25,0.0555501272396748,0.04201672044332247,0.055658626667712006,-0.00010849942803720786,0.001949373071760486,0.050583333333333334,0.0005833333333332899,2.5130195979716774e-09,4.515058782242307e-08,-1.877299930508336e-07
2525,mean,0.5,0.0555501272396748,0.04201672044332247,0.05576712609574922,-0.00021699885607442265,0.0038911608194018648,0.051083333333333335,0.0010833333333332903,2.376029262229906e-09,4.2606272365266566e-08,-1.7568699095527052e-07
2525,mean,0.75,0.0555501272396748,0.04201672044332247,0.05587562552378643,-0.0003254982841116305,0.0058254074305273745,0.05125,0.0012499999999999525,2.2479765757199566e-09,4.0231794187308326e-08,-1.6379195244553557e-07
2525,mean,1.0,0.0555501272396748,0.04201672044332247,0.05598412495182364,-0.00043399771214883837,0.007752156750191399,0.05175,0.001749999999999953,2.126326489881869e-09,3.79808842680208e-08,-1.5187305446584531e-07
2525,correlation,0.0,0.0555501272396748,0.04201672044332247,0.05555012723967481,-1.3877787807814457e-17,2.49824590822948e-16,0.049999999999999996,-4.85722573273506e-17,2.659110931446662e-09,4.786867629054865e-08,-1.9992311606209512e-07
2525,correlation,0.25,0.0555501272396748,0.04201672044332247,0.06038616929936737,-0.004836042059692569,0.08008525985010997,0.06341666666666666,0.013416666666666618,1.906403396256806e-09,3.1570200238919865e-08,1.607628308808451e-07
2525,correlation,0.5,0.0555501272396748,0.04201672044332247,0.06485578517324549,-0.009305657933570688,0.14348231092589545,0.07525,0.025249999999999953,4.245360174515156e-10,6.54584659019122e-09,1.871676191811389e-08
2525,correlation,0.75,0.0555501272396748,0.04201672044332247,0.06903233435574961,-0.013482207116074812,0.19530278444005564,0.08791666666666666,0.03791666666666661,1.4752263993722536e-07,2.137012409788959e-06,4.13009868943659e-06
2525,correlation,1.0,0.0555501272396748,0.04201672044332247,0.07298283957290644,-0.01743271233323164,0.23886042849589562,0.09899999999999999,0.048999999999999946,2.697712669919028e-08,3.696367095168684e-07,6.334766475268871e-07
2525,combined,0.0,0.0555501272396748,0.04201672044332247,0.05555012723967481,-1.3877787807814457e-17,2.49824590822948e-16,0.049999999999999996,-4.85722573273506e-17,2.659110931446662e-09,4.786867629054865e-08,-1.9992311606209512e-07
2525,combined,0.25,0.0555501272396748,0.04201672044332247,0.06049466872740458,-0.004944541487729784,0.08173516099427562,0.06375,0.013749999999999957,2.0071008119404432e-09,3.317814479779259e-08,1.6847278799803078e-07
2525,combined,0.5,0.0555501272396748,0.04201672044332247,0.06507278402931987,-0.009522656789645076,0.1463385489293719,0.07608333333333334,0.026083333333333292,4.4585644898287313e-10,6.8516578580200165e-09,1.9156009944953922e-08
2525,combined,0.75,0.0555501272396748,0.04201672044332247,0.06935783263986123,-0.013807705400186429,0.19907925139302704,0.08975,0.03974999999999995,1.509669519811352e-07,2.1766435719852224e-06,4.111862978328773e-06
2525,combined,1.0,0.0555501272396748,0.04201672044332247,0.07341683728505527,-0.01786671004538047,0.24335984368285254,0.10099999999999999,0.05099999999999995,2.826029535385466e-08,3.8492949679035815e-07,6.439146448267152e-07
2626,radial,0.0,0.054829025655122696,0.041508771115424364,0.054829025655122696,0.0,0.0,0.049999999999999996,-4.85722573273506e-17,8.483938130972313e-06,0.00015475837825117115,-5.929542125993059e-05
2626,radial,0.25,0.054829025655122696,0.041508771115424364,0.054829025655122696,0.0,0.0,0.049999999999999996,-4.85722573273506e-17,8.483938130972313e-06,0.00015475837825117115,-5.929542125993059e-05
2626,radial,0.5,0.054829025655122696,0.041508771115424364,0.054829025655122696,0.0,0.0,0.049999999999999996,-4.85722573273506e-17,8.483938130972313e-06,0.00015475837825117115,-5.929542125993059e-05
2626,radial,0.75,0.054829025655122696,0.041508771115424364,0.054829025655122696,0.0,0.0,0.049999999999999996,-4.85722573273506e-17,8.483938130972313e-06,0.00015475837825117115,-5.929542125993059e-05
2626,radial,1.0,0.054829025655122696,0.041508771115424364,0.054829025655122696,0.0,0.0,0.049999999999999996,-4.85722573273506e-17,8.483938130972313e-06,0.00015475837825117115,-5.929542125993059e-05
2626,mean,0.0,0.054829025655122696,0.041508771115424364,0.054829025655122696,0.0,0.0,0.049999999999999996,-4.85722573273506e-17,8.483938130972313e-06,0.00015475837825117115,-5.929542125993059e-05
2626,mean,0.25,0.054829025655122696,0.041508771115424364,0.05493750419793009,-0.00010847854280739144,0.0019745808330965033,0.050583333333333334,0.0005833333333332899,8.70257628844684e-06,0.0001584337548157627,-6.93157587480786e-05
2626,mean,0.5,0.054829025655122696,0.041508771115424364,0.055045982740737506,-0.00021695708561481064,0.00394137909457739,0.050916666666666666,0.0009166666666666212,7.593502169292443e-06,0.00013796737648657945,-2.2860337568153533e-05
2626,mean,0.75,0.054829025655122696,0.041508771115424364,0.055154461283544905,-0.000325435628422209,0.005900440705044133,0.0515,0.0014999999999999528,8.502453409449384e-06,0.00015418089720117573,-4.664853800434576e-05
2626,mean,1.0,0.054829025655122696,0.041508771115424364,0.0552629398263523,-0.0004339141712296074,0.007851811224539562,0.051666666666666666,0.0016666666666666219,7.823187439859325e-06,0.00014158304091516446,-3.1742705225379364e-05
2626,correlation,0.0,0.054829025655122696,0.041508771115424364,0.054829025655122696,0.0,0.0,0.049999999999999996,-4.85722573273506e-17,8.483938130958435e-06,0.00015475837825091796,-5.9295421259542014e-05
2626,correlation,0.25,0.054829025655122696,0.041508771115424364,0.05972410169623011,-0.004895076041107414,0.08196148459469253,0.06466666666666666,0.01466666666666662,0.0,0.0,0.0
2626,correlation,0.5,0.054829025655122696,0.041508771115424364,0.06429210728467045,-0.00946308162954776,0.1471888545766192,0.07816666666666666,0.028166666666666618,1.6429433365133805e-05,0.000255608869705606,0.0006413139993841077
2626,correlation,0.75,0.054829025655122696,0.041508771115424364,0.06855794137434343,-0.013728915719220733,0.2002527416081156,0.09225,0.042249999999999954,0.0,0.0,0.0
2626,correlation,1.0,0.054829025655122696,0.041508771115424364,0.07263753598052965,-0.01780851032540695,0.2451695268157291,0.10241666666666667,0.052416666666666625,3.2328449778296076e-08,4.45065539877903e-07,6.771941656880109e-07
2626,combined,0.0,0.054829025655122696,0.041508771115424364,0.054829025655122696,0.0,0.0,0.049999999999999996,-4.85722573273506e-17,8.483938130958435e-06,0.00015475837825091796,-5.9295421259542014e-05
2626,combined,0.25,0.054829025655122696,0.041508771115424364,0.059832580239037515,-0.00500355458391482,0.08362592025824538,0.06525,0.015249999999999958,0.0,0.0,0.0
2626,combined,0.5,0.054829025655122696,0.041508771115424364,0.06450906437028527,-0.00968003871516257,0.15005703166920328,0.07916666666666666,0.02916666666666662,1.714400344786371e-05,0.0002658318026560019,0.0006797998217631385
2626,combined,0.75,0.054829025655122696,0.041508771115424364,0.06888337700276564,-0.014054351347642949,0.20403110241065375,0.09341666666666666,0.04341666666666662,0.0,0.0,0.0
2626,combined,1.0,0.054829025655122696,0.041508771115424364,0.07307145015175924,-0.018242424496636545,0.2496518744153779,0.10458333333333333,0.05458333333333329,3.3638278440495384e-08,4.6034797251110526e-07,6.867878762917279e-07
2727,radial,0.0,0.05525260564122443,0.04241172001119103,0.05525260564122443,0.0,0.0,0.049999999999999996,-4.85722573273506e-17,1.071762671667198e-09,1.9397504968653796e-08,-2.996353282158637e-08
2727,radial,0.25,0.05525260564122443,0.04241172001119103,0.05525260564122443,0.0,0.0,0.049999999999999996,-4.85722573273506e-17,1.071762671667198e-09,1.9397504968653796e-08,-2.996353282158637e-08
2727,radial,0.5,0.05525260564122443,0.04241172001119103,0.05525260564122443,0.0,0.0,0.049999999999999996,-4.85722573273506e-17,1.071762671667198e-09,1.9397504968653796e-08,-2.996353282158637e-08
2727,radial,0.75,0.05525260564122443,0.04241172001119103,0.05525260564122443,0.0,0.0,0.049999999999999996,-4.85722573273506e-17,1.071762671667198e-09,1.9397504968653796e-08,-2.996353282158637e-08
2727,radial,1.0,0.05525260564122443,0.04241172001119103,0.05525260564122443,0.0,0.0,0.049999999999999996,-4.85722573273506e-17,1.071762671667198e-09,1.9397504968653796e-08,-2.996353282158637e-08
2727,mean,0.0,0.05525260564122443,0.04241172001119103,0.05525260564122443,0.0,0.0,0.049999999999999996,-4.85722573273506e-17,1.071762671667198e-09,1.9397504968653796e-08,-2.996353282158637e-08
2727,mean,0.25,0.05525260564122443,0.04241172001119103,0.055361098412574736,-0.00010849277135030477,0.0019597293850958293,0.050333333333333334,0.0003333333333332897,1.0406638537019397e-09,1.879774612686691e-08,-2.3228259371510518e-08
2727,mean,0.5,0.05525260564122443,0.04241172001119103,0.055469591183925034,-0.0002169855427006026,0.003911792715059428,0.050749999999999997,0.0007499999999999521,1.0203025160859802e-09,1.8393907600116076e-08,-1.6744669151247393e-08
2727,mean,0.75,0.05525260564122443,0.04241172001119103,0.05557808395527533,-0.00032547831405090044,0.005856234884110409,0.05125,0.0012499999999999525,1.0044806930675776e-09,1.807332386683582e-08,-1.0340604372771622e-08
2727,mean,1.0,0.05525260564122443,0.04241172001119103,0.05568657672662563,-0.0004339710854011983,0.007793100436603101,0.051666666666666666,0.0016666666666666219,9.931152983311264e-10,1.7834016282195327e-08,-4.01481686784777e-09
2727,correlation,0.0,0.05525260564122443,0.04241172001119103,0.05525260564122443,0.0,0.0,0.049999999999999996,-4.85722573273506e-17,1.0717626577894102e-09,1.9397504717483953e-08,-2.9963530323584564e-08
2727,correlation,0.25,0.05525260564122443,0.04241172001119103,0.060048617962302084,-0.004796012321077653,0.07986882102912911,0.06225,0.012249999999999955,1.802293800452076e-05,0.0003002292080767469,0.0006839113604645286
2727,correlation,0.5,0.05525260564122443,0.04241172001119103,0.06449078656700297,-0.009238180925778536,0.14324807336906165,0.074,0.023999999999999952,4.396973865561371e-08,6.81799230165461e-07,1.65433201365639e-06
2727,correlation,0.75,0.05525260564122443,0.04241172001119103,0.06866408149688466,-0.01341147585566023,0.19532010861120624,0.08541666666666667,0.035416666666666624,2.376312177587714e-08,3.460780291781758e-07,6.400724598676355e-07
2727,correlation,1.0,0.05525260564122443,0.04241172001119103,0.07262393520217918,-0.017371329560954746,0.23919565240570295,0.09525,0.04524999999999996,3.312446937575597e-08,4.561097438734671e-07,7.056737659216772e-07
2727,combined,0.0,0.05525260564122443,0.04241172001119103,0.05525260564122443,0.0,0.0,0.049999999999999996,-4.85722573273506e-17,1.0717626577894102e-09,1.9397504717483953e-08,-2.9963530323584564e-08
2727,combined,0.25,0.05525260564122443,0.04241172001119103,0.06015711073365238,-0.004904505092427951,0.08152826877179675,0.06283333333333332,0.01283333333333328,1.81099303933549e-05,0.000301134540838156,0.0006214754104240106
2727,combined,0.5,0.05525260564122443,0.04241172001119103,0.06470777210970356,-0.009455166468479131,0.14612103245417155,0.07508333333333334,0.02508333333333329,4.492076093043362e-08,6.942101489559003e-07,1.6478629780714016e-06
2727,combined,0.75,0.05525260564122443,0.04241172001119103,0.06898955981093556,-0.01373695416971113,0.1991164200403215,0.08658333333333333,0.03658333333333329,2.4765410694405077e-08,3.5897343963925627e-07,6.496925041288293e-07
2727,combined,1.0,0.05525260564122443,0.04241172001119103,0.07305790628758037,-0.017805300646355937,0.24371490439745583,0.0975,0.04749999999999996,3.45178717137129e-08,4.7247299815301684e-07,7.151546465022918e-07
2828,radial,0.0,0.055401502569654364,0.0424739824688201,0.055401502569654364,0.0,0.0,0.049999999999999996,-4.85722573273506e-17,3.787445639044651e-06,6.836826447744169e-05,0.0004000273758233974
2828,radial,0.25,0.055401502569654364,0.0424739824688201,0.055401502569654364,0.0,0.0,0.049999999999999996,-4.85722573273506e-17,3.787445639044651e-06,6.836826447744169e-05,0.0004000273758233974
2828,radial,0.5,0.055401502569654364,0.0424739824688201,0.055401502569654364,0.0,0.0,0.049999999999999996,-4.85722573273506e-17,3.787445639044651e-06,6.836826447744169e-05,0.0004000273758233974
2828,radial,0.75,0.055401502569654364,0.0424739824688201,0.055401502569654364,0.0,0.0,0.049999999999999996,-4.85722573273506e-17,3.787445639044651e-06,6.836826447744169e-05,0.0004000273758233974
2828,radial,1.0,0.055401502569654364,0.0424739824688201,0.055401502569654364,0.0,0.0,0.049999999999999996,-4.85722573273506e-17,3.787445639044651e-06,6.836826447744169e-05,0.0004000273758233974
2828,mean,0.0,0.055401502569654364,0.0424739824688201,0.055401502569654364,0.0,0.0,0.049999999999999996,-4.85722573273506e-17,3.787445639044651e-06,6.836826447744169e-05,0.0004000273758233974
2828,mean,0.25,0.055401502569654364,0.0424739824688201,0.05550998595663917,-0.00010848338698480481,0.001954303989007402,0.050166666666666665,0.00016666666666662056,3.920486568623205e-06,7.063167845570269e-05,0.00040403850970138766
2828,mean,0.5,0.055401502569654364,0.0424739824688201,0.055618469343623966,-0.00021696677396960268,0.0039009842688969196,0.050666666666666665,0.000666666666666621,1.6843228968360657e-06,3.028443474768195e-05,0.0007527222933892408
2828,mean,0.75,0.055401502569654364,0.0424739824688201,0.05572695273060876,-0.0003254501609543936,0.0058400853627805826,0.051166666666666666,0.0011666666666666214,3.7908029641917085e-06,6.802921501680023e-05,0.00048571311936579376
2828,mean,1.0,0.055401502569654364,0.0424739824688201,0.055835436117593555,-0.0004339335479391915,0.007771651447752559,0.051333333333333335,0.0013333333333332906,2.095930736648044e-06,3.7539053361909076e-05,0.0006954319231865513
2828,correlation,0.0,0.055401502569654364,0.0424739824688201,0.05540150256965438,-1.3877787807814457e-17,2.504947910097997e-16,0.049999999999999996,-4.85722573273506e-17,3.7874456390585287e-06,6.836826447769221e-05,0.0004000273758231754
2828,correlation,0.25,0.055401502569654364,0.0424739824688201,0.06025976843505845,-0.004858265865404089,0.0806220467083243,0.06366666666666666,0.013666666666666619,5.01599548702325e-09,8.323954828930606e-08,3.2681679984492007e-07
2828,correlation,0.5,0.055401502569654364,0.0424739824688201,0.0647730992062771,-0.00937159663662273,0.14468346815979646,0.07575,0.025749999999999953,2.3927736678960865e-05,0.000369545063448352,0.0007222860177231727
2828,correlation,0.75,0.055401502569654364,0.0424739824688201,0.0690320605952825,-0.013630558025628133,0.1974525736025851,0.0865,0.03649999999999995,5.264665750390196e-05,0.0007632227428228189,0.001643706480952356
2828,correlation,1.0,0.055401502569654364,0.0424739824688201,0.0730164730823438,-0.017614970512689433,0.2412465265587983,0.09741666666666667,0.04741666666666662,2.726457511148528e-08,3.734032080872717e-07,6.441662404599313e-07
2828,combined,0.0,0.055401502569654364,0.0424739824688201,0.05540150256965438,-1.3877787807814457e-17,2.504947910097997e-16,0.049999999999999996,-4.85722573273506e-17,3.7874456390585287e-06,6.836826447769221e-05,0.0004000273758231754
2828,combined,0.25,0.055401502569654364,0.0424739824688201,0.06036825182204325,-0.004966749252388887,0.08227419384331577,0.06391666666666666,0.013916666666666619,5.212264064802241e-09,8.634115379388698e-08,3.3351054162800153e-07
2828,combined,0.5,0.055401502569654364,0.0424739824688201,0.06499006598024668,-0.009588563410592311,0.14753890869270228,0.07683333333333334,0.026833333333333292,2.3652147824876346e-05,0.00036406731462638667,0.0007407862137254195
2828,combined,0.75,0.055401502569654364,0.0424739824688201,0.06935751075623689,-0.013956008186582526,0.20121841217214603,0.08775,0.03774999999999995,5.647552158437319e-05,0.0008149304176070057,0.0017109574144560935
2828,combined,1.0,0.055401502569654364,0.0424739824688201,0.073450406630283,-0.01804890406062864,0.24572912375392109,0.09908333333333333,0.049083333333333284,2.858355034607296e-08,3.891545708299382e-07,6.546575889165851e-07
2929,radial,0.0,0.0542158057493079,0.04121068961751775,0.0542158057493079,0.0,0.0,0.049999999999999996,-4.85722573273506e-17,4.036522949224519e-09,7.445288682824444e-08,-8.215746116757572e-08
2929,radial,0.25,0.0542158057493079,0.04121068961751775,0.0542158057493079,0.0,0.0,0.049999999999999996,-4.85722573273506e-17,4.036522949224519e-09,7.445288682824444e-08,-8.215746116757572e-08
2929,radial,0.5,0.0542158057493079,0.04121068961751775,0.0542158057493079,0.0,0.0,0.049999999999999996,-4.85722573273506e-17,4.036522949224519e-09,7.445288682824444e-08,-8.215746116757572e-08
2929,radial,0.75,0.0542158057493079,0.04121068961751775,0.0542158057493079,0.0,0.0,0.049999999999999996,-4.85722573273506e-17,4.036522949224519e-09,7.445288682824444e-08,-8.215746116757572e-08
2929,radial,1.0,0.0542158057493079,0.04121068961751775,0.0542158057493079,0.0,0.0,0.049999999999999996,-4.85722573273506e-17,4.036522949224519e-09,7.445288682824444e-08,-8.215746116757572e-08
2929,mean,0.0,0.0542158057493079,0.04121068961751775,0.0542158057493079,0.0,0.0,0.049999999999999996,-4.85722573273506e-17,4.036522949224519e-09,7.445288682824444e-08,-8.215746116757572e-08
2929,mean,0.25,0.0542158057493079,0.04121068961751775,0.054324289135856206,-0.00010848338654830675,0.0019969591553606427,0.050583333333333334,0.0005833333333332899,3.9560936471172425e-09,7.282366687433206e-08,-7.014459613152724e-08
2929,mean,0.5,0.0542158057493079,0.04121068961751775,0.05443277252240452,-0.00021696677309662044,0.0039859585143732475,0.050916666666666666,0.0009166666666666212,3.884477593751878e-09,7.136285166000732e-08,-5.828368776494841e-08
2929,mean,0.75,0.0542158057493079,0.04121068961751775,0.05454125590895283,-0.0003254501596449341,0.005967045573505251,0.051166666666666666,0.0011666666666666214,3.821509879375906e-09,7.006641272644588e-08,-4.657242336225664e-08
2929,mean,1.0,0.0542158057493079,0.04121068961751775,0.05464973929550115,-0.0004339335461932478,0.007940267452089565,0.05125,0.0012499999999999525,3.7670265587430585e-09,6.893037125093304e-08,-3.500814005352737e-08
2929,correlation,0.0,0.0542158057493079,0.04121068961751775,0.0542158057493079,0.0,0.0,0.049999999999999996,-4.85722573273506e-17,4.036522900652262e-09,7.445288593233846e-08,-8.215745705975053e-08
2929,correlation,0.25,0.0542158057493079,0.04121068961751775,0.05888958274374891,-0.004673776994441013,0.0793650893194201,0.0635,0.013499999999999956,1.2400964184075547e-06,2.105843640114348e-05,4.127569302531109e-05
2929,correlation,0.5,0.0542158057493079,0.04121068961751775,0.06325295699254148,-0.00903715124323358,0.1428731821075053,0.07733333333333334,0.027333333333333293,5.2433293140224935e-06,8.290148386930534e-05,-0.0005795375807887693
2929,correlation,0.75,0.0542158057493079,0.04121068961751775,0.06736359380551661,-0.013147788056208712,0.19517646422142043,0.088,0.03799999999999995,3.911941939319097e-05,0.0005810579250694316,0.000681606219116837
2929,correlation,1.0,0.0542158057493079,0.04121068961751775,0.07128041692201736,-0.017064611172709465,0.239401113371413,0.09891666666666667,0.04891666666666662,2.9112084617977096e-08,4.084164734850166e-07,6.582311972702648e-07
2929,combined,0.0,0.0542158057493079,0.04121068961751775,0.0542158057493079,0.0,0.0,0.049999999999999996,-4.85722573273506e-17,4.036522900652262e-09,7.445288593233846e-08,-8.215745705975053e-08
2929,combined,0.25,0.0542158057493079,0.04121068961751775,0.058998066130297226,-0.004782260380989327,0.08105791756678439,0.06416666666666666,0.014166666666666619,1.2438616672980074e-06,2.1083536696846797e-05,4.0525601543217604e-05
2929,combined,0.5,0.0542158057493079,0.04121068961751775,0.0634699237656381,-0.009254118016330207,0.14580320043397124,0.07833333333333332,0.02833333333333328,6.335034862872679e-06,9.982156681600717e-05,0.00030316181281070387
2929,combined,0.75,0.0542158057493079,0.04121068961751775,0.06768904396516155,-0.013473238215853653,0.1990460704805952,0.08958333333333333,0.03958333333333329,4.032737618370197e-05,0.0005961292130451533,0.0006766392094749163
2929,combined,1.0,0.0542158057493079,0.04121068961751775,0.07171435046821062,-0.01749854471890272,0.24400339129696832,0.10141666666666667,0.051416666666666624,3.041719720542346e-08,4.241439810596605e-07,6.68996813391054e-07
3030,radial,0.0,0.05477691463030477,0.041825928166595215,0.05477691463030477,0.0,0.0,0.049999999999999996,-4.85722573273506e-17,1.2698648035880389e-09,2.3182481919566112e-08,-1.733048837770923e-08
3030,radial,0.25,0.05477691463030477,0.041825928166595215,0.05477691463030477,0.0,0.0,0.049999999999999996,-4.85722573273506e-17,1.2698648035880389e-09,2.3182481919566112e-08,-1.733048837770923e-08
3030,radial,0.5,0.05477691463030477,0.041825928166595215,0.05477691463030477,0.0,0.0,0.049999999999999996,-4.85722573273506e-17,1.2698648035880389e-09,2.3182481919566112e-08,-1.733048837770923e-08
3030,radial,0.75,0.05477691463030477,0.041825928166595215,0.05477691463030477,0.0,0.0,0.049999999999999996,-4.85722573273506e-17,1.2698648035880389e-09,2.3182481919566112e-08,-1.733048837770923e-08
3030,radial,1.0,0.05477691463030477,0.041825928166595215,0.05477691463030477,0.0,0.0,0.049999999999999996,-4.85722573273506e-17,1.2698648035880389e-09,2.3182481919566112e-08,-1.733048837770923e-08
3030,mean,0.0,0.05477691463030477,0.041825928166595215,0.05477691463030477,0.0,0.0,0.049999999999999996,-4.85722573273506e-17,1.2698648035880389e-09,2.3182481919566112e-08,-1.733048837770923e-08
3030,mean,0.25,0.05477691463030477,0.041825928166595215,0.05488542698232396,-0.00010851235201918968,0.0019770703807066394,0.050749999999999997,0.0007499999999999521,1.2532735127468442e-09,2.2834358959586165e-08,-6.1103737070133946e-09
3030,mean,0.5,0.05477691463030477,0.041825928166595215,0.05499393933434315,-0.00021702470403837937,0.0039463385723097245,0.051166666666666666,0.0011666666666666214,1.244436054204101e-09,2.2628604123051328e-08,4.970929168290894e-09
3030,mean,0.75,0.05477691463030477,0.041825928166595215,0.05510245168636233,-0.0003255370560575621,0.005907850668977247,0.0515,0.0014999999999999528,1.2432083210112133e-09,2.2561761065304325e-08,1.5915375461972303e-08
3030,mean,1.0,0.05477691463030477,0.041825928166595215,0.055210964038381535,-0.0004340494080767657,0.007861652402501492,0.05175,0.001749999999999953,1.2494493981107802e-09,2.263045842702187e-08,2.6725209656408566e-08
3030,correlation,0.0,0.05477691463030477,0.041825928166595215,0.05477691463030477,0.0,0.0,0.049999999999999996,-4.85722573273506e-17,1.2698648035880389e-09,2.3182481919566112e-08,-1.7330489043843045e-08
3030,correlation,0.25,0.05477691463030477,0.041825928166595215,0.05963634555077158,-0.004859430920466812,0.08148438465817327,0.06375,0.013749999999999957,1.9222685804232142e-09,3.223317298588494e-08,1.202410979117552e-07
3030,correlation,0.5,0.05477691463030477,0.041825928166595215,0.06420586085918849,-0.009428946228883718,0.1468549148427833,0.07541666666666666,0.025416666666666615,1.5391791036156732e-08,2.397256966886668e-07,5.439644587545978e-07
3030,correlation,0.75,0.05477691463030477,0.041825928166595215,0.0685296198829272,-0.013752705252622434,0.2006826431565929,0.08741666666666667,0.037416666666666626,3.927435378570099e-05,0.0005734290502154118,0.002272590964506105
3030,correlation,1.0,0.05477691463030477,0.041825928166595215,0.0726169094266338,-0.017839994796329035,0.24567273569185852,0.09758333333333333,0.04758333333333328,8.575844223646101e-07,1.1809846454170612e-05,2.3149824074308878e-05
3030,combined,0.0,0.05477691463030477,0.041825928166595215,0.05477691463030477,0.0,0.0,0.049999999999999996,-4.85722573273506e-17,1.2698648035880389e-09,2.3182481919566112e-08,-1.7330489043843045e-08
3030,combined,0.25,0.05477691463030477,0.041825928166595215,0.05974485790279076,-0.004967943272485988,0.08315265023425436,0.0645,0.014499999999999957,1.9941100229403652e-09,3.33770998793325e-08,1.2261680415459608e-07
3030,combined,0.5,0.05477691463030477,0.041825928166595215,0.06442288556322688,-0.009645970932922111,0.14972894878257537,0.07658333333333334,0.026583333333333292,1.598560810112115e-08,2.4813561093954637e-07,5.528113903308096e-07
3030,combined,0.75,0.05477691463030477,0.041825928166595215,0.06885515693898477,-0.014078242308679996,0.20446169807085438,0.08925,0.03924999999999995,4.42876219466648e-05,0.0006436137544290382,0.0023337774615094786
3030,combined,1.0,0.05477691463030477,0.041825928166595215,0.07305095883471055,-0.01827404420440578,0.2501547480814553,0.09924999999999999,0.04924999999999995,8.209070047476841e-07,1.123758322756483e-05,2.1692765018066495e-05
