seed,design,state,risk,alpha_star,rho_star,g_gamma,g_phi,g_total,g_fd,fd_stability_range,grad_abs_error
101,D0,0.05,0.05996555931699756,0.04565615958081418,0.0019295989936657161,0.0,0.0,0.0,0.0,0.0,0.0
101,D0,0.095,0.05996555931699756,0.04565615958081418,0.0019295989936657161,0.0,0.0,0.0,0.0,0.0,0.0
101,D0,0.14,0.05996555931699756,0.04565615958081418,0.0019295989936657161,0.0,0.0,0.0,0.0,0.0,0.0
101,D0,0.185,0.05996555931699756,0.04565615958081418,0.0019295989936657161,0.0,0.0,0.0,0.0,0.0,0.0
101,D0,0.22999999999999998,0.05996555931699756,0.04565615958081418,0.0019295989936657161,0.0,0.0,0.0,0.0,0.0,0.0
101,D0,0.27499999999999997,0.05996555931699756,0.04565615958081418,0.0019295989936657161,0.0,0.0,0.0,0.0,0.0,0.0
101,D0,0.32,0.05996555931699756,0.04565615958081418,0.0019295989936657161,0.0,0.0,0.0,0.0,0.0,0.0
101,D0,0.365,0.05996555931699756,0.04565615958081418,0.0019295989936657161,0.0,0.0,0.0,0.0,0.0,0.0
101,D0,0.41,0.05996555931699756,0.04565615958081418,0.0019295989936657161,0.0,0.0,0.0,0.0,0.0,0.0
101,D0,0.45499999999999996,0.05996555931699756,0.04565615958081418,0.0019295989936657161,0.0,0.0,0.0,0.0,0.0,0.0
101,D0,0.49999999999999994,0.05996555931699756,0.04565615958081418,0.0019295989936657161,0.0,0.0,0.0,0.0,0.0,0.0
101,D0,0.545,0.05996555931699756,0.04565615958081418,0.0019295989936657161,0.0,0.0,0.0,0.0,0.0,0.0
101,D0,0.5900000000000001,0.05996555931699756,0.04565615958081418,0.0019295989936657161,0.0,0.0,0.0,0.0,0.0,0.0
101,D0,0.635,0.05996555931699756,0.04565615958081418,0.0019295989936657161,0.0,0.0,0.0,0.0,0.0,0.0
101,D0,0.68,0.05996555931699756,0.04565615958081418,0.0019295989936657161,0.0,0.0,0.0,0.0,0.0,0.0
101,D0,0.725,0.05996555931699756,0.04565615958081418,0.0019295989936657161,0.0,0.0,0.0,0.0,0.0,0.0
101,D0,0.77,0.05996555931699756,0.04565615958081418,0.0019295989936657161,0.0,0.0,0.0,0.0,0.0,0.0
101,D0,0.8150000000000001,0.05996555931699756,0.04565615958081418,0.0019295989936657161,0.0,0.0,0.0,0.0,0.0,0.0
101,D0,0.86,0.05996555931699756,0.04565615958081418,0.0019295989936657161,0.0,0.0,0.0,0.0,0.0,0.0
101,D0,0.905,0.05996555931699756,0.04565615958081418,0.0019295989936657161,0.0,0.0,0.0,0.0,0.0,0.0
101,D0,0.95,0.05996555931699756,0.04565615958081418,0.0019295989936657161,0.0,0.0,0.0,0.0,0.0,0.0
101,D_phi,0.05,0.0540315281883686,0.04131319295211765,0.0014571936857929824,0.0,0.01244565248698321,0.01244565248698321,0.012445655492022803,1.4344433635696263e-08,3.00503959216325e-09
101,D_phi,0.095,0.05459479459886376,0.041728497706877574,0.001500440938978772,0.0,0.012588703470074864,0.012588703470074864,0.012588706603255766,1.4517932706709091e-08,3.1331809022261403e-09
101,D_phi,0.14,0.055164538317928676,0.04214790430898743,0.0015445299213241528,0.0,0.012733536327950722,0.012733536327950722,0.01273353949964045,1.469174643053961e-08,3.171689728562188e-09
101,D_phi,0.185,0.05574084001065806,0.04257145622427299,0.0015894773392530752,0.0,0.01288017261656265,0.01288017261656265,0.012880175771212686,1.487215246787077e-08,3.154650035988582e-09
101,D_phi,0.22999999999999998,0.05632378131959721,0.042999195875520445,0.0016353010688952194,0.0,0.013028633898148706,0.013028633898148706,0.013028637270469193,1.5052369420343048e-08,3.3723204870966805e-09
101,D_phi,0.27499999999999997,0.05691344487671679,0.04343117341389641,0.001682015025679603,0.0,0.013178943244719282,0.013178943244719282,0.013178946120495106,1.5235430278481843e-08,2.8757758240710585e-09
101,D_phi,0.32,0.05750991431562372,0.04386743253595523,0.0017296356002070357,0.0,0.013331125771580875,0.013331125771580875,0.01333112471537805,1.541861222031926e-08,1.0562028248534139e-09
101,D_phi,0.365,0.058113274283904025,0.04430800781609747,0.001778192836724634,0.0,0.013485193013334456,0.013485193013334456,0.013485195726911115,1.560656430477092e-08,2.7135766585140164e-09
101,D_phi,0.41,0.05872361045576756,0.044752957345411244,0.0018276920618556533,0.0,0.013641178960961271,0.013641178960961271,0.013641182111710596,1.579648703509129e-08,3.1507493246374363e-09
101,D_phi,0.45499999999999996,0.05934100954480097,0.04520232507290317,0.0018781548828259006,0.0,0.013799103641740843,0.013799103641740843,0.013799107110315673,1.5987435333930655e-08,3.4685748301344077e-09
101,D_phi,0.49999999999999994,0.05996555931699711,0.04565616007525108,0.0019295986343280697,0.0,0.013958991071938959,0.013958991071938959,0.013958994255617224,1.618203383617345e-08,3.1836782654615092e-09
101,D_phi,0.545,0.06059734860397836,0.046114506889329124,0.0019820444236147614,0.0,0.014120864029464584,0.014120864029464584,0.014120867376682377,1.6378727193955278e-08,3.3472177928678404e-09
101,D_phi,0.5900000000000001,0.06123646731642303,0.04657741561773522,0.0020355101071587826,0.0,0.0142847472773945,0.0142847472773945,0.014284750603305191,1.6577711772769455e-08,3.3259106909516722e-09
101,D_phi,0.635,0.06188300645772604,0.047044934613412984,0.0020900154852460913,0.0,0.01445066508419388,0.01445066508419388,0.014450668371870564,1.677917978171184e-08,3.2876766829781356e-09
101,D_phi,0.68,0.06253705813787018,0.04751711348785831,0.0021455801283435916,0.0,0.01461864231438325,0.01461864231438325,0.01461864542850916,1.698334875510632e-08,3.1141259102668295e-09
101,D_phi,0.725,0.06319871558752367,0.047994001350977804,0.0022022246834711317,0.0,0.014788703785183975,0.014788703785183975,0.014788706835545243,1.719237252562067e-08,3.0503612673954406e-09
101,D_phi,0.77,0.06386807317235987,0.048475649113601346,0.0022599693815591785,0.0,0.014960874801102126,0.014960874801102126,0.01496087797704658,1.739967475655746e-08,3.175944453606694e-09
101,D_phi,0.8150000000000001,0.06454522640760631,0.04896210795138946,0.002318834676446602,0.0,0.01513518137081102,0.01513518137081102,0.01513518456149296,1.761203752281837e-08,3.19068193914418e-09
101,D_phi,0.86,0.06523027197282223,0.049453429330930575,0.002378841732072585,0.0,0.015311649455208666,0.015311649455208666,0.015311652629282343,1.7828334641922794e-08,3.1740736775032197e-09
101,D_phi,0.905,0.06592330772691281,0.04994966147816265,0.0024400154948300526,0.0,0.01549030308237219,0.01549030308237219,0.015490308555230953,1.804408289451942e-08,5.47285876340009e-09
101,D_phi,0.95,0.06662443272335014,0.05045086575066339,0.0025023698436581077,0.0,0.01567117416959547,0.01567117416959547,0.015671179057008877,1.826559042905629e-08,4.887413408011243e-09
101,D_gamma,0.05,0.05996555931699756,0.04565615958081418,0.0019295989936657161,0.0,0.0,0.0,0.0,0.0,0.0
101,D_gamma,0.095,0.05996555931699756,0.04565615958081418,0.0019295989936657161,0.0,0.0,0.0,0.0,0.0,0.0
101,D_gamma,0.14,0.05996555931699756,0.04565615958081418,0.0019295989936657161,0.0,0.0,0.0,0.0,0.0,0.0
101,D_gamma,0.185,0.05996555931699756,0.04565615958081418,0.0019295989936657161,0.0,0.0,0.0,0.0,0.0,0.0
101,D_gamma,0.22999999999999998,0.05996555931699756,0.04565615958081418,0.0019295989936657161,0.0,0.0,0.0,0.0,0.0,0.0
101,D_gamma,0.27499999999999997,0.05996555931699756,0.04565615958081418,0.0019295989936657161,0.0,0.0,0.0,0.0,0.0,0.0
101,D_gamma,0.32,0.05996555931699756,0.04565615958081418,0.0019295989936657161,0.0,0.0,0.0,0.0,0.0,0.0
101,D_gamma,0.365,0.05996555931699756,0.04565615958081418,0.0019295989936657161,0.0,0.0,0.0,0.0,0.0,0.0
101,D_gamma,0.41,0.05996555931699756,0.04565615958081418,0.0019295989936657161,0.0,0.0,0.0,0.0,0.0,0.0
101,D_gamma,0.45499999999999996,0.05996555931699756,0.04565615958081418,0.0019295989936657161,0.0,0.0,0.0,0.0,0.0,0.0
101,D_gamma,0.49999999999999994,0.05996555931699756,0.04565615958081418,0.0019295989936657161,0.0,0.0,0.0,0.0,0.0,0.0
101,D_gamma,0.545,0.05996555931699756,0.04565615958081418,0.0019295989936657161,0.0,0.0,0.0,0.0,0.0,0.0
101,D_gamma,0.5900000000000001,0.05996555931699756,0.04565615958081418,0.0019295989936657161,0.0,0.0,0.0,0.0,0.0,0.0
101,D_gamma,0.635,0.05996555931699756,0.04565615958081418,0.0019295989936657161,0.0,0.0,0.0,0.0,0.0,0.0
101,D_gamma,0.68,0.05996555931699756,0.04565615958081418,0.0019295989936657161,0.0,0.0,0.0,0.0,0.0,0.0
101,D_gamma,0.725,0.05996555931699756,0.04565615958081418,0.0019295989936657161,0.0,0.0,0.0,0.0,0.0,0.0
101,D_gamma,0.77,0.05996555931699756,0.04565615958081418,0.0019295989936657161,0.0,0.0,0.0,0.0,0.0,0.0
101,D_gamma,0.8150000000000001,0.05996555931699756,0.04565615958081418,0.0019295989936657161,0.0,0.0,0.0,0.0,0.0,0.0
101,D_gamma,0.86,0.05996555931699756,0.04565615958081418,0.0019295989936657161,0.0,0.0,0.0,0.0,0.0,0.0
101,D_gamma,0.905,0.05996555931699756,0.04565615958081418,0.0019295989936657161,0.0,0.0,0.0,0.0,0.0,0.0
101,D_gamma,0.95,0.05996555931699756,0.04565615958081418,0.0019295989936657161,0.0,0.0,0.0,0.0,0.0,0.0
101,D_phi+gamma,0.05,0.05349940986970987,0.04091516141261865,0.002012401556088544,0.0014086810892619797,0.012099238721069494,0.013507919810331474,0.0135079285628158,6.133871016146542e-08,8.752484325844079e-09
101,D_phi+gamma,0.095,0.05411076438406466,0.041367270411331876,0.0019827721239746294,0.0013879404867822396,0.012276614732248451,0.013664555219030691,0.013664562676324482,5.2953257423035693e-08,7.457293791160446e-09
101,D_phi+gamma,0.14,0.054729317499266676,0.041823860485533444,0.001960265979314723,0.0013721861855203051,0.012455526984192361,0.013827713169712666,0.013827719362633275,4.697195930825071e-08,6.192920608619201e-09
101,D_phi+gamma,0.185,0.055355345120461946,0.04228511532211884,0.0019435747757242546,0.001360502343006977,0.012636149116474137,0.013996651459481113,0.013996657137050292,4.262804692567457e-08,5.677569178685893e-09
101,D_phi+gamma,0.22999999999999998,0.055989094656591555,0.042751192480737624,0.0019317200402162856,0.001352204028151399,0.012818629014223898,0.014170833042375297,0.01417083820286247,3.943298639008663e-08,5.160487173000439e-09
101,D_phi+gamma,0.27499999999999997,0.056630792703976834,0.043222235038333445,0.0019239501819915802,0.001346765127394105,0.013003097017174498,0.014349862144568603,0.014349867075623227,3.706047239926402e-08,4.931054623652509e-09
101,D_phi+gamma,0.32,0.05728065048162696,0.04369837857750971,0.0019196762552840456,0.0013437733786988307,0.013189669603698589,0.01453344298239742,0.014533450278820895,3.529108394406677e-08,7.296423475827707e-09
101,D_phi+gamma,0.365,0.057938867769757645,0.04417972284479018,0.0019184484993714636,0.0013429139495600233,0.013378450586101934,0.014721364535661958,0.014721369112698036,3.397277840988533e-08,4.5770360782709796e-09
101,D_phi+gamma,0.41,0.05860563582466342,0.04466640029481506,0.0019198825727691866,0.0013439178009384295,0.013569538613116468,0.014913456414054898,0.014913460780257938,3.2999286983526055e-08,4.366203039743444e-09
101,D_phi+gamma,0.45499999999999996,0.05928113957685234,0.04515851205338095,0.001923681284350744,0.0013465768990455196,0.013763023776816662,0.015109600675862181,0.015109605030697186,3.229237086066483e-08,4.354835004757862e-09
101,D_phi+gamma,0.49999999999999994,0.05996555931699711,0.04565616007525108,0.0019295986343280697,0.0013507190440296476,0.013958991071938959,0.015309710115968607,0.015309714514751476,3.179434975714157e-08,4.3987828692027e-09
101,D_phi+gamma,0.545,0.06065907200909469,0.046159442618143295,0.001937431695468272,0.0013562021868277893,0.014157521114558196,0.015513723301385986,0.015513727704044043,3.146340896154065e-08,4.4026580575673435e-09
101,D_phi+gamma,0.5900000000000001,0.06136185232790318,0.0466684564688741,0.0019470108176043513,0.0013629075723230446,0.014358691600557959,0.015721599172881004,0.01572160361284889,3.1265968980509484e-08,4.439967886404883e-09
101,D_phi+gamma,0.635,0.06207407348947313,0.04718329479377448,0.001958194912736399,0.0013707364389154782,0.014562576974413925,0.015933313413329403,0.01593331780914089,3.117847716116451e-08,4.395811485646828e-09
101,D_phi+gamma,0.68,0.06279590792437034,0.04770405198982142,0.001970861575248326,0.001379603102673827,0.014769254042455115,0.016148857145128943,0.01614885936365057,3.118084193620696e-08,2.2185216268233443e-09
101,D_phi+gamma,0.725,0.06352752782992174,0.04823081760422741,0.0019849166768371685,0.001389441673786017,0.014978782308831243,0.01636822398261726,0.016368228487452147,3.1259290295126974e-08,4.504834887064657e-09
101,D_phi+gamma,0.77,0.06426910562836147,0.048763687941716496,0.0020002651289680456,0.0014001855902776308,0.015191244595386254,0.016591430185663884,0.016591434691611687,3.140207954777097e-08,4.505947802380117e-09
101,D_phi+gamma,0.8150000000000001,0.06502081435122294,0.049302746413125244,0.0020168400602047698,0.0014117880421433378,0.015406702621239193,0.01681849066338253,0.016818495325969157,3.1597462840649015e-08,4.6625866258198645e-09
101,D_phi+gamma,0.86,0.06578282796520149,0.04984809073354634,0.002034574139011073,0.00142420189730775,0.015625227810583918,0.017049429707891667,0.017049434428470844,3.1841542597055295e-08,4.720579177552864e-09
101,D_phi+gamma,0.905,0.06655532165146168,0.050399799213044376,0.0020534204569746272,0.0014373943198822377,0.01584688238593002,0.017284276705812257,0.017284281798018983,3.212585267253765e-08,5.0922067257319625e-09
101,D_phi+gamma,0.95,0.0673384720473857,0.05095797495617345,0.0020733254663754426,0.0014513278264628086,0.016071739302798337,0.017523067129261147,0.017523072243928725,3.2447058234685855e-08,5.114667578354215e-09
202,D0,0.05,0.06012544601533784,0.04569142553048954,0.0020449918421948142,0.0,0.0,0.0,0.0,0.0,0.0
202,D0,0.095,0.06012544601533784,0.04569142553048954,0.0020449918421948142,0.0,0.0,0.0,0.0,0.0,0.0
202,D0,0.14,0.06012544601533784,0.04569142553048954,0.0020449918421948142,0.0,0.0,0.0,0.0,0.0,0.0
202,D0,0.185,0.06012544601533784,0.04569142553048954,0.0020449918421948142,0.0,0.0,0.0,0.0,0.0,0.0
202,D0,0.22999999999999998,0.06012544601533784,0.04569142553048954,0.0020449918421948142,0.0,0.0,0.0,0.0,0.0,0.0
202,D0,0.27499999999999997,0.06012544601533784,0.04569142553048954,0.0020449918421948142,0.0,0.0,0.0,0.0,0.0,0.0
202,D0,0.32,0.06012544601533784,0.04569142553048954,0.0020449918421948142,0.0,0.0,0.0,0.0,0.0,0.0
202,D0,0.365,0.06012544601533784,0.04569142553048954,0.0020449918421948142,0.0,0.0,0.0,0.0,0.0,0.0
202,D0,0.41,0.06012544601533784,0.04569142553048954,0.0020449918421948142,0.0,0.0,0.0,0.0,0.0,0.0
202,D0,0.45499999999999996,0.06012544601533784,0.04569142553048954,0.0020449918421948142,0.0,0.0,0.0,0.0,0.0,0.0
202,D0,0.49999999999999994,0.06012544601533784,0.04569142553048954,0.0020449918421948142,0.0,0.0,0.0,0.0,0.0,0.0
202,D0,0.545,0.06012544601533784,0.04569142553048954,0.0020449918421948142,0.0,0.0,0.0,0.0,0.0,0.0
202,D0,0.5900000000000001,0.06012544601533784,0.04569142553048954,0.0020449918421948142,0.0,0.0,0.0,0.0,0.0,0.0
202,D0,0.635,0.06012544601533784,0.04569142553048954,0.0020449918421948142,0.0,0.0,0.0,0.0,0.0,0.0
202,D0,0.68,0.06012544601533784,0.04569142553048954,0.0020449918421948142,0.0,0.0,0.0,0.0,0.0,0.0
202,D0,0.725,0.06012544601533784,0.04569142553048954,0.0020449918421948142,0.0,0.0,0.0,0.0,0.0,0.0
202,D0,0.77,0.06012544601533784,0.04569142553048954,0.0020449918421948142,0.0,0.0,0.0,0.0,0.0,0.0
202,D0,0.8150000000000001,0.06012544601533784,0.04569142553048954,0.0020449918421948142,0.0,0.0,0.0,0.0,0.0,0.0
202,D0,0.86,0.06012544601533784,0.04569142553048954,0.0020449918421948142,0.0,0.0,0.0,0.0,0.0,0.0
202,D0,0.905,0.06012544601533784,0.04569142553048954,0.0020449918421948142,0.0,0.0,0.0,0.0,0.0,0.0
202,D0,0.95,0.06012544601533784,0.04569142553048954,0.0020449918421948142,0.0,0.0,0.0,0.0,0.0,0.0
202,D_phi,0.05,0.05413354329688755,0.04134233425435823,0.0015266822207977478,0.0,0.012552395068426906,0.012552395068426906,0.012552398190058751,1.5305538442547673e-08,3.1216318453763936e-09
202,D_phi,0.095,0.05470170298987134,0.0417583121020054,0.001573678100408105,0.0,0.01269946007717386,0.01269946007717386,0.012699463311751149,1.5501942457127327e-08,3.2345772883052293e-09
202,D_phi,0.14,0.05527652332970765,0.042178380866164655,0.0016216860989424326,0.0,0.012848427649890047,0.012848427649890047,0.012848431052662155,1.5702126404670835e-08,3.4027721074886275e-09
202,D_phi,0.185,0.05585809048409392,0.042602584170209956,0.001670728347599732,0.0,0.012999322419460264,0.012999322419460264,0.01299932590258407,1.590380015181747e-08,3.4831238067412063e-09
202,D_phi,0.22999999999999998,0.05644649172980343,0.04303096646885438,0.001720827111170351,0.0,0.013152169517608963,0.013152169517608963,0.013152172665039501,1.6108612360676844e-08,3.1474305384193713e-09
202,D_phi,0.27499999999999997,0.05704181546698201,0.043463565620588014,0.0017720091986120937,0.0,0.013306992967005821,0.013306992967005821,0.013306996464449912,1.6315423664869932e-08,3.49744409128272e-09
202,D_phi,0.32,0.05764415123365296,0.043900428352701186,0.0018242954851649816,0.0,0.01346382133040908,0.01346382133040908,0.013463822750739417,1.652623767001149e-08,1.4203303377174903e-09
202,D_phi,0.365,0.05825358972049391,0.04434160569418965,0.0018777109532058746,0.0,0.013622674288879536,0.013622674288879536,0.013622677303079868,1.673905666854658e-08,3.0142003320382527e-09
202,D_phi,0.41,0.058870222785837194,0.044787131006673565,0.001932283024477915,0.0,0.013783582778286623,0.013783582778286623,0.013783586238630569,1.695490796371768e-08,3.4603439454106155e-09
202,D_phi,0.45499999999999996,0.05949414347090886,0.045237055951983504,0.0019880345283187504,0.0,0.013946572559790647,0.013946572559790647,0.013946576015164297,1.717333497630591e-08,3.4553736504017163e-09
202,D_phi,0.49999999999999994,0.06012544601533784,0.045691425530489514,0.0020449918421948285,0.0,0.014111670181626363,0.014111670181626363,0.014111673437901734,1.7394427211103736e-08,3.2562753708720305e-09
202,D_phi,0.545,0.06076422587290675,0.046150285195834015,0.0021031819114950257,0.0,0.014278902430461982,0.014278902430461982,0.014278905664876622,1.761868290151014e-08,3.2344146406321217e-09
202,D_phi,0.5900000000000001,0.061410579727563475,0.04661368207572323,0.002162631270912867,0.0,0.014448297002544361,0.014448297002544361,0.014448300213137042,1.7845763408685933e-08,3.210592680602531e-09
202,D_phi,0.635,0.062064605509702726,0.047081660113175966,0.0022233700554145424,0.0,0.014619879748327227,0.014619879748327227,0.014619884963933115,1.8076216912188414e-08,5.215605888148067e-09
202,D_phi,0.68,0.06272640241269001,0.04755427621116609,0.0022854181748766076,0.0,0.014793684660112967,0.014793684660112967,0.014793688170049155,1.8309310317876637e-08,3.5099361871820944e-09
202,D_phi,0.725,0.06339607090971444,0.048031568671434766,0.0023488102989312224,0.0,0.014969737771717931,0.014969737771717931,0.014969738460080664,1.854531458955755e-08,6.883627331338849e-10
202,D_phi,0.77,0.06407371277084711,0.0485135905233383,0.002413578366927686,0.0,0.015148059658538547,0.015148059658538547,0.01514806484518258,1.8784609284727694e-08,5.186644032664778e-09
202,D_phi,0.8150000000000001,0.06475943108041869,0.049000391892606784,0.0024797441110785577,0.0,0.01532869147068733,0.01532869147068733,0.015328696727369057,1.90279576817165e-08,5.256681727058843e-09
202,D_phi,0.86,0.06545333025468975,0.049492022027677,0.0025473401487469322,0.0,0.015511658940457562,0.015511658940457562,0.01551166390305092,1.927416976021945e-08,4.962593358817657e-09
202,D_phi,0.905,0.06615551605978745,0.04998853100908871,0.0026163970908595715,0.0,0.01569699211718849,0.01569699211718849,0.01569699657045577,1.9523250377462276e-08,4.45326727924189e-09
202,D_phi,0.95,0.0668660956299466,0.050489968633910955,0.0026869468065919815,0.0,0.015884720957745815,0.015884720957745815,0.01588472533707029,1.9776406900984256e-08,4.379324475972668e-09
202,D_gamma,0.05,0.06012544601533784,0.04569142553048954,0.0020449918421948142,0.0,0.0,0.0,0.0,0.0,0.0
202,D_gamma,0.095,0.06012544601533784,0.04569142553048954,0.0020449918421948142,0.0,0.0,0.0,0.0,0.0,0.0
202,D_gamma,0.14,0.06012544601533784,0.04569142553048954,0.0020449918421948142,0.0,0.0,0.0,0.0,0.0,0.0
202,D_gamma,0.185,0.06012544601533784,0.04569142553048954,0.0020449918421948142,0.0,0.0,0.0,0.0,0.0,0.0
202,D_gamma,0.22999999999999998,0.06012544601533784,0.04569142553048954,0.0020449918421948142,0.0,0.0,0.0,0.0,0.0,0.0
202,D_gamma,0.27499999999999997,0.06012544601533784,0.04569142553048954,0.0020449918421948142,0.0,0.0,0.0,0.0,0.0,0.0
202,D_gamma,0.32,0.06012544601533784,0.04569142553048954,0.0020449918421948142,0.0,0.0,0.0,0.0,0.0,0.0
202,D_gamma,0.365,0.06012544601533784,0.04569142553048954,0.0020449918421948142,0.0,0.0,0.0,0.0,0.0,0.0
202,D_gamma,0.41,0.06012544601533784,0.04569142553048954,0.0020449918421948142,0.0,0.0,0.0,0.0,0.0,0.0
202,D_gamma,0.45499999999999996,0.06012544601533784,0.04569142553048954,0.0020449918421948142,0.0,0.0,0.0,0.0,0.0,0.0
202,D_gamma,0.49999999999999994,0.06012544601533784,0.04569142553048954,0.0020449918421948142,0.0,0.0,0.0,0.0,0.0,0.0
202,D_gamma,0.545,0.06012544601533784,0.04569142553048954,0.0020449918421948142,0.0,0.0,0.0,0.0,0.0,0.0
202,D_gamma,0.5900000000000001,0.06012544601533784,0.04569142553048954,0.0020449918421948142,0.0,0.0,0.0,0.0,0.0,0.0
202,D_gamma,0.635,0.06012544601533784,0.04569142553048954,0.0020449918421948142,0.0,0.0,0.0,0.0,0.0,0.0
202,D_gamma,0.68,0.06012544601533784,0.04569142553048954,0.0020449918421948142,0.0,0.0,0.0,0.0,0.0,0.0
202,D_gamma,0.725,0.06012544601533784,0.04569142553048954,0.0020449918421948142,0.0,0.0,0.0,0.0,0.0,0.0
202,D_gamma,0.77,0.06012544601533784,0.04569142553048954,0.0020449918421948142,0.0,0.0,0.0,0.0,0.0,0.0
202,D_gamma,0.8150000000000001,0.06012544601533784,0.04569142553048954,0.0020449918421948142,0.0,0.0,0.0,0.0,0.0,0.0
202,D_gamma,0.86,0.06012544601533784,0.04569142553048954,0.0020449918421948142,0.0,0.0,0.0,0.0,0.0,0.0
202,D_gamma,0.905,0.06012544601533784,0.04569142553048954,0.0020449918421948142,0.0,0.0,0.0,0.0,0.0,0.0
202,D_gamma,0.95,0.06012544601533784,0.04569142553048954,0.0020449918421948142,0.0,0.0,0.0,0.0,0.0,0.0
202,D_phi+gamma,0.05,0.053578591339763025,0.04094048618789343,0.002089673254219268,0.0014627712779534863,0.012179728296441098,0.013642499574394585,0.013642507902476664,6.544269502174738e-08,8.32808207985869e-09
202,D_phi+gamma,0.095,0.05419616784184483,0.04139379314073357,0.002062591138326553,0.0014438137968285857,0.012362776770872039,0.013806590567700625,0.013806601246686862,5.706396607151054e-08,1.067898623696717e-08
202,D_phi+gamma,0.14,0.05482128996407055,0.04185154007223599,0.0020429393983335694,0.0014300575788334974,0.012547658189728913,0.01397771576856241,0.013977722544231639,5.114514992077268e-08,6.775669228811787e-09
202,D_phi+gamma,0.185,0.05545425649497769,0.04231392187991964,0.0020293859117601286,0.001420570138232089,0.012734560869749922,0.01415513100798201,0.014155137435491344,4.689665530910325e-08,6.427509333800652e-09
202,D_phi+gamma,0.22999999999999998,0.05609533814918765,0.042781085533361664,0.002020947328810294,0.0014146631301672047,0.012923650382003079,0.014338313512170284,0.014338319536714461,4.381987724066949e-08,6.024544177765656e-09
202,D_phi+gamma,0.27499999999999997,0.05674478541711395,0.04325317004141104,0.002016864259017577,0.001411804981312303,0.013115077079373516,0.014526882060685819,0.014526887954136198,4.1585460075488356e-08,5.893450378754994e-09
202,D_phi+gamma,0.32,0.05740283412600152,0.043730297830968656,0.0020165505631613047,0.001411585394212912,0.01330897520289308,0.014720560597105992,0.014720566260613223,3.9971064652588595e-08,5.663507230899145e-09
202,D_phi+gamma,0.365,0.05806970947729291,0.04421258406123379,0.0020195416122797596,0.0014136791285958305,0.013505470159137566,0.014919149287733397,0.014919154771200746,3.882177045111401e-08,5.4834673485909535e-09
202,D_phi+gamma,0.41,0.058745629041940965,0.044700134577624326,0.002025468337554097,0.0014178278362878666,0.013704678131593097,0.015122505967880964,0.015122511334344349,3.802793323293141e-08,5.366463384781639e-09
202,D_phi+gamma,0.45499999999999996,0.05943080502610132,0.04519305004851713,0.002034032405376696,0.0014238226837636862,0.013906709685073114,0.0153305323688368,0.015330537730723508,3.751034656496177e-08,5.361886707203056e-09
202,D_phi+gamma,0.49999999999999994,0.06012544601533784,0.045691425530489514,0.0020449918421948285,0.0014314942895363788,0.014111670181626363,0.015543164471162742,0.01554316985397163,3.7210708431212325e-08,5.382808887857693e-09
202,D_phi+gamma,0.545,0.06082975833923655,0.046195352092455545,0.0020581486563664656,0.0014407040594565247,0.014319661031308589,0.015760365090765113,0.01576037050020454,3.708564601245801e-08,5.409439427644935e-09
202,D_phi+gamma,0.5900000000000001,0.061543947155190556,0.0467049187048983,0.0020733390718037864,0.0014513373502626494,0.014530781179659481,0.01598211852992213,0.015982123991114212,3.710226084696622e-08,5.4611920818903315e-09
202,D_phi+gamma,0.635,0.06226821732138399,0.04722021175853867,0.002090427636056478,0.0014632993452395335,0.014745127245710032,0.016208426590949565,0.016208432109572783,3.723572422620336e-08,5.5186232181259065e-09
202,D_phi+gamma,0.68,0.0630027741094579,0.04774131182245502,0.002109304607024279,0.0014765132249169941,0.014962791784237768,0.01643930500915476,0.016439310988368414,3.7467276503555524e-08,5.979213651974291e-09
202,D_phi+gamma,0.725,0.06374782379378013,0.04826831723419203,0.0021298658191777177,0.0014909060734244013,0.015183877201760818,0.01667478327518522,0.01667478870216696,3.777760534950936e-08,5.426981738998471e-09
202,D_phi+gamma,0.77,0.0645035741448229,0.048801283433036864,0.0021520501737772252,0.0015064351216440564,0.01540846292226062,0.016914898043904676,0.016914903387480945,3.8158586013192775e-08,5.3435762689679756e-09
202,D_phi+gamma,0.8150000000000001,0.06527023484711289,0.04934031714397807,0.0021757779246046227,0.0015230445472232347,0.015636650990706137,0.01715969553792937,0.01715970175644453,3.8600803803356953e-08,6.2185151611382494e-09
202,D_phi+gamma,0.86,0.0660480178575808,0.04988549038782648,0.0022009986862268223,0.0015406990803587745,0.015868532871431088,0.017409231951789863,0.017409237914033426,3.909281440228618e-08,5.962243563445435e-09
202,D_phi+gamma,0.905,0.06683713771624732,0.050436879726640495,0.0022276706319709393,0.0015593694423796565,0.01610419640746475,0.017663565849844406,0.017663572414693112,3.963395583950202e-08,6.56484870631413e-09
202,D_phi+gamma,0.95,0.06763781181863505,0.0509945737748164,0.0022557515209537145,0.0015790260646675988,0.01634373928194357,0.017922765346611167,0.01792277150102285,4.021542682197676e-08,6.154411681669192e-09
303,D0,0.05,0.06001418222630583,0.0456800681728067,0.0019441957574086713,0.0,0.0,0.0,0.0,0.0,0.0
303,D0,0.095,0.06001418222630583,0.0456800681728067,0.0019441957574086713,0.0,0.0,0.0,0.0,0.0,0.0
303,D0,0.14,0.06001418222630583,0.0456800681728067,0.0019441957574086713,0.0,0.0,0.0,0.0,0.0,0.0
303,D0,0.185,0.06001418222630583,0.0456800681728067,0.0019441957574086713,0.0,0.0,0.0,0.0,0.0,0.0
303,D0,0.22999999999999998,0.06001418222630583,0.0456800681728067,0.0019441957574086713,0.0,0.0,0.0,0.0,0.0,0.0
303,D0,0.27499999999999997,0.06001418222630583,0.0456800681728067,0.0019441957574086713,0.0,0.0,0.0,0.0,0.0,0.0
303,D0,0.32,0.06001418222630583,0.0456800681728067,0.0019441957574086713,0.0,0.0,0.0,0.0,0.0,0.0
303,D0,0.365,0.06001418222630583,0.0456800681728067,0.0019441957574086713,0.0,0.0,0.0,0.0,0.0,0.0
303,D0,0.41,0.06001418222630583,0.0456800681728067,0.0019441957574086713,0.0,0.0,0.0,0.0,0.0,0.0
303,D0,0.45499999999999996,0.06001418222630583,0.0456800681728067,0.0019441957574086713,0.0,0.0,0.0,0.0,0.0,0.0
303,D0,0.49999999999999994,0.06001418222630583,0.0456800681728067,0.0019441957574086713,0.0,0.0,0.0,0.0,0.0,0.0
303,D0,0.545,0.06001418222630583,0.0456800681728067,0.0019441957574086713,0.0,0.0,0.0,0.0,0.0,0.0
303,D0,0.5900000000000001,0.06001418222630583,0.0456800681728067,0.0019441957574086713,0.0,0.0,0.0,0.0,0.0,0.0
303,D0,0.635,0.06001418222630583,0.0456800681728067,0.0019441957574086713,0.0,0.0,0.0,0.0,0.0,0.0
303,D0,0.68,0.06001418222630583,0.0456800681728067,0.0019441957574086713,0.0,0.0,0.0,0.0,0.0,0.0
303,D0,0.725,0.06001418222630583,0.0456800681728067,0.0019441957574086713,0.0,0.0,0.0,0.0,0.0,0.0
303,D0,0.77,0.06001418222630583,0.0456800681728067,0.0019441957574086713,0.0,0.0,0.0,0.0,0.0,0.0
303,D0,0.8150000000000001,0.06001418222630583,0.0456800681728067,0.0019441957574086713,0.0,0.0,0.0,0.0,0.0,0.0
303,D0,0.86,0.06001418222630583,0.0456800681728067,0.0019441957574086713,0.0,0.0,0.0,0.0,0.0,0.0
303,D0,0.905,0.06001418222630583,0.0456800681728067,0.0019441957574086713,0.0,0.0,0.0,0.0,0.0,0.0
303,D0,0.95,0.06001418222630583,0.0456800681728067,0.0019441957574086713,0.0,0.0,0.0,0.0,0.0,0.0
303,D_phi,0.05,0.054065062913016236,0.041330387486273185,0.0014676220000501277,0.0,0.012474897403195137,0.012474897403195137,0.012474899745397101,1.4472440615712068e-08,2.342201963628776e-09
303,D_phi,0.095,0.054629663486616645,0.04174629761811076,0.0015112331428361334,0.0,0.012618758791310998,0.012618758791310998,0.012618761168907932,1.4646628718889554e-08,2.37759693356987e-09
303,D_phi,0.14,0.055200778191575886,0.0421663201971843,0.0015556990023513288,0.0,0.01276441717151459,0.01276441717151459,0.012764420365742902,1.4825768737680711e-08,3.194228310673952e-09
303,D_phi,0.185,0.05577848841825875,0.04259050572125494,0.0016010323983670744,0.0,0.01291189601052167,0.01291189601052167,0.012911899183697626,1.5005395537226462e-08,3.173175956369678e-09
303,D_phi,0.22999999999999998,0.05636287654618133,0.043018895567897925,0.0016472523929674616,0.0,0.013061216697007733,0.013061216697007733,0.013061219737790947,1.5188977159352746e-08,3.0407832137674395e-09
303,D_phi,0.27499999999999997,0.0569540259561395,0.04345153440196536,0.0016943765955791984,0.0,0.01321240159065885,0.01321240159065885,0.013212404414912083,1.537378904736819e-08,2.8242532323224934e-09
303,D_phi,0.32,0.05755202104255342,0.04388846875401218,0.0017424200749475884,0.0,0.013365476809095918,0.013365476809095918,0.013365475879431066,1.5562166832960855e-08,9.296648520451534e-10
303,D_phi,0.365,0.05815694722600672,0.044329740232672644,0.0017914098562303766,0.0,0.013520454260811516,0.013520454260811516,0.013520457075570981,1.574981881025117e-08,2.814759465438743e-09
303,D_phi,0.41,0.05876889096601354,0.04477539854931523,0.001841356057696622,0.0,0.013677367849208645,0.013677367849208645,0.013677371233379575,1.5940923234203375e-08,3.384170929598973e-09
303,D_phi,0.45499999999999996,0.05938793977396272,0.04522549255341474,0.00189227801262763,0.0,0.013836238483054543,0.013836238483054543,0.013836241874039071,1.613557516766395e-08,3.3909845278956574e-09
303,D_phi,0.49999999999999994,0.060014182226305834,0.045680068172861424,0.0019441957573695372,0.0,0.01399708943644886,0.01399708943644886,0.013997092813346684,1.6332203294638914e-08,3.376897823870184e-09
303,D_phi,0.545,0.06064770797794005,0.04613917341790929,0.001997128548225757,0.0,0.014159944808489233,0.014159944808489233,0.014159948167291417,1.6531084834348064e-08,3.3588021843000693e-09
303,D_phi,0.5900000000000001,0.061288607775815594,0.04660285687371271,0.002051095919977357,0.0,0.014324829019948367,0.014324829019948367,0.01432483235627983,1.6732782173733973e-08,3.336331462835962e-09
303,D_phi,0.635,0.06193697347276136,0.047071168118476746,0.002106117358145418,0.0,0.01449176701182376,0.01449176701182376,0.014491770110931073,1.693655354850776e-08,3.0991073127900615e-09
303,D_phi,0.68,0.0625928980415357,0.04754415502572177,0.002162214426150053,0.0,0.014660783055926694,0.014660783055926694,0.01466078647607455,1.71435345086568e-08,3.42014785589817e-09
303,D_phi,0.725,0.06325647558909465,0.048021870024769105,0.00221940585581395,0.0,0.01483190352394195,0.01483190352394195,0.014831906816481139,1.7352675546478125e-08,3.2925391892091316e-09
303,D_phi,0.77,0.06392780137109753,0.04850436319814458,0.0022777131131834958,0.0,0.015005153628039636,0.015005153628039636,0.01500515682205486,1.7564485976784283e-08,3.194015224181057e-09
303,D_phi,0.8150000000000001,0.06460697180663669,0.0489916825528514,0.0023371601954300866,0.0,0.015180557611392757,0.015180557611392757,0.01518056251161927,1.777932870372645e-08,4.900226512755124e-09
303,D_phi,0.86,0.06529408449318752,0.0494838850584903,0.0023977640237611685,0.0,0.015358144886981636,0.015358144886981636,0.01535815023984663,1.7996852619273085e-08,5.352864993271589e-09
303,D_phi,0.905,0.06598923822181671,0.04998102245080565,0.0024595471365726923,0.0,0.015537941602338224,0.015537941602338224,0.015537946701440333,1.8217155561828235e-08,5.099102109301645e-09
303,D_phi,0.95,0.06669253299261245,0.05048314636027599,0.002522532872991628,0.0,0.015719974111494603,0.015719974111494603,0.015719978936755058,1.8440356186477658e-08,4.825260455088021e-09
303,D_gamma,0.05,0.06001418222630583,0.0456800681728067,0.0019441957574086713,0.0,0.0,0.0,0.0,0.0,0.0
303,D_gamma,0.095,0.06001418222630583,0.0456800681728067,0.0019441957574086713,0.0,0.0,0.0,0.0,0.0,0.0
303,D_gamma,0.14,0.06001418222630583,0.0456800681728067,0.0019441957574086713,0.0,0.0,0.0,0.0,0.0,0.0
303,D_gamma,0.185,0.06001418222630583,0.0456800681728067,0.0019441957574086713,0.0,0.0,0.0,0.0,0.0,0.0
303,D_gamma,0.22999999999999998,0.06001418222630583,0.0456800681728067,0.0019441957574086713,0.0,0.0,0.0,0.0,0.0,0.0
303,D_gamma,0.27499999999999997,0.06001418222630583,0.0456800681728067,0.0019441957574086713,0.0,0.0,0.0,0.0,0.0,0.0
303,D_gamma,0.32,0.06001418222630583,0.0456800681728067,0.0019441957574086713,0.0,0.0,0.0,0.0,0.0,0.0
303,D_gamma,0.365,0.06001418222630583,0.0456800681728067,0.0019441957574086713,0.0,0.0,0.0,0.0,0.0,0.0
303,D_gamma,0.41,0.06001418222630583,0.0456800681728067,0.0019441957574086713,0.0,0.0,0.0,0.0,0.0,0.0
303,D_gamma,0.45499999999999996,0.06001418222630583,0.0456800681728067,0.0019441957574086713,0.0,0.0,0.0,0.0,0.0,0.0
303,D_gamma,0.49999999999999994,0.06001418222630583,0.0456800681728067,0.0019441957574086713,0.0,0.0,0.0,0.0,0.0,0.0
303,D_gamma,0.545,0.06001418222630583,0.0456800681728067,0.0019441957574086713,0.0,0.0,0.0,0.0,0.0,0.0
303,D_gamma,0.5900000000000001,0.06001418222630583,0.0456800681728067,0.0019441957574086713,0.0,0.0,0.0,0.0,0.0,0.0
303,D_gamma,0.635,0.06001418222630583,0.0456800681728067,0.0019441957574086713,0.0,0.0,0.0,0.0,0.0,0.0
303,D_gamma,0.68,0.06001418222630583,0.0456800681728067,0.0019441957574086713,0.0,0.0,0.0,0.0,0.0,0.0
303,D_gamma,0.725,0.06001418222630583,0.0456800681728067,0.0019441957574086713,0.0,0.0,0.0,0.0,0.0,0.0
303,D_gamma,0.77,0.06001418222630583,0.0456800681728067,0.0019441957574086713,0.0,0.0,0.0,0.0,0.0,0.0
303,D_gamma,0.8150000000000001,0.06001418222630583,0.0456800681728067,0.0019441957574086713,0.0,0.0,0.0,0.0,0.0,0.0
303,D_gamma,0.86,0.06001418222630583,0.0456800681728067,0.0019441957574086713,0.0,0.0,0.0,0.0,0.0,0.0
303,D_gamma,0.905,0.06001418222630583,0.0456800681728067,0.0019441957574086713,0.0,0.0,0.0,0.0,0.0,0.0
303,D_gamma,0.95,0.06001418222630583,0.0456800681728067,0.0019441957574086713,0.0,0.0,0.0,0.0,0.0,0.0
303,D_phi+gamma,0.05,0.053529179548236064,0.04092982529869918,0.002026500004826102,0.0014185500033782703,0.0121256797875561,0.013544229790934371,0.0135442382150467,6.187463944852534e-08,8.424112327848343e-09
303,D_phi+gamma,0.095,0.05414218946813517,0.041382786194393346,0.0019967441255021555,0.0013977208878515077,0.012304107097665683,0.01370182798551719,0.013701837134111142,5.3434826027473625e-08,9.148593951846529e-09
303,D_phi+gamma,0.14,0.054762442763862114,0.04184023989936574,0.0019741604941091737,0.0013819123458764205,0.012484099056326452,0.013866011402202873,0.013866018111462196,4.741953878173444e-08,6.709259323459116e-09
303,D_phi+gamma,0.185,0.05539021791087776,0.04230237293831817,0.0019574440241363223,0.0013702108168954245,0.012665818724641925,0.01403602954153735,0.014036035214157876,4.3052961889999963e-08,5.67262052608708e-09
303,D_phi+gamma,0.22999999999999998,0.05602576472227176,0.04276934592819232,0.0019456028833727593,0.0013619220183609304,0.012849420357816596,0.014211342376177527,0.01421134762091303,3.9840287319181655e-08,5.244735503534548e-09
303,D_phi+gamma,0.27499999999999997,0.056669312085953966,0.043241301157573075,0.0019378821119423052,0.0013565174783596126,0.013035035311648175,0.014391552790007787,0.0143915578113338,3.745619231443342e-08,5.0213260129744475e-09
303,D_phi+gamma,0.32,0.05732107343784827,0.04371836882260968,0.001933692846271065,0.0013535849923897445,0.013222781013596368,0.014576366005986113,0.01457637098651233,3.568013731691799e-08,4.980526217140957e-09
303,D_phi+gamma,0.365,0.05798125072785517,0.044200668648043215,0.0019325695261627014,0.00135279866831389,0.013412764216811278,0.014765562885125167,0.014765567643697575,3.435886332392446e-08,4.758572407642658e-09
303,D_phi+gamma,0.41,0.05865003735496707,0.044688313777584525,0.0019341387164169667,0.0013538971014918756,0.01360508296651965,0.014958980068011525,0.014958984570819116,3.3384952441428695e-08,4.5028075903313924e-09
303,D_phi+gamma,0.45499999999999996,0.05932762038063461,0.045181413287469115,0.0019380962443374687,0.001356667371036227,0.013799829516482332,0.015156496887518559,0.015156501396201824,3.267846514221073e-08,4.5086832652779796e-09
303,D_phi+gamma,0.49999999999999994,0.060014182226305834,0.045680068172861424,0.0019441957573695372,0.0013609370301586748,0.01399708943644886,0.015358026466607536,0.015358030874482832,3.218278487281123e-08,4.4078752956672185e-09
303,D_phi+gamma,0.545,0.0607099019955213,0.04618437981950125,0.0019522311669868367,0.0013665618168907845,0.014196945460860217,0.015563507277751002,0.015563511755622969,3.185516329884397e-08,4.477871967320524e-09
303,D_phi+gamma,0.5900000000000001,0.06141495651831563,0.046694443688223314,0.0019620331876352088,0.001373423231344645,0.014399475722727111,0.015772898954071756,0.01577290346876334,3.166218121020137e-08,4.51469158238571e-09
303,D_phi+gamma,0.635,0.06212952118719353,0.04721035525248437,0.0019734587189872825,0.0013814211032910967,0.014604756427937285,0.01598617753122838,0.015986182104377696,3.157943143095032e-08,4.573149314096581e-09
303,D_phi+gamma,0.68,0.06285377063465192,0.04773220754558152,0.001986387817195325,0.0013904714720367262,0.014812861242630548,0.016203332714667274,0.016203337339330465,3.158870040542716e-08,4.6246631905944025e-09
303,D_phi+gamma,0.725,0.0635878792887979,0.04826009024377224,0.002000721282757927,0.0014005048979305477,0.01502385938239611,0.016424364280326658,0.016424370058591,3.167196505060588e-08,5.778264342698458e-09
303,D_phi+gamma,0.77,0.06433202183416348,0.04879409883411678,0.00201636730058856,0.0014114571104119908,0.015237828753156098,0.01664928586356809,0.016649290497106395,3.181913968419714e-08,4.633538306514362e-09
303,D_phi+gamma,0.8150000000000001,0.06508637359815626,0.049334327723357906,0.00203325312242676,0.001423277185698731,0.015454834846504624,0.016878112032203355,0.01687811677184395,3.20250000129807e-08,4.739640593193206e-09
303,D_phi+gamma,0.86,0.06585111087855679,0.049880860010224494,0.0020513193084968928,0.0014359235159478237,0.015674945382513794,0.01711086889846162,0.017110873716648364,3.227379682946285e-08,4.8181867454144545e-09
303,D_phi+gamma,0.905,0.06662641122397449,0.05043379000478081,0.0020705097389508574,0.0014493568172655991,0.015898230234122016,0.017347587051387614,0.017347591949289767,3.256665354056665e-08,4.897902153300215e-09
303,D_phi+gamma,0.95,0.06741245367652761,0.05099320619129582,0.0020907794497624535,0.0014635456148337162,0.01612475629792136,0.017588301912755077,0.017588307117153198,3.289230277037092e-08,5.204398120794984e-09
404,D0,0.05,0.06025842383513448,0.045768975124622024,0.002066348763928417,0.0,0.0,0.0,0.0,0.0,0.0
404,D0,0.095,0.06025842383513448,0.045768975124622024,0.002066348763928417,0.0,0.0,0.0,0.0,0.0,0.0
404,D0,0.14,0.06025842383513448,0.045768975124622024,0.002066348763928417,0.0,0.0,0.0,0.0,0.0,0.0
404,D0,0.185,0.06025842383513448,0.045768975124622024,0.002066348763928417,0.0,0.0,0.0,0.0,0.0,0.0
404,D0,0.22999999999999998,0.06025842383513448,0.045768975124622024,0.002066348763928417,0.0,0.0,0.0,0.0,0.0,0.0
404,D0,0.27499999999999997,0.06025842383513448,0.045768975124622024,0.002066348763928417,0.0,0.0,0.0,0.0,0.0,0.0
404,D0,0.32,0.06025842383513448,0.045768975124622024,0.002066348763928417,0.0,0.0,0.0,0.0,0.0,0.0
404,D0,0.365,0.06025842383513448,0.045768975124622024,0.002066348763928417,0.0,0.0,0.0,0.0,0.0,0.0
404,D0,0.41,0.06025842383513448,0.045768975124622024,0.002066348763928417,0.0,0.0,0.0,0.0,0.0,0.0
404,D0,0.45499999999999996,0.06025842383513448,0.045768975124622024,0.002066348763928417,0.0,0.0,0.0,0.0,0.0,0.0
404,D0,0.49999999999999994,0.06025842383513448,0.045768975124622024,0.002066348763928417,0.0,0.0,0.0,0.0,0.0,0.0
404,D0,0.545,0.06025842383513448,0.045768975124622024,0.002066348763928417,0.0,0.0,0.0,0.0,0.0,0.0
404,D0,0.5900000000000001,0.06025842383513448,0.045768975124622024,0.002066348763928417,0.0,0.0,0.0,0.0,0.0,0.0
404,D0,0.635,0.06025842383513448,0.045768975124622024,0.002066348763928417,0.0,0.0,0.0,0.0,0.0,0.0
404,D0,0.68,0.06025842383513448,0.045768975124622024,0.002066348763928417,0.0,0.0,0.0,0.0,0.0,0.0
404,D0,0.725,0.06025842383513448,0.045768975124622024,0.002066348763928417,0.0,0.0,0.0,0.0,0.0,0.0
404,D0,0.77,0.06025842383513448,0.045768975124622024,0.002066348763928417,0.0,0.0,0.0,0.0,0.0,0.0
404,D0,0.8150000000000001,0.06025842383513448,0.045768975124622024,0.002066348763928417,0.0,0.0,0.0,0.0,0.0,0.0
404,D0,0.86,0.06025842383513448,0.045768975124622024,0.002066348763928417,0.0,0.0,0.0,0.0,0.0,0.0
404,D0,0.905,0.06025842383513448,0.045768975124622024,0.002066348763928417,0.0,0.0,0.0,0.0,0.0,0.0
404,D0,0.95,0.06025842383513448,0.045768975124622024,0.002066348763928417,0.0,0.0,0.0,0.0,0.0,0.0
404,D_phi,0.05,0.05422741628695799,0.04139602388854444,0.001546892866712523,0.0,0.012630010950455229,0.012630010950455229,0.012630014334736801,1.545105988466633e-08,3.3842815719969943e-09
404,D_phi,0.095,0.05479910931581432,0.04181408736054868,0.001594117715022263,0.0,0.012778884008042396,0.012778884008042396,0.012778887315825585,1.5645740278000253e-08,3.307783189715474e-09
404,D_phi,0.14,0.0553775447428532,0.04223630379598248,0.001642333530802814,0.0,0.012929677223069425,0.012929677223069425,0.012929680555096705,1.5844731776626375e-08,3.332027280825156e-09
404,D_phi,0.185,0.05596280952486978,0.04266271753830642,0.001691561494567636,0.0,0.013082414860005503,0.013082414860005503,0.013082418334664144,1.6044085851540935e-08,3.4746586406730895e-09
404,D_phi,0.22999999999999998,0.056554991718306406,0.0430933760132262,0.0017418215792033575,0.0,0.013237122099769374,0.013237122099769374,0.013237125246801084,1.6246810147224622e-08,3.147031709879733e-09
404,D_phi,0.27499999999999997,0.05715418049334681,0.043528318665191315,0.0017931392335816879,0.0,0.013393822560507335,0.013393822560507335,0.01339382619910018,1.6454299381352122e-08,3.638592845425781e-09
404,D_phi,0.32,0.057760466148216075,0.04396759879963375,0.0018455323002702297,0.0,0.013552543032014999,0.013552543032014999,0.013552546420647961,1.666099307129354e-08,3.3886329627724754e-09
404,D_phi,0.365,0.05837394012377203,0.04441125618834626,0.0018990271921729414,0.0,0.013713308030768083,0.013713308030768083,0.013713311466500068,1.687269074457376e-08,3.435731985371171e-09
404,D_phi,0.41,0.058994695018295,0.044859339592158425,0.0019536459774324648,0.0,0.013876143634849951,0.013876143634849951,0.013876147223771522,1.7085727624377434e-08,3.58892157138746e-09
404,D_phi,0.45499999999999996,0.05962282460255633,0.045311897434861165,0.002009411293298741,0.0,0.014041076620915104,0.014041076620915104,0.014041079917193217,1.7302253033091297e-08,3.296278113310014e-09
404,D_phi,0.49999999999999994,0.060258423835134495,0.04576897512458166,0.002066348763959522,0.0,0.014208132662623928,0.014208132662623928,0.01420813611409557,1.7521820444219016e-08,3.4514716414774105e-09
404,D_phi,0.545,0.060901588877978516,0.046230622297540054,0.002124481717757691,0.0,0.014377339307200563,0.014377339307200563,0.014377342731296422,1.7743956651217196e-08,3.424095859280718e-09
404,D_phi,0.5900000000000001,0.06155241711224146,0.04669688723099879,0.0021838353054421055,0.0,0.014548723646572942,0.014548723646572942,0.014548727039980976,1.796907518614166e-08,3.3934080337361117e-09
404,D_phi,0.635,0.06221100715437388,0.04716781627249294,0.0022444373081769975,0.0,0.014722311529994835,0.014722311529994835,0.014722316671861982,1.8195581846791598e-08,5.141867147340218e-09
404,D_phi,0.68,0.06287745887246536,0.04764346746743895,0.002306306165473951,0.0,0.014898136132624583,0.014898136132624583,0.014898139625136086,1.8428700232497874e-08,3.492511503958018e-09
404,D_phi,0.725,0.06355187340290666,0.048123882191548804,0.002369475845019985,0.0,0.015076220256353202,0.015076220256353202,0.015076224271015959,1.8664490786246546e-08,4.014662756748888e-09
404,D_phi,0.77,0.06423435316725662,0.048609113309164315,0.0024339712488748995,0.0,0.015256593804040397,0.015256593804040397,0.015256599358015932,1.8900061377058464e-08,5.553975534686173e-09
404,D_phi,0.8150000000000001,0.06492500188942353,0.04909921705984408,0.0024998150740111547,0.0,0.015439289022198368,0.015439289022198368,0.015439294020792499,1.9140505846948486e-08,4.998594130625755e-09
404,D_phi,0.86,0.06562392461314068,0.04959424218774787,0.0025670376224829583,0.0,0.015624333488653552,0.015624333488653552,0.015624337784999456,1.9384375354869476e-08,4.296345904042376e-09
404,D_phi,0.905,0.0663312277196861,0.05009423904398154,0.0026356687444347043,0.0,0.015811755868141986,0.015811755868141986,0.01581176057231687,1.9631792025354144e-08,4.7041748829634855e-09
404,D_phi,0.95,0.06704701894590512,0.05059926412105135,0.0027057339277273425,0.0,0.016001588481383233,0.016001588481383233,0.0160015927094581,1.988188363943877e-08,4.228074865914033e-09
404,D_gamma,0.05,0.06025842383513448,0.045768975124622024,0.002066348763928417,0.0,0.0,0.0,0.0,0.0,0.0
404,D_gamma,0.095,0.06025842383513448,0.045768975124622024,0.002066348763928417,0.0,0.0,0.0,0.0,0.0,0.0
404,D_gamma,0.14,0.06025842383513448,0.045768975124622024,0.002066348763928417,0.0,0.0,0.0,0.0,0.0,0.0
404,D_gamma,0.185,0.06025842383513448,0.045768975124622024,0.002066348763928417,0.0,0.0,0.0,0.0,0.0,0.0
404,D_gamma,0.22999999999999998,0.06025842383513448,0.045768975124622024,0.002066348763928417,0.0,0.0,0.0,0.0,0.0,0.0
404,D_gamma,0.27499999999999997,0.06025842383513448,0.045768975124622024,0.002066348763928417,0.0,0.0,0.0,0.0,0.0,0.0
404,D_gamma,0.32,0.06025842383513448,0.045768975124622024,0.002066348763928417,0.0,0.0,0.0,0.0,0.0,0.0
404,D_gamma,0.365,0.06025842383513448,0.045768975124622024,0.002066348763928417,0.0,0.0,0.0,0.0,0.0,0.0
404,D_gamma,0.41,0.06025842383513448,0.045768975124622024,0.002066348763928417,0.0,0.0,0.0,0.0,0.0,0.0
404,D_gamma,0.45499999999999996,0.06025842383513448,0.045768975124622024,0.002066348763928417,0.0,0.0,0.0,0.0,0.0,0.0
404,D_gamma,0.49999999999999994,0.06025842383513448,0.045768975124622024,0.002066348763928417,0.0,0.0,0.0,0.0,0.0,0.0
404,D_gamma,0.545,0.06025842383513448,0.045768975124622024,0.002066348763928417,0.0,0.0,0.0,0.0,0.0,0.0
404,D_gamma,0.5900000000000001,0.06025842383513448,0.045768975124622024,0.002066348763928417,0.0,0.0,0.0,0.0,0.0,0.0
404,D_gamma,0.635,0.06025842383513448,0.045768975124622024,0.002066348763928417,0.0,0.0,0.0,0.0,0.0,0.0
404,D_gamma,0.68,0.06025842383513448,0.045768975124622024,0.002066348763928417,0.0,0.0,0.0,0.0,0.0,0.0
404,D_gamma,0.725,0.06025842383513448,0.045768975124622024,0.002066348763928417,0.0,0.0,0.0,0.0,0.0,0.0
404,D_gamma,0.77,0.06025842383513448,0.045768975124622024,0.002066348763928417,0.0,0.0,0.0,0.0,0.0,0.0
404,D_gamma,0.8150000000000001,0.06025842383513448,0.045768975124622024,0.002066348763928417,0.0,0.0,0.0,0.0,0.0,0.0
404,D_gamma,0.86,0.06025842383513448,0.045768975124622024,0.002066348763928417,0.0,0.0,0.0,0.0,0.0,0.0
404,D_gamma,0.905,0.06025842383513448,0.045768975124622024,0.002066348763928417,0.0,0.0,0.0,0.0,0.0,0.0
404,D_gamma,0.95,0.06025842383513448,0.045768975124622024,0.002066348763928417,0.0,0.0,0.0,0.0,0.0,0.0
404,D_phi+gamma,0.05,0.05366424361630469,0.04098485501545542,0.0021236717653730164,0.0014865702357611103,0.012254154820358366,0.013740725056119476,0.013740735410754445,6.590024568577102e-08,1.0354634968900989e-08
404,D_phi+gamma,0.095,0.05428627193459658,0.04144099642714089,0.002095190161832865,0.0014666331132830045,0.01243959512018971,0.013906228233472715,0.013906239204425514,5.729033048483545e-08,1.0970952799005396e-08
404,D_phi+gamma,0.14,0.054915910072318684,0.04190166948954677,0.002074226560317859,0.0014519585922225004,0.012626833425313943,0.014078792017536442,0.014078799048259672,5.118555371219635e-08,7.030723229300984e-09
404,D_phi+gamma,0.185,0.05555345754744986,0.04236707109468233,0.0020594238849950684,0.0014415967194965468,0.012816054467983623,0.01425765118748017,0.01425765760868432,4.678123513568444e-08,6.42120414999503e-09
404,D_phi+gamma,0.22999999999999998,0.056199184863914294,0.042837358385344144,0.0020497683551279904,0.001434837848589592,0.013007425582517681,0.014442263431107273,0.014442269426668911,4.3571016239418725e-08,5.995561637439639e-09
404,D_phi+gamma,0.27499999999999997,0.05685334150603927,0.04331267532965236,0.002044484137142041,0.0014311388959994274,0.013201092564548196,0.014632231460547623,0.014632237160152802,4.1219228030797694e-08,5.69960517844692e-09
404,D_phi+gamma,0.32,0.05751616159762841,0.043793150051202816,0.002042970376242535,0.0014300792633697734,0.01339718527732024,0.014827264540690013,0.014827269723172325,3.9495659867605504e-08,5.18248231134999e-09
404,D_phi+gamma,0.365,0.058187868006322266,0.04427891144122338,0.0020447418413239785,0.0014313192889267837,0.013595829267564976,0.01502714855649176,0.015027153996337812,3.824211433633984e-08,5.439846052779362e-09
404,D_phi+gamma,0.41,0.0588686753847852,0.04477006368031232,0.002049426467144085,0.0014345985270008584,0.013797131418620254,0.015231729945621112,0.015231735228790608,3.7350183015871785e-08,5.283169495634565e-09
404,D_phi+gamma,0.45499999999999996,0.05955879246741505,0.04526671755497623,0.0020567124629153263,0.0014396987240407274,0.014001199205704116,0.015440897929744844,0.01544090316354401,3.673760982925156e-08,5.233799166629027e-09
404,D_phi+gamma,0.49999999999999994,0.060258423835134495,0.04576897512458166,0.002066348763959522,0.0014464441347716642,0.014208132662623926,0.01565457679739559,0.015654582020132417,3.6344966924950484e-08,5.222736826349106e-09
404,D_phi+gamma,0.545,0.060967771292983225,0.04627693521677925,0.002078128600791947,0.0014546900205543616,0.01441802787648033,0.01587271789703469,0.01587272314126207,3.6127436459088e-08,5.2442273787423055e-09
404,D_phi+gamma,0.5900000000000001,0.061687034961344644,0.04679069388987333,0.002091880719888909,0.0014643165039222351,0.0146309777163509,0.016095294220273136,0.016095299510437963,3.605202351930625e-08,5.29016482703204e-09
404,D_phi+gamma,0.635,0.06241641415227126,0.04731034513377072,0.0021074624287238945,0.0014752237001067249,0.014847072557654531,0.016322296257761257,0.01632230161035876,3.609072693477877e-08,5.352597504115764e-09
404,D_phi+gamma,0.68,0.06315610808243162,0.04783598069337983,0.002124754730727965,0.0014873283115095744,0.01506640049863529,0.016553728810144865,0.016553734249342617,3.623013486442339e-08,5.43919775192192e-09
404,D_phi+gamma,0.725,0.0639063164603884,0.04836769261063934,0.002143656612872088,0.0015005596290104605,0.015289049085189514,0.016789608714199974,0.01678961411593452,3.644815768644172e-08,5.401734545773529e-09
404,D_phi+gamma,0.77,0.064667239976192,0.048905570208378366,0.00216408444899506,0.001514859114296541,0.015515103156711854,0.017029962271008395,0.017029967858547115,3.6734623676260014e-08,5.587538719903362e-09
404,D_phi+gamma,0.8150000000000001,0.06543908071430438,0.04944970539326791,0.0021859654291079642,0.0015301758003755737,0.01574464914377552,0.017274824944151092,0.01727483057629048,3.7081870213340196e-08,5.632139386813062e-09
404,D_phi+gamma,0.86,0.06622204250585331,0.050000183709925754,0.002209241903328896,0.0015464693323302258,0.015977769107130335,0.017524238439460563,0.017524244617642112,3.7477489861492685e-08,6.1781815496875225e-09
404,D_phi+gamma,0.905,0.06701633123246133,0.050557099950168834,0.002233859499164634,0.0015637016494152427,0.016214550708517614,0.01777825235793286,0.01777825862238588,3.7919248990769816e-08,6.264453022292171e-09
404,D_phi+gamma,0.95,0.06782215509122931,0.05112054321296337,0.0022597757230328783,0.0015818430061230136,0.016455077872174484,0.0180369208782975,0.01803692674333666,3.839998180543702e-08,5.865039162666896e-09
505,D0,0.05,0.06015318295333468,0.04575732714203516,0.0019718766477918306,0.0,0.0,0.0,0.0,0.0,0.0
505,D0,0.095,0.06015318295333468,0.04575732714203516,0.0019718766477918306,0.0,0.0,0.0,0.0,0.0,0.0
505,D0,0.14,0.06015318295333468,0.04575732714203516,0.0019718766477918306,0.0,0.0,0.0,0.0,0.0,0.0
505,D0,0.185,0.06015318295333468,0.04575732714203516,0.0019718766477918306,0.0,0.0,0.0,0.0,0.0,0.0
505,D0,0.22999999999999998,0.06015318295333468,0.04575732714203516,0.0019718766477918306,0.0,0.0,0.0,0.0,0.0,0.0
505,D0,0.27499999999999997,0.06015318295333468,0.04575732714203516,0.0019718766477918306,0.0,0.0,0.0,0.0,0.0,0.0
505,D0,0.32,0.06015318295333468,0.04575732714203516,0.0019718766477918306,0.0,0.0,0.0,0.0,0.0,0.0
505,D0,0.365,0.06015318295333468,0.04575732714203516,0.0019718766477918306,0.0,0.0,0.0,0.0,0.0,0.0
505,D0,0.41,0.06015318295333468,0.04575732714203516,0.0019718766477918306,0.0,0.0,0.0,0.0,0.0,0.0
505,D0,0.45499999999999996,0.06015318295333468,0.04575732714203516,0.0019718766477918306,0.0,0.0,0.0,0.0,0.0,0.0
505,D0,0.49999999999999994,0.06015318295333468,0.04575732714203516,0.0019718766477918306,0.0,0.0,0.0,0.0,0.0,0.0
505,D0,0.545,0.06015318295333468,0.04575732714203516,0.0019718766477918306,0.0,0.0,0.0,0.0,0.0,0.0
505,D0,0.5900000000000001,0.06015318295333468,0.04575732714203516,0.0019718766477918306,0.0,0.0,0.0,0.0,0.0,0.0
505,D0,0.635,0.06015318295333468,0.04575732714203516,0.0019718766477918306,0.0,0.0,0.0,0.0,0.0,0.0
505,D0,0.68,0.06015318295333468,0.04575732714203516,0.0019718766477918306,0.0,0.0,0.0,0.0,0.0,0.0
505,D0,0.725,0.06015318295333468,0.04575732714203516,0.0019718766477918306,0.0,0.0,0.0,0.0,0.0,0.0
505,D0,0.77,0.06015318295333468,0.04575732714203516,0.0019718766477918306,0.0,0.0,0.0,0.0,0.0,0.0
505,D0,0.8150000000000001,0.06015318295333468,0.04575732714203516,0.0019718766477918306,0.0,0.0,0.0,0.0,0.0,0.0
505,D0,0.86,0.06015318295333468,0.04575732714203516,0.0019718766477918306,0.0,0.0,0.0,0.0,0.0,0.0
505,D0,0.905,0.06015318295333468,0.04575732714203516,0.0019718766477918306,0.0,0.0,0.0,0.0,0.0,0.0
505,D0,0.95,0.06015318295333468,0.04575732714203516,0.0019718766477918306,0.0,0.0,0.0,0.0,0.0,0.0
505,D_phi,0.05,0.05416261201626235,0.041385102957359185,0.0014900659922132038,0.0,0.012556380020448784,0.012556380020448784,0.012556382409224449,1.4725965594500345e-08,2.388775665121412e-09
505,D_phi,0.095,0.05473092498911276,0.04180301584143212,0.0015341881146999131,0.0,0.012702275942219525,0.012702275942219525,0.012702279312705443,1.490618567988322e-08,3.370485918141597e-09
505,D_phi,0.14,0.05530584439589231,0.04222510095111589,0.0015791636921579043,0.0,0.012850002029057103,0.012850002029057103,0.01285000542399615,1.5086517105022956e-08,3.394939046899581e-09
505,D_phi,0.185,0.055887453049320385,0.04265139974360253,0.001625011730949228,0.0,0.012999579724683694,0.012999579724683694,0.012999582938042266,1.5268399392032173e-08,3.2133585722848856e-09
505,D_phi,0.22999999999999998,0.056475834766887445,0.04308195476408598,0.0016717511275345332,0.0,0.013151031001932375,0.013151031001932375,0.013151034317919462,1.5453652940644602e-08,3.3159870873461506e-09
505,D_phi,0.27499999999999997,0.0570710743831895,0.04351681388904969,0.0017193982679429558,0.0,0.013304378901122717,0.013304378901122717,0.013304382305079515,1.5642646206126543e-08,3.4039567987226294e-09
505,D_phi,0.32,0.05767325776248268,0.0439560263524248,0.0017679693847229866,0.0,0.0134596467529037,0.0134596467529037,0.013459649922463271,1.5830939684158274e-08,3.1695595714004154e-09
505,D_phi,0.365,0.058282471811448244,0.04439963503294665,0.0018174847906158153,0.0,0.013616857462962553,0.013616857462962553,0.013616860477709708,1.6023424947997356e-08,3.014747155041797e-09
505,D_phi,0.41,0.05889880449215232,0.0448476885567924,0.0018679624912614928,0.0,0.01377603434499176,0.01377603434499176,0.013776037569545098,1.6218157372627218e-08,3.2245533378855162e-09
505,D_phi,0.45499999999999996,0.059522344835238855,0.045300235975091724,0.0019194204167078549,0.0,0.013937201669758807,0.013937201669758807,0.013937205092582465,1.6415292042326612e-08,3.422823658186247e-09
505,D_phi,0.49999999999999994,0.06015318295333504,0.04575732668250141,0.0019718769916699233,0.0,0.01410038383652357,0.01410038383652357,0.014100387241443774,1.6615081180684776e-08,3.4049202034258652e-09
505,D_phi,0.545,0.06079141005467939,0.0462190097200793,0.0020253515394631884,0.0,0.014265605310528109,0.014265605310528109,0.014265608515997586,1.6816886772019757e-08,3.2054694766581182e-09
505,D_phi,0.5900000000000001,0.06143711845697215,0.046685333404311746,0.0020798647153240694,0.0,0.014432890274961313,0.014432890274961313,0.014432893726601033,1.7021905759917466e-08,3.4516397205697213e-09
505,D_phi,0.635,0.06209040160144942,0.04715635056762072,0.002135434434004127,0.0,0.014602264896222777,0.014602264896222777,0.014602267998726515,1.7228989068751588e-08,3.1025037382920173e-09
505,D_phi,0.68,0.0627513540671955,0.047632109361329694,0.002192083034082792,0.0,0.014773753369635151,0.014773753369635151,0.014773756778664937,1.7439059224466646e-08,3.4090297858918595e-09
505,D_phi,0.725,0.06342007158567531,0.04811266105793518,0.0022498306889551204,0.0,0.01494738210327549,0.01494738210327549,0.014947385838569291,1.765137758180657e-08,3.735293801696016e-09
505,D_phi,0.77,0.06409665105550234,0.04859806391766279,0.0023086945215011457,0.0,0.015123177967519207,0.015123177967519207,0.01512318127994959,1.7867037710450617e-08,3.3124303838033553e-09
505,D_phi,0.8150000000000001,0.06478119055746082,0.04908836394425369,0.0023686997338164357,0.0,0.015301166316676093,0.015301166316676093,0.015301169542157586,1.8085411640500482e-08,3.2254814930077202e-09
505,D_phi,0.86,0.06547378936973575,0.049583616187756856,0.002429866713267859,0.0,0.015481374139696545,0.015481374139696545,0.015481377405426863,1.830634879795845e-08,3.2657303181138353e-09
505,D_phi,0.905,0.06617454798340934,0.05008387311638395,0.002492218651062252,0.0,0.015663827495485724,0.015663827495485724,0.015663831997553265,1.852962019932569e-08,4.5020675416840295e-09
505,D_phi,0.95,0.06688356811818441,0.05058919188875937,0.002555774837720067,0.0,0.0158485560407644,0.0158485560407644,0.015848560796906372,1.8757241593281293e-08,4.756141973316641e-09
505,D_gamma,0.05,0.06015318295333468,0.04575732714203516,0.0019718766477918306,0.0,0.0,0.0,0.0,0.0,0.0
505,D_gamma,0.095,0.06015318295333468,0.04575732714203516,0.0019718766477918306,0.0,0.0,0.0,0.0,0.0,0.0
505,D_gamma,0.14,0.06015318295333468,0.04575732714203516,0.0019718766477918306,0.0,0.0,0.0,0.0,0.0,0.0
505,D_gamma,0.185,0.06015318295333468,0.04575732714203516,0.0019718766477918306,0.0,0.0,0.0,0.0,0.0,0.0
505,D_gamma,0.22999999999999998,0.06015318295333468,0.04575732714203516,0.0019718766477918306,0.0,0.0,0.0,0.0,0.0,0.0
505,D_gamma,0.27499999999999997,0.06015318295333468,0.04575732714203516,0.0019718766477918306,0.0,0.0,0.0,0.0,0.0,0.0
505,D_gamma,0.32,0.06015318295333468,0.04575732714203516,0.0019718766477918306,0.0,0.0,0.0,0.0,0.0,0.0
505,D_gamma,0.365,0.06015318295333468,0.04575732714203516,0.0019718766477918306,0.0,0.0,0.0,0.0,0.0,0.0
505,D_gamma,0.41,0.06015318295333468,0.04575732714203516,0.0019718766477918306,0.0,0.0,0.0,0.0,0.0,0.0
505,D_gamma,0.45499999999999996,0.06015318295333468,0.04575732714203516,0.0019718766477918306,0.0,0.0,0.0,0.0,0.0,0.0
505,D_gamma,0.49999999999999994,0.06015318295333468,0.04575732714203516,0.0019718766477918306,0.0,0.0,0.0,0.0,0.0,0.0
505,D_gamma,0.545,0.06015318295333468,0.04575732714203516,0.0019718766477918306,0.0,0.0,0.0,0.0,0.0,0.0
505,D_gamma,0.5900000000000001,0.06015318295333468,0.04575732714203516,0.0019718766477918306,0.0,0.0,0.0,0.0,0.0,0.0
505,D_gamma,0.635,0.06015318295333468,0.04575732714203516,0.0019718766477918306,0.0,0.0,0.0,0.0,0.0,0.0
505,D_gamma,0.68,0.06015318295333468,0.04575732714203516,0.0019718766477918306,0.0,0.0,0.0,0.0,0.0,0.0
505,D_gamma,0.725,0.06015318295333468,0.04575732714203516,0.0019718766477918306,0.0,0.0,0.0,0.0,0.0,0.0
505,D_gamma,0.77,0.06015318295333468,0.04575732714203516,0.0019718766477918306,0.0,0.0,0.0,0.0,0.0,0.0
505,D_gamma,0.8150000000000001,0.06015318295333468,0.04575732714203516,0.0019718766477918306,0.0,0.0,0.0,0.0,0.0,0.0
505,D_gamma,0.86,0.06015318295333468,0.04575732714203516,0.0019718766477918306,0.0,0.0,0.0,0.0,0.0,0.0
505,D_gamma,0.905,0.06015318295333468,0.04575732714203516,0.0019718766477918306,0.0,0.0,0.0,0.0,0.0,0.0
505,D_gamma,0.95,0.06015318295333468,0.04575732714203516,0.0019718766477918306,0.0,0.0,0.0,0.0,0.0,0.0
505,D_phi+gamma,0.05,0.053618138589077186,0.04097634625463812,0.0020604733351389276,0.0014423313345972482,0.012202706524374135,0.013645037858971382,0.013645046999618233,6.291089039468789e-08,9.140646850536172e-09
505,D_phi+gamma,0.095,0.05423572599167287,0.0414320784865087,0.00202969808874486,0.0014207886621214008,0.012383695463314059,0.01380448412543546,0.01380449150164847,5.428808446360234e-08,7.37621301018232e-09
505,D_phi+gamma,0.14,0.054860642262030475,0.04189236486748961,0.0020062369401410763,0.0014043658580987523,0.012566251026966097,0.01397061688506485,0.013970623308204472,4.8140428796084045e-08,6.423139622610541e-09
505,D_phi+gamma,0.185,0.05549317022267577,0.042357391895730824,0.0019887477596881244,0.0013921234317816858,0.01275055082656048,0.014142674258342165,0.01414268005545167,4.3676763941680186e-08,5.797109505975562e-09
505,D_phi+gamma,0.22999999999999998,0.05613356339576318,0.042827323000929514,0.0019762233101671273,0.001383356317116988,0.012936747054701927,0.014320103371818915,0.014320108729656647,4.0388156014037335e-08,5.357837732505866e-09
505,D_phi+gamma,0.27499999999999997,0.05678205390009691,0.043302304855909184,0.0019678914731468713,0.001377524031202809,0.013124973369052563,0.014502497400255372,0.014502502578315675,3.79450727783226e-08,5.1780603034512485e-09
505,D_phi+gamma,0.32,0.057438858037182274,0.043782469223388305,0.001963152162705383,0.0013742065138937672,0.013315348321237794,0.014689554835131562,0.01468955968352384,3.612547760933893e-08,4.848392277934099e-09
505,D_phi+gamma,0.365,0.05810418033872866,0.04426794106496251,0.0019615276826449738,0.0013730693778514803,0.013507980884233056,0.014881050262084536,0.014881054969150147,3.476814496028435e-08,4.707065610551342e-09
505,D_phi+gamma,0.41,0.05877821656189583,0.044758835265446766,0.001962637366113964,0.0013738461562797738,0.013702970070154929,0.015076816226434702,0.015076820801407015,3.376496929274886e-08,4.5749723124460795e-09
505,D_phi+gamma,0.45499999999999996,0.059461155947778115,0.04525526245581271,0.0019661712344083656,0.0013763198640858547,0.013900408820501867,0.015276728684587721,0.01527673325669164,3.303534251708484e-08,4.572103919422976e-09
505,D_phi+gamma,0.49999999999999994,0.06015318295333504,0.04575732668250141,0.0019718769916699233,0.0013803138941689452,0.01410038383652357,0.015480697730692515,0.015480702206483383,3.2520889066758873e-08,4.4757908681386516e-09
505,D_phi+gamma,0.545,0.06085447860006791,0.04626513109242468,0.0019795443973892146,0.0013856810781724491,0.01430297847643011,0.01568865955460256,0.01568866403783025,3.217682648104514e-08,4.483227691864933e-09
505,D_phi+gamma,0.5900000000000001,0.061565221539216716,0.04677877506056692,0.0019889991900825486,0.001392299433057783,0.014508272219285284,0.015900571652343067,0.015900576226602646,3.1970822864102466e-08,4.574259578754569e-09
505,D_phi+gamma,0.635,0.062285588904199524,0.04729835358334131,0.002000096895101607,0.0014000678265711237,0.014716340863923294,0.016116408690494417,0.01611641323529029,3.1877026712701095e-08,4.54479587297385e-09
505,D_phi+gamma,0.68,0.06301575700128179,0.04782396456889536,0.0020127129837808227,0.0014088990886465748,0.014927259663117809,0.016336158751764383,0.016336163375135757,3.187625163825203e-08,4.623371373246865e-09
505,D_phi+gamma,0.725,0.06375590187581284,0.04835569795989922,0.0020267448314523436,0.0014187213820166394,0.015141102086322867,0.016559823468339507,0.016559826377628137,3.195261555344331e-08,2.9092886294490583e-09
505,D_phi+gamma,0.77,0.06450619978168103,0.04889366004683019,0.0020421000226994793,0.0014294700158896344,0.015357936765317918,0.01678740678120755,0.0167874114963988,3.2092569574038166e-08,4.715191247867123e-09
505,D_phi+gamma,0.8150000000000001,0.06526682757485464,0.0494379268831968,0.0020587097336004943,0.0014410968135203448,0.015577834285870534,0.01701893109939088,0.017018936011075125,3.2293048790599244e-08,4.911684246822201e-09
505,D_phi+gamma,0.86,0.06603796304669239,0.049988607831116125,0.0020765005659099745,0.0014535503961369811,0.01580086880260006,0.01725441919873704,0.01725442403764202,3.253632779864901e-08,4.8389049780994675e-09
505,D_phi+gamma,0.905,0.06681978520934857,0.05054578014498899,0.002095426509077987,0.0014667985563545896,0.01602710177814269,0.01749390033449728,0.017493905572233875,3.2824298834555066e-08,5.237736595137266e-09
505,D_phi+gamma,0.95,0.06761247454245699,0.051109550521302574,0.0021154318711119604,0.001480802309778371,0.016256608204258168,0.017737410514036538,0.017737415723647117,3.314461344272601e-08,5.209610579731683e-09
606,D0,0.05,0.060177704721094155,0.045716483675814365,0.002061136819986218,0.0,0.0,0.0,0.0,0.0,0.0
606,D0,0.095,0.060177704721094155,0.045716483675814365,0.002061136819986218,0.0,0.0,0.0,0.0,0.0,0.0
606,D0,0.14,0.060177704721094155,0.045716483675814365,0.002061136819986218,0.0,0.0,0.0,0.0,0.0,0.0
606,D0,0.185,0.060177704721094155,0.045716483675814365,0.002061136819986218,0.0,0.0,0.0,0.0,0.0,0.0
606,D0,0.22999999999999998,0.060177704721094155,0.045716483675814365,0.002061136819986218,0.0,0.0,0.0,0.0,0.0,0.0
606,D0,0.27499999999999997,0.060177704721094155,0.045716483675814365,0.002061136819986218,0.0,0.0,0.0,0.0,0.0,0.0
606,D0,0.32,0.060177704721094155,0.045716483675814365,0.002061136819986218,0.0,0.0,0.0,0.0,0.0,0.0
606,D0,0.365,0.060177704721094155,0.045716483675814365,0.002061136819986218,0.0,0.0,0.0,0.0,0.0,0.0
606,D0,0.41,0.060177704721094155,0.045716483675814365,0.002061136819986218,0.0,0.0,0.0,0.0,0.0,0.0
606,D0,0.45499999999999996,0.060177704721094155,0.045716483675814365,0.002061136819986218,0.0,0.0,0.0,0.0,0.0,0.0
606,D0,0.49999999999999994,0.060177704721094155,0.045716483675814365,0.002061136819986218,0.0,0.0,0.0,0.0,0.0,0.0
606,D0,0.545,0.060177704721094155,0.045716483675814365,0.002061136819986218,0.0,0.0,0.0,0.0,0.0,0.0
606,D0,0.5900000000000001,0.060177704721094155,0.045716483675814365,0.002061136819986218,0.0,0.0,0.0,0.0,0.0,0.0
606,D0,0.635,0.060177704721094155,0.045716483675814365,0.002061136819986218,0.0,0.0,0.0,0.0,0.0,0.0
606,D0,0.68,0.060177704721094155,0.045716483675814365,0.002061136819986218,0.0,0.0,0.0,0.0,0.0,0.0
606,D0,0.725,0.060177704721094155,0.045716483675814365,0.002061136819986218,0.0,0.0,0.0,0.0,0.0,0.0
606,D0,0.77,0.060177704721094155,0.045716483675814365,0.002061136819986218,0.0,0.0,0.0,0.0,0.0,0.0
606,D0,0.8150000000000001,0.060177704721094155,0.045716483675814365,0.002061136819986218,0.0,0.0,0.0,0.0,0.0,0.0
606,D0,0.86,0.060177704721094155,0.045716483675814365,0.002061136819986218,0.0,0.0,0.0,0.0,0.0,0.0
606,D0,0.905,0.060177704721094155,0.045716483675814365,0.002061136819986218,0.0,0.0,0.0,0.0,0.0,0.0
606,D0,0.95,0.060177704721094155,0.045716483675814365,0.002061136819986218,0.0,0.0,0.0,0.0,0.0,0.0
606,D_phi,0.05,0.05416951872282036,0.041360731712795355,0.0015376289613961624,0.0,0.012583803064821014,0.012583803064821014,0.012583806378452416,1.5470662953834258e-08,3.313631402254713e-09
606,D_phi,0.095,0.05473911180887224,0.0417773286696739,0.0015850482705655196,0.0,0.012731761565192547,0.012731761565192547,0.01273176495148689,1.5673025049664502e-08,3.3862943438905946e-09
606,D_phi,0.14,0.055315406212915315,0.04219802808298496,0.0016334978366574614,0.0,0.012881643513102654,0.012881643513102654,0.012881646938807204,1.587684775317122e-08,3.4257045498919947e-09
606,D_phi,0.185,0.0558984890506678,0.04262287307275379,0.0016830009694154054,0.0,0.013033474098281095,0.013033474098281095,0.013033477376633318,1.6083109843911814e-08,3.2783522233709173e-09
606,D_phi,0.22999999999999998,0.05648844857185821,0.04305190490054105,0.0017335827178652913,0.0,0.013187278472281147,0.013187278472281147,0.013187281629639136,1.629169472938674e-08,3.1573579896415627e-09
606,D_phi,0.27499999999999997,0.05708537417509868,0.04348516757570078,0.0017852673425925048,0.0,0.013343082481107904,0.013343082481107904,0.013343085396230041,1.650436523559229e-08,2.9151221367373914e-09
606,D_phi,0.32,0.05768935642300945,0.04392270185431349,0.001838082223890183,0.0,0.013500910761996901,0.013500910761996901,0.013500914711773645,1.6720623496890852e-08,3.949776743519817e-09
606,D_phi,0.365,0.05830048705756837,0.04436455810511448,0.001892048444145758,0.0,0.013660792558907602,0.013660792558907602,0.013660795958581039,1.6937046209974937e-08,3.399673436862982e-09
606,D_phi,0.41,0.058918859015740996,0.044810776652787494,0.0019471953648654806,0.0,0.013822752581000628,0.013822752581000628,0.01382275586576299,1.7157658280253507e-08,3.2847623614162824e-09
606,D_phi,0.45499999999999996,0.059544566445328434,0.04526140279655109,0.0020035494820297723,0.0,0.013986818048754877,0.013986818048754877,0.013986821519504528,1.7381171155128605e-08,3.4707496512215164e-09
606,D_phi,0.49999999999999994,0.06017770472109439,0.04571648333253901,0.0020611370882535015,0.0,0.014153016919248067,0.014153016919248067,0.01415302036671564,1.7608104897759436e-08,3.447467571832119e-09
606,D_phi,0.545,0.060818370461152176,0.04617606360555398,0.002119986383926826,0.0,0.01432137671103283,0.01432137671103283,0.014321380221470741,1.7837505777995588e-08,3.5104379108447104e-09
606,D_phi,0.5900000000000001,0.06146666154361574,0.04664019065316307,0.0021801251846571335,0.0,0.014491925877660534,0.014491925877660534,0.014491929270702546,1.807041807855292e-08,3.393042012286851e-09
606,D_phi,0.635,0.062122677123527606,0.047108910794690484,0.0022415827814059293,0.0,0.0146646926410278,0.0146646926410278,0.014664696080921184,1.8307760862867895e-08,3.4398933840273926e-09
606,D_phi,0.68,0.06278651765006388,0.04758227012259491,0.0023043898279289914,0.0,0.01483970483560702,0.01483970483560702,0.014839709603943471,1.854478653973146e-08,4.76833645138286e-09
606,D_phi,0.725,0.06345828488401516,0.048060319970026626,0.0023685729788924573,0.0,0.015016994426410314,0.015016994426410314,0.015016999182241086,1.8786774913515103e-08,4.755830772598668e-09
606,D_phi,0.77,0.0641380819155746,0.048543106483127305,0.0024341650137330627,0.0,0.01519658910325379,0.01519658910325379,0.015196594559153245,1.9033785658706392e-08,5.455899454442914e-09
606,D_phi,0.8150000000000001,0.06482601318239263,0.0490306813371384,0.002501194406785006,0.0,0.015378520982665806,0.015378520982665806,0.015378525880425223,1.9282860724834094e-08,4.897759416783165e-09
606,D_phi,0.86,0.06552218448796061,0.049523091566047096,0.002569694853425038,0.0,0.015562819061814408,0.015562819061814408,0.015562823704514173,1.9535266460035672e-08,4.642699764564884e-09
606,D_phi,0.905,0.06622670302026888,0.05002038735071088,0.0026396983452267454,0.0,0.015749514426442082,0.015749514426442082,0.015749519007893217,1.9790560162880055e-08,4.5814511351327525e-09
606,D_phi,0.95,0.06693967737079129,0.05052262024257013,0.002711236748364773,0.0,0.015938639075413354,0.015938639075413354,0.015938643192315083,2.0049986670933606e-08,4.1169017292452814e-09
606,D_gamma,0.05,0.060177704721094155,0.045716483675814365,0.002061136819986218,0.0,0.0,0.0,0.0,0.0,0.0
606,D_gamma,0.095,0.060177704721094155,0.045716483675814365,0.002061136819986218,0.0,0.0,0.0,0.0,0.0,0.0
606,D_gamma,0.14,0.060177704721094155,0.045716483675814365,0.002061136819986218,0.0,0.0,0.0,0.0,0.0,0.0
606,D_gamma,0.185,0.060177704721094155,0.045716483675814365,0.002061136819986218,0.0,0.0,0.0,0.0,0.0,0.0
606,D_gamma,0.22999999999999998,0.060177704721094155,0.045716483675814365,0.002061136819986218,0.0,0.0,0.0,0.0,0.0,0.0
606,D_gamma,0.27499999999999997,0.060177704721094155,0.045716483675814365,0.002061136819986218,0.0,0.0,0.0,0.0,0.0,0.0
606,D_gamma,0.32,0.060177704721094155,0.045716483675814365,0.002061136819986218,0.0,0.0,0.0,0.0,0.0,0.0
606,D_gamma,0.365,0.060177704721094155,0.045716483675814365,0.002061136819986218,0.0,0.0,0.0,0.0,0.0,0.0
606,D_gamma,0.41,0.060177704721094155,0.045716483675814365,0.002061136819986218,0.0,0.0,0.0,0.0,0.0,0.0
606,D_gamma,0.45499999999999996,0.060177704721094155,0.045716483675814365,0.002061136819986218,0.0,0.0,0.0,0.0,0.0,0.0
606,D_gamma,0.49999999999999994,0.060177704721094155,0.045716483675814365,0.002061136819986218,0.0,0.0,0.0,0.0,0.0,0.0
606,D_gamma,0.545,0.060177704721094155,0.045716483675814365,0.002061136819986218,0.0,0.0,0.0,0.0,0.0,0.0
606,D_gamma,0.5900000000000001,0.060177704721094155,0.045716483675814365,0.002061136819986218,0.0,0.0,0.0,0.0,0.0,0.0
606,D_gamma,0.635,0.060177704721094155,0.045716483675814365,0.002061136819986218,0.0,0.0,0.0,0.0,0.0,0.0
606,D_gamma,0.68,0.060177704721094155,0.045716483675814365,0.002061136819986218,0.0,0.0,0.0,0.0,0.0,0.0
606,D_gamma,0.725,0.060177704721094155,0.045716483675814365,0.002061136819986218,0.0,0.0,0.0,0.0,0.0,0.0
606,D_gamma,0.77,0.060177704721094155,0.045716483675814365,0.002061136819986218,0.0,0.0,0.0,0.0,0.0,0.0
606,D_gamma,0.8150000000000001,0.060177704721094155,0.045716483675814365,0.002061136819986218,0.0,0.0,0.0,0.0,0.0,0.0
606,D_gamma,0.86,0.060177704721094155,0.045716483675814365,0.002061136819986218,0.0,0.0,0.0,0.0,0.0,0.0
606,D_gamma,0.905,0.060177704721094155,0.045716483675814365,0.002061136819986218,0.0,0.0,0.0,0.0,0.0,0.0
606,D_gamma,0.95,0.060177704721094155,0.045716483675814365,0.002061136819986218,0.0,0.0,0.0,0.0,0.0,0.0
606,D_phi+gamma,0.05,0.053610661989667845,0.040956419525802513,0.002104235955656235,0.0014729651689593633,0.012208108636042624,0.013681073805001987,0.0136810839904692,6.614796419814051e-08,1.0185467212708854e-08
606,D_phi+gamma,0.095,0.05422999699181031,0.04141062607844361,0.00207701421647047,0.0014539099515293277,0.01239227702320882,0.013846186974738148,0.013846194995583034,5.774062584139317e-08,8.020844885839318e-09
606,D_phi+gamma,0.14,0.054856925288014904,0.04186928815431475,0.0020573005501496175,0.001440110385104731,0.012578299774893052,0.014018410159997783,0.014018417077769895,5.1811444023996955e-08,6.917772112091658e-09
606,D_phi+gamma,0.185,0.05549174937202121,0.04233258583559856,0.00204375508179701,0.0014306285572579058,0.012766379570223528,0.014197008127481434,0.014197014672551177,4.756943450257012e-08,6.545069743124632e-09
606,D_phi+gamma,0.22999999999999998,0.05613474365350379,0.04280066880966932,0.0020353892517690248,0.001424772476238316,0.01295668343082486,0.014381455907063176,0.014381462051822601,4.450872136130268e-08,6.144759425244506e-09
606,D_phi+gamma,0.27499999999999997,0.056786162380250145,0.043273674001830686,0.002031441013742325,0.0014220087096196265,0.013149365738585432,0.014571374448205058,0.014571380372252288,4.229771533026394e-08,5.92404723019635e-09
606,D_phi+gamma,0.32,0.05744624525444665,0.04375171968286389,0.0020313237768874895,0.0014219266438212413,0.013344564979793503,0.014766491623614745,0.014766496339489718,4.0718368260472815e-08,4.715874973512668e-09
606,D_phi+gamma,0.365,0.05811522151370192,0.044234928100402984,0.0020345657952150925,0.0014241960566505635,0.013542412548498655,0.014966608605149218,0.014966614271476143,3.9607461754798123e-08,5.666326925030107e-09
606,D_phi+gamma,0.41,0.058793312962021116,0.04472339182848005,0.0020408058299694427,0.0014285640809786086,0.013743027152421476,0.015171591233400086,0.015171596741896443,3.8857236525635663e-08,5.508496356970705e-09
606,D_phi+gamma,0.45499999999999996,0.059480736265301766,0.04521721311851381,0.0020497429962814686,0.001434820097397027,0.013946525260343384,0.015381345357740411,0.0153813508664351,3.8387448775267785e-08,5.508694687905713e-09
606,D_phi+gamma,0.49999999999999994,0.06017770472109439,0.04571648333253901,0.0020611370882535015,0.00144279596177745,0.014153016919248067,0.015595812881025517,0.015595818401847837,3.813949915436321e-08,5.520822320137508e-09
606,D_phi+gamma,0.545,0.06088442964542508,0.04622129095708501,0.0020747911866711957,0.0014523538306698358,0.014362609073640276,0.01581496290431011,0.015814968469161902,3.8069260244188996e-08,5.5648517911788264e-09
606,D_phi+gamma,0.5900000000000001,0.06160112147615137,0.04673172114291795,0.002090543716190187,0.0014633806013331298,0.014575405890155654,0.016038786491488783,0.01603879212466254,3.814379125055556e-08,5.633173757318977e-09
606,D_phi+gamma,0.635,0.06232799066333474,0.047247853248104044,0.0021082638253722124,0.0014757846777605475,0.01479150760444684,0.01626729228220739,0.016267298250420892,3.8337334695714986e-08,5.968213503265707e-09
606,D_phi+gamma,0.68,0.06306524839741494,0.047769775346323665,0.0021278360275848243,0.0014894852193093758,0.015011019061804617,0.016500504281113992,0.016500510403549468,3.8629294901726396e-08,6.122435475264254e-09
606,D_phi+gamma,0.725,0.06381310721244324,0.04829756339068542,0.0021491712587723252,0.0015044198811406265,0.015234038724050918,0.016738458605191544,0.01673846437914224,3.900701914250071e-08,5.773950696036367e-09
606,D_phi+gamma,0.77,0.06457178149187698,0.04883129306196489,0.0021721960607506696,0.0015205372425254676,0.01546066312726822,0.016981200369793687,0.016981206292540962,3.945535148597301e-08,5.922747275260987e-09
606,D_phi+gamma,0.8150000000000001,0.06534148789774541,0.04937104283901472,0.0021968467711037452,0.0015377927397726204,0.015690992233426116,0.017228784973198737,0.017228791071216887,3.9965415699061424e-08,6.098018149464091e-09
606,D_phi+gamma,0.86,0.06612244573896688,0.04991688996326441,0.0022230714844801353,0.0015561500391360935,0.015925125025023648,0.01748127506415974,0.017481281244946856,4.0530333950128394e-08,6.1807871147567806e-09
606,D_phi+gamma,0.905,0.06691487729095158,0.05046890863570385,0.002250829348836937,0.0015755805441858546,0.016163158645484073,0.01773873918966993,0.017738745980688444,4.1141304252256816e-08,6.791018514890057e-09
606,D_phi+gamma,0.95,0.06771900807594014,0.0510271793043622,0.0022800833236154418,0.0015960583265308078,0.016405195184289637,0.018001253510820443,0.018001260296979914,4.179719070851462e-08,6.786159471167119e-09
707,D0,0.05,0.06014054168152581,0.04573664401473725,0.001989616337169161,0.0,0.0,0.0,0.0,0.0,0.0
707,D0,0.095,0.06014054168152581,0.04573664401473725,0.001989616337169161,0.0,0.0,0.0,0.0,0.0,0.0
707,D0,0.14,0.06014054168152581,0.04573664401473725,0.001989616337169161,0.0,0.0,0.0,0.0,0.0,0.0
707,D0,0.185,0.06014054168152581,0.04573664401473725,0.001989616337169161,0.0,0.0,0.0,0.0,0.0,0.0
707,D0,0.22999999999999998,0.06014054168152581,0.04573664401473725,0.001989616337169161,0.0,0.0,0.0,0.0,0.0,0.0
707,D0,0.27499999999999997,0.06014054168152581,0.04573664401473725,0.001989616337169161,0.0,0.0,0.0,0.0,0.0,0.0
707,D0,0.32,0.06014054168152581,0.04573664401473725,0.001989616337169161,0.0,0.0,0.0,0.0,0.0,0.0
707,D0,0.365,0.06014054168152581,0.04573664401473725,0.001989616337169161,0.0,0.0,0.0,0.0,0.0,0.0
707,D0,0.41,0.06014054168152581,0.04573664401473725,0.001989616337169161,0.0,0.0,0.0,0.0,0.0,0.0
707,D0,0.45499999999999996,0.06014054168152581,0.04573664401473725,0.001989616337169161,0.0,0.0,0.0,0.0,0.0,0.0
707,D0,0.49999999999999994,0.06014054168152581,0.04573664401473725,0.001989616337169161,0.0,0.0,0.0,0.0,0.0,0.0
707,D0,0.545,0.06014054168152581,0.04573664401473725,0.001989616337169161,0.0,0.0,0.0,0.0,0.0,0.0
707,D0,0.5900000000000001,0.06014054168152581,0.04573664401473725,0.001989616337169161,0.0,0.0,0.0,0.0,0.0,0.0
707,D0,0.635,0.06014054168152581,0.04573664401473725,0.001989616337169161,0.0,0.0,0.0,0.0,0.0,0.0
707,D0,0.68,0.06014054168152581,0.04573664401473725,0.001989616337169161,0.0,0.0,0.0,0.0,0.0,0.0
707,D0,0.725,0.06014054168152581,0.04573664401473725,0.001989616337169161,0.0,0.0,0.0,0.0,0.0,0.0
707,D0,0.77,0.06014054168152581,0.04573664401473725,0.001989616337169161,0.0,0.0,0.0,0.0,0.0,0.0
707,D0,0.8150000000000001,0.06014054168152581,0.04573664401473725,0.001989616337169161,0.0,0.0,0.0,0.0,0.0,0.0
707,D0,0.86,0.06014054168152581,0.04573664401473725,0.001989616337169161,0.0,0.0,0.0,0.0,0.0,0.0
707,D0,0.905,0.06014054168152581,0.04573664401473725,0.001989616337169161,0.0,0.0,0.0,0.0,0.0,0.0
707,D0,0.95,0.06014054168152581,0.04573664401473725,0.001989616337169161,0.0,0.0,0.0,0.0,0.0,0.0
707,D_phi,0.05,0.05415123296391703,0.04137223400049136,0.0014974793118469117,0.0,0.012551888505425273,0.012551888505425273,0.012551891618353682,1.4916393129352223e-08,3.1129284080999575e-09
707,D_phi,0.095,0.05471934967811401,0.04178951401369432,0.0015423686195396608,0.0,0.012698048314168006,0.012698048314168006,0.012698051529519751,1.510342755549343e-08,3.2153517452726543e-09
707,D_phi,0.14,0.05529408520536863,0.04221093198541259,0.0015881661449902876,0.0,0.012846061595852786,0.012846061595852786,0.01284606497637049,1.5291246047155482e-08,3.380517704307251e-09
707,D_phi,0.185,0.05587552347454736,0.04263653370741413,0.0016348901570510525,0.0,0.012995951725981284,0.012995951725981284,0.012995955108411466,1.5481605233902407e-08,3.382430181428364e-09
707,D_phi,0.22999999999999998,0.05646374946281263,0.04306636185251603,0.0016825612365304922,0.0,0.013147741932134182,0.013147741932134182,0.013147745367918401,1.567512161737561e-08,3.435784219629756e-09
707,D_phi,0.27499999999999997,0.057058849208857676,0.04350046200110263,0.0017311989836309263,0.0,0.01330145607089869,0.01330145607089869,0.013301459493208339,1.5871746625317762e-08,3.4223096492119742e-09
707,D_phi,0.32,0.05766090982636664,0.04393888150563327,0.001780822606140531,0.0,0.01345711851832846,0.01345711851832846,0.013457121522598795,1.6069841290988762e-08,3.0042703342419985e-09
707,D_phi,0.365,0.05827001951769681,0.044381660427789967,0.0018314563412798412,0.0,0.013614752458872403,0.013614752458872403,0.0136147558044872,1.627089608879917e-08,3.3456147973537353e-09
707,D_phi,0.41,0.05888626758775971,0.04482885009508207,0.0018831181793898708,0.0,0.013774383759605983,0.013774383759605983,0.013774386994937897,1.6474628605767094e-08,3.235331913833961e-09
707,D_phi,0.45499999999999996,0.05950974445815749,0.0452804954945092,0.0019358308792235953,0.0,0.013936036817441615,0.013936036817441615,0.013936040068215557,1.668013019373582e-08,3.2507739416987036e-09
707,D_phi,0.49999999999999994,0.06014054168152577,0.04573664401478591,0.0019896163371335832,0.0,0.014099736904951388,0.014099736904951388,0.0140997403195149,1.688926289968029e-08,3.414563512146862e-09
707,D_phi,0.545,0.060778751956116046,0.04619734432724747,0.0020444962424788727,0.0,0.014265509976173735,0.014265509976173735,0.014265513370833616,1.710059246984308e-08,3.394659881320039e-09
707,D_phi,0.5900000000000001,0.06142446914061495,0.04666264429979307,0.0021004936469899383,0.0,0.014433381805896836,0.014433381805896836,0.014433385175875885,1.7314964392833865e-08,3.3699790492891513e-09
707,D_phi,0.635,0.0620777882691984,0.04713259283384034,0.0021576316368190156,0.0,0.014603378702272962,0.014603378702272962,0.014603382025756862,1.7532034504719185e-08,3.3234838995449545e-09
707,D_phi,0.68,0.06273880556683278,0.047607237532248624,0.0022159353297769293,0.0,0.014775526187903901,0.014775526187903901,0.014775530554182723,1.7752758291189608e-08,4.366278821138492e-09
707,D_phi,0.725,0.06340761846481105,0.04808663182497401,0.0022754249639292345,0.0,0.014949854360844065,0.014949854360844065,0.014949857743384504,1.7973300625584443e-08,3.3825404387177738e-09
707,D_phi,0.77,0.06408432561656201,0.04857082350298875,0.002336129035149955,0.0,0.015126386128980226,0.015126386128980226,0.015126390929139075,1.820020592568916e-08,4.8001588485308e-09
707,D_phi,0.8150000000000001,0.06476902691367944,0.049059864540467756,0.002398069798687458,0.0,0.0153051524470257,0.0153051524470257,0.01530515780587513,1.8428786274782283e-08,5.358849430175949e-09
707,D_phi,0.86,0.06546182350223415,0.04955380786676547,0.002461271828040522,0.0,0.015486181315138584,0.015486181315138584,0.01548618643421941,1.866092905200567e-08,5.1190808258994025e-09
707,D_phi,0.905,0.06616281779934106,0.050052704125489185,0.0025257620264725407,0.0,0.015669500391419813,0.015669500391419813,0.015669505246072496,1.8894753817111365e-08,4.8546526833226356e-09
707,D_phi,0.95,0.06687211350997788,0.05055660596547507,0.0025915665403488442,0.0,0.015855138470033663,0.015855138470033663,0.015855143049112855,1.9133111067715092e-08,4.579079192212898e-09
707,D_gamma,0.05,0.06014054168152581,0.04573664401473725,0.001989616337169161,0.0,0.0,0.0,0.0,0.0,0.0
707,D_gamma,0.095,0.06014054168152581,0.04573664401473725,0.001989616337169161,0.0,0.0,0.0,0.0,0.0,0.0
707,D_gamma,0.14,0.06014054168152581,0.04573664401473725,0.001989616337169161,0.0,0.0,0.0,0.0,0.0,0.0
707,D_gamma,0.185,0.06014054168152581,0.04573664401473725,0.001989616337169161,0.0,0.0,0.0,0.0,0.0,0.0
707,D_gamma,0.22999999999999998,0.06014054168152581,0.04573664401473725,0.001989616337169161,0.0,0.0,0.0,0.0,0.0,0.0
707,D_gamma,0.27499999999999997,0.06014054168152581,0.04573664401473725,0.001989616337169161,0.0,0.0,0.0,0.0,0.0,0.0
707,D_gamma,0.32,0.06014054168152581,0.04573664401473725,0.001989616337169161,0.0,0.0,0.0,0.0,0.0,0.0
707,D_gamma,0.365,0.06014054168152581,0.04573664401473725,0.001989616337169161,0.0,0.0,0.0,0.0,0.0,0.0
707,D_gamma,0.41,0.06014054168152581,0.04573664401473725,0.001989616337169161,0.0,0.0,0.0,0.0,0.0,0.0
707,D_gamma,0.45499999999999996,0.06014054168152581,0.04573664401473725,0.001989616337169161,0.0,0.0,0.0,0.0,0.0,0.0
707,D_gamma,0.49999999999999994,0.06014054168152581,0.04573664401473725,0.001989616337169161,0.0,0.0,0.0,0.0,0.0,0.0
707,D_gamma,0.545,0.06014054168152581,0.04573664401473725,0.001989616337169161,0.0,0.0,0.0,0.0,0.0,0.0
707,D_gamma,0.5900000000000001,0.06014054168152581,0.04573664401473725,0.001989616337169161,0.0,0.0,0.0,0.0,0.0,0.0
707,D_gamma,0.635,0.06014054168152581,0.04573664401473725,0.001989616337169161,0.0,0.0,0.0,0.0,0.0,0.0
707,D_gamma,0.68,0.06014054168152581,0.04573664401473725,0.001989616337169161,0.0,0.0,0.0,0.0,0.0,0.0
707,D_gamma,0.725,0.06014054168152581,0.04573664401473725,0.001989616337169161,0.0,0.0,0.0,0.0,0.0,0.0
707,D_gamma,0.77,0.06014054168152581,0.04573664401473725,0.001989616337169161,0.0,0.0,0.0,0.0,0.0,0.0
707,D_gamma,0.8150000000000001,0.06014054168152581,0.04573664401473725,0.001989616337169161,0.0,0.0,0.0,0.0,0.0,0.0
707,D_gamma,0.86,0.06014054168152581,0.04573664401473725,0.001989616337169161,0.0,0.0,0.0,0.0,0.0,0.0
707,D_gamma,0.905,0.06014054168152581,0.04573664401473725,0.001989616337169161,0.0,0.0,0.0,0.0,0.0,0.0
707,D_gamma,0.95,0.06014054168152581,0.04573664401473725,0.001989616337169161,0.0,0.0,0.0,0.0,0.0,0.0
707,D_phi+gamma,0.05,0.05360500082668565,0.04096643722090778,0.002063850143988728,0.0014446951007921086,0.012193634104133206,0.013638329204925314,0.013638338506541909,6.379588282125204e-08,9.301616595014384e-09
707,D_phi+gamma,0.095,0.0542223118191377,0.04142138113629586,0.002034201484101037,0.0014239410388707245,0.012374983580288051,0.013798924619158775,0.01379893458233176,5.528109361073452e-08,9.963172984545077e-09
707,D_phi+gamma,0.14,0.05484700618949717,0.04188082178386828,0.0020119154241940067,0.0014083407969358035,0.012557992642334084,0.013966333439269887,0.013966339650500053,4.9236138777164484e-08,6.211230165614756e-09
707,D_phi+gamma,0.185,0.05547937252018643,0.04234495440381484,0.001995654797237499,0.0013969583580662483,0.012742839518523862,0.01413979787659011,0.014139803892257255,4.486903452949331e-08,6.0156671449762555e-09
707,D_phi+gamma,0.22999999999999998,0.05611967065011324,0.042813929944624414,0.001984426919151583,0.001389098843406107,0.012929682106976552,0.01431878095038266,0.014318786544559996,4.168096388867948e-08,5.594177336643025e-09
707,D_phi+gamma,0.27499999999999997,0.056768139563861106,0.04328788855326362,0.001977467289763341,0.0013842271028343374,0.013118661219096727,0.014502888321931064,0.014502893036716183,3.933882143647427e-08,4.714785119611098e-09
707,D_phi+gamma,0.32,0.05742500297833777,0.04376696541177157,0.001974173700233951,0.0013819215901637648,0.013309907056488036,0.0146918286466518,0.014691833718590168,3.761822554848582e-08,5.071938367559592e-09
707,D_phi+gamma,0.365,0.05809047339658902,0.044251271634192006,0.0019740835890110085,0.0013818585123077049,0.013503532368381336,0.014885390880689041,0.014885395967067006,3.636610144963637e-08,5.08637796464706e-09
707,D_phi+gamma,0.41,0.05876475511318786,0.04474091594697001,0.001976819212459405,0.0013837734487215823,0.013699648997711932,0.015083422446433514,0.015083424865285758,3.546877930249437e-08,2.4188522435020232e-09
707,D_phi+gamma,0.45499999999999996,0.059448046485695606,0.04523600902371281,0.0019820805300142827,0.0013874563710099966,0.013898348307233122,0.01528580467824312,0.015285809516530136,3.484827461319728e-08,4.838287015820897e-09
707,D_phi+gamma,0.49999999999999994,0.06014054168152577,0.04573664401478591,0.0019896163371335832,0.0013927314359935073,0.014099736904951386,0.015492468340944894,0.015492473169582929,3.444559807004588e-08,4.8286380345541335e-09
707,D_phi+gamma,0.545,0.060842432043013914,0.04624291754061327,0.001999225206171283,0.0013994576443198971,0.014303903498117628,0.015703361142437526,0.01570336596608978,3.4216913330498144e-08,4.823652255403488e-09
707,D_phi+gamma,0.5900000000000001,0.06155390717004729,0.04675492311019635,0.002010738190454828,0.0014075167333183782,0.014510937858403369,0.015918454591721747,0.015918459533384777,3.4129407980310056e-08,4.941663030166854e-09
707,D_phi+gamma,0.635,0.06227515579071539,0.04727274885559839,0.002024016711524788,0.0014168116980673503,0.014720926196594413,0.016137737894661764,0.016137742896572986,3.415806804074606e-08,5.001911222018984e-09
707,D_phi+gamma,0.68,0.06300636647074243,0.04779648178393915,0.0020389446343770726,0.0014272612440639498,0.014933953058076216,0.016361214302140166,0.01636121935105031,3.4282496286230923e-08,5.048910144134222e-09
707,D_phi+gamma,0.725,0.06374772819886748,0.04832621079141756,0.0020554223618664456,0.0014387956533065108,0.015150103476960537,0.016588899130267048,0.016588904042727143,3.448924201787662e-08,4.912460094957938e-09
707,D_phi+gamma,0.77,0.06449943087573581,0.04886201811533058,0.0020733693399674243,0.0014513585379771958,0.01536945947486052,0.016820818012837715,0.01682082207305513,3.4762334677473916e-08,4.060217415752243e-09
707,D_phi+gamma,0.8150000000000001,0.06526166572698093,0.049403994965350424,0.002092714686437955,0.0014649002805065673,0.015592101232564336,0.017057001513070904,0.017057007004442334,3.5094607081509466e-08,5.49137143049383e-09
707,D_phi+gamma,0.86,0.0660346256562572,0.049952223360984316,0.002113398998166104,0.0014793792987162716,0.01581811501525731,0.01729749431397358,0.01729749967177631,3.54807565272619e-08,5.3578027292555674e-09
707,D_phi+gamma,0.905,0.06681850555028633,0.05050678253172143,0.0021353771212279395,0.0014947639848595564,0.016047577778751126,0.017542341763610685,0.017542347233146988,3.591186931162227e-08,5.469536303037703e-09
707,D_phi+gamma,0.95,0.06761350254526063,0.05106775851667932,0.0021586067271247645,0.0015110247089873338,0.01628057184018144,0.017791596549168773,0.017791602390785487,3.638037093800506e-08,5.841616714657993e-09
808,D0,0.05,0.05998150151704602,0.045669987603887005,0.0019241726004045664,0.0,0.0,0.0,0.0,0.0,0.0
808,D0,0.095,0.05998150151704602,0.045669987603887005,0.0019241726004045664,0.0,0.0,0.0,0.0,0.0,0.0
808,D0,0.14,0.05998150151704602,0.045669987603887005,0.0019241726004045664,0.0,0.0,0.0,0.0,0.0,0.0
808,D0,0.185,0.05998150151704602,0.045669987603887005,0.0019241726004045664,0.0,0.0,0.0,0.0,0.0,0.0
808,D0,0.22999999999999998,0.05998150151704602,0.045669987603887005,0.0019241726004045664,0.0,0.0,0.0,0.0,0.0,0.0
808,D0,0.27499999999999997,0.05998150151704602,0.045669987603887005,0.0019241726004045664,0.0,0.0,0.0,0.0,0.0,0.0
808,D0,0.32,0.05998150151704602,0.045669987603887005,0.0019241726004045664,0.0,0.0,0.0,0.0,0.0,0.0
808,D0,0.365,0.05998150151704602,0.045669987603887005,0.0019241726004045664,0.0,0.0,0.0,0.0,0.0,0.0
808,D0,0.41,0.05998150151704602,0.045669987603887005,0.0019241726004045664,0.0,0.0,0.0,0.0,0.0,0.0
808,D0,0.45499999999999996,0.05998150151704602,0.045669987603887005,0.0019241726004045664,0.0,0.0,0.0,0.0,0.0,0.0
808,D0,0.49999999999999994,0.05998150151704602,0.045669987603887005,0.0019241726004045664,0.0,0.0,0.0,0.0,0.0,0.0
808,D0,0.545,0.05998150151704602,0.045669987603887005,0.0019241726004045664,0.0,0.0,0.0,0.0,0.0,0.0
808,D0,0.5900000000000001,0.05998150151704602,0.045669987603887005,0.0019241726004045664,0.0,0.0,0.0,0.0,0.0,0.0
808,D0,0.635,0.05998150151704602,0.045669987603887005,0.0019241726004045664,0.0,0.0,0.0,0.0,0.0,0.0
808,D0,0.68,0.05998150151704602,0.045669987603887005,0.0019241726004045664,0.0,0.0,0.0,0.0,0.0,0.0
808,D0,0.725,0.05998150151704602,0.045669987603887005,0.0019241726004045664,0.0,0.0,0.0,0.0,0.0,0.0
808,D0,0.77,0.05998150151704602,0.045669987603887005,0.0019241726004045664,0.0,0.0,0.0,0.0,0.0,0.0
808,D0,0.8150000000000001,0.05998150151704602,0.045669987603887005,0.0019241726004045664,0.0,0.0,0.0,0.0,0.0,0.0
808,D0,0.86,0.05998150151704602,0.045669987603887005,0.0019241726004045664,0.0,0.0,0.0,0.0,0.0,0.0
808,D0,0.905,0.05998150151704602,0.045669987603887005,0.0019241726004045664,0.0,0.0,0.0,0.0,0.0,0.0
808,D0,0.95,0.05998150151704602,0.045669987603887005,0.0019241726004045664,0.0,0.0,0.0,0.0,0.0,0.0
808,D_phi,0.05,0.05404373488635041,0.041323151385993344,0.0014543803798347484,0.0,0.012453474901539457,0.012453474901539457,0.012453477222955018,1.434300630522023e-08,2.3214155615153276e-09
808,D_phi,0.095,0.05460735545658975,0.04173880193299739,0.0014974056392495895,0.0,0.012596622115756776,0.012596622115756776,0.012596625247310995,1.4515285171740056e-08,3.131554219062971e-09
808,D_phi,0.14,0.0551774576888317,0.042158565560493445,0.001541262609681186,0.0,0.012741551546978612,0.012741551546978612,0.01274155471594709,1.4689675517653988e-08,3.168968478253764e-09
808,D_phi,0.185,0.05575412223256824,0.04258248164233392,0.0015859704251022539,0.0,0.012888283897717902,0.012888283897717902,0.012888287206605323,1.486816572637828e-08,3.3088874210052133e-09
808,D_phi,0.22999999999999998,0.05633743071426854,0.04301059684583236,0.0016315445625183003,0.0,0.013036841301059594,0.013036841301059594,0.01303684456261839,1.504922748918336e-08,3.261558795611408e-09
808,D_phi,0.27499999999999997,0.056927465749263925,0.04344295610590948,0.0016780018708531935,0.0,0.01318724608161944,0.01318724608161944,0.013187248890843955,1.5230260108634042e-08,2.8092245144689665e-09
808,D_phi,0.32,0.0575243109538154,0.043879603125278034,0.0017253572293365266,0.0,0.013339525774508363,0.013339525774508363,0.013339522571199034,1.541646255098783e-08,3.203309329596893e-09
808,D_phi,0.365,0.05812805095734622,0.04432057982366061,0.0017736414199255978,0.0,0.013493685049543876,0.013493685049543876,0.013493688254471817,1.5602949141046984e-08,3.2049279410917286e-09
808,D_phi,0.41,0.0587387714149479,0.04476593888146446,0.001822857588572875,0.0,0.013649765509233065,0.013649765509233065,0.01364976887437227,1.5791897650663245e-08,3.3651392054856455e-09
808,D_phi,0.45499999999999996,0.059356559019998235,0.045215725829046975,0.00187302838609549,0.0,0.013807784270209013,0.013807784270209013,0.013807787645676155,1.5983958254195407e-08,3.375467141908395e-09
808,D_phi,0.49999999999999994,0.05998150151704601,0.04566998760388702,0.0019241726004045545,0.0,0.013967764708344892,0.013967764708344892,0.013967768072286599,1.6177539167647192e-08,3.3639417067882205e-09
808,D_phi,0.545,0.06061368771487564,0.04612877184909526,0.0019763092242346698,0.0,0.014129730511451262,0.014129730511451262,0.014129733950559222,1.6373877254061142e-08,3.4391079602180685e-09
808,D_phi,0.5900000000000001,0.06125320749978472,0.046592128284192916,0.002029456424785271,0.0,0.014293706227674573,0.014293706227674573,0.014293709374324491,1.6572906588741e-08,3.146649918059352e-09
808,D_phi,0.635,0.06190015184907822,0.047060103847681604,0.0020836351373238857,0.0,0.014459715452043626,0.014459715452043626,0.01445971873984263,1.6773757036125936e-08,3.287799003534597e-09
808,D_phi,0.68,0.06255461284476733,0.04753274902107646,0.002138864375224201,0.0,0.014627783241796496,0.014627783241796496,0.01462778674976606,1.6977837538623142e-08,3.5079695641371256e-09
808,D_phi,0.725,0.06321668368749267,0.04801011523926375,0.002195163052586609,0.0,0.01479793527311127,0.01479793527311127,0.0147979384192847,1.7184191569707963e-08,3.1461734311538647e-09
808,D_phi,0.77,0.06388645871066585,0.04849225147324286,0.0022525529912688163,0.0,0.014970195895814272,0.014970195895814272,0.014970199078890772,1.739315774740291e-08,3.1830765002960337e-09
808,D_phi,0.8150000000000001,0.06456403339483023,0.04897920652268843,0.0023110569688123833,0.0,0.01514458942300393,0.01514458942300393,0.015144594383234553,1.760482801205221e-08,4.96023062207529e-09
808,D_phi,0.86,0.06524950438222973,0.04947104114494464,0.0023706879355527336,0.0,0.01532114713069939,0.01532114713069939,0.015321150309857687,1.781923220089965e-08,3.179158295993356e-09
808,D_phi,0.905,0.06594296949165551,0.04996779863315096,0.0024314753526765978,0.0,0.015499889956816264,0.015499889956816264,0.01549989317097196,1.8035384991010872e-08,3.2141556950693317e-09
808,D_phi,0.95,0.06664452773345167,0.050469532405887765,0.00249344056511874,0.0,0.01568084469704557,0.01568084469704557,0.015680849615471226,1.825682244271931e-08,4.918425656336156e-09
808,D_gamma,0.05,0.05998150151704602,0.045669987603887005,0.0019241726004045664,0.0,0.0,0.0,0.0,0.0,0.0
808,D_gamma,0.095,0.05998150151704602,0.045669987603887005,0.0019241726004045664,0.0,0.0,0.0,0.0,0.0,0.0
808,D_gamma,0.14,0.05998150151704602,0.045669987603887005,0.0019241726004045664,0.0,0.0,0.0,0.0,0.0,0.0
808,D_gamma,0.185,0.05998150151704602,0.045669987603887005,0.0019241726004045664,0.0,0.0,0.0,0.0,0.0,0.0
808,D_gamma,0.22999999999999998,0.05998150151704602,0.045669987603887005,0.0019241726004045664,0.0,0.0,0.0,0.0,0.0,0.0
808,D_gamma,0.27499999999999997,0.05998150151704602,0.045669987603887005,0.0019241726004045664,0.0,0.0,0.0,0.0,0.0,0.0
808,D_gamma,0.32,0.05998150151704602,0.045669987603887005,0.0019241726004045664,0.0,0.0,0.0,0.0,0.0,0.0
808,D_gamma,0.365,0.05998150151704602,0.045669987603887005,0.0019241726004045664,0.0,0.0,0.0,0.0,0.0,0.0
808,D_gamma,0.41,0.05998150151704602,0.045669987603887005,0.0019241726004045664,0.0,0.0,0.0,0.0,0.0,0.0
808,D_gamma,0.45499999999999996,0.05998150151704602,0.045669987603887005,0.0019241726004045664,0.0,0.0,0.0,0.0,0.0,0.0
808,D_gamma,0.49999999999999994,0.05998150151704602,0.045669987603887005,0.0019241726004045664,0.0,0.0,0.0,0.0,0.0,0.0
808,D_gamma,0.545,0.05998150151704602,0.045669987603887005,0.0019241726004045664,0.0,0.0,0.0,0.0,0.0,0.0
808,D_gamma,0.5900000000000001,0.05998150151704602,0.045669987603887005,0.0019241726004045664,0.0,0.0,0.0,0.0,0.0,0.0
808,D_gamma,0.635,0.05998150151704602,0.045669987603887005,0.0019241726004045664,0.0,0.0,0.0,0.0,0.0,0.0
808,D_gamma,0.68,0.05998150151704602,0.045669987603887005,0.0019241726004045664,0.0,0.0,0.0,0.0,0.0,0.0
808,D_gamma,0.725,0.05998150151704602,0.045669987603887005,0.0019241726004045664,0.0,0.0,0.0,0.0,0.0,0.0
808,D_gamma,0.77,0.05998150151704602,0.045669987603887005,0.0019241726004045664,0.0,0.0,0.0,0.0,0.0,0.0
808,D_gamma,0.8150000000000001,0.05998150151704602,0.045669987603887005,0.0019241726004045664,0.0,0.0,0.0,0.0,0.0,0.0
808,D_gamma,0.86,0.05998150151704602,0.045669987603887005,0.0019241726004045664,0.0,0.0,0.0,0.0,0.0,0.0
808,D_gamma,0.905,0.05998150151704602,0.045669987603887005,0.0019241726004045664,0.0,0.0,0.0,0.0,0.0,0.0
808,D_gamma,0.95,0.05998150151704602,0.045669987603887005,0.0019241726004045664,0.0,0.0,0.0,0.0,0.0,0.0
808,D_phi+gamma,0.05,0.05351246661569348,0.04092439327031287,0.0020099177041267486,0.001406942392888723,0.012108795755924998,0.013515738148813721,0.013515746898039301,6.137655176631507e-08,8.74922558014024e-09
808,D_phi+gamma,0.095,0.05412416662738337,0.041376964184018684,0.001979943112548436,0.001385960178783904,0.012286131317751237,0.013672091496535142,0.013672100329989953,5.2966392402251095e-08,8.83345481136888e-09
808,D_phi+gamma,0.14,0.054743052665578384,0.0418340137793627,0.001957102361294757,0.001369971652906329,0.012465000644479125,0.013834972297385454,0.013834978476165253,4.697443545254032e-08,6.178779798568512e-09
808,D_phi+gamma,0.185,0.05536940068881349,0.04229572896758218,0.0019400944730577684,0.0013580661311404368,0.01264556625837129,0.014003632389511727,0.014003638052206129,4.2622021190208415e-08,5.662694401928348e-09
808,D_phi+gamma,0.22999999999999998,0.056003458091576815,0.04276226637165033,0.0019279352603057394,0.0013495546822140166,0.012827980186778136,0.014177534868992153,0.01417754001266819,3.9419563099829524e-08,5.1436760371836865e-09
808,D_phi+gamma,0.27499999999999997,0.05664545140867433,0.04323376966222953,0.0019198708839210422,0.0013439096187447285,0.013012373295920514,0.014356282914665243,0.014356288007529016,3.7040970984891786e-08,5.0928637730651705e-09
808,D_phi+gamma,0.32,0.05729559176522948,0.043710366552426994,0.0019153166420446404,0.001340721649431247,0.013198861367751696,0.014539583017182944,0.014539587972312537,3.5270023360234326e-08,4.955129593101071e-09
808,D_phi+gamma,0.365,0.05795407882580256,0.044192175995488504,0.0019138088902940914,0.0013396662232058629,0.013387550119348491,0.014727216342554354,0.014727220816680868,3.3948539118755505e-08,4.474126513720478e-09
808,D_phi+gamma,0.41,0.058621103716983716,0.0446793130597916,0.001914973568445967,0.0013404814979121758,0.013578537599307454,0.01491901909721963,0.014919023501921098,3.297376295618992e-08,4.4047014681469765e-09
808,D_phi+gamma,0.45499999999999996,0.05929685123124112,0.04517187961065745,0.0019185088947315566,0.0013429562263120886,0.013771918813161678,0.015114875039473766,0.015114875643325469,3.2266049901363836e-08,6.038517030154678e-10
808,D_phi+gamma,0.49999999999999994,0.05998150151704601,0.04566998760388702,0.0019241726004045545,0.001346920820283187,0.013967764708344892,0.015314685528628079,0.015314689836710759,3.1768403498111386e-08,4.308082680523628e-09
808,D_phi+gamma,0.545,0.06067523139509127,0.046173726653446885,0.0019317558085644292,0.0013522290659950995,0.014166171102318935,0.015518400168314034,0.015518404556108,3.143728610766061e-08,4.387793964971687e-09
808,D_phi+gamma,0.5900000000000001,0.06137821539791955,0.04668319434852971,0.0019410916503949315,0.001358764155276451,0.014367210343682263,0.015725974498958715,0.015725978858931684,3.124098098272743e-08,4.359972969464332e-09
808,D_phi+gamma,0.635,0.06209062660194508,0.04719848725562516,0.0019520363483317284,0.001366425443832209,0.014570958447898227,0.015937383891730435,0.015937388382949468,3.1154468241312294e-08,4.491219032093374e-09
808,D_phi+gamma,0.68,0.06281263730163779,0.0477196939028828,0.001964472829892105,0.0013751309809244725,0.014777486868929698,0.01615261784985417,0.01615262228457126,3.1157942198545285e-08,4.434717090079365e-09
808,D_phi+gamma,0.725,0.06354441956225798,0.048246916918817565,0.0019783016031692273,0.001384811122218458,0.014986853878327561,0.01637166500054602,0.01637168086672558,3.123866651466578e-08,1.5866179561146998e-08
808,D_phi+gamma,0.77,0.06428614567805772,0.048780222253660716,0.0019934252508204196,0.0013953976755742927,0.01519917158566538,0.016594569261239672,0.016594573730473863,3.137987092394212e-08,4.469234191062377e-09
808,D_phi+gamma,0.8150000000000001,0.06503798855660466,0.0493197248257591,0.0020097817838376666,0.0014068472486863655,0.015414466409909327,0.016821313658595693,0.016821318309312078,3.1577054165898844e-08,4.650716384918541e-09
808,D_phi+gamma,0.86,0.06580012204400343,0.049865509108519696,0.002027302919461093,0.001419112043622764,0.015632821953048933,0.0170519339966717,0.017051938710114706,3.182095351106362e-08,4.7134430074258216e-09
808,D_phi+gamma,0.905,0.06657272120352523,0.050417657497886376,0.0020459391279998283,0.0014321573895998785,0.01585430258163001,0.01728645997122989,0.01728646478084231,3.21030160788105e-08,4.809612420136888e-09
808,D_phi+gamma,0.95,0.06735596255639649,0.05097626296328786,0.002065642506423863,0.001445949754496703,0.016078976522800006,0.01752492627729671,0.017524931357796786,3.242362350830419e-08,5.080500076193317e-09
909,D0,0.05,0.06015597097244912,0.04576685832575919,0.001959655059186837,0.0,0.0,0.0,0.0,0.0,0.0
909,D0,0.095,0.06015597097244912,0.04576685832575919,0.001959655059186837,0.0,0.0,0.0,0.0,0.0,0.0
909,D0,0.14,0.06015597097244912,0.04576685832575919,0.001959655059186837,0.0,0.0,0.0,0.0,0.0,0.0
909,D0,0.185,0.06015597097244912,0.04576685832575919,0.001959655059186837,0.0,0.0,0.0,0.0,0.0,0.0
909,D0,0.22999999999999998,0.06015597097244912,0.04576685832575919,0.001959655059186837,0.0,0.0,0.0,0.0,0.0,0.0
909,D0,0.27499999999999997,0.06015597097244912,0.04576685832575919,0.001959655059186837,0.0,0.0,0.0,0.0,0.0,0.0
909,D0,0.32,0.06015597097244912,0.04576685832575919,0.001959655059186837,0.0,0.0,0.0,0.0,0.0,0.0
909,D0,0.365,0.06015597097244912,0.04576685832575919,0.001959655059186837,0.0,0.0,0.0,0.0,0.0,0.0
909,D0,0.41,0.06015597097244912,0.04576685832575919,0.001959655059186837,0.0,0.0,0.0,0.0,0.0,0.0
909,D0,0.45499999999999996,0.06015597097244912,0.04576685832575919,0.001959655059186837,0.0,0.0,0.0,0.0,0.0,0.0
909,D0,0.49999999999999994,0.06015597097244912,0.04576685832575919,0.001959655059186837,0.0,0.0,0.0,0.0,0.0,0.0
909,D0,0.545,0.06015597097244912,0.04576685832575919,0.001959655059186837,0.0,0.0,0.0,0.0,0.0,0.0
909,D0,0.5900000000000001,0.06015597097244912,0.04576685832575919,0.001959655059186837,0.0,0.0,0.0,0.0,0.0,0.0
909,D0,0.635,0.06015597097244912,0.04576685832575919,0.001959655059186837,0.0,0.0,0.0,0.0,0.0,0.0
909,D0,0.68,0.06015597097244912,0.04576685832575919,0.001959655059186837,0.0,0.0,0.0,0.0,0.0,0.0
909,D0,0.725,0.06015597097244912,0.04576685832575919,0.001959655059186837,0.0,0.0,0.0,0.0,0.0,0.0
909,D0,0.77,0.06015597097244912,0.04576685832575919,0.001959655059186837,0.0,0.0,0.0,0.0,0.0,0.0
909,D0,0.8150000000000001,0.06015597097244912,0.04576685832575919,0.001959655059186837,0.0,0.0,0.0,0.0,0.0,0.0
909,D0,0.86,0.06015597097244912,0.04576685832575919,0.001959655059186837,0.0,0.0,0.0,0.0,0.0,0.0
909,D0,0.905,0.06015597097244912,0.04576685832575919,0.001959655059186837,0.0,0.0,0.0,0.0,0.0,0.0
909,D0,0.95,0.06015597097244912,0.04576685832575919,0.001959655059186837,0.0,0.0,0.0,0.0,0.0,0.0
909,D_phi,0.05,0.05416613156982693,0.0413915273249944,0.0014833614822188253,0.0,0.01255590450986262,0.01255590450986262,0.012555906889164142,1.4645316912323403e-08,2.379301521429622e-09
909,D_phi,0.095,0.054734418671815034,0.041809708424808405,0.0015270312872800534,0.0,0.012701600134836726,0.012701600134836726,0.012701603356092711,1.4823432431185224e-08,3.2212559859107204e-09
909,D_phi,0.14,0.05530930296526425,0.042232069510712664,0.001571534649124338,0.0,0.012849115842549004,0.012849115842549004,0.012849119084796893,1.5002961720189667e-08,3.2422478885713035e-09
909,D_phi,0.185,0.05589086680950074,0.042658650816216316,0.0016168908701639135,0.0,0.012998472550214761,0.012998472550214761,0.012998476010842018,1.5182373067079702e-08,3.460627256979265e-09
909,D_phi,0.22999999999999998,0.056479193556953536,0.04308950160903689,0.001663114540410427,0.0,0.013149692910432357,0.013149692910432357,0.013149696337153698,1.5366828989837877e-08,3.4267213407102037e-09
909,D_phi,0.27499999999999997,0.05707436756528267,0.043524666090193904,0.001710223632618008,0.0,0.013302799158273211,0.013302799158273211,0.013302802538942513,1.555101498962319e-08,3.3806693017918166e-09
909,D_phi,0.32,0.05767647420967906,0.043964192893153946,0.0017582343005012311,0.0,0.013457814124063478,0.013457814124063478,0.013457817365631989,1.5738997605208027e-08,3.2415685101427893e-09
909,D_phi,0.365,0.05828559989539237,0.04440812572885823,0.0018071659030570457,0.0,0.013614760509289581,0.013614760509289581,0.013614763847932277,1.5928927621366995e-08,3.3386426956383275e-09
909,D_phi,0.41,0.05890183207044731,0.04485651575397529,0.0018570341972508305,0.0,0.013773662083748268,0.013773662083748268,0.013773665302161871,1.61217650340717e-08,3.218413603331416e-09
909,D_phi,0.45499999999999996,0.05952525923859275,0.045309410091913215,0.0019078579787293237,0.0,0.013934542100939518,0.013934542100939518,0.013934545334028785,1.6316443682273807e-08,3.233089266793665e-09
909,D_phi,0.49999999999999994,0.0601559709724491,0.04576685832575918,0.001959655059186837,0.0,0.014097424624880613,0.014097424624880613,0.014097427843963575,1.6513503059770174e-08,3.219082961997133e-09
909,D_phi,0.545,0.060794057926881195,0.04622890927963303,0.002012444488721326,0.0,0.014262333559335408,0.014262333559335408,0.014262337031849074,1.6713012224167656e-08,3.472513665503385e-09
909,D_phi,0.5900000000000001,0.06143961185258563,0.04669561473667407,0.0020662438053372077,0.0,0.014429294047180867,0.014429294047180867,0.014429297402403217,1.6915559578056794e-08,3.3552223499544453e-09
909,D_phi,0.635,0.06209272560990704,0.04716702419593672,0.0021210729639629723,0.0,0.014598330467910273,0.014598330467910273,0.014598333769471466,1.7120234049872174e-08,3.3015611928394195e-09
909,D_phi,0.68,0.06275349318287232,0.04764318881445117,0.0021769514543467433,0.0,0.014769467865267673,0.014769467865267673,0.014769471261450229,1.7326193951783253e-08,3.3961825556677594e-09
909,D_phi,0.725,0.0634220096934554,0.04812416105268595,0.002233898367584087,0.0,0.0149427321142959,0.0149427321142959,0.014942735326806802,1.7535545931979257e-08,3.2125109031277965e-09
909,D_phi,0.77,0.06409837141607369,0.04860999277647994,0.0022919342938376806,0.0,0.015118148506495016,0.015118148506495016,0.015118151736557409,1.7750109021497096e-08,3.2300623929032435e-09
909,D_phi,0.8150000000000001,0.06478267579231285,0.04910073703181775,0.0023510794232956193,0.0,0.01529574329947582,0.01529574329947582,0.015295746594744586,1.796549853327889e-08,3.2952687661902402e-09
909,D_phi,0.86,0.0654750214458919,0.049596445435403556,0.002411356318430206,0.0,0.015475541555869058,0.015475541555869058,0.01547554633849825,1.8183587274789303e-08,4.782629191985022e-09
909,D_phi,0.905,0.0661755081978528,0.050097175754441524,0.0024727823888457522,0.0,0.01565757263742395,0.01565757263742395,0.0156575777455068,1.8403906870689823e-08,5.108082852534057e-09
909,D_phi,0.95,0.066884237082008,0.05060298233326586,0.0025353795083616877,0.0,0.015841863105972687,0.015841863105972687,0.015841867939779528,1.8627570319562636e-08,4.833806840909283e-09
909,D_gamma,0.05,0.06015597097244912,0.04576685832575919,0.001959655059186837,0.0,0.0,0.0,0.0,0.0,0.0
909,D_gamma,0.095,0.06015597097244912,0.04576685832575919,0.001959655059186837,0.0,0.0,0.0,0.0,0.0,0.0
909,D_gamma,0.14,0.06015597097244912,0.04576685832575919,0.001959655059186837,0.0,0.0,0.0,0.0,0.0,0.0
909,D_gamma,0.185,0.06015597097244912,0.04576685832575919,0.001959655059186837,0.0,0.0,0.0,0.0,0.0,0.0
909,D_gamma,0.22999999999999998,0.06015597097244912,0.04576685832575919,0.001959655059186837,0.0,0.0,0.0,0.0,0.0,0.0
909,D_gamma,0.27499999999999997,0.06015597097244912,0.04576685832575919,0.001959655059186837,0.0,0.0,0.0,0.0,0.0,0.0
909,D_gamma,0.32,0.06015597097244912,0.04576685832575919,0.001959655059186837,0.0,0.0,0.0,0.0,0.0,0.0
909,D_gamma,0.365,0.06015597097244912,0.04576685832575919,0.001959655059186837,0.0,0.0,0.0,0.0,0.0,0.0
909,D_gamma,0.41,0.06015597097244912,0.04576685832575919,0.001959655059186837,0.0,0.0,0.0,0.0,0.0,0.0
909,D_gamma,0.45499999999999996,0.06015597097244912,0.04576685832575919,0.001959655059186837,0.0,0.0,0.0,0.0,0.0,0.0
909,D_gamma,0.49999999999999994,0.06015597097244912,0.04576685832575919,0.001959655059186837,0.0,0.0,0.0,0.0,0.0,0.0
909,D_gamma,0.545,0.06015597097244912,0.04576685832575919,0.001959655059186837,0.0,0.0,0.0,0.0,0.0,0.0
909,D_gamma,0.5900000000000001,0.06015597097244912,0.04576685832575919,0.001959655059186837,0.0,0.0,0.0,0.0,0.0,0.0
909,D_gamma,0.635,0.06015597097244912,0.04576685832575919,0.001959655059186837,0.0,0.0,0.0,0.0,0.0,0.0
909,D_gamma,0.68,0.06015597097244912,0.04576685832575919,0.001959655059186837,0.0,0.0,0.0,0.0,0.0,0.0
909,D_gamma,0.725,0.06015597097244912,0.04576685832575919,0.001959655059186837,0.0,0.0,0.0,0.0,0.0,0.0
909,D_gamma,0.77,0.06015597097244912,0.04576685832575919,0.001959655059186837,0.0,0.0,0.0,0.0,0.0,0.0
909,D_gamma,0.8150000000000001,0.06015597097244912,0.04576685832575919,0.001959655059186837,0.0,0.0,0.0,0.0,0.0,0.0
909,D_gamma,0.86,0.06015597097244912,0.04576685832575919,0.001959655059186837,0.0,0.0,0.0,0.0,0.0,0.0
909,D_gamma,0.905,0.06015597097244912,0.04576685832575919,0.001959655059186837,0.0,0.0,0.0,0.0,0.0,0.0
909,D_gamma,0.95,0.06015597097244912,0.04576685832575919,0.001959655059186837,0.0,0.0,0.0,0.0,0.0,0.0
909,D_phi+gamma,0.05,0.053623732273338345,0.040982150803915166,0.0020540344218767242,0.0014378240953137058,0.012205430365363224,0.01364325446067693,0.013643263006771555,6.260339192355746e-08,8.546094625375145e-09
909,D_phi+gamma,0.095,0.05424122239848245,0.041438222055629324,0.0020227421407074415,0.0014159194984952079,0.012386016399605964,0.013801935898101173,0.01380194537881073,5.395517055882537e-08,9.480709557696532e-09
909,D_phi+gamma,0.14,0.05486600618703134,0.041898848651962445,0.0019987506653866257,0.0013991254657706369,0.012568142415364303,0.01396726788113494,0.013967274225199626,4.778714507436277e-08,6.344064686775175e-09
909,D_phi+gamma,0.185,0.05549836456619852,0.042364225856274675,0.0019807217909087673,0.001386505253636136,0.012751973683103667,0.014138478936739803,0.01413848465120648,4.3303166261110526e-08,5.714466675896257e-09
909,D_phi+gamma,0.22999999999999998,0.056138549054047124,0.04283451512347953,0.00196764481923916,0.001377351373467411,0.012937664679593747,0.014315016053061158,0.01431502132544295,3.999825227973819e-08,5.27238179157119e-09
909,D_phi+gamma,0.27499999999999997,0.05678678966464773,0.04330986364506907,0.0019587463387765805,0.0013711224371436052,0.013125347776672642,0.014496470213816247,0.014496475327872316,3.7538722824637105e-08,5.114056069246975e-09
909,D_phi+gamma,0.32,0.05744330049962407,0.04379040145404206,0.0019534273516382972,0.001367399146146807,0.013315139139745382,0.014682538285892189,0.014682542675066912,3.5703565104405754e-08,4.389174723326561e-09
909,D_phi+gamma,0.365,0.05810828379936198,0.04427625981998351,0.0019512032565328161,0.0013658422795729702,0.01350714939739087,0.01487299167696384,0.014872996288100071,3.432896258925844e-08,4.611136231527646e-09
909,D_phi+gamma,0.41,0.05878193294078461,0.04476754819244529,0.0019516983906854926,0.0013661888734798437,0.013701473230592821,0.015067662104072664,0.015067666578993583,3.3310494987337513e-08,4.474920918193237e-09
909,D_phi+gamma,0.45499999999999996,0.05946443469743854,0.04526437943564913,0.0019546000964787476,0.001368220067535122,0.013898203154074569,0.01526642322160969,0.015266427696852117,3.256492610292927e-08,4.475242426638104e-09
909,D_phi+gamma,0.49999999999999994,0.0601559709724491,0.04576685832575918,0.001959655059186837,0.0013717585414307848,0.014097424624880613,0.015469183166311398,0.015469187603579583,3.203513977874384e-08,4.437268184831478e-09
909,D_phi+gamma,0.545,0.06085672014775009,0.046275087433351465,0.001966653047335381,0.0013766571331347655,0.014299219210984615,0.01567587634411938,0.015675880784226506,3.167542651782984e-08,4.440107125719406e-09
909,D_phi+gamma,0.5900000000000001,0.06156685814949633,0.046789165606718267,0.00197541968810846,0.0013827937816759208,0.014503664619799564,0.015886458401475484,0.015886462814671494,3.145435335805136e-08,4.4131960100224354e-09
909,D_phi+gamma,0.635,0.06228655930046048,0.047309192305152466,0.001985807043585554,0.0013900649305098867,0.01471083678879779,0.016100901719307677,0.016100906254258397,3.134494643008967e-08,4.534950720502806e-09
909,D_phi+gamma,0.68,0.0630159970104816,0.047835259416666276,0.0019976942415782114,0.0013983859691047468,0.014920807019592617,0.016319192988697363,0.016319197504146066,3.1328378086170616e-08,4.5154487024468e-09
909,D_phi+gamma,0.725,0.06375534434230282,0.048367464881591854,0.0020109741554355867,0.0014076819088049096,0.015133648204495276,0.016541330113300185,0.016541334375278965,3.138855841910981e-08,4.261978780312203e-09
909,D_phi+gamma,0.77,0.0645047744805535,0.04890589915366742,0.002025559438924516,0.0014178916072471598,0.015349429518681488,0.016767321125928648,0.016767324190385804,3.1515576259799616e-08,3.064457156781719e-09
909,D_phi+gamma,0.8150000000000001,0.0652644611246547,0.04945066585121326,0.002041370561847043,0.001428959393292929,0.015568218217921505,0.016997177611214435,0.016997182281207668,3.169750226184043e-08,4.669993232397918e-09
909,D_phi+gamma,0.86,0.06603457882153903,0.050001846461741495,0.0020583462807365303,0.00144084239651557,0.015790083662140887,0.01723092605865646,0.017230930803513095,3.1924478338662965e-08,4.744856636068606e-09
909,D_phi+gamma,0.905,0.06681530325024716,0.05055953864247494,0.0020764290228801143,0.0014535003160160787,0.016015092637712204,0.017468592953728282,0.017468597773082753,3.219699715173441e-08,4.819354471052861e-09
909,D_phi+gamma,0.95,0.06760681146791961,0.05112383345215416,0.0020955719169778357,0.0014669003418844838,0.016243310918777266,0.01771021126066175,0.017710216306099005,3.250041624713873e-08,5.045437255490892e-09
1010,D0,0.05,0.060119378079512106,0.04570569602116572,0.0020168110112172392,0.0,0.0,0.0,0.0,0.0,0.0
1010,D0,0.095,0.060119378079512106,0.04570569602116572,0.0020168110112172392,0.0,0.0,0.0,0.0,0.0,0.0
1010,D0,0.14,0.060119378079512106,0.04570569602116572,0.0020168110112172392,0.0,0.0,0.0,0.0,0.0,0.0
1010,D0,0.185,0.060119378079512106,0.04570569602116572,0.0020168110112172392,0.0,0.0,0.0,0.0,0.0,0.0
1010,D0,0.22999999999999998,0.060119378079512106,0.04570569602116572,0.0020168110112172392,0.0,0.0,0.0,0.0,0.0,0.0
1010,D0,0.27499999999999997,0.060119378079512106,0.04570569602116572,0.0020168110112172392,0.0,0.0,0.0,0.0,0.0,0.0
1010,D0,0.32,0.060119378079512106,0.04570569602116572,0.0020168110112172392,0.0,0.0,0.0,0.0,0.0,0.0
1010,D0,0.365,0.060119378079512106,0.04570569602116572,0.0020168110112172392,0.0,0.0,0.0,0.0,0.0,0.0
1010,D0,0.41,0.060119378079512106,0.04570569602116572,0.0020168110112172392,0.0,0.0,0.0,0.0,0.0,0.0
1010,D0,0.45499999999999996,0.060119378079512106,0.04570569602116572,0.0020168110112172392,0.0,0.0,0.0,0.0,0.0,0.0
1010,D0,0.49999999999999994,0.060119378079512106,0.04570569602116572,0.0020168110112172392,0.0,0.0,0.0,0.0,0.0,0.0
1010,D0,0.545,0.060119378079512106,0.04570569602116572,0.0020168110112172392,0.0,0.0,0.0,0.0,0.0,0.0
1010,D0,0.5900000000000001,0.060119378079512106,0.04570569602116572,0.0020168110112172392,0.0,0.0,0.0,0.0,0.0,0.0
1010,D0,0.635,0.060119378079512106,0.04570569602116572,0.0020168110112172392,0.0,0.0,0.0,0.0,0.0,0.0
1010,D0,0.68,0.060119378079512106,0.04570569602116572,0.0020168110112172392,0.0,0.0,0.0,0.0,0.0,0.0
1010,D0,0.725,0.060119378079512106,0.04570569602116572,0.0020168110112172392,0.0,0.0,0.0,0.0,0.0,0.0
1010,D0,0.77,0.060119378079512106,0.04570569602116572,0.0020168110112172392,0.0,0.0,0.0,0.0,0.0,0.0
1010,D0,0.8150000000000001,0.060119378079512106,0.04570569602116572,0.0020168110112172392,0.0,0.0,0.0,0.0,0.0,0.0
1010,D0,0.86,0.060119378079512106,0.04570569602116572,0.0020168110112172392,0.0,0.0,0.0,0.0,0.0,0.0
1010,D0,0.905,0.060119378079512106,0.04570569602116572,0.0020168110112172392,0.0,0.0,0.0,0.0,0.0,0.0
1010,D0,0.95,0.060119378079512106,0.04570569602116572,0.0020168110112172392,0.0,0.0,0.0,0.0,0.0,0.0
1010,D_phi,0.05,0.05413256084841082,0.04135058434574949,0.0015123711488740032,0.0,0.012544831149181906,0.012544831149181906,0.012544834267080167,1.5047607960019804e-08,3.1178982607543704e-09
1010,D_phi,0.095,0.054700365688948746,0.041767037313525955,0.0015582926234027842,0.0,0.012691247342889702,0.012691247342889702,0.012691250571592202,1.523607561296214e-08,3.2287024998023384e-09
1010,D_phi,0.14,0.055274801247202646,0.042187607263135155,0.0016051638123770397,0.0,0.012839533502790783,0.012839533502790783,0.01283953676552064,1.542706448698361e-08,3.262729857123059e-09
1010,D_phi,0.185,0.055855952193887476,0.04261233756571666,0.0016530048693948593,0.0,0.012989713019747409,0.012989713019747409,0.012989716262288066,1.561982002074025e-08,3.242540657852344e-09
1010,D_phi,0.22999999999999998,0.05644390425990497,0.04304127241818101,0.001701836090947833,0.0,0.0131418096544743,0.0131418096544743,0.013141812768849454,1.5815184231660062e-08,3.1143751536011344e-09
1010,D_phi,0.27499999999999997,0.05703874424966628,0.043474453855330115,0.0017516797691914576,0.0,0.013295846816152836,0.013295846816152836,0.013295850290253099,1.6012612069626897e-08,3.4741002626764717e-09
1010,D_phi,0.32,0.057640560054623285,0.04391193773033178,0.0018025505545332208,0.0,0.013451851015300238,0.013451851015300238,0.013451853135395738,1.6213342474147296e-08,2.120095500199315e-09
1010,D_phi,0.365,0.05824944066704989,0.044353749266809774,0.0018544819380400125,0.0,0.013609842930820454,0.013609842930820454,0.01360984592107191,1.6417421241921026e-08,2.9902514561697124e-09
1010,D_phi,0.41,0.058865476194023617,0.044799949763633884,0.0019074869143611568,0.0,0.013769850134600893,0.013769850134600893,0.01376985357858985,1.6622979728819764e-08,3.443988956866595e-09
1010,D_phi,0.45499999999999996,0.05948875787164688,0.045250583922585005,0.001961588412404308,0.0,0.013931898099089218,0.013931898099089218,0.013931901356904567,1.6831249588511454e-08,3.2578153490864237e-09
1010,D_phi,0.49999999999999994,0.06011937807951192,0.04570569624652646,0.00201681084558567,0.0,0.014096011409551686,0.014096011409551686,0.014096014829081911,1.7042469860686915e-08,3.4195302249517834e-09
1010,D_phi,0.545,0.0607574303553849,0.046165335630229634,0.002073176214972159,0.0,0.014262216501821693,0.014262216501821693,0.01426221989757752,1.725617600201179e-08,3.395755827570457e-09
1010,D_phi,0.5900000000000001,0.06140300941014168,0.046629549708033735,0.002130708209213614,0.0,0.014430539430517449,0.014430539430517449,0.014430542799026199,1.7472646593463814e-08,3.3685087497126176e-09
1010,D_phi,0.635,0.06205621114293932,0.04709838711383751,0.002189430563091201,0.0,0.014601006785162329,0.014601006785162329,0.014601010110116575,1.769202492840627e-08,3.324954245959022e-09
1010,D_phi,0.68,0.06271713265663797,0.04757189429559436,0.002249369845717538,0.0,0.01477364374894045,0.01477364374894045,0.014773648753142382,1.791348527846459e-08,5.0042019313079056e-09
1010,D_phi,0.725,0.06338587227345174,0.048050127120346876,0.002310544997900894,0.0,0.014948481714624087,0.014948481714624087,0.01494848600063664,1.8139648810810982e-08,4.286012553547658e-09
1010,D_phi,0.77,0.06406252955089431,0.04853312980577421,0.0023729865873249067,0.0,0.015125544102661361,0.015125544102661361,0.015125549482020842,1.8368499082876966e-08,5.379359480431334e-09
1010,D_phi,0.8150000000000001,0.06474720529791411,0.04902095777576304,0.002436715754865649,0.0,0.015304861998675538,0.015304861998675538,0.015304867188958834,1.8598686479798232e-08,5.190283296901965e-09
1010,D_phi,0.86,0.0654400015913491,0.04951366028985224,0.002501760104142381,0.0,0.015486462535966408,0.015486462535966408,0.015486467481660632,1.8832724962836167e-08,4.945694223948416e-09
1010,D_phi,0.905,0.06614102179259759,0.050011289149721874,0.0025681459431393357,0.0,0.01567037441017652,0.01567037441017652,0.015670379092632886,1.9069711088004482e-08,4.682456367088861e-09
1010,D_phi,0.95,0.06685037056456894,0.05051389680863472,0.002635899957135051,0.0,0.015856626722625566,0.015856626722625566,0.015856631134506305,1.931032347912698e-08,4.411880739213503e-09
1010,D_gamma,0.05,0.060119378079512106,0.04570569602116572,0.0020168110112172392,0.0,0.0,0.0,0.0,0.0,0.0
1010,D_gamma,0.095,0.060119378079512106,0.04570569602116572,0.0020168110112172392,0.0,0.0,0.0,0.0,0.0,0.0
1010,D_gamma,0.14,0.060119378079512106,0.04570569602116572,0.0020168110112172392,0.0,0.0,0.0,0.0,0.0,0.0
1010,D_gamma,0.185,0.060119378079512106,0.04570569602116572,0.0020168110112172392,0.0,0.0,0.0,0.0,0.0,0.0
1010,D_gamma,0.22999999999999998,0.060119378079512106,0.04570569602116572,0.0020168110112172392,0.0,0.0,0.0,0.0,0.0,0.0
1010,D_gamma,0.27499999999999997,0.060119378079512106,0.04570569602116572,0.0020168110112172392,0.0,0.0,0.0,0.0,0.0,0.0
1010,D_gamma,0.32,0.060119378079512106,0.04570569602116572,0.0020168110112172392,0.0,0.0,0.0,0.0,0.0,0.0
1010,D_gamma,0.365,0.060119378079512106,0.04570569602116572,0.0020168110112172392,0.0,0.0,0.0,0.0,0.0,0.0
1010,D_gamma,0.41,0.060119378079512106,0.04570569602116572,0.0020168110112172392,0.0,0.0,0.0,0.0,0.0,0.0
1010,D_gamma,0.45499999999999996,0.060119378079512106,0.04570569602116572,0.0020168110112172392,0.0,0.0,0.0,0.0,0.0,0.0
1010,D_gamma,0.49999999999999994,0.060119378079512106,0.04570569602116572,0.0020168110112172392,0.0,0.0,0.0,0.0,0.0,0.0
1010,D_gamma,0.545,0.060119378079512106,0.04570569602116572,0.0020168110112172392,0.0,0.0,0.0,0.0,0.0,0.0
1010,D_gamma,0.5900000000000001,0.060119378079512106,0.04570569602116572,0.0020168110112172392,0.0,0.0,0.0,0.0,0.0,0.0
1010,D_gamma,0.635,0.060119378079512106,0.04570569602116572,0.0020168110112172392,0.0,0.0,0.0,0.0,0.0,0.0
1010,D_gamma,0.68,0.060119378079512106,0.04570569602116572,0.0020168110112172392,0.0,0.0,0.0,0.0,0.0,0.0
1010,D_gamma,0.725,0.060119378079512106,0.04570569602116572,0.0020168110112172392,0.0,0.0,0.0,0.0,0.0,0.0
1010,D_gamma,0.77,0.060119378079512106,0.04570569602116572,0.0020168110112172392,0.0,0.0,0.0,0.0,0.0,0.0
1010,D_gamma,0.8150000000000001,0.060119378079512106,0.04570569602116572,0.0020168110112172392,0.0,0.0,0.0,0.0,0.0,0.0
1010,D_gamma,0.86,0.060119378079512106,0.04570569602116572,0.0020168110112172392,0.0,0.0,0.0,0.0,0.0,0.0
1010,D_gamma,0.905,0.060119378079512106,0.04570569602116572,0.0020168110112172392,0.0,0.0,0.0,0.0,0.0,0.0
1010,D_gamma,0.95,0.060119378079512106,0.04570569602116572,0.0020168110112172392,0.0,0.0,0.0,0.0,0.0,0.0
1010,D_phi+gamma,0.05,0.05358177027178014,0.04094675027138024,0.0020776453739218157,0.0014543517617452697,0.012179055416999634,0.013633407178744904,0.013633416599150187,6.427248178987599e-08,9.420405282234423e-09
1010,D_phi+gamma,0.095,0.054198897951201336,0.041400599908302214,0.0020493491958864674,0.001434544437120526,0.012361164948030315,0.013795709385150842,0.013795719658688485,5.580362666922356e-08,1.0273537643865072e-08
1010,D_phi+gamma,0.14,0.05482348724769802,0.0418589375512618,0.0020284032282011253,0.0014198822597407865,0.012545006840379985,0.013964889100120772,0.01396489586144681,4.9791155573575274e-08,6.761326037246773e-09
1010,D_phi+gamma,0.185,0.055455829727993504,0.042321955293559525,0.0020134815526944784,0.0014094370868861336,0.012730756220334679,0.014140193307220812,0.01414019946802974,4.544831698483076e-08,6.160808928984407e-09
1010,D_phi+gamma,0.22999999999999998,0.056096188368091784,0.04278980894728585,0.002003587799604472,0.0014025114597231293,0.012918575291582388,0.014321086751305518,0.014321092492330227,4.227438850368248e-08,5.741024709446374e-09
1010,D_phi+gamma,0.27499999999999997,0.05674480539142712,0.04326264139529418,0.0019979591725446293,0.0013985714207812394,0.013108605099660674,0.014507176520441914,0.01450718214992783,3.9940525539683414e-08,5.6294859156202914e-09
1010,D_phi+gamma,0.32,0.05740190781578279,0.043740579954341455,0.0019960043389937155,0.0013972030372955998,0.013300971412713504,0.014698174450009104,0.014698179788723273,3.822347091619882e-08,5.338714168662273e-09
1010,D_phi+gamma,0.365,0.0580677114748796,0.04422374616978937,0.0019972523303515835,0.0013980766312461073,0.013495791276299397,0.014893867907545504,0.014893873132723945,3.696854003476524e-08,5.225178440967926e-09
1010,D_phi+gamma,0.41,0.05874242399679388,0.0447122503699115,0.0020013296406099297,0.0014009307484269499,0.013693171266918297,0.015094102015345248,0.015094107055936543,3.6065941205754015e-08,5.04059129505241e-09
1010,D_phi+gamma,0.45499999999999996,0.05942624705200961,0.045206199788527544,0.002007931803668915,0.0014055522625682393,0.013893212744390381,0.01529876500695862,0.015298769965772598,3.5435608267131435e-08,4.958813977495868e-09
1010,D_phi+gamma,0.49999999999999994,0.06011937807951192,0.04570569624652646,0.00201681084558567,0.001411767591909968,0.014096011409551686,0.015507779001461655,0.015507783976423868,3.502048577692929e-08,4.974962213022405e-09
1010,D_phi+gamma,0.545,0.06082201163300141,0.04621083770837011,0.002027762782127287,0.0014194339474890999,0.014301658727127296,0.015721092674616396,0.015721097693656934,3.477659445139114e-08,5.019040537346253e-09
1010,D_phi+gamma,0.5900000000000001,0.06153434044613221,0.04672171907944896,0.002040618717855646,0.0014284331024989512,0.014510242675444382,0.015938675777943334,0.015938680835836196,3.4670839116346386e-08,5.05789286148195e-09
1010,D_phi+gamma,0.635,0.06225655628690134,0.04723843430928569,0.0020552369691860663,0.0014386658784302452,0.014721849184807878,0.016160515063238123,0.016160520169280337,3.4678338325933034e-08,5.106042214042539e-09
1010,D_phi+gamma,0.68,0.06298885065174865,0.04776107385192243,0.0020715000001470265,0.0014500500001029175,0.014936561229008766,0.016386611229111683,0.01638661639900839,3.4777607182956416e-08,5.1698967051816425e-09
1010,D_phi+gamma,0.725,0.06373141533636262,0.04828973649112744,0.0020893029804764113,0.0014625120863334868,0.015154464410834198,0.016616976497167684,0.016616981762126642,3.495899195127272e-08,5.264958958389743e-09
1010,D_phi+gamma,0.77,0.0644844429106574,0.04882449584335272,0.0021085716512243154,0.0014760001558570197,0.01537563275031997,0.01685163290617699,0.016851638150493217,3.5204057724502746e-08,5.244316227809298e-09
1010,D_phi+gamma,0.8150000000000001,0.06524812711855352,0.04936545314126065,0.0021292276010211777,0.0014904593207148234,0.015600150674441702,0.017090609995156526,0.017090615627660455,3.550670035767922e-08,5.632503928543198e-09
1010,D_phi+gamma,0.86,0.06602266321820983,0.04991269886469523,0.002151209401411371,0.0015058465809879586,0.01582809880483189,0.017333945385819848,0.017333951253255597,3.585983870957321e-08,5.86743574906845e-09
1010,D_phi+gamma,0.905,0.06680824827481525,0.0504663230212284,0.0021744652473510736,0.0015221256731457503,0.016059556934532922,0.017581682607678673,0.017581688137262626,3.6254433483096093e-08,5.5295839539171165e-09
1010,D_phi+gamma,0.95,0.06760508141523805,0.051026409105099896,0.0021989552342102617,0.001539268663947182,0.016294600373788895,0.017833869037736077,0.017833874684901312,3.6686995108503595e-08,5.64716523543396e-09
1111,D0,0.05,0.06014186486998074,0.045740104562819135,0.0019866094124736224,0.0,0.0,0.0,0.0,0.0,0.0
1111,D0,0.095,0.06014186486998074,0.045740104562819135,0.0019866094124736224,0.0,0.0,0.0,0.0,0.0,0.0
1111,D0,0.14,0.06014186486998074,0.045740104562819135,0.0019866094124736224,0.0,0.0,0.0,0.0,0.0,0.0
1111,D0,0.185,0.06014186486998074,0.045740104562819135,0.0019866094124736224,0.0,0.0,0.0,0.0,0.0,0.0
1111,D0,0.22999999999999998,0.06014186486998074,0.045740104562819135,0.0019866094124736224,0.0,0.0,0.0,0.0,0.0,0.0
1111,D0,0.27499999999999997,0.06014186486998074,0.045740104562819135,0.0019866094124736224,0.0,0.0,0.0,0.0,0.0,0.0
1111,D0,0.32,0.06014186486998074,0.045740104562819135,0.0019866094124736224,0.0,0.0,0.0,0.0,0.0,0.0
1111,D0,0.365,0.06014186486998074,0.045740104562819135,0.0019866094124736224,0.0,0.0,0.0,0.0,0.0,0.0
1111,D0,0.41,0.06014186486998074,0.045740104562819135,0.0019866094124736224,0.0,0.0,0.0,0.0,0.0,0.0
1111,D0,0.45499999999999996,0.06014186486998074,0.045740104562819135,0.0019866094124736224,0.0,0.0,0.0,0.0,0.0,0.0
1111,D0,0.49999999999999994,0.06014186486998074,0.045740104562819135,0.0019866094124736224,0.0,0.0,0.0,0.0,0.0,0.0
1111,D0,0.545,0.06014186486998074,0.045740104562819135,0.0019866094124736224,0.0,0.0,0.0,0.0,0.0,0.0
1111,D0,0.5900000000000001,0.06014186486998074,0.045740104562819135,0.0019866094124736224,0.0,0.0,0.0,0.0,0.0,0.0
1111,D0,0.635,0.06014186486998074,0.045740104562819135,0.0019866094124736224,0.0,0.0,0.0,0.0,0.0,0.0
1111,D0,0.68,0.06014186486998074,0.045740104562819135,0.0019866094124736224,0.0,0.0,0.0,0.0,0.0,0.0
1111,D0,0.725,0.06014186486998074,0.045740104562819135,0.0019866094124736224,0.0,0.0,0.0,0.0,0.0,0.0
1111,D0,0.77,0.06014186486998074,0.045740104562819135,0.0019866094124736224,0.0,0.0,0.0,0.0,0.0,0.0
1111,D0,0.8150000000000001,0.06014186486998074,0.045740104562819135,0.0019866094124736224,0.0,0.0,0.0,0.0,0.0,0.0
1111,D0,0.86,0.06014186486998074,0.045740104562819135,0.0019866094124736224,0.0,0.0,0.0,0.0,0.0,0.0
1111,D0,0.905,0.06014186486998074,0.045740104562819135,0.0019866094124736224,0.0,0.0,0.0,0.0,0.0,0.0
1111,D0,0.95,0.06014186486998074,0.045740104562819135,0.0019866094124736224,0.0,0.0,0.0,0.0,0.0,0.0
1111,D_phi,0.05,0.05415257901430327,0.04137372246786747,0.0014971643650970028,0.0,0.012552421310842353,0.012552421310842353,0.012552424610090018,1.4842609441859111e-08,3.2992476649978952e-09
1111,D_phi,0.095,0.05472071779623427,0.04179114581747884,0.001541883070269182,0.0,0.01269849450662299,0.01269849450662299,0.012698497730795852,1.5023368332353626e-08,3.2241728627202537e-09
1111,D_phi,0.14,0.05529547127005978,0.04221271734677406,0.001587491565914166,0.0,0.012846411474580306,0.012846411474580306,0.012846414726473328,1.520933518017742e-08,3.251893022221397e-09
1111,D_phi,0.185,0.055876922919248756,0.04263848277763974,0.0016340072671109384,0.0,0.012996195049796832,0.012996195049796832,0.012996198271753358,1.5395803382167728e-08,3.221956526230918e-09
1111,D_phi,0.22999999999999998,0.0564651572540342,0.04306848728844885,0.0016814484334244657,0.0,0.013147868261454787,0.013147868261454787,0.0131478713249599,1.5584607909735482e-08,3.0635051127825275e-09
1111,D_phi,0.27499999999999997,0.057060259824187616,0.043502776477650947,0.0017298336204623352,0.0,0.013301454512153582,0.013301454512153582,0.013301457130876307,1.5776603287664948e-08,2.6187227247786993e-09
1111,D_phi,0.32,0.05766231723200861,0.04394139407999948,0.0017791836249290297,0.0,0.013456976234233725,0.013456976234233725,0.013456979224763474,1.5971026237626695e-08,2.990529749183346e-09
1111,D_phi,0.365,0.05827141714552644,0.04438438767993268,0.0018295167730139757,0.0,0.013614458094700216,0.013614458094700216,0.01361446143807349,1.616813280480578e-08,3.343373274414252e-09
1111,D_phi,0.41,0.058887648311924515,0.044831806457783376,0.001880851413447404,0.0,0.013773924671422817,0.013773924671422817,0.013773927902584008,1.6366923094590646e-08,3.231161191039056e-09
1111,D_phi,0.45499999999999996,0.05951110057119039,0.04528369605118052,0.0019332088450852768,0.0,0.01393539981004489,0.01393539981004489,0.013935403056254668,1.656876302824628e-08,3.2462097784152766e-09
1111,D_phi,0.49999999999999994,0.0601418648699808,0.045740104562769376,0.0019866094125101687,0.0,0.01409890823658571,0.01409890823658571,0.014098911647419894,1.677258262312853e-08,3.410834184536249e-09
1111,D_phi,0.545,0.060780033275720464,0.04620108118794839,0.002041073354208651,0.0,0.014264475259333456,0.014264475259333456,0.01426447874037193,1.6979749550838363e-08,3.4810384730993293e-09
1111,D_phi,0.5900000000000001,0.061425698990931185,0.04666667522675665,0.0020966215566982503,0.0,0.014432126356595413,0.014432126356595413,0.014432129720606974,1.7189251411142692e-08,3.364011560633151e-09
1111,D_phi,0.635,0.062078956367792926,0.04713693566872472,0.002153275902673026,0.0,0.014601886983292841,0.014601886983292841,0.01460189029930599,1.740109792369715e-08,3.3160131498316536e-09
1111,D_phi,0.68,0.06273990092293942,0.04761191259287062,0.002211058258148061,0.0,0.014773783094989812,0.014773783094989812,0.014773786519581611,1.7615629788192422e-08,3.424591799375265e-09
1111,D_phi,0.725,0.06340862935249612,0.04809165499961242,0.002269992210266427,0.0,0.01494784014518152,0.01494784014518152,0.01494784476133644,1.7832972598608166e-08,4.616154920117355e-09
1111,D_phi,0.77,0.06408523954734495,0.048576220982775364,0.0023300944716854975,0.0,0.015124088512704258,0.015124088512704258,0.015124091746007345,1.8053115946603526e-08,3.2333030870745905e-09
1111,D_phi,0.8150000000000001,0.06476983060866918,0.04906565506204508,0.002391394165468871,0.0,0.015302551251555496,0.015302551251555496,0.015302554543582245,1.8278013130812454e-08,3.292026748424881e-09
1111,D_phi,0.86,0.06546250286369765,0.04956000952953397,0.0024539148609316773,0.0,0.015483255403136085,0.015483255403136085,0.015483260576848096,1.8504278664899232e-08,5.1737120108918955e-09
1111,D_phi,0.905,0.06616335788171979,0.050059343467704125,0.002517674513368443,0.0,0.015666232714294973,0.015666232714294973,0.015666237626285592,1.8733737477960588e-08,4.91199061980474e-09
1111,D_phi,0.95,0.06687249849037213,0.050563707027433825,0.002582700238246234,0.0,0.01585150920013206,0.01585150920013206,0.015851513838573125,1.8965982256924363e-08,4.6384410652688945e-09
1111,D_gamma,0.05,0.06014186486998074,0.045740104562819135,0.0019866094124736224,0.0,0.0,0.0,0.0,0.0,0.0
1111,D_gamma,0.095,0.06014186486998074,0.045740104562819135,0.0019866094124736224,0.0,0.0,0.0,0.0,0.0,0.0
1111,D_gamma,0.14,0.06014186486998074,0.045740104562819135,0.0019866094124736224,0.0,0.0,0.0,0.0,0.0,0.0
1111,D_gamma,0.185,0.06014186486998074,0.045740104562819135,0.0019866094124736224,0.0,0.0,0.0,0.0,0.0,0.0
1111,D_gamma,0.22999999999999998,0.06014186486998074,0.045740104562819135,0.0019866094124736224,0.0,0.0,0.0,0.0,0.0,0.0
1111,D_gamma,0.27499999999999997,0.06014186486998074,0.045740104562819135,0.0019866094124736224,0.0,0.0,0.0,0.0,0.0,0.0
1111,D_gamma,0.32,0.06014186486998074,0.045740104562819135,0.0019866094124736224,0.0,0.0,0.0,0.0,0.0,0.0
1111,D_gamma,0.365,0.06014186486998074,0.045740104562819135,0.0019866094124736224,0.0,0.0,0.0,0.0,0.0,0.0
1111,D_gamma,0.41,0.06014186486998074,0.045740104562819135,0.0019866094124736224,0.0,0.0,0.0,0.0,0.0,0.0
1111,D_gamma,0.45499999999999996,0.06014186486998074,0.045740104562819135,0.0019866094124736224,0.0,0.0,0.0,0.0,0.0,0.0
1111,D_gamma,0.49999999999999994,0.06014186486998074,0.045740104562819135,0.0019866094124736224,0.0,0.0,0.0,0.0,0.0,0.0
1111,D_gamma,0.545,0.06014186486998074,0.045740104562819135,0.0019866094124736224,0.0,0.0,0.0,0.0,0.0,0.0
1111,D_gamma,0.5900000000000001,0.06014186486998074,0.045740104562819135,0.0019866094124736224,0.0,0.0,0.0,0.0,0.0,0.0
1111,D_gamma,0.635,0.06014186486998074,0.045740104562819135,0.0019866094124736224,0.0,0.0,0.0,0.0,0.0,0.0
1111,D_gamma,0.68,0.06014186486998074,0.045740104562819135,0.0019866094124736224,0.0,0.0,0.0,0.0,0.0,0.0
1111,D_gamma,0.725,0.06014186486998074,0.045740104562819135,0.0019866094124736224,0.0,0.0,0.0,0.0,0.0,0.0
1111,D_gamma,0.77,0.06014186486998074,0.045740104562819135,0.0019866094124736224,0.0,0.0,0.0,0.0,0.0,0.0
1111,D_gamma,0.8150000000000001,0.06014186486998074,0.045740104562819135,0.0019866094124736224,0.0,0.0,0.0,0.0,0.0,0.0
1111,D_gamma,0.86,0.06014186486998074,0.045740104562819135,0.0019866094124736224,0.0,0.0,0.0,0.0,0.0,0.0
1111,D_gamma,0.905,0.06014186486998074,0.045740104562819135,0.0019866094124736224,0.0,0.0,0.0,0.0,0.0,0.0
1111,D_gamma,0.95,0.06014186486998074,0.045740104562819135,0.0019866094124736224,0.0,0.0,0.0,0.0,0.0,0.0
1111,D_phi+gamma,0.05,0.05360614483047915,0.040966737603870707,0.002065602250473444,0.0014459215753314094,0.012194801920269761,0.01364072349560117,0.013640732736290743,6.340622507074178e-08,9.240689572906358e-09
1111,D_phi+gamma,0.095,0.05422355897168716,0.041421839832051756,0.002035662708552171,0.0014249638959865187,0.012376142383436173,0.013801106279422692,0.013801116154680224,5.4841052898532694e-08,9.87525753184948e-09
1111,D_phi+gamma,0.14,0.054848345733359775,0.04188146543855157,0.0020130541803385065,0.0014091379262369534,0.012559110699066211,0.013968248625303164,0.01396825474793017,4.874605510907237e-08,6.122627006083237e-09
1111,D_phi+gamma,0.185,0.055480791138886376,0.042345811008651923,0.0019964378897251783,0.0013975065228076238,0.012743880435123362,0.014141386957930985,0.014141392573546555,4.433077724352863e-08,5.615615569776189e-09
1111,D_phi+gamma,0.22999999999999998,0.056121152188996354,0.04281503457025426,0.001984811560780881,0.0013893680925466155,0.01293060898649541,0.014319977079042024,0.014319982576146266,4.108812387548788e-08,5.497104242288553e-09
1111,D_phi+gamma,0.27499999999999997,0.05676966474217813,0.043289278881258886,0.0019774096598858277,0.0013841867619200782,0.013119431459990123,0.014503618221910201,0.014503623675009453,3.8689467948826994e-08,5.453099251664928e-09
1111,D_phi+gamma,0.32,0.057426549090824,0.043768673614143216,0.0019736348524584373,0.001381544396720905,0.013310470105261452,0.014692014501982356,0.014692019462213601,3.691404369676743e-08,4.960231244841018e-09
1111,D_phi+gamma,0.365,0.05809201400336141,0.044253343101982014,0.0019730113400645865,0.0013811079380452096,0.013503837534712425,0.014884945472757635,0.01488495028827539,3.560141070835243e-08,4.815517755385468e-09
1111,D_phi+gamma,0.41,0.058766259717250496,0.044743400839650005,0.0019751606243467077,0.0013826124370426944,0.013699636668656782,0.015082249105699476,0.015082253926682908,3.464211868753342e-08,4.820983431907955e-09
1111,D_phi+gamma,0.45499999999999996,0.059449480197455884,0.045238953507807766,0.0019797769775733724,0.0013858438843013597,0.013897963247935682,0.01528380713223704,0.015283811878776657,3.395738898404055e-08,4.7465396162127416e-09
1111,D_phi+gamma,0.49999999999999994,0.0601418648699808,0.045740104562769376,0.0019866094125101687,0.001390626588757117,0.01409890823658571,0.015489534825342826,0.01548953949183012,3.3487857238959085e-08,4.666487293802923e-09
1111,D_phi+gamma,0.545,0.06084359997336938,0.04624695456729661,0.0019954504667301794,0.0013968153267111246,0.014302558695540197,0.01569937402225132,0.015699378702555854,3.319004619750654e-08,4.680304532822532e-09
1111,D_phi+gamma,0.5900000000000001,0.06155486962764597,0.04675959979781798,0.0020061288535455734,0.0014042901974819003,0.014508997741497684,0.015913287938979583,0.015913292628476856,3.3030865195793346e-08,4.689497273141496e-09
1111,D_phi+gamma,0.635,0.062275856691208276,0.04727813619410498,0.002018500266173693,0.0014129501863215837,0.014718306502083837,0.01613125668840542,0.016131261479167602,3.298502269932779e-08,4.7907621827936175e-09
1111,D_phi+gamma,0.68,0.06300674345653137,0.04780265526004685,0.0020324451894042027,0.0014227116325829406,0.014930562960415533,0.016353274592998474,0.016353279430428636,3.303265300180769e-08,4.837430161303002e-09
1111,D_phi+gamma,0.725,0.06374771222187325,0.04833325321696868,0.0020478575845320813,0.0014335003091724557,0.015145848955626304,0.01657934926479876,0.01657935220336705,3.3159072709842974e-08,2.938568291477317e-09
1111,D_phi+gamma,0.77,0.06449894576660628,0.048870014212217296,0.00206466027927322,0.0014452621954912526,0.015364228053947817,0.01680949024943907,0.016809495178690667,3.3352114126028454e-08,4.929251597174389e-09
1111,D_phi+gamma,0.8150000000000001,0.06526062775090344,0.04941303369096542,0.0020827723885191857,0.0014579406719634287,0.015585786219284808,0.017043726891248237,0.01704373189870266,3.3599536347628245e-08,5.007454423333613e-09
1111,D_phi+gamma,0.86,0.06603294305553671,0.049962399761743076,0.002102134552884761,0.0014714941870193313,0.01581059327236841,0.01728208745938774,0.017282092889505163,3.3899752449606524e-08,5.4301174216842e-09
1111,D_phi+gamma,0.905,0.06681607807389202,0.050518207886245545,0.0021226903784308786,0.0014858832649016138,0.01603872589586535,0.017524609160766966,0.01752461471159586,3.4239008156466966e-08,5.5508288937522465e-09
1111,D_phi+gamma,0.95,0.06761022096562064,0.051080548103413725,0.0021443949327453254,0.0015010764529217267,0.016270257477341996,0.01777133393026372,0.01777133918770128,3.461889594436052e-08,5.25743755822039e-09
1212,D0,0.05,0.06004483608853867,0.045661539725694485,0.0020068556865159024,0.0,0.0,0.0,0.0,0.0,0.0
1212,D0,0.095,0.06004483608853867,0.045661539725694485,0.0020068556865159024,0.0,0.0,0.0,0.0,0.0,0.0
1212,D0,0.14,0.06004483608853867,0.045661539725694485,0.0020068556865159024,0.0,0.0,0.0,0.0,0.0,0.0
1212,D0,0.185,0.06004483608853867,0.045661539725694485,0.0020068556865159024,0.0,0.0,0.0,0.0,0.0,0.0
1212,D0,0.22999999999999998,0.06004483608853867,0.045661539725694485,0.0020068556865159024,0.0,0.0,0.0,0.0,0.0,0.0
1212,D0,0.27499999999999997,0.06004483608853867,0.045661539725694485,0.0020068556865159024,0.0,0.0,0.0,0.0,0.0,0.0
1212,D0,0.32,0.06004483608853867,0.045661539725694485,0.0020068556865159024,0.0,0.0,0.0,0.0,0.0,0.0
1212,D0,0.365,0.06004483608853867,0.045661539725694485,0.0020068556865159024,0.0,0.0,0.0,0.0,0.0,0.0
1212,D0,0.41,0.06004483608853867,0.045661539725694485,0.0020068556865159024,0.0,0.0,0.0,0.0,0.0,0.0
1212,D0,0.45499999999999996,0.06004483608853867,0.045661539725694485,0.0020068556865159024,0.0,0.0,0.0,0.0,0.0,0.0
1212,D0,0.49999999999999994,0.06004483608853867,0.045661539725694485,0.0020068556865159024,0.0,0.0,0.0,0.0,0.0,0.0
1212,D0,0.545,0.06004483608853867,0.045661539725694485,0.0020068556865159024,0.0,0.0,0.0,0.0,0.0,0.0
1212,D0,0.5900000000000001,0.06004483608853867,0.045661539725694485,0.0020068556865159024,0.0,0.0,0.0,0.0,0.0,0.0
1212,D0,0.635,0.06004483608853867,0.045661539725694485,0.0020068556865159024,0.0,0.0,0.0,0.0,0.0,0.0
1212,D0,0.68,0.06004483608853867,0.045661539725694485,0.0020068556865159024,0.0,0.0,0.0,0.0,0.0,0.0
1212,D0,0.725,0.06004483608853867,0.045661539725694485,0.0020068556865159024,0.0,0.0,0.0,0.0,0.0,0.0
1212,D0,0.77,0.06004483608853867,0.045661539725694485,0.0020068556865159024,0.0,0.0,0.0,0.0,0.0,0.0
1212,D0,0.8150000000000001,0.06004483608853867,0.045661539725694485,0.0020068556865159024,0.0,0.0,0.0,0.0,0.0,0.0
1212,D0,0.86,0.06004483608853867,0.045661539725694485,0.0020068556865159024,0.0,0.0,0.0,0.0,0.0,0.0
1212,D0,0.905,0.06004483608853867,0.045661539725694485,0.0020068556865159024,0.0,0.0,0.0,0.0,0.0,0.0
1212,D0,0.95,0.06004483608853867,0.045661539725694485,0.0020068556865159024,0.0,0.0,0.0,0.0,0.0,0.0
1212,D_phi,0.05,0.05407971601060149,0.0413193364490981,0.0015032279137285078,0.0,0.01250190239854694,0.01250190239854694,0.012501905645882423,1.4933885040049888e-08,3.2473354821122014e-09
1212,D_phi,0.095,0.054645566218531734,0.041734648067520405,0.001549039079016935,0.0,0.01264730183809858,0.01264730183809858,0.01264730428770475,1.51207657679564e-08,2.4496061706846817e-09
1212,D_phi,0.14,0.05521800103668772,0.04215403940211004,0.0015958092399488417,0.0,0.012794555673861186,0.012794555673861186,0.01279455890935108,1.5312700413216973e-08,3.2354898933661946e-09
1212,D_phi,0.185,0.0557971045081324,0.04257756280890271,0.0016435529577692658,0.0,0.012943689624875094,0.012943689624875094,0.01294369284833822,1.5504380418418506e-08,3.22346312663091e-09
1212,D_phi,0.22999999999999998,0.05638296173277235,0.04300525791100945,0.001692293186740324,0.0,0.013094726394255447,0.013094726394255447,0.013094729738650177,1.5700351435610216e-08,3.344394729903888e-09
1212,D_phi,0.27499999999999997,0.056975658880786706,0.04343716530787326,0.001742050632659776,0.0,0.013247693006131881,0.013247693006131881,0.013247693514840593,1.5897997154845633e-08,5.087087123073486e-10
1212,D_phi,0.32,0.057575283206293335,0.0438733456025001,0.0017928422284864975,0.0,0.0134026083993996,0.0134026083993996,0.013402608417993784,1.6098967645095108e-08,1.859418348459929e-11
1212,D_phi,0.365,0.05818192306126273,0.04431382169865739,0.0018447006829012914,0.0,0.013559496132078068,0.013559496132078068,0.01355949900141948,1.6301164931786793e-08,2.869341412040094e-09
1212,D_phi,0.41,0.05879566790962869,0.04475864842727559,0.0018976402566736402,0.0,0.013718386709977657,0.013718386709977657,0.013718390133714795,1.6506038549857216e-08,3.4237371375478443e-09
1212,D_phi,0.45499999999999996,0.05941660834165393,0.04520787328973771,0.0019516836084785148,0.0,0.013879303763358171,0.013879303763358171,0.013879307005888035,1.6713415373903473e-08,3.2425298644028766e-09
1212,D_phi,0.49999999999999994,0.06004483608853836,0.045661540124522906,0.00200685538438367,0.0,0.014042271908751165,0.014042271908751165,0.014042275135927235,1.692423111029906e-08,3.2271760697782925e-09
1212,D_phi,0.545,0.06068044403725251,0.04611969613609422,0.002063178608390519,0.0,0.014207317167993914,0.014207317167993914,0.014207320374611138,1.7137867860950173e-08,3.2066172234862522e-09
1212,D_phi,0.5900000000000001,0.061323526245625065,0.0465823879805588,0.0021206774835255153,0.0,0.014374465463616759,0.014374465463616759,0.014374468910260766,1.735390268986503e-08,3.4466440066577286e-09
1212,D_phi,0.635,0.06197417795767274,0.047049664976004144,0.002179374909665153,0.0,0.014543744137824275,0.014543744137824275,0.014543747274876883,1.7572967039858334e-08,3.1370526072660443e-09
1212,D_phi,0.68,0.06263249561918582,0.04752157228133753,0.002239298022979595,0.0,0.014715178391274984,0.014715178391274984,0.014715182349298708,1.7795059176206607e-08,3.958023724742743e-09
1212,D_phi,0.725,0.06329857689355425,0.04799816288431593,0.0023004681199190998,0.0,0.014888798104464309,0.014888798104464309,0.014888801369763643,1.801923818489648e-08,3.2652993347398462e-09
1212,D_phi,0.77,0.06397252067787174,0.04847948084357288,0.0023629154306288682,0.0,0.015064627309360135,0.015064627309360135,0.015064631932047004,1.8247474364851968e-08,4.622686868710479e-09
1212,D_phi,0.8150000000000001,0.06465442711927027,0.04896557945865418,0.0024266625393037154,0.0,0.015242696493216305,0.015242696493216305,0.01524270199854022,1.847843614233291e-08,5.50532391549452e-09
1212,D_phi,0.86,0.06534439763153602,0.04945651178537417,0.0024917334683552997,0.0,0.01542303547248422,0.01542303547248422,0.015423039903551108,1.87118424921362e-08,4.431066888410662e-09
1212,D_phi,0.905,0.06604253491200432,0.04995232248121666,0.002558160291512223,0.0,0.01560566943088952,0.01560566943088952,0.015605674360238256,1.8949435076631715e-08,4.929348736484873e-09
1212,D_phi,0.95,0.06674894295867481,0.05045306747630271,0.0026259663491872993,0.0,0.015790630051715847,0.015790630051715847,0.01579063446430841,1.918972133974073e-08,4.412592562175188e-09
1212,D_gamma,0.05,0.06004483608853867,0.045661539725694485,0.0020068556865159024,0.0,0.0,0.0,0.0,0.0,0.0
1212,D_gamma,0.095,0.06004483608853867,0.045661539725694485,0.0020068556865159024,0.0,0.0,0.0,0.0,0.0,0.0
1212,D_gamma,0.14,0.06004483608853867,0.045661539725694485,0.0020068556865159024,0.0,0.0,0.0,0.0,0.0,0.0
1212,D_gamma,0.185,0.06004483608853867,0.045661539725694485,0.0020068556865159024,0.0,0.0,0.0,0.0,0.0,0.0
1212,D_gamma,0.22999999999999998,0.06004483608853867,0.045661539725694485,0.0020068556865159024,0.0,0.0,0.0,0.0,0.0,0.0
1212,D_gamma,0.27499999999999997,0.06004483608853867,0.045661539725694485,0.0020068556865159024,0.0,0.0,0.0,0.0,0.0,0.0
1212,D_gamma,0.32,0.06004483608853867,0.045661539725694485,0.0020068556865159024,0.0,0.0,0.0,0.0,0.0,0.0
1212,D_gamma,0.365,0.06004483608853867,0.045661539725694485,0.0020068556865159024,0.0,0.0,0.0,0.0,0.0,0.0
1212,D_gamma,0.41,0.06004483608853867,0.045661539725694485,0.0020068556865159024,0.0,0.0,0.0,0.0,0.0,0.0
1212,D_gamma,0.45499999999999996,0.06004483608853867,0.045661539725694485,0.0020068556865159024,0.0,0.0,0.0,0.0,0.0,0.0
1212,D_gamma,0.49999999999999994,0.06004483608853867,0.045661539725694485,0.0020068556865159024,0.0,0.0,0.0,0.0,0.0,0.0
1212,D_gamma,0.545,0.06004483608853867,0.045661539725694485,0.0020068556865159024,0.0,0.0,0.0,0.0,0.0,0.0
1212,D_gamma,0.5900000000000001,0.06004483608853867,0.045661539725694485,0.0020068556865159024,0.0,0.0,0.0,0.0,0.0,0.0
1212,D_gamma,0.635,0.06004483608853867,0.045661539725694485,0.0020068556865159024,0.0,0.0,0.0,0.0,0.0,0.0
1212,D_gamma,0.68,0.06004483608853867,0.045661539725694485,0.0020068556865159024,0.0,0.0,0.0,0.0,0.0,0.0
1212,D_gamma,0.725,0.06004483608853867,0.045661539725694485,0.0020068556865159024,0.0,0.0,0.0,0.0,0.0,0.0
1212,D_gamma,0.77,0.06004483608853867,0.045661539725694485,0.0020068556865159024,0.0,0.0,0.0,0.0,0.0,0.0
1212,D_gamma,0.8150000000000001,0.06004483608853867,0.045661539725694485,0.0020068556865159024,0.0,0.0,0.0,0.0,0.0,0.0
1212,D_gamma,0.86,0.06004483608853867,0.045661539725694485,0.0020068556865159024,0.0,0.0,0.0,0.0,0.0,0.0
1212,D_gamma,0.905,0.06004483608853867,0.045661539725694485,0.0020068556865159024,0.0,0.0,0.0,0.0,0.0,0.0
1212,D_gamma,0.95,0.06004483608853867,0.045661539725694485,0.0020068556865159024,0.0,0.0,0.0,0.0,0.0,0.0
1212,D_phi+gamma,0.05,0.053532574302826486,0.040919849929763705,0.0020626874420473307,0.0014438812094331303,0.012137304503639547,0.013581185713072676,0.013581195019094803,6.38030635356085e-08,9.30602212650955e-09
1212,D_phi+gamma,0.095,0.05414733563833428,0.0413721402507807,0.0020350664916838315,0.0014245465441786811,0.012318205236427246,0.013742751780605928,0.013742761846656676,5.544255195742698e-08,1.0066050748144817e-08
1212,D_phi+gamma,0.14,0.054769524412606324,0.04182888881616585,0.0020147275576050147,0.0014103092903235092,0.012500841180265777,0.013911150470589285,0.013911157183515628,4.951100154859667e-08,6.712926343271919e-09
1212,D_phi+gamma,0.185,0.05539943042049962,0.04229028445163841,0.0020003604045366274,0.0014002522831756382,0.012685386882143341,0.01408563916531898,0.014085645362179796,4.523182800530989e-08,6.196860816154448e-09
1212,D_phi+gamma,0.22999999999999998,0.05603731526691388,0.042756480040721315,0.001990980942782145,0.0013936866599475004,0.012872003908754395,0.014265690568701896,0.014265696280395765,4.2110274642293e-08,5.711693869606127e-09
1212,D_phi+gamma,0.27499999999999997,0.056683420123280454,0.04322761606754499,0.0019858356536431206,0.0013900849575501832,0.013060833118363998,0.014450918075914181,0.014450923546665053,3.9819775948801706e-08,5.470750871414132e-09
1212,D_phi+gamma,0.32,0.05733797121841254,0.04370381657388552,0.0019843418821934686,0.0013890393175354269,0.013251999482070672,0.014641038799606099,0.014641043869384288,3.814122108425355e-08,5.069778189273344e-09
1212,D_phi+gamma,0.365,0.05800118382110093,0.044185205823074926,0.001986029182397663,0.0013902204276783632,0.013445624033234163,0.014835844460912526,0.01483584961357412,3.691842248576549e-08,5.152661594273744e-09
1212,D_phi+gamma,0.41,0.05867326519133057,0.04467188640800738,0.0019905354066391385,0.0013933747846473958,0.013641809964421749,0.015035184749069144,0.015035189790209624,3.60465612220251e-08,5.041140480749329e-09
1212,D_phi+gamma,0.45499999999999996,0.059354416809312825,0.04516396443760257,0.001997559028094217,0.001398291319665951,0.013840660312883942,0.015238951632549893,0.015238956595192338,3.5445818155621645e-08,4.962642444553134e-09
1212,D_phi+gamma,0.49999999999999994,0.06004483608853836,0.045661540124522906,0.00200685538438367,0.0014047987690685678,0.014042271908751165,0.015447070677819733,0.015447075693824466,3.505813795171009e-08,5.016004733099377e-09
1212,D_phi+gamma,0.545,0.060744717713264125,0.0461647073276555,0.002018225237631024,0.0014127576663417157,0.014246736414884213,0.015659494081225928,0.015659499088401307,3.4840941590119634e-08,5.007175379184714e-09
1212,D_phi+gamma,0.5900000000000001,0.0614542546982405,0.046673560422950504,0.0020315013630898167,0.0014220509541628707,0.014454143789366464,0.015876194743529335,0.0158761998002901,3.4761903772162484e-08,5.056760763594292e-09
1212,D_phi+gamma,0.635,0.062173639240021644,0.04718818955349695,0.002046545867331276,0.001432582107131892,0.014664580636524746,0.016097162743656638,0.016097167853392096,3.479562263319913e-08,5.109735457670128e-09
1212,D_phi+gamma,0.68,0.06290306340982772,0.047708685372211145,0.0020632420235740957,0.001444269416501866,0.014878132591588097,0.016322402008089962,0.016322407199395234,3.492296729579181e-08,5.1913052710739205e-09
1212,D_phi+gamma,0.725,0.06364271972454827,0.04823513357228565,0.0020814926840598685,0.0014570448788419068,0.01509488507248375,0.016551929951325657,0.016551933340333197,3.5129891357010834e-08,3.3890075398779196e-09
1212,D_phi+gamma,0.77,0.0643928016230139,0.04876762197155439,0.0021012196003929967,0.0014708537202750963,0.015314912459047933,0.01678576617932303,0.016785771472382208,3.540078022390425e-08,5.293059178457238e-09
1212,D_phi+gamma,0.8150000000000001,0.06515350386793779,0.049306237239076435,0.002122349620080548,0.0014856447340563825,0.015538304648750587,0.01702394938280697,0.017023955018374823,3.573181542315673e-08,5.635567852657619e-09
1212,D_phi+gamma,0.86,0.06592502288901571,0.049851067277341767,0.002144824615902043,0.0015013772311314288,0.015765141330068108,0.017266518561199536,0.017266524468123934,3.611327278885135e-08,5.906924397530711e-09
1212,D_phi+gamma,0.905,0.066707557079097,0.050402200523167226,0.0021685939612831194,0.0015180157728981825,0.015995505090360435,0.01751352086325862,0.017513526442549165,3.6537562558836e-08,5.579290546925408e-09
1212,D_phi+gamma,0.95,0.06750130705266622,0.05095971751384986,0.0021936196805935055,0.0015355337764154527,0.016229473507049605,0.017765007283465056,0.01776501294574564,3.700106124271407e-08,5.662280585377877e-09
1313,D0,0.05,0.06025983041797991,0.04578553037281698,0.0020420927960994577,0.0,0.0,0.0,0.0,0.0,0.0
1313,D0,0.095,0.06025983041797991,0.04578553037281698,0.0020420927960994577,0.0,0.0,0.0,0.0,0.0,0.0
1313,D0,0.14,0.06025983041797991,0.04578553037281698,0.0020420927960994577,0.0,0.0,0.0,0.0,0.0,0.0
1313,D0,0.185,0.06025983041797991,0.04578553037281698,0.0020420927960994577,0.0,0.0,0.0,0.0,0.0,0.0
1313,D0,0.22999999999999998,0.06025983041797991,0.04578553037281698,0.0020420927960994577,0.0,0.0,0.0,0.0,0.0,0.0
1313,D0,0.27499999999999997,0.06025983041797991,0.04578553037281698,0.0020420927960994577,0.0,0.0,0.0,0.0,0.0,0.0
1313,D0,0.32,0.06025983041797991,0.04578553037281698,0.0020420927960994577,0.0,0.0,0.0,0.0,0.0,0.0
1313,D0,0.365,0.06025983041797991,0.04578553037281698,0.0020420927960994577,0.0,0.0,0.0,0.0,0.0,0.0
1313,D0,0.41,0.06025983041797991,0.04578553037281698,0.0020420927960994577,0.0,0.0,0.0,0.0,0.0,0.0
1313,D0,0.45499999999999996,0.06025983041797991,0.04578553037281698,0.0020420927960994577,0.0,0.0,0.0,0.0,0.0,0.0
1313,D0,0.49999999999999994,0.06025983041797991,0.04578553037281698,0.0020420927960994577,0.0,0.0,0.0,0.0,0.0,0.0
1313,D0,0.545,0.06025983041797991,0.04578553037281698,0.0020420927960994577,0.0,0.0,0.0,0.0,0.0,0.0
1313,D0,0.5900000000000001,0.06025983041797991,0.04578553037281698,0.0020420927960994577,0.0,0.0,0.0,0.0,0.0,0.0
1313,D0,0.635,0.06025983041797991,0.04578553037281698,0.0020420927960994577,0.0,0.0,0.0,0.0,0.0,0.0
1313,D0,0.68,0.06025983041797991,0.04578553037281698,0.0020420927960994577,0.0,0.0,0.0,0.0,0.0,0.0
1313,D0,0.725,0.06025983041797991,0.04578553037281698,0.0020420927960994577,0.0,0.0,0.0,0.0,0.0,0.0
1313,D0,0.77,0.06025983041797991,0.04578553037281698,0.0020420927960994577,0.0,0.0,0.0,0.0,0.0,0.0
1313,D0,0.8150000000000001,0.06025983041797991,0.04578553037281698,0.0020420927960994577,0.0,0.0,0.0,0.0,0.0,0.0
1313,D0,0.86,0.06025983041797991,0.04578553037281698,0.0020420927960994577,0.0,0.0,0.0,0.0,0.0,0.0
1313,D0,0.905,0.06025983041797991,0.04578553037281698,0.0020420927960994577,0.0,0.0,0.0,0.0,0.0,0.0
1313,D0,0.95,0.06025983041797991,0.04578553037281698,0.0020420927960994577,0.0,0.0,0.0,0.0,0.0,0.0
1313,D_phi,0.05,0.05423139322152708,0.04140653428066359,0.0015342722120006453,0.0,0.012627007990673875,0.012627007990673875,0.012627011374373961,1.5258406005705383e-08,3.383700085748953e-09
1313,D_phi,0.095,0.0548029406586365,0.04182509875260126,0.0015805744033094845,0.0,0.012775412177136417,0.012775412177136417,0.012775415476708,1.5448062986797573e-08,3.2995715829736705e-09
1313,D_phi,0.14,0.055381208849348225,0.0422478370838286,0.0016278191115498791,0.0,0.01292571217265006,0.01292571217265006,0.012925715492604998,1.5639962588909206e-08,3.319954937699987e-09
1313,D_phi,0.185,0.05596628363877419,0.04267479382638433,0.0016760260060599153,0.0,0.0130779314406715,0.0130779314406715,0.013077934983199759,1.583490005785393e-08,3.5425282585849205e-09
1313,D_phi,0.22999999999999998,0.05655825193893328,0.04310601900182613,0.0017252121490447367,0.0,0.013232094697409403,0.013232094697409403,0.013232097806143902,1.6031191304999304e-08,3.1087344989910726e-09
1313,D_phi,0.27499999999999997,0.05715720174225969,0.04354155153330584,0.0017754018334340204,0.0,0.01338822465637398,0.01338822465637398,0.013388228122959688,1.6230649810267117e-08,3.4665857077259554e-09
1313,D_phi,0.32,0.057763222135297415,0.04398144403066823,0.0018266118406875228,0.0,0.01354634696201972,0.01354634696201972,0.013546350400809615,1.6432384966624802e-08,3.4387898951993012e-09
1313,D_phi,0.365,0.058376403312677114,0.04442573970905622,0.001878864978667729,0.0,0.013706485996087899,0.013706485996087899,0.013706489420653606,1.6636721861251758e-08,3.424565707399463e-09
1313,D_phi,0.41,0.05899683659129319,0.044874487692515404,0.0019321814966598765,0.0,0.013868666997696738,0.013868666997696738,0.013868670281409224,1.6844137543103876e-08,3.2837124859519395e-09
1313,D_phi,0.45499999999999996,0.059624614424740346,0.04532773436461504,0.0019865839990517915,0.0,0.014032914844726775,0.014032914844726775,0.014032918405040827,1.7053969347813336e-08,3.560314052256097e-09
1313,D_phi,0.49999999999999994,0.06025983041797991,0.045785530372860796,0.0020420927960660895,0.0,0.014199256099500632,0.014199256099500632,0.014199259542451007,1.726649655718615e-08,3.4429503744520806e-09
1313,D_phi,0.545,0.060902579342261856,0.0462479234559766,0.002098731042344249,0.0,0.01436771636130161,0.01436771636130161,0.01436771977855448,1.7481713993072745e-08,3.4172528712989036e-09
1313,D_phi,0.5900000000000001,0.061552957150284075,0.046714963437055716,0.0021565211507893704,0.0,0.0145383221508526,0.0145383221508526,0.014538325538265654,1.769995434941496e-08,3.3874130531824642e-09
1313,D_phi,0.635,0.062211060991611264,0.04718669729480869,0.0022154888143668503,0.0,0.014711098390911405,0.014711098390911405,0.014711103591631677,1.792095326302867e-08,5.200720272838244e-09
1313,D_phi,0.68,0.06287698922831986,0.04766318488929897,0.0022756494221646034,0.0,0.014886077600742904,0.014886077600742904,0.014886081059499096,1.8145917407563772e-08,3.4587561911769704e-09
1313,D_phi,0.725,0.0635508414509626,0.048144465459646464,0.0023370370946177873,0.0,0.015063280256322496,0.015063280256322496,0.015063285419861572,1.8371748566892165e-08,5.163539075481172e-09
1313,D_phi,0.77,0.06423271849469042,0.04863060066917351,0.002399667497768266,0.0,0.015242739789721469,0.015242739789721469,0.015242744511307832,1.8601581386334942e-08,4.721586363207186e-09
1313,D_phi,0.8150000000000001,0.06492272245573724,0.04912163833670135,0.002463568996191712,0.0,0.015424481931541197,0.015424481931541197,0.015424486544983448,1.8834367399023222e-08,4.613442251485966e-09
1313,D_phi,0.86,0.06562095670809459,0.04961763117174107,0.0025287666990193498,0.0,0.015608535173742307,0.015608535173742307,0.015608540100446586,1.9070885148853023e-08,4.926704278915284e-09
1313,D_phi,0.905,0.06632752592048097,0.050118634450413785,0.0025952844167389127,0.0,0.015794929477339965,0.015794929477339965,0.015794934141278777,1.9309867593797492e-08,4.663938811544366e-09
1313,D_phi,0.95,0.06704253607357925,0.05062470127537815,0.0026631487769232806,0.0,0.01598369361700592,0.01598369361700592,0.01598369801544887,1.955181225254954e-08,4.398442950137582e-09
1313,D_gamma,0.05,0.06025983041797991,0.04578553037281698,0.0020420927960994577,0.0,0.0,0.0,0.0,0.0,0.0
1313,D_gamma,0.095,0.06025983041797991,0.04578553037281698,0.0020420927960994577,0.0,0.0,0.0,0.0,0.0,0.0
1313,D_gamma,0.14,0.06025983041797991,0.04578553037281698,0.0020420927960994577,0.0,0.0,0.0,0.0,0.0,0.0
1313,D_gamma,0.185,0.06025983041797991,0.04578553037281698,0.0020420927960994577,0.0,0.0,0.0,0.0,0.0,0.0
1313,D_gamma,0.22999999999999998,0.06025983041797991,0.04578553037281698,0.0020420927960994577,0.0,0.0,0.0,0.0,0.0,0.0
1313,D_gamma,0.27499999999999997,0.06025983041797991,0.04578553037281698,0.0020420927960994577,0.0,0.0,0.0,0.0,0.0,0.0
1313,D_gamma,0.32,0.06025983041797991,0.04578553037281698,0.0020420927960994577,0.0,0.0,0.0,0.0,0.0,0.0
1313,D_gamma,0.365,0.06025983041797991,0.04578553037281698,0.0020420927960994577,0.0,0.0,0.0,0.0,0.0,0.0
1313,D_gamma,0.41,0.06025983041797991,0.04578553037281698,0.0020420927960994577,0.0,0.0,0.0,0.0,0.0,0.0
1313,D_gamma,0.45499999999999996,0.06025983041797991,0.04578553037281698,0.0020420927960994577,0.0,0.0,0.0,0.0,0.0,0.0
1313,D_gamma,0.49999999999999994,0.06025983041797991,0.04578553037281698,0.0020420927960994577,0.0,0.0,0.0,0.0,0.0,0.0
1313,D_gamma,0.545,0.06025983041797991,0.04578553037281698,0.0020420927960994577,0.0,0.0,0.0,0.0,0.0,0.0
1313,D_gamma,0.5900000000000001,0.06025983041797991,0.04578553037281698,0.0020420927960994577,0.0,0.0,0.0,0.0,0.0,0.0
1313,D_gamma,0.635,0.06025983041797991,0.04578553037281698,0.0020420927960994577,0.0,0.0,0.0,0.0,0.0,0.0
1313,D_gamma,0.68,0.06025983041797991,0.04578553037281698,0.0020420927960994577,0.0,0.0,0.0,0.0,0.0,0.0
1313,D_gamma,0.725,0.06025983041797991,0.04578553037281698,0.0020420927960994577,0.0,0.0,0.0,0.0,0.0,0.0
1313,D_gamma,0.77,0.06025983041797991,0.04578553037281698,0.0020420927960994577,0.0,0.0,0.0,0.0,0.0,0.0
1313,D_gamma,0.8150000000000001,0.06025983041797991,0.04578553037281698,0.0020420927960994577,0.0,0.0,0.0,0.0,0.0,0.0
1313,D_gamma,0.86,0.06025983041797991,0.04578553037281698,0.0020420927960994577,0.0,0.0,0.0,0.0,0.0,0.0
1313,D_gamma,0.905,0.06025983041797991,0.04578553037281698,0.0020420927960994577,0.0,0.0,0.0,0.0,0.0,0.0
1313,D_gamma,0.95,0.06025983041797991,0.04578553037281698,0.0020420927960994577,0.0,0.0,0.0,0.0,0.0,0.0
1313,D_phi+gamma,0.05,0.053671959904731094,0.04099365957518148,0.0021126651010142535,0.0014788655707099765,0.012257315774283621,0.013736181344993598,0.013736191376327759,6.505747538777806e-08,1.0031334160900962e-08
1313,D_phi+gamma,0.095,0.05429374949997703,0.04145041375415415,0.0020830946963992765,0.0014581662874794926,0.012441978243387424,0.013900144530866916,0.013900155191923733,5.638500744607755e-08,1.06610568168658e-08
1313,D_phi+gamma,0.14,0.05492307714280788,0.041911728989048144,0.0020610000143633012,0.0014427000100543097,0.012628356964442445,0.014071056974496754,0.014071063819817176,5.021485935396974e-08,6.845320421611234e-09
1313,D_phi+gamma,0.185,0.055560237170447585,0.04237780407504491,0.0020450202479102655,0.0014315141735371847,0.012816631797973538,0.014248145971510723,0.014248152195521316,4.575157683261999e-08,6.22401059337252e-09
1313,D_phi+gamma,0.22999999999999998,0.05620549456339996,0.0428487993036882,0.0020341367908706656,0.0014238957536094649,0.013006965719974338,0.014430861473583802,0.014430867336612934,4.24796666592675e-08,5.863029131636388e-09
1313,D_phi+gamma,0.27499999999999997,0.0568590929464699,0.043324860960757404,0.0020275703710097683,0.0014192992597068365,0.013199499617595858,0.014618798877302695,0.014618804470470531,4.006587700500219e-08,5.593167836867585e-09
1313,D_phi+gamma,0.32,0.057521260250140614,0.043806118404847334,0.0020247168959170894,0.0014173018271419614,0.013394359163434648,0.01481166099057661,0.014811665095411014,3.828153870288897e-08,4.104834404675128e-09
1313,D_phi+gamma,0.365,0.05819221281439475,0.04429270691161998,0.0020250875232201643,0.0014175612662541137,0.013591662161923018,0.015009223428177131,0.015009228640476185,3.6968501523904074e-08,5.212299054174752e-09
1313,D_phi+gamma,0.41,0.058872158427419635,0.04478473064612712,0.0020283064691093374,0.0014198145283765352,0.013791513219172156,0.015211327747548692,0.01521133283241808,3.6014520185534415e-08,5.084869388397029e-09
1313,D_phi+gamma,0.45499999999999996,0.05956129861849029,0.045282303503573436,0.002034059585656776,0.0014238417099597422,0.01399401307065571,0.015417854780615452,0.015417859793822965,3.53391448049134e-08,5.0132075123110464e-09
1313,D_phi+gamma,0.49999999999999994,0.06025983041797991,0.045785530372860796,0.0020420927960660895,0.0014294649572462615,0.014199256099500632,0.015628721056746894,0.015628726009351036,3.4882080862663756e-08,4.952604142766104e-09
1313,D_phi+gamma,0.545,0.06096794772949842,0.04629451376894256,0.0020521957582728067,0.0014365370307909634,0.01440733296329111,0.015843869994082074,0.015843874960035594,3.4599551695935205e-08,4.965953519925348e-09
1313,D_phi+gamma,0.5900000000000001,0.06168584241518295,0.04680935291328105,0.002064194192145638,0.0014449359345019455,0.014618330672614047,0.016063266607115993,0.01606327163138197,3.4457801195708626e-08,5.024265978953446e-09
1313,D_phi+gamma,0.635,0.06241370516573693,0.04733014405838503,0.002077943062869863,0.0014545601440089028,0.014832333156252212,0.016286893300261115,0.01628689836449345,3.443104829026211e-08,5.064232335566521e-09
1313,D_phi+gamma,0.68,0.06315172620683918,0.04785698160160045,0.0020933207778003507,0.0014653245444602443,0.015049421999528956,0.0165147465439892,0.016514751681220838,3.4499517825858916e-08,5.137231636614947e-09
1313,D_phi+gamma,0.725,0.06390009587969919,0.04838996261758449,0.002110222154913459,0.00147715550843942,0.015269679222965214,0.016746834731404633,0.01674683982938739,3.4647324592684825e-08,5.0979827581620896e-09
1313,D_phi+gamma,0.77,0.0646590051237976,0.04892917911230788,0.002128561058065989,0.001489992740646191,0.015493182924171412,0.016983175664817603,0.016983180864466374,3.4863557180075944e-08,5.199648770576326e-09
1313,D_phi+gamma,0.8150000000000001,0.06542864588285432,0.04947472128592685,0.002148264953620492,0.0015037854675343434,0.01572001006782408,0.017223795535358424,0.017223801136860548,3.513789606501838e-08,5.60150212325361e-09
1313,D_phi+gamma,0.86,0.06620921145002595,0.05002668832234063,0.002169266662057183,0.0015184866634400268,0.015950241634879597,0.017468728298319625,0.017468734090988675,3.546078639060646e-08,5.7926690492926536e-09
1313,D_phi+gamma,0.905,0.06700089676465894,0.050585173200210304,0.0021915123708488218,0.001534058659594174,0.01618395518871967,0.017718013848313847,0.017718019299356787,3.582699900639419e-08,5.451042939946804e-09
1313,D_phi+gamma,0.95,0.06780389867009293,0.05115026283923026,0.0022149600523033676,0.0015504720366123562,0.0164212240986208,0.017971696135233157,0.01797170169388974,3.6230707323170463e-08,5.558656583637411e-09
1414,D0,0.05,0.060300892193865335,0.045765824638758404,0.00211562005154393,0.0,0.0,0.0,0.0,0.0,0.0
1414,D0,0.095,0.060300892193865335,0.045765824638758404,0.00211562005154393,0.0,0.0,0.0,0.0,0.0,0.0
1414,D0,0.14,0.060300892193865335,0.045765824638758404,0.00211562005154393,0.0,0.0,0.0,0.0,0.0,0.0
1414,D0,0.185,0.060300892193865335,0.045765824638758404,0.00211562005154393,0.0,0.0,0.0,0.0,0.0,0.0
1414,D0,0.22999999999999998,0.060300892193865335,0.045765824638758404,0.00211562005154393,0.0,0.0,0.0,0.0,0.0,0.0
1414,D0,0.27499999999999997,0.060300892193865335,0.045765824638758404,0.00211562005154393,0.0,0.0,0.0,0.0,0.0,0.0
1414,D0,0.32,0.060300892193865335,0.045765824638758404,0.00211562005154393,0.0,0.0,0.0,0.0,0.0,0.0
1414,D0,0.365,0.060300892193865335,0.045765824638758404,0.00211562005154393,0.0,0.0,0.0,0.0,0.0,0.0
1414,D0,0.41,0.060300892193865335,0.045765824638758404,0.00211562005154393,0.0,0.0,0.0,0.0,0.0,0.0
1414,D0,0.45499999999999996,0.060300892193865335,0.045765824638758404,0.00211562005154393,0.0,0.0,0.0,0.0,0.0,0.0
1414,D0,0.49999999999999994,0.060300892193865335,0.045765824638758404,0.00211562005154393,0.0,0.0,0.0,0.0,0.0,0.0
1414,D0,0.545,0.060300892193865335,0.045765824638758404,0.00211562005154393,0.0,0.0,0.0,0.0,0.0,0.0
1414,D0,0.5900000000000001,0.060300892193865335,0.045765824638758404,0.00211562005154393,0.0,0.0,0.0,0.0,0.0,0.0
1414,D0,0.635,0.060300892193865335,0.045765824638758404,0.00211562005154393,0.0,0.0,0.0,0.0,0.0,0.0
1414,D0,0.68,0.060300892193865335,0.045765824638758404,0.00211562005154393,0.0,0.0,0.0,0.0,0.0,0.0
1414,D0,0.725,0.060300892193865335,0.045765824638758404,0.00211562005154393,0.0,0.0,0.0,0.0,0.0,0.0
1414,D0,0.77,0.060300892193865335,0.045765824638758404,0.00211562005154393,0.0,0.0,0.0,0.0,0.0,0.0
1414,D0,0.8150000000000001,0.060300892193865335,0.045765824638758404,0.00211562005154393,0.0,0.0,0.0,0.0,0.0,0.0
1414,D0,0.86,0.060300892193865335,0.045765824638758404,0.00211562005154393,0.0,0.0,0.0,0.0,0.0,0.0
1414,D0,0.905,0.060300892193865335,0.045765824638758404,0.00211562005154393,0.0,0.0,0.0,0.0,0.0,0.0
1414,D0,0.95,0.060300892193865335,0.045765824638758404,0.00211562005154393,0.0,0.0,0.0,0.0,0.0,0.0
1414,D_phi,0.05,0.0542521665883897,0.041396073737285786,0.0015746095073504345,0.0,0.01266128026571215,0.01266128026571215,0.012661283515822372,1.5870985784274816e-08,3.2501102208842836e-09
1414,D_phi,0.095,0.05482529945698951,0.0418139183968572,0.0016235624791321223,0.0,0.01281161651001892,0.01281161651001892,0.012811619852822776,1.60775330739632e-08,3.3428038549027095e-09
1414,D_phi,0.14,0.05540524176146151,0.0422358962099993,0.0016735923709255138,0.0,0.012963925907744898,0.012963925907744898,0.012963929418021389,1.6286847565050167e-08,3.5102764913558238e-09
1414,D_phi,0.185,0.05599208287287907,0.0426620514578674,0.0017247230775503627,0.0,0.013118234269964696,0.013118234269964696,0.013118237858324501,1.6499212066034552e-08,3.5883598054758936e-09
1414,D_phi,0.22999999999999998,0.05658591332387963,0.043092429235976476,0.001776978656387412,0.0,0.013274567947977928,0.013274567947977928,0.013274571152972746,1.6712654871131605e-08,3.2049948181511745e-09
1414,D_phi,0.27499999999999997,0.05718682482372638,0.0435270674241165,0.0018303883917483144,0.0,0.013432951543477747,0.013432951543477747,0.01343295561806126,1.6931359092531295e-08,4.074583512606034e-09
1414,D_phi,0.32,0.05779491027359458,0.04396602002314852,0.0018849722142393207,0.0,0.013593414454624936,0.013593414454624936,0.013593417912584152,1.7150136172316977e-08,3.4579592158440198e-09
1414,D_phi,0.365,0.0584102637821757,0.04440932419375765,0.001940761462418147,0.0,0.013755981436597174,0.013755981436597174,0.013755985045175988,1.7373423186195502e-08,3.6085788142348196e-09
1414,D_phi,0.41,0.05903298068148026,0.0448570293362142,0.00199778060040457,0.0,0.013920680857110698,0.013920680857110698,0.013920684378804215,1.7599031260084885e-08,3.5216935166670904e-09
1414,D_phi,0.45499999999999996,0.05966315754295717,0.04530918088860376,0.002056057312251162,0.0,0.014087540313444854,0.014087540313444854,0.014087543637186598,1.7828136189557142e-08,3.3237417436382533e-09
1414,D_phi,0.49999999999999994,0.060300892193865294,0.045765824638758404,0.002115620051543902,0.0,0.014256587439496406,0.014256587439496406,0.01425659091146085,1.805989142088238e-08,3.471964445111997e-09
1414,D_phi,0.545,0.06094628373392716,0.04622700874133371,0.002176496311331545,0.0,0.014427851224651164,0.014427851224651164,0.01442785466563549,1.8294952011665977e-08,3.4409843256005823e-09
1414,D_phi,0.5900000000000001,0.06159943255226785,0.04669278047697231,0.0022387151637357234,0.0,0.014601360335663855,0.014601360335663855,0.014601363743302157,1.8533151055488695e-08,3.4076383017417333e-09
1414,D_phi,0.635,0.06226044034464082,0.04716318568282931,0.0023023079924362803,0.0,0.014777142408422789,0.014777142408422789,0.014777147374813747,1.87723763617198e-08,4.966390958205391e-09
1414,D_phi,0.68,0.0629294101309334,0.04763827966827011,0.002367298712288976,0.0,0.014955231632676277,0.014955231632676277,0.014955235181900853,1.901678745030999e-08,3.549224575696841e-09
1414,D_phi,0.725,0.06360644627300298,0.04811810437617137,0.002433724186851703,0.0,0.015135653026045382,0.015135653026045382,0.015135657185100918,1.9266292033970345e-08,4.15905553573237e-09
1414,D_phi,0.77,0.06429165449276698,0.04860271321478893,0.0025016121066078396,0.0,0.015318439435559853,0.015318439435559853,0.015318443813018542,1.9517970573090793e-08,4.377458688933911e-09
1414,D_phi,0.8150000000000001,0.06498514189063768,0.04909215522555079,0.0025709949591645256,0.0,0.015503620986249519,0.015503620986249519,0.015503625905322047,1.977300753686073e-08,4.919072527781454e-09
1414,D_phi,0.86,0.0656870169642456,0.04958648327964995,0.002641902937785322,0.0,0.015691230292409472,0.015691230292409472,0.015691234721844,2.0031231534600735e-08,4.4294345274975555e-09
1414,D_phi,0.905,0.06639738962749257,0.05008574681068489,0.0027143703339711626,0.0,0.015881297770921426,0.015881297770921426,0.015881301949110374,2.029268836301057e-08,4.178188947601136e-09
1414,D_phi,0.95,0.06711637122991045,0.05058999815055836,0.002788429965553126,0.0,0.01607385577140011,0.01607385577140011,0.016073859707724222,2.055652176258249e-08,3.9363241138845595e-09
1414,D_gamma,0.05,0.060300892193865335,0.045765824638758404,0.00211562005154393,0.0,0.0,0.0,0.0,0.0,0.0
1414,D_gamma,0.095,0.060300892193865335,0.045765824638758404,0.00211562005154393,0.0,0.0,0.0,0.0,0.0,0.0
1414,D_gamma,0.14,0.060300892193865335,0.045765824638758404,0.00211562005154393,0.0,0.0,0.0,0.0,0.0,0.0
1414,D_gamma,0.185,0.060300892193865335,0.045765824638758404,0.00211562005154393,0.0,0.0,0.0,0.0,0.0,0.0
1414,D_gamma,0.22999999999999998,0.060300892193865335,0.045765824638758404,0.00211562005154393,0.0,0.0,0.0,0.0,0.0,0.0
1414,D_gamma,0.27499999999999997,0.060300892193865335,0.045765824638758404,0.00211562005154393,0.0,0.0,0.0,0.0,0.0,0.0
1414,D_gamma,0.32,0.060300892193865335,0.045765824638758404,0.00211562005154393,0.0,0.0,0.0,0.0,0.0,0.0
1414,D_gamma,0.365,0.060300892193865335,0.045765824638758404,0.00211562005154393,0.0,0.0,0.0,0.0,0.0,0.0
1414,D_gamma,0.41,0.060300892193865335,0.045765824638758404,0.00211562005154393,0.0,0.0,0.0,0.0,0.0,0.0
1414,D_gamma,0.45499999999999996,0.060300892193865335,0.045765824638758404,0.00211562005154393,0.0,0.0,0.0,0.0,0.0,0.0
1414,D_gamma,0.49999999999999994,0.060300892193865335,0.045765824638758404,0.00211562005154393,0.0,0.0,0.0,0.0,0.0,0.0
1414,D_gamma,0.545,0.060300892193865335,0.045765824638758404,0.00211562005154393,0.0,0.0,0.0,0.0,0.0,0.0
1414,D_gamma,0.5900000000000001,0.060300892193865335,0.045765824638758404,0.00211562005154393,0.0,0.0,0.0,0.0,0.0,0.0
1414,D_gamma,0.635,0.060300892193865335,0.045765824638758404,0.00211562005154393,0.0,0.0,0.0,0.0,0.0,0.0
1414,D_gamma,0.68,0.060300892193865335,0.045765824638758404,0.00211562005154393,0.0,0.0,0.0,0.0,0.0,0.0
1414,D_gamma,0.725,0.060300892193865335,0.045765824638758404,0.00211562005154393,0.0,0.0,0.0,0.0,0.0,0.0
1414,D_gamma,0.77,0.060300892193865335,0.045765824638758404,0.00211562005154393,0.0,0.0,0.0,0.0,0.0,0.0
1414,D_gamma,0.8150000000000001,0.060300892193865335,0.045765824638758404,0.00211562005154393,0.0,0.0,0.0,0.0,0.0,0.0
1414,D_gamma,0.86,0.060300892193865335,0.045765824638758404,0.00211562005154393,0.0,0.0,0.0,0.0,0.0,0.0
1414,D_gamma,0.905,0.060300892193865335,0.045765824638758404,0.00211562005154393,0.0,0.0,0.0,0.0,0.0,0.0
1414,D_gamma,0.95,0.060300892193865335,0.045765824638758404,0.00211562005154393,0.0,0.0,0.0,0.0,0.0,0.0
1414,D_phi+gamma,0.05,0.05368030308213444,0.040985643975373395,0.002151426298265811,0.0015059984087860663,0.012273729075939325,0.01377972748472539,0.013779738554235001,6.774405273725359e-08,1.1069509611022488e-08
1414,D_phi+gamma,0.095,0.05430415817693395,0.0414416020828302,0.002124547667270363,0.001487183367089253,0.012461273622898724,0.013948456989987977,0.01394846498915281,5.9195042983670176e-08,7.999164833988326e-09
1414,D_phi+gamma,0.14,0.05493577334089071,0.041902064516186444,0.0021053003250859743,0.0014737102275601808,0.012650763707784007,0.014124473935344188,0.0141244813293707,5.3159778315436945e-08,7.394026512591578e-09
1414,D_phi+gamma,0.185,0.055575458806255515,0.04236720835246792,0.002092335757295062,0.0014646350301065424,0.012842397011491528,0.014307032041598071,0.014307038896741753,4.883470954009095e-08,6.855143681872011e-09
1414,D_phi+gamma,0.22999999999999998,0.056223496202123024,0.04283719214434688,0.0020846388549946335,0.0014592471984962421,0.013036348211291387,0.01449559540978763,0.014495601798048147,4.570827709382552e-08,6.388260517797839e-09
1414,D_phi+gamma,0.27499999999999997,0.056880146585182784,0.04331215699027648,0.0020814346917285816,0.001457004284210006,0.013232772528972984,0.01468977681318299,0.014689782974476928,4.3445141928444286e-08,6.161293938586332e-09
1414,D_phi+gamma,0.32,0.057545656127913576,0.04379222628231585,0.0020821256432805666,0.0014574879502963955,0.013431808585935187,0.014889296536231583,0.014889302208271636,4.18126668705332e-08,5.6720400529175485e-09
1414,D_phi+gamma,0.365,0.05822026024727175,0.044277525753772425,0.0020862283602560636,0.0014603598521792435,0.013633592081077003,0.015093951933256246,0.015093957749619406,4.0657011091127515e-08,5.816363160202065e-09
1414,D_phi+gamma,0.41,0.05890418666690798,0.04476815606648038,0.002093373511577342,0.0014653614581041383,0.013838239461687328,0.015303600919791466,0.015303606655717679,3.986464873484419e-08,5.73592621316843e-09
1414,D_phi+gamma,0.45499999999999996,0.05959765773256631,0.04526422296233962,0.0021032533681663267,0.0014722773577164274,0.014045867811528986,0.015518145169245413,0.015518150871319199,3.9354416947467996e-08,5.7020737853630266e-09
1414,D_phi+gamma,0.49999999999999994,0.060300892193865294,0.045765824638758404,0.002115620051543902,0.0014809340360807301,0.014256587439496407,0.015737521475577138,0.015737527180413394,3.90667227283259e-08,5.704836256170687e-09
1414,D_phi+gamma,0.545,0.06101410659762966,0.04627305543150695,0.002130270594361713,0.001491189416053198,0.014470504674396248,0.015961694090449445,0.015961699828374677,3.895708408641063e-08,5.737925232174312e-09
1414,D_phi+gamma,0.5900000000000001,0.06173751639391666,0.046786007571939896,0.002147037123601903,0.001502925986521331,0.014687723241009159,0.01619064922753049,0.016190655021829252,3.89917039628207e-08,5.794298763017736e-09
1414,D_phi+gamma,0.635,0.0624713368264406,0.04730476720515432,0.002165783376116274,0.0015160483632813907,0.014908342249682953,0.016424390612964343,0.0164243967725866,3.9143728883250795e-08,6.1596222566961956e-09
1414,D_phi+gamma,0.68,0.06321578365906863,0.04782943023530461,0.0021863879412347357,0.0015304715588643138,0.015132466183413733,0.016662937742278047,0.016662943716854575,3.939786483164731e-08,5.974576527956188e-09
1414,D_phi+gamma,0.725,0.06397107377630844,0.04836007571745451,0.002208760162003487,0.0015461321134024398,0.01536018858035727,0.01690632069375971,0.016906326658453957,3.973304879556494e-08,5.964694248933311e-09
1414,D_phi+gamma,0.77,0.06473742568577294,0.04889679050324622,0.002232818904637947,0.0015629732332465617,0.01559160712502833,0.01715458035827489,0.01715458664596005,4.0139899737390294e-08,6.287685157257972e-09
1414,D_phi+gamma,0.8150000000000001,0.06551505994384497,0.04943966147465118,0.002258495824399156,0.0015809470770794078,0.015826819758262677,0.017407766835342085,0.017407773460007325,4.0607906620637735e-08,6.624665239984839e-09
1414,D_phi+gamma,0.86,0.06630419952055543,0.04998877391590073,0.0022857346659878467,0.0016000142661914912,0.01606592336206125,0.01766593762825274,0.01766594441151152,4.112813492551659e-08,6.783258777592893e-09
1414,D_phi+gamma,0.905,0.06710507011604301,0.050544212033399205,0.002314489272318635,0.001620142490623043,0.016309014042556306,0.01792915653317935,0.017929163382934803,4.1696115310463355e-08,6.849755453813833e-09
1414,D_phi+gamma,0.95,0.06791790043818868,0.05110606073377255,0.0023447211187467634,0.0016413047831227332,0.016556188446585088,0.01819749322970782,0.018197500052668705,4.230668107507718e-08,6.8229608837788724e-09
1515,D0,0.05,0.06027912096625679,0.045780484286925126,0.0020690674039074704,0.0,0.0,0.0,0.0,0.0,0.0
1515,D0,0.095,0.06027912096625679,0.045780484286925126,0.0020690674039074704,0.0,0.0,0.0,0.0,0.0,0.0
1515,D0,0.14,0.06027912096625679,0.045780484286925126,0.0020690674039074704,0.0,0.0,0.0,0.0,0.0,0.0
1515,D0,0.185,0.06027912096625679,0.045780484286925126,0.0020690674039074704,0.0,0.0,0.0,0.0,0.0,0.0
1515,D0,0.22999999999999998,0.06027912096625679,0.045780484286925126,0.0020690674039074704,0.0,0.0,0.0,0.0,0.0,0.0
1515,D0,0.27499999999999997,0.06027912096625679,0.045780484286925126,0.0020690674039074704,0.0,0.0,0.0,0.0,0.0,0.0
1515,D0,0.32,0.06027912096625679,0.045780484286925126,0.0020690674039074704,0.0,0.0,0.0,0.0,0.0,0.0
1515,D0,0.365,0.06027912096625679,0.045780484286925126,0.0020690674039074704,0.0,0.0,0.0,0.0,0.0,0.0
1515,D0,0.41,0.06027912096625679,0.045780484286925126,0.0020690674039074704,0.0,0.0,0.0,0.0,0.0,0.0
1515,D0,0.45499999999999996,0.06027912096625679,0.045780484286925126,0.0020690674039074704,0.0,0.0,0.0,0.0,0.0,0.0
1515,D0,0.49999999999999994,0.06027912096625679,0.045780484286925126,0.0020690674039074704,0.0,0.0,0.0,0.0,0.0,0.0
1515,D0,0.545,0.06027912096625679,0.045780484286925126,0.0020690674039074704,0.0,0.0,0.0,0.0,0.0,0.0
1515,D0,0.5900000000000001,0.06027912096625679,0.045780484286925126,0.0020690674039074704,0.0,0.0,0.0,0.0,0.0,0.0
1515,D0,0.635,0.06027912096625679,0.045780484286925126,0.0020690674039074704,0.0,0.0,0.0,0.0,0.0,0.0
1515,D0,0.68,0.06027912096625679,0.045780484286925126,0.0020690674039074704,0.0,0.0,0.0,0.0,0.0,0.0
1515,D0,0.725,0.06027912096625679,0.045780484286925126,0.0020690674039074704,0.0,0.0,0.0,0.0,0.0,0.0
1515,D0,0.77,0.06027912096625679,0.045780484286925126,0.0020690674039074704,0.0,0.0,0.0,0.0,0.0,0.0
1515,D0,0.8150000000000001,0.06027912096625679,0.045780484286925126,0.0020690674039074704,0.0,0.0,0.0,0.0,0.0,0.0
1515,D0,0.86,0.06027912096625679,0.045780484286925126,0.0020690674039074704,0.0,0.0,0.0,0.0,0.0,0.0
1515,D0,0.905,0.06027912096625679,0.045780484286925126,0.0020690674039074704,0.0,0.0,0.0,0.0,0.0,0.0
1515,D0,0.95,0.06027912096625679,0.045780484286925126,0.0020690674039074704,0.0,0.0,0.0,0.0,0.0,0.0
1515,D_phi,0.05,0.0542420873867133,0.041405248104376256,0.0015478164580789045,0.0,0.01264154940156158,0.01264154940156158,0.012641552779317498,1.5552198079707424e-08,3.377755918715364e-09
1515,D_phi,0.095,0.05481430703626585,0.0418235556248393,0.0015951330981293906,0.0,0.012790752929380303,0.012790752929380303,0.01279075636998367,1.5751661799554006e-08,3.4406033681821935e-09
1515,D_phi,0.14,0.05539328424991544,0.04224601601232756,0.0016434552312087443,0.0,0.012941889810949883,0.012941889810949883,0.012941893141179746,1.595438434143226e-08,3.330229862708034e-09
1515,D_phi,0.185,0.05597910657948726,0.04267267096586968,0.0016928065200555347,0.0,0.01309498467888515,0.01309498467888515,0.01309498797867416,1.6160281793298203e-08,3.2997890097447025e-09
1515,D_phi,0.22999999999999998,0.056571862703965116,0.04310356570709978,0.0017432093828967936,0.0,0.013250062953741816,0.013250062953741816,0.013250066093573378,1.6367929234206713e-08,3.139831561416173e-09
1515,D_phi,0.27499999999999997,0.05717164244428043,0.04353874239476708,0.0017946888375671652,0.0,0.013407149540909453,0.013407149540909453,0.013407153028606964,1.6578791117716207e-08,3.487697511003751e-09
1515,D_phi,0.32,0.05777853677832935,0.043978250374503064,0.0018472663060238573,0.0,0.013566271191410954,0.013566271191410954,0.013566274663444853,1.6792324475378706e-08,3.4720338982358045e-09
1515,D_phi,0.365,0.05839263785625787,0.04442213243218497,0.0019009675363958077,0.0,0.013727454045630541,0.013727454045630541,0.013727457218836921,1.7008794719886033e-08,3.17320637995e-09
1515,D_phi,0.41,0.05901403901598033,0.04487043338757467,0.0019558185285721906,0.0,0.013890723765168651,0.013890723765168651,0.013890727264331467,1.7228311138817176e-08,3.4991628154040777e-09
1515,D_phi,0.45499999999999996,0.05964283479896,0.04532320199101572,0.0020118429896848113,0.0,0.014056108237072526,0.014056108237072526,0.014056111722932247,1.745067770841935e-08,3.4858597206671726e-09
1515,D_phi,0.49999999999999994,0.060279120966256754,0.04578048428696471,0.0020690674038770698,0.0,0.01422363441556036,0.01422363441556036,0.014223637876808977,1.7675971788685962e-08,3.4612486175811252e-09
1515,D_phi,0.545,0.060922994514831866,0.04624232765248931,0.0021275181555893154,0.0,0.01439332993839361,0.01439332993839361,0.01439333337383031,1.790424024317172e-08,3.43543670074109e-09
1515,D_phi,0.5900000000000001,0.061574553694125594,0.04670877997931641,0.002187222111086486,0.0,0.014565222827178037,0.014565222827178037,0.014565226232799733,1.8135623558457326e-08,3.405621696109251e-09
1515,D_phi,0.635,0.06223389802290798,0.04717988968563604,0.0022482066214857257,0.0,0.014739341494833998,0.014739341494833998,0.01473934485052146,1.837150986894187e-08,3.3556874622781008e-09
1515,D_phi,0.68,0.06290112830640857,0.04765570551131072,0.0023104997266381066,0.0,0.014915714598606983,0.014915714598606983,0.014915718007480608,1.86078090436137e-08,3.4088736243498285e-09
1515,D_phi,0.725,0.0635763466537309,0.048136274340058315,0.0023741320325693428,0.0,0.015094369752557936,0.015094369752557936,0.015094374874198555,1.884942341101592e-08,5.121640618555023e-09
1515,D_phi,0.77,0.06425965649554022,0.04862165159352831,0.002439127755075204,0.0,0.015275339825971108,0.015275339825971108,0.015275345017110364,1.9092795400244e-08,5.191139256302546e-09
1515,D_phi,0.8150000000000001,0.06495116260207182,0.04911188538030107,0.00250551833091514,0.0,0.015458653446814633,0.015458653446814633,0.015458658406874631,1.9340385543076266e-08,4.96005999814364e-09
1515,D_phi,0.86,0.06565097110140825,0.04960702623285969,0.0025733341667944828,0.0,0.015644340716527108,0.015644340716527108,0.015644345423572098,1.959154435904331e-08,4.707044989893383e-09
1515,D_phi,0.905,0.06635918949806868,0.050107125636969146,0.002642605852256826,0.0,0.01583243241994501,0.01583243241994501,0.01583243686315501,1.984594155679531e-08,4.443210001314757e-09
1515,D_phi,0.95,0.06707592669190277,0.05061223567105436,0.002713364513054522,0.0,0.016022959762867817,0.016022959762867817,0.016022963945185723,2.0103462644582848e-08,4.182317905193633e-09
1515,D_gamma,0.05,0.06027912096625679,0.045780484286925126,0.0020690674039074704,0.0,0.0,0.0,0.0,0.0,0.0
1515,D_gamma,0.095,0.06027912096625679,0.045780484286925126,0.0020690674039074704,0.0,0.0,0.0,0.0,0.0,0.0
1515,D_gamma,0.14,0.06027912096625679,0.045780484286925126,0.0020690674039074704,0.0,0.0,0.0,0.0,0.0,0.0
1515,D_gamma,0.185,0.06027912096625679,0.045780484286925126,0.0020690674039074704,0.0,0.0,0.0,0.0,0.0,0.0
1515,D_gamma,0.22999999999999998,0.06027912096625679,0.045780484286925126,0.0020690674039074704,0.0,0.0,0.0,0.0,0.0,0.0
1515,D_gamma,0.27499999999999997,0.06027912096625679,0.045780484286925126,0.0020690674039074704,0.0,0.0,0.0,0.0,0.0,0.0
1515,D_gamma,0.32,0.06027912096625679,0.045780484286925126,0.0020690674039074704,0.0,0.0,0.0,0.0,0.0,0.0
1515,D_gamma,0.365,0.06027912096625679,0.045780484286925126,0.0020690674039074704,0.0,0.0,0.0,0.0,0.0,0.0
1515,D_gamma,0.41,0.06027912096625679,0.045780484286925126,0.0020690674039074704,0.0,0.0,0.0,0.0,0.0,0.0
1515,D_gamma,0.45499999999999996,0.06027912096625679,0.045780484286925126,0.0020690674039074704,0.0,0.0,0.0,0.0,0.0,0.0
1515,D_gamma,0.49999999999999994,0.06027912096625679,0.045780484286925126,0.0020690674039074704,0.0,0.0,0.0,0.0,0.0,0.0
1515,D_gamma,0.545,0.06027912096625679,0.045780484286925126,0.0020690674039074704,0.0,0.0,0.0,0.0,0.0,0.0
1515,D_gamma,0.5900000000000001,0.06027912096625679,0.045780484286925126,0.0020690674039074704,0.0,0.0,0.0,0.0,0.0,0.0
1515,D_gamma,0.635,0.06027912096625679,0.045780484286925126,0.0020690674039074704,0.0,0.0,0.0,0.0,0.0,0.0
1515,D_gamma,0.68,0.06027912096625679,0.045780484286925126,0.0020690674039074704,0.0,0.0,0.0,0.0,0.0,0.0
1515,D_gamma,0.725,0.06027912096625679,0.045780484286925126,0.0020690674039074704,0.0,0.0,0.0,0.0,0.0,0.0
1515,D_gamma,0.77,0.06027912096625679,0.045780484286925126,0.0020690674039074704,0.0,0.0,0.0,0.0,0.0,0.0
1515,D_gamma,0.8150000000000001,0.06027912096625679,0.045780484286925126,0.0020690674039074704,0.0,0.0,0.0,0.0,0.0,0.0
1515,D_gamma,0.86,0.06027912096625679,0.045780484286925126,0.0020690674039074704,0.0,0.0,0.0,0.0,0.0,0.0
1515,D_gamma,0.905,0.06027912096625679,0.045780484286925126,0.0020690674039074704,0.0,0.0,0.0,0.0,0.0,0.0
1515,D_gamma,0.95,0.06027912096625679,0.045780484286925126,0.0020690674039074704,0.0,0.0,0.0,0.0,0.0,0.0
1515,D_phi+gamma,0.05,0.05367872364841424,0.040993949071568725,0.0021241238887239134,0.0014868867221067383,0.012265626040373914,0.013752512762480653,0.01375252323868852,6.640634328015926e-08,1.0476207866483289e-08
1515,D_phi+gamma,0.095,0.05430128635391397,0.04145047608560523,0.002095582882697439,0.0014669080178882062,0.012451293605260904,0.01391820162314911,0.013918212696725414,5.782576433487063e-08,1.1073576304185262e-08
1515,D_phi+gamma,0.14,0.05493146869847573,0.0419115136508948,0.0020746187134900993,0.0014522330994430684,0.012638783758318334,0.014091016857761403,0.014091024038928925,5.1760565278335946e-08,7.181167521741472e-09
1515,D_phi+gamma,0.185,0.05556957326988353,0.04237725500849658,0.002059874911531917,0.0014419124380723406,0.012828285954006133,0.014270198392078473,0.014270204907143926,4.740727151120172e-08,6.515065452405988e-09
1515,D_phi+gamma,0.22999999999999998,0.056215873891769394,0.042847853804490806,0.0020503388489869346,0.0014352371942908532,0.01301997266569356,0.014455209859984414,0.014455215937717198,4.4254309591873486e-08,6.0777327840627615e-09
1515,D_phi+gamma,0.27499999999999997,0.05687062366415995,0.043323448951313154,0.00204523758741465,0.001431666311190254,0.013213994969533316,0.01464566128072357,0.014645666825553726,4.196636718689639e-08,5.54483015578755e-09
1515,D_phi+gamma,0.32,0.05753406066220297,0.04380417050736772,0.0020439665982589163,0.0014307766187812404,0.013410491960876096,0.014841268579657335,0.014841274348757053,4.0311677954041336e-08,5.769099717042869e-09
1515,D_phi+gamma,0.365,0.05820641207593681,0.044290128648159524,0.0020460579379397723,0.0014322405565578395,0.013609587926401462,0.015041828482959301,0.015041834003452582,3.9135854973393336e-08,5.520493281258032e-09
1515,D_phi+gamma,0.41,0.058887897283811295,0.04478143399678271,0.0020511313494943843,0.001435791944646068,0.013811402965842805,0.015247194910488874,0.015247200345582648,3.832501538347799e-08,5.435093774347477e-09
1515,D_phi+gamma,0.45499999999999996,0.05957873017969661,0.04527818719233152,0.002058883438246806,0.0014412184067727632,0.014016049271607937,0.015457267678380699,0.01545727307857516,3.7798768975916275e-08,5.400194461741004e-09
1515,D_phi+gamma,0.49999999999999994,0.060279120966256754,0.04578048428696471,0.0020690674038770698,0.0014483471827139477,0.01422363441556036,0.015671981598274307,0.015671987002582148,3.7496935029190936e-08,5.404307841516687e-09
1515,D_phi+gamma,0.545,0.060989277559853866,0.04628841733167717,0.0020814813320756405,0.0014570369324529472,0.014434262260919262,0.015891299193372208,0.015891304634660187,3.737533442460528e-08,5.441287979218723e-09
1515,D_phi+gamma,0.5900000000000001,0.06170940670798125,0.046802075186177246,0.0020959590813344363,0.001467171356934104,0.014648033844469537,0.01611520520140364,0.01611521070430734,3.73998554348276e-08,5.502903698689776e-09
1515,D_phi+gamma,0.635,0.062439714890826024,0.04732154106202545,0.002112365592607525,0.0014786559148252663,0.01486504630161476,0.016343702216440027,0.01634370798958734,3.754349851836647e-08,5.77314731436962e-09
1515,D_phi+gamma,0.68,0.06318040905853484,0.04784690476480723,0.002130582285643811,0.0014914075999506663,0.01508540136450889,0.016576808964459556,0.01657681412782218,3.779127011327432e-08,5.163362622878642e-09
1515,D_phi+gamma,0.725,0.06393169724199207,0.04837825055725463,0.0021505155639098285,0.0015053608947368786,0.015309192576674277,0.016814553471411156,0.0168145591465267,3.812217277965324e-08,5.675115544168108e-09
1515,D_phi+gamma,0.77,0.06469378906504787,0.04891565201956629,0.00217209057255242,0.001520463400786693,0.015536514205190132,0.017056977605976825,0.017056983527932362,3.85251310019985e-08,5.92195553705821e-09
1515,D_phi+gamma,0.8150000000000001,0.0654668961792524,0.04945919357263193,0.0021952398951136246,0.001536667926579536,0.015767462436652172,0.01730413036323171,0.017304136679674786,3.899054204503649e-08,6.316443076914702e-09
1515,D_phi+gamma,0.86,0.06625123263711613,0.05000895911123211,0.0022199068877895405,0.001553934821452677,0.016002134882909826,0.017556069704362503,0.01755607572022365,3.9512383642748006e-08,6.015861146041468e-09
1515,D_phi+gamma,0.905,0.06704701521616764,0.05056502080438707,0.002246051768890897,0.0015722362382236267,0.016240621653414177,0.017812857891637803,0.01781286449433239,4.008222434515041e-08,6.602694585522428e-09
1515,D_phi+gamma,0.95,0.06785446370331408,0.05112746184099795,0.0022736353671769455,0.0015915447570238606,0.01648302083053111,0.01807456558755497,0.01807457278686397,4.069372755433065e-08,7.199308999644716e-09
1616,D0,0.05,0.060010709096509865,0.04567876325519952,0.0019419180089670386,0.0,0.0,0.0,0.0,0.0,0.0
1616,D0,0.095,0.060010709096509865,0.04567876325519952,0.0019419180089670386,0.0,0.0,0.0,0.0,0.0,0.0
1616,D0,0.14,0.060010709096509865,0.04567876325519952,0.0019419180089670386,0.0,0.0,0.0,0.0,0.0,0.0
1616,D0,0.185,0.060010709096509865,0.04567876325519952,0.0019419180089670386,0.0,0.0,0.0,0.0,0.0,0.0
1616,D0,0.22999999999999998,0.060010709096509865,0.04567876325519952,0.0019419180089670386,0.0,0.0,0.0,0.0,0.0,0.0
1616,D0,0.27499999999999997,0.060010709096509865,0.04567876325519952,0.0019419180089670386,0.0,0.0,0.0,0.0,0.0,0.0
1616,D0,0.32,0.060010709096509865,0.04567876325519952,0.0019419180089670386,0.0,0.0,0.0,0.0,0.0,0.0
1616,D0,0.365,0.060010709096509865,0.04567876325519952,0.0019419180089670386,0.0,0.0,0.0,0.0,0.0,0.0
1616,D0,0.41,0.060010709096509865,0.04567876325519952,0.0019419180089670386,0.0,0.0,0.0,0.0,0.0,0.0
1616,D0,0.45499999999999996,0.060010709096509865,0.04567876325519952,0.0019419180089670386,0.0,0.0,0.0,0.0,0.0,0.0
1616,D0,0.49999999999999994,0.060010709096509865,0.04567876325519952,0.0019419180089670386,0.0,0.0,0.0,0.0,0.0,0.0
1616,D0,0.545,0.060010709096509865,0.04567876325519952,0.0019419180089670386,0.0,0.0,0.0,0.0,0.0,0.0
1616,D0,0.5900000000000001,0.060010709096509865,0.04567876325519952,0.0019419180089670386,0.0,0.0,0.0,0.0,0.0,0.0
1616,D0,0.635,0.060010709096509865,0.04567876325519952,0.0019419180089670386,0.0,0.0,0.0,0.0,0.0,0.0
1616,D0,0.68,0.060010709096509865,0.04567876325519952,0.0019419180089670386,0.0,0.0,0.0,0.0,0.0,0.0
1616,D0,0.725,0.060010709096509865,0.04567876325519952,0.0019419180089670386,0.0,0.0,0.0,0.0,0.0,0.0
1616,D0,0.77,0.060010709096509865,0.04567876325519952,0.0019419180089670386,0.0,0.0,0.0,0.0,0.0,0.0
1616,D0,0.8150000000000001,0.060010709096509865,0.04567876325519952,0.0019419180089670386,0.0,0.0,0.0,0.0,0.0,0.0
1616,D0,0.86,0.060010709096509865,0.04567876325519952,0.0019419180089670386,0.0,0.0,0.0,0.0,0.0,0.0
1616,D0,0.905,0.060010709096509865,0.04567876325519952,0.0019419180089670386,0.0,0.0,0.0,0.0,0.0,0.0
1616,D0,0.95,0.060010709096509865,0.04567876325519952,0.0019419180089670386,0.0,0.0,0.0,0.0,0.0,0.0
1616,D_phi,0.05,0.054062790101392935,0.041329791908072795,0.0014656063522108325,0.0,0.012472498682686139,0.012472498682686139,0.0124725010236415,1.4478864643688305e-08,2.34095536184864e-09
1616,D_phi,0.095,0.05462728143918543,0.041745646041731886,0.0015091764409311801,0.0,0.012616301982733323,0.012616301982733323,0.012616305133917271,1.465691181271045e-08,3.151183947461278e-09
1616,D_phi,0.14,0.05519828435241456,0.04216561560613243,0.0015536000765581618,0.0,0.012761904879432205,0.012761904879432205,0.01276190806608154,1.4834925649021002e-08,3.186649335032432e-09
1616,D_phi,0.185,0.05577588028118334,0.04258974110573534,0.0015988964317676377,0.0,0.012909328614539145,0.012909328614539145,0.012909331781470698,1.5018192245364048e-08,3.166931553805208e-09
1616,D_phi,0.22999999999999998,0.05636015165981492,0.04301806579701256,0.0016450836075244703,0.0,0.013058595228169082,0.013058595228169082,0.013058598507801633,1.5200975894691382e-08,3.2796325516448732e-09
1616,D_phi,0.27499999999999997,0.05695118192908037,0.04345063516445959,0.0016921789814744643,0.0,0.013209727353255983,0.013209727353255983,0.013209730748193158,1.5384555435149494e-08,3.3949371751329505e-09
1616,D_phi,0.32,0.057549055548627145,0.04388749806076627,0.0017401995002666564,0.0,0.013362746829209026,0.013362746829209026,0.013362751284265959,1.5575880168983147e-08,4.455056932736734e-09
1616,D_phi,0.365,0.058153858009617206,0.044328693356395735,0.001789164884539499,0.0,0.0135176799439649,0.0135176799439649,0.013517683180082328,1.5763613331332138e-08,3.2361174278489058e-09
1616,D_phi,0.41,0.05876567584755487,0.04477427205484574,0.0018390936936490557,0.0,0.01367454661481315,0.01367454661481315,0.01367454978757498,1.59567716678799e-08,3.1727618310384287e-09
1616,D_phi,0.45499999999999996,0.05938459665533795,0.04522427872569031,0.0018900055429268846,0.0,0.013833371269926419,0.013833371269926419,0.013833374750845522,1.615188677250856e-08,3.4809191033075004e-09
1616,D_phi,0.49999999999999994,0.06001070909650984,0.04567876325525421,0.0019419180089280846,0.0,0.013994178634743263,0.013994178634743263,0.01399418201083915,1.6349165420787015e-08,3.376095887228092e-09
1616,D_phi,0.545,0.06064410291873881,0.046137771815186385,0.001994851873976625,0.0,0.014156992451918687,0.014156992451918687,0.0141569958107367,1.6549260226095264e-08,3.3588180136517876e-09
1616,D_phi,0.5900000000000001,0.06128486896749936,0.04660135351384386,0.0020488265749884662,0.0,0.014321837542233061,0.014321837542233061,0.014321840699743614,1.6751896744771066e-08,3.1575105533671044e-09
1616,D_phi,0.635,0.06193309919998391,0.04706955602022865,0.002103863365349373,0.0,0.014488738242367523,0.014488738242367523,0.014488741538948116,1.695703889803557e-08,3.296580593573073e-09
1616,D_phi,0.68,0.06258888669922887,0.04754243034663272,0.0021599816609685243,0.0,0.014657720418991684,0.014657720418991684,0.014657723505885609,1.7165122795370635e-08,3.086893924503231e-09
1616,D_phi,0.725,0.06325232568847303,0.04802002456994352,0.0022172038908909696,0.0,0.014828808803655674,0.014828808803655674,0.014828812099186559,1.7375121480478484e-08,3.295530884642184e-09
1616,D_phi,0.77,0.06392351154573438,0.04850239139027891,0.0022755498218752657,0.0,0.015002029948381462,0.015002029948381462,0.01500203314540488,1.7588344669583478e-08,3.1970234185690893e-09
1616,D_phi,0.8150000000000001,0.06460254081862539,0.04898958053145826,0.002335042081302852,0.0,0.015177409596813062,0.015177409596813062,0.015177412799747048,1.7805858870678648e-08,3.2029339857436723e-09
1616,D_phi,0.86,0.06528951123939736,0.04948164048216468,0.0023957056356221766,0.0,0.015354972208265724,0.015354972208265724,0.015354977557646338,1.8023239151121473e-08,5.349380613819954e-09
1616,D_phi,0.905,0.0659845217402006,0.0499786309578344,0.0024575560993682897,0.0,0.015534749160829869,0.015534749160829869,0.015534754256403882,1.8244559335522936e-08,5.095574013083692e-09
1616,D_phi,0.95,0.06668767246862865,0.05048060061125231,0.0025206198702979483,0.0,0.015716765257069113,0.015716765257069113,0.01571677007757842,1.846875916089452e-08,4.820509307695842e-09
1616,D_gamma,0.05,0.060010709096509865,0.04567876325519952,0.0019419180089670386,0.0,0.0,0.0,0.0,0.0,0.0
1616,D_gamma,0.095,0.060010709096509865,0.04567876325519952,0.0019419180089670386,0.0,0.0,0.0,0.0,0.0,0.0
1616,D_gamma,0.14,0.060010709096509865,0.04567876325519952,0.0019419180089670386,0.0,0.0,0.0,0.0,0.0,0.0
1616,D_gamma,0.185,0.060010709096509865,0.04567876325519952,0.0019419180089670386,0.0,0.0,0.0,0.0,0.0,0.0
1616,D_gamma,0.22999999999999998,0.060010709096509865,0.04567876325519952,0.0019419180089670386,0.0,0.0,0.0,0.0,0.0,0.0
1616,D_gamma,0.27499999999999997,0.060010709096509865,0.04567876325519952,0.0019419180089670386,0.0,0.0,0.0,0.0,0.0,0.0
1616,D_gamma,0.32,0.060010709096509865,0.04567876325519952,0.0019419180089670386,0.0,0.0,0.0,0.0,0.0,0.0
1616,D_gamma,0.365,0.060010709096509865,0.04567876325519952,0.0019419180089670386,0.0,0.0,0.0,0.0,0.0,0.0
1616,D_gamma,0.41,0.060010709096509865,0.04567876325519952,0.0019419180089670386,0.0,0.0,0.0,0.0,0.0,0.0
1616,D_gamma,0.45499999999999996,0.060010709096509865,0.04567876325519952,0.0019419180089670386,0.0,0.0,0.0,0.0,0.0,0.0
1616,D_gamma,0.49999999999999994,0.060010709096509865,0.04567876325519952,0.0019419180089670386,0.0,0.0,0.0,0.0,0.0,0.0
1616,D_gamma,0.545,0.060010709096509865,0.04567876325519952,0.0019419180089670386,0.0,0.0,0.0,0.0,0.0,0.0
1616,D_gamma,0.5900000000000001,0.060010709096509865,0.04567876325519952,0.0019419180089670386,0.0,0.0,0.0,0.0,0.0,0.0
1616,D_gamma,0.635,0.060010709096509865,0.04567876325519952,0.0019419180089670386,0.0,0.0,0.0,0.0,0.0,0.0
1616,D_gamma,0.68,0.060010709096509865,0.04567876325519952,0.0019419180089670386,0.0,0.0,0.0,0.0,0.0,0.0
1616,D_gamma,0.725,0.060010709096509865,0.04567876325519952,0.0019419180089670386,0.0,0.0,0.0,0.0,0.0,0.0
1616,D_gamma,0.77,0.060010709096509865,0.04567876325519952,0.0019419180089670386,0.0,0.0,0.0,0.0,0.0,0.0
1616,D_gamma,0.8150000000000001,0.060010709096509865,0.04567876325519952,0.0019419180089670386,0.0,0.0,0.0,0.0,0.0,0.0
1616,D_gamma,0.86,0.060010709096509865,0.04567876325519952,0.0019419180089670386,0.0,0.0,0.0,0.0,0.0,0.0
1616,D_gamma,0.905,0.060010709096509865,0.04567876325519952,0.0019419180089670386,0.0,0.0,0.0,0.0,0.0,0.0
1616,D_gamma,0.95,0.060010709096509865,0.04567876325519952,0.0019419180089670386,0.0,0.0,0.0,0.0,0.0,0.0
1616,D_phi+gamma,0.05,0.05352771561938531,0.0409298643690446,0.002023241552667107,0.0014162690868669734,0.012123848400146244,0.013540117487013217,0.013540125916857052,6.194279326444951e-08,8.429843835131012e-09
1616,D_phi+gamma,0.095,0.05414053794646883,0.04138275281471299,0.00199354027902954,0.0013954781953206769,0.012302126247329357,0.013697604442650033,0.013697613575665105,5.35208304949103e-08,9.133015071646766e-09
1616,D_phi+gamma,0.14,0.05476059887176252,0.041840122031169664,0.0019710178993314884,0.0013797125295320408,0.01248197500861754,0.013861687538149581,0.013861693831859744,4.752260460150204e-08,6.293710162405541e-09
1616,D_phi+gamma,0.185,0.05538817739182324,0.04230216040663765,0.0019543681443357076,0.0013680577010349942,0.012663559432466484,0.014031617133501479,0.014031622820319898,4.317222829230971e-08,5.686818418948469e-09
1616,D_phi+gamma,0.22999999999999998,0.05602352393247294,0.04276902480915846,0.0019426037404242464,0.0013598226182969715,0.012847033853301796,0.014206856471598767,0.014206861733674104,3.997569497649067e-08,5.262075336229244e-09
1616,D_phi+gamma,0.27499999999999997,0.05666686808463298,0.04324085805244357,0.0019349695529385824,0.0013544786870570067,0.013032531167538098,0.014387009854595104,0.01438701505604797,3.760804861974165e-08,5.201452865644107e-09
1616,D_phi+gamma,0.32,0.05731842407778964,0.04371778759187458,0.0019308795818969687,0.0013516157073278768,0.013220169303814814,0.014571785011142691,0.014571790013014745,3.5848835011620395e-08,5.00187205369762e-09
1616,D_phi+gamma,0.365,0.05797839474732122,0.04419993323121956,0.0019298683128607477,0.0013509078190025222,0.013410056673030933,0.014760964492033455,0.014760969164334309,3.454506403155477e-08,4.672300853506006e-09
1616,D_phi+gamma,0.41,0.05864697447176533,0.044687407881376845,0.0019315627576372283,0.0013520939303460586,0.013602292955049588,0.014954386885395647,0.01495439141842475,3.3588631181968864e-08,4.533029103123698e-09
1616,D_phi+gamma,0.45499999999999996,0.059324351388913156,0.04518031737823284,0.001935661539644802,0.00135496307775136,0.01379697104234033,0.01515193412009169,0.015151938587637165,3.290072728145965e-08,4.467545474187706e-09
1616,D_phi+gamma,0.49999999999999994,0.06001070909650984,0.04567876325525421,0.0019419180089280846,0.001359342606249658,0.013994178634743263,0.01535352124099292,0.015353525686032581,3.2424199747013716e-08,4.4450396610024034e-09
1616,D_phi+gamma,0.545,0.06070622797787243,0.0461828436241495,0.0019501286349559225,0.0013650900444691447,0.014193999301391777,0.015559089345860921,0.015559093804306035,3.211581452167156e-08,4.4584451130980085e-09
1616,D_phi+gamma,0.5900000000000001,0.06141108625008948,0.04669265451044971,0.001960123847155857,0.001372086693009099,0.01439651354794343,0.01576860024095253,0.01576860479985917,3.194360990999012e-08,4.558906641083382e-09
1616,D_phi+gamma,0.635,0.06212546080405338,0.047208288248423665,0.001971762850869853,0.001380233995608896,0.014601798667472299,0.015982032663081194,0.01598203728335952,3.1882593440335505e-08,4.620278326594729e-09
1616,D_phi+gamma,0.68,0.0628495278862404,0.04772983677337542,0.001984926538685082,0.0013894485770795562,0.014809930297855513,0.01619937887493507,0.016199383549887744,3.1913222064972047e-08,4.674952674976751e-09
1616,D_phi+gamma,0.725,0.06358346365878574,0.048257391585066235,0.001999516395531412,0.0013996614768719874,0.01502097771215836,0.016420639189030348,0.016420647202557828,3.201999221325025e-08,8.013527480477123e-09
1616,D_phi+gamma,0.77,0.06432744466493186,0.0487910379104674,0.0020154421882070546,0.0014108095317449372,0.015235027116288975,0.016645836648033912,0.016645841299474023,3.219095892625923e-08,4.651440111552718e-09
1616,D_phi+gamma,0.8150000000000001,0.06508164822028145,0.049330869905417137,0.0020326363134169165,0.0014228454193918405,0.015452136606624225,0.016874982026016064,0.016874986890095034,3.2420661988386e-08,4.86407896946317e-09
1616,D_phi+gamma,0.86,0.06584625274521635,0.04987697916979438,0.002051032731718392,0.0014357229122028733,0.015672384053054808,0.01710810696525768,0.01710811185122034,3.2696304691492983e-08,4.885962658768284e-09
1616,D_phi+gamma,0.905,0.06662143805050866,0.0504294450029301,0.002070584366054571,0.0014494090562381988,0.01589583562747588,0.01734524468371408,0.017345249961135664,3.3015723488460935e-08,5.277421583071984e-09
1616,D_phi+gamma,0.95,0.06740738558518952,0.05098836603654522,0.002091240465959892,0.0014638683261719234,0.01612256652551525,0.017586434851687174,0.01758644013898773,3.336924556118781e-08,5.287300555711916e-09
1717,D0,0.05,0.06004376709970003,0.045693812113554215,0.001954071549446173,0.0,0.0,0.0,0.0,0.0,0.0
1717,D0,0.095,0.06004376709970003,0.045693812113554215,0.001954071549446173,0.0,0.0,0.0,0.0,0.0,0.0
1717,D0,0.14,0.06004376709970003,0.045693812113554215,0.001954071549446173,0.0,0.0,0.0,0.0,0.0,0.0
1717,D0,0.185,0.06004376709970003,0.045693812113554215,0.001954071549446173,0.0,0.0,0.0,0.0,0.0,0.0
1717,D0,0.22999999999999998,0.06004376709970003,0.045693812113554215,0.001954071549446173,0.0,0.0,0.0,0.0,0.0,0.0
1717,D0,0.27499999999999997,0.06004376709970003,0.045693812113554215,0.001954071549446173,0.0,0.0,0.0,0.0,0.0,0.0
1717,D0,0.32,0.06004376709970003,0.045693812113554215,0.001954071549446173,0.0,0.0,0.0,0.0,0.0,0.0
1717,D0,0.365,0.06004376709970003,0.045693812113554215,0.001954071549446173,0.0,0.0,0.0,0.0,0.0,0.0
1717,D0,0.41,0.06004376709970003,0.045693812113554215,0.001954071549446173,0.0,0.0,0.0,0.0,0.0,0.0
1717,D0,0.45499999999999996,0.06004376709970003,0.045693812113554215,0.001954071549446173,0.0,0.0,0.0,0.0,0.0,0.0
1717,D0,0.49999999999999994,0.06004376709970003,0.045693812113554215,0.001954071549446173,0.0,0.0,0.0,0.0,0.0,0.0
1717,D0,0.545,0.06004376709970003,0.045693812113554215,0.001954071549446173,0.0,0.0,0.0,0.0,0.0,0.0
1717,D0,0.5900000000000001,0.06004376709970003,0.045693812113554215,0.001954071549446173,0.0,0.0,0.0,0.0,0.0,0.0
1717,D0,0.635,0.06004376709970003,0.045693812113554215,0.001954071549446173,0.0,0.0,0.0,0.0,0.0,0.0
1717,D0,0.68,0.06004376709970003,0.045693812113554215,0.001954071549446173,0.0,0.0,0.0,0.0,0.0,0.0
1717,D0,0.725,0.06004376709970003,0.045693812113554215,0.001954071549446173,0.0,0.0,0.0,0.0,0.0,0.0
1717,D0,0.77,0.06004376709970003,0.045693812113554215,0.001954071549446173,0.0,0.0,0.0,0.0,0.0,0.0
1717,D0,0.8150000000000001,0.06004376709970003,0.045693812113554215,0.001954071549446173,0.0,0.0,0.0,0.0,0.0,0.0
1717,D0,0.86,0.06004376709970003,0.045693812113554215,0.001954071549446173,0.0,0.0,0.0,0.0,0.0,0.0
1717,D0,0.905,0.06004376709970003,0.045693812113554215,0.001954071549446173,0.0,0.0,0.0,0.0,0.0,0.0
1717,D0,0.95,0.06004376709970003,0.045693812113554215,0.001954071549446173,0.0,0.0,0.0,0.0,0.0,0.0
1717,D_phi,0.05,0.05408532490196633,0.04134046221276076,0.0014742643202916993,0.0,0.012492822092794703,0.012492822092794703,0.012492824448891852,1.4569377657439042e-08,2.356097148978331e-09
1717,D_phi,0.095,0.05465074382038577,0.041756708492720764,0.0015181461461997313,0.0,0.012637206941120735,0.012637206941120735,0.012637209344274782,1.47458424117064e-08,2.4031540472868596e-09
1717,D_phi,0.14,0.055222700694072084,0.042177073064254826,0.0015628937311854773,0.0,0.012783400606228871,0.012783400606228871,0.012783403948830515,1.4925643360141905e-08,3.3426016433912853e-09
1717,D_phi,0.185,0.05580127745580739,0.042601609253759394,0.0016085187664983457,0.0,0.012931427163768086,0.012931427163768086,0.012931430347000611,1.5107588791085647e-08,3.18323252479491e-09
1717,D_phi,0.22999999999999998,0.05638655703818808,0.04303035541882381,0.0016550424241381276,0.0,0.013081307845331028,0.013081307845331028,0.013081310890791427,1.529197254934722e-08,3.045460399489497e-09
1717,D_phi,0.27499999999999997,0.05697862338586708,0.04346335748621004,0.0017024820637922078,0.0,0.01323306542265552,0.01323306542265552,0.013233068208682088,1.5477470693969764e-08,2.7860265674334306e-09
1717,D_phi,0.32,0.057577561468034354,0.04390066468489312,0.001750854423675043,0.0,0.013386722225958762,0.013386722225958762,0.013386725208578027,1.5667373648442506e-08,2.98261926441612e-09
1717,D_phi,0.365,0.05818345729108795,0.044342310060066774,0.0018001837919076704,0.0,0.013542302212328048,0.013542302212328048,0.013542305082107723,1.5858849650163265e-08,2.8697796743137882e-09
1717,D_phi,0.41,0.058796397911519645,0.0447883531880494,0.0018504831071862059,0.0,0.013699828120220723,0.013699828120220723,0.013699831308565379,1.605317823116792e-08,3.1883446559993756e-09
1717,D_phi,0.45499999999999996,0.05941647144900319,0.04523883767886618,0.0019017727882528757,0.0,0.013859324261553648,0.013859324261553648,0.013859327661677386,1.624859830018366e-08,3.4001237381175997e-09
1717,D_phi,0.49999999999999994,0.06004376709970051,0.04569381164568958,0.0019540718942945667,0.0,0.01402081482766071,0.01402081482766071,0.01402081821291231,1.6447445832373786e-08,3.3852515998744614e-09
1717,D_phi,0.545,0.06067837514978265,0.04615332252636804,0.002007400609842344,0.0,0.01418432396980156,0.01418432396980156,0.01418432733633015,1.6648361855775562e-08,3.3665285888856422e-09
1717,D_phi,0.5900000000000001,0.06132038698916584,0.04661741876098286,0.002061779131710375,0.0,0.014349876278504353,0.014349876278504353,0.014349879713977306,1.6852085699126107e-08,3.435472952992291e-09
1717,D_phi,0.635,0.061969895125469035,0.047086150050639576,0.0021172274431944626,0.0,0.014517496938842724,0.014517496938842724,0.014517500340490383,1.7058634366184933e-08,3.4016476597314993e-09
1717,D_phi,0.68,0.06262699319819634,0.04755956618092283,0.0021737660957202596,0.0,0.014687211432786156,0.014687211432786156,0.014687214528266351,1.7264893681367965e-08,3.095480195086653e-09
1717,D_phi,0.725,0.06329177599314328,0.04803771649399825,0.0022314170686471005,0.0,0.014859044641160108,0.014859044641160108,0.014859047911460949,1.7478956476635332e-08,3.2703008408935252e-09
1717,D_phi,0.77,0.06396433945702946,0.04852065303403446,0.002290200654271467,0.0,0.01503302324824705,0.01503302324824705,0.015033026453636203,1.7692957515746954e-08,3.20538915375701e-09
1717,D_phi,0.8150000000000001,0.06464478071236517,0.049008426359405624,0.0023501392258171395,0.0,0.015209173172332573,0.015209173172332573,0.01520917644924831,1.791012546603632e-08,3.2769157370243773e-09
1717,D_phi,0.86,0.06533319807255146,0.04950108573962512,0.002411257399847654,0.0,0.01538751922827681,0.01538751922827681,0.015387524533779631,1.81297546419934e-08,5.305502821795205e-09
1717,D_phi,0.905,0.06602969105719493,0.04999869157463401,0.002473570467380609,0.0,0.015568093168786533,0.015568093168786533,0.015568097682555265,1.8353343844701442e-08,4.513768732047896e-09
1717,D_phi,0.95,0.06673436040771191,0.05050129008987928,0.0025371072293718156,0.0,0.015750918447404543,0.015750918447404543,0.01575092322159964,1.8577162724797702e-08,4.774195098283807e-09
1717,D_gamma,0.05,0.06004376709970003,0.045693812113554215,0.001954071549446173,0.0,0.0,0.0,0.0,0.0,0.0
1717,D_gamma,0.095,0.06004376709970003,0.045693812113554215,0.001954071549446173,0.0,0.0,0.0,0.0,0.0,0.0
1717,D_gamma,0.14,0.06004376709970003,0.045693812113554215,0.001954071549446173,0.0,0.0,0.0,0.0,0.0,0.0
1717,D_gamma,0.185,0.06004376709970003,0.045693812113554215,0.001954071549446173,0.0,0.0,0.0,0.0,0.0,0.0
1717,D_gamma,0.22999999999999998,0.06004376709970003,0.045693812113554215,0.001954071549446173,0.0,0.0,0.0,0.0,0.0,0.0
1717,D_gamma,0.27499999999999997,0.06004376709970003,0.045693812113554215,0.001954071549446173,0.0,0.0,0.0,0.0,0.0,0.0
1717,D_gamma,0.32,0.06004376709970003,0.045693812113554215,0.001954071549446173,0.0,0.0,0.0,0.0,0.0,0.0
1717,D_gamma,0.365,0.06004376709970003,0.045693812113554215,0.001954071549446173,0.0,0.0,0.0,0.0,0.0,0.0
1717,D_gamma,0.41,0.06004376709970003,0.045693812113554215,0.001954071549446173,0.0,0.0,0.0,0.0,0.0,0.0
1717,D_gamma,0.45499999999999996,0.06004376709970003,0.045693812113554215,0.001954071549446173,0.0,0.0,0.0,0.0,0.0,0.0
1717,D_gamma,0.49999999999999994,0.06004376709970003,0.045693812113554215,0.001954071549446173,0.0,0.0,0.0,0.0,0.0,0.0
1717,D_gamma,0.545,0.06004376709970003,0.045693812113554215,0.001954071549446173,0.0,0.0,0.0,0.0,0.0,0.0
1717,D_gamma,0.5900000000000001,0.06004376709970003,0.045693812113554215,0.001954071549446173,0.0,0.0,0.0,0.0,0.0,0.0
1717,D_gamma,0.635,0.06004376709970003,0.045693812113554215,0.001954071549446173,0.0,0.0,0.0,0.0,0.0,0.0
1717,D_gamma,0.68,0.06004376709970003,0.045693812113554215,0.001954071549446173,0.0,0.0,0.0,0.0,0.0,0.0
1717,D_gamma,0.725,0.06004376709970003,0.045693812113554215,0.001954071549446173,0.0,0.0,0.0,0.0,0.0,0.0
1717,D_gamma,0.77,0.06004376709970003,0.045693812113554215,0.001954071549446173,0.0,0.0,0.0,0.0,0.0,0.0
1717,D_gamma,0.8150000000000001,0.06004376709970003,0.045693812113554215,0.001954071549446173,0.0,0.0,0.0,0.0,0.0,0.0
1717,D_gamma,0.86,0.06004376709970003,0.045693812113554215,0.001954071549446173,0.0,0.0,0.0,0.0,0.0,0.0
1717,D_gamma,0.905,0.06004376709970003,0.045693812113554215,0.001954071549446173,0.0,0.0,0.0,0.0,0.0,0.0
1717,D_gamma,0.95,0.06004376709970003,0.045693812113554215,0.001954071549446173,0.0,0.0,0.0,0.0,0.0,0.0
1717,D_phi+gamma,0.05,0.053547124132543554,0.040938636339798044,0.0020349030933832423,0.0014244321653682686,0.012141657607000327,0.013566089772368596,0.01356609874636049,6.22881118298585e-08,8.973991893340694e-09
1717,D_phi+gamma,0.095,0.054161132673467685,0.041392070696128505,0.0020051523720238215,0.001403606660416674,0.01232075379649629,0.013724360456912964,0.013724368065883343,5.382411879216453e-08,7.608970379116564e-09
1717,D_phi+gamma,0.14,0.05478241584500114,0.04185000393584091,0.0019826199987893617,0.0013878339991525521,0.012501427004556061,0.013889261003708613,0.013889267358221923,4.779522368159039e-08,6.354513309644871e-09
1717,D_phi+gamma,0.185,0.05541125423540708,0.04231261925468143,0.001965986498529034,0.0013761905489703226,0.012683853008368062,0.014060043557338385,0.014060048934432823,4.342119303002434e-08,5.377094438110963e-09
1717,D_phi+gamma,0.22999999999999998,0.05604789971169531,0.042780080597426544,0.0019542560408520224,0.0013679792285964147,0.012868186513710184,0.014236165742306598,0.014236171058601062,4.020618352140737e-08,5.316294463680871e-09
1717,D_phi+gamma,0.27499999999999997,0.05669258318871371,0.04325252680918243,0.0019466766071674893,0.0013626736250172413,0.013054557169124438,0.014417230794141679,0.014417235892383121,3.7822742854354274e-08,5.098241441861551e-09
1717,D_phi+gamma,0.32,0.057345520125112764,0.04373008930052141,0.0019426555634460166,0.0013598588944122106,0.013243084878207726,0.014602943772619937,0.01460294874724414,3.58394546678964e-08,4.974624203887834e-09
1717,D_phi+gamma,0.365,0.05800691450604006,0.04421288828001033,0.0019417254785654104,0.0013592078349957861,0.013433878002439982,0.014793085837435768,0.014793090549629163,3.4734726553353745e-08,4.712193395900455e-09
1717,D_phi+gamma,0.41,0.05867696179079847,0.04470103730033867,0.0019435115326048244,0.001360458072823376,0.013627036164649659,0.014987494237473035,0.014987498761110683,3.3767465906775485e-08,4.523637648495837e-09
1717,D_phi+gamma,0.45499999999999996,0.05935585113582091,0.045194644394006764,0.0019477096152840396,0.0013633967306988265,0.013822652629645592,0.01518604936034442,0.015186053870264851,3.3069533916796345e-08,4.50992043189713e-09
1717,D_phi+gamma,0.49999999999999994,0.06004376709970051,0.04569381164568958,0.0019540718942945667,0.0013678503260061957,0.01402081482766071,0.015388665153666907,0.015388669639507035,3.258349385269754e-08,4.485840128173879e-09
1717,D_phi+gamma,0.545,0.06074089097122977,0.04619863926756821,0.0019623927150323795,0.0013736749005226648,0.014221606490968208,0.015595281391490873,0.015595285944577222,3.226528558220032e-08,4.553086348918489e-09
1717,D_phi+gamma,0.5900000000000001,0.06144740181858137,0.04670922218440305,0.0019725027910063283,0.0013807519537044287,0.014425106984943007,0.015805858938647437,0.015805863436030285,3.208301228851962e-08,4.497382848078768e-09
1717,D_phi+gamma,0.635,0.06216347732918176,0.04722565785812705,0.001984257474608288,0.0013889802322258006,0.014631394664750169,0.01602037489697597,0.01602037950407599,3.201160968246963e-08,4.607100020925792e-09
1717,D_phi+gamma,0.68,0.06288929449045857,0.04774803712632481,0.0019975381134097817,0.001398276679386846,0.014840543882333856,0.016238820561720702,0.01623882519127677,3.203114579131139e-08,4.629556068364016e-09
1717,D_phi+gamma,0.725,0.06362503014813554,0.04827646162832371,0.002012237791960502,0.0014085664543723503,0.015052630588730057,0.016461197043102407,0.01646120280123889,3.212598312374304e-08,5.75813648151513e-09
1717,D_phi+gamma,0.77,0.06437086146933019,0.048811000831115725,0.0020282816367184634,0.0014197971457029232,0.015267722149180867,0.01668751929488379,0.01668752403477211,3.228803960309001e-08,4.7398883221139165e-09
1717,D_phi+gamma,0.8150000000000001,0.06512696633092134,0.04935176484004045,0.002045586284590769,0.0014319103992135372,0.015485893293608355,0.016917803692821892,0.016917808516727834,3.250432423218541e-08,4.823905941364615e-09
1717,D_phi+gamma,0.86,0.06589352364869315,0.049898836471448174,0.00206409295543039,0.001444865068801272,0.01570721238296275,0.017152077451764024,0.017152082618872633,3.276695720311196e-08,5.167108609038795e-09
1717,D_phi+gamma,0.905,0.06667071365923069,0.05045231635152154,0.002083741907403209,0.0014586193351822452,0.015931754208259017,0.01739037354344126,0.017390378529780884,3.307079055048234e-08,4.9863396224536505e-09
1717,D_phi+gamma,0.95,0.06745871816387056,0.05101228516271157,0.002104493114857596,0.001473145180400316,0.01615958324941829,0.017632728429818605,0.017632733489352636,3.341076096341489e-08,5.059534031320867e-09
1818,D0,0.05,0.06041237082124911,0.04585496805428987,0.002095189400388239,0.0,0.0,0.0,0.0,0.0,0.0
1818,D0,0.095,0.06041237082124911,0.04585496805428987,0.002095189400388239,0.0,0.0,0.0,0.0,0.0,0.0
1818,D0,0.14,0.06041237082124911,0.04585496805428987,0.002095189400388239,0.0,0.0,0.0,0.0,0.0,0.0
1818,D0,0.185,0.06041237082124911,0.04585496805428987,0.002095189400388239,0.0,0.0,0.0,0.0,0.0,0.0
1818,D0,0.22999999999999998,0.06041237082124911,0.04585496805428987,0.002095189400388239,0.0,0.0,0.0,0.0,0.0,0.0
1818,D0,0.27499999999999997,0.06041237082124911,0.04585496805428987,0.002095189400388239,0.0,0.0,0.0,0.0,0.0,0.0
1818,D0,0.32,0.06041237082124911,0.04585496805428987,0.002095189400388239,0.0,0.0,0.0,0.0,0.0,0.0
1818,D0,0.365,0.06041237082124911,0.04585496805428987,0.002095189400388239,0.0,0.0,0.0,0.0,0.0,0.0
1818,D0,0.41,0.06041237082124911,0.04585496805428987,0.002095189400388239,0.0,0.0,0.0,0.0,0.0,0.0
1818,D0,0.45499999999999996,0.06041237082124911,0.04585496805428987,0.002095189400388239,0.0,0.0,0.0,0.0,0.0,0.0
1818,D0,0.49999999999999994,0.06041237082124911,0.04585496805428987,0.002095189400388239,0.0,0.0,0.0,0.0,0.0,0.0
1818,D0,0.545,0.06041237082124911,0.04585496805428987,0.002095189400388239,0.0,0.0,0.0,0.0,0.0,0.0
1818,D0,0.5900000000000001,0.06041237082124911,0.04585496805428987,0.002095189400388239,0.0,0.0,0.0,0.0,0.0,0.0
1818,D0,0.635,0.06041237082124911,0.04585496805428987,0.002095189400388239,0.0,0.0,0.0,0.0,0.0,0.0
1818,D0,0.68,0.06041237082124911,0.04585496805428987,0.002095189400388239,0.0,0.0,0.0,0.0,0.0,0.0
1818,D0,0.725,0.06041237082124911,0.04585496805428987,0.002095189400388239,0.0,0.0,0.0,0.0,0.0,0.0
1818,D0,0.77,0.06041237082124911,0.04585496805428987,0.002095189400388239,0.0,0.0,0.0,0.0,0.0,0.0
1818,D0,0.8150000000000001,0.06041237082124911,0.04585496805428987,0.002095189400388239,0.0,0.0,0.0,0.0,0.0,0.0
1818,D0,0.86,0.06041237082124911,0.04585496805428987,0.002095189400388239,0.0,0.0,0.0,0.0,0.0,0.0
1818,D0,0.905,0.06041237082124911,0.04585496805428987,0.002095189400388239,0.0,0.0,0.0,0.0,0.0,0.0
1818,D0,0.95,0.06041237082124911,0.04585496805428987,0.002095189400388239,0.0,0.0,0.0,0.0,0.0,0.0
1818,D_phi,0.05,0.05433551277645243,0.04145698750633491,0.0015703863454851986,0.0,0.012720164568978665,0.012720164568978665,0.012720167867910633,1.573921272132739e-08,3.2989319678766726e-09
1818,D_phi,0.095,0.05491131301987508,0.04187729066990096,0.0016181164124548708,0.0,0.012871279163523283,0.012871279163523283,0.012871282682168002,1.59384776401289e-08,3.5186447193413795e-09
1818,D_phi,0.14,0.05549395735113333,0.0423018043481207,0.0016668418548266763,0.0,0.01302435012847968,0.01302435012847968,0.013024353734218662,1.614208142153295e-08,3.605738981699025e-09
1818,D_phi,0.185,0.056083534360315775,0.04273057470022195,0.0017165837139190099,0.0,0.013179402603936376,0.013179402603936376,0.013179405940818763,1.6348234571639253e-08,3.3368823867258035e-09
1818,D_phi,0.22999999999999998,0.05668013376613962,0.0431636432494178,0.0017673664202732533,0.0,0.013336461119667669,0.013336461119667669,0.013336464547774271,1.6556180731930326e-08,3.4281066024072215e-09
1818,D_phi,0.27499999999999997,0.05728384643094138,0.04360105815804219,0.0018192112317328177,0.0,0.013495551720743883,0.013495551720743883,0.01349555513770784,1.6768042856996068e-08,3.4169639565734267e-09
1818,D_phi,0.32,0.05789476437595187,0.04404286606919738,0.001872140967804765,0.0,0.013656700464932073,0.013656700464932073,0.013656703635678962,1.6981809014549043e-08,3.17074688900576e-09
1818,D_phi,0.365,0.0585129807968255,0.044489113700351586,0.001926179508162558,0.0,0.013819933055913825,0.013819933055913825,0.013819936314176684,1.7198917290350835e-08,3.2582628591709684e-09
1818,D_phi,0.41,0.059138590079440785,0.044939846926504434,0.0019813513883436785,0.0,0.013985276272096727,0.013985276272096727,0.01398527980032044,1.74188219403959e-08,3.5282237131895045e-09
1818,D_phi,0.45499999999999996,0.05977168781597274,0.04539511608859618,0.002037679374853661,0.0,0.01415275775317914,0.01415275775317914,0.014152761081385837,1.764170788620678e-08,3.3282066963513657e-09
1818,D_phi,0.49999999999999994,0.06041237082124937,0.0458549677135279,0.002095189674698147,0.0,0.014322404030735097,0.014322404030735097,0.01432240751112266,1.7867425584211505e-08,3.4803875632177794e-09
1818,D_phi,0.545,0.061060737149379124,0.046319452174709,0.0021539064080230456,0.0,0.014494243534138732,0.014494243534138732,0.014494246816168498,1.8096610321371998e-08,3.2820297660163256e-09
1818,D_phi,0.5900000000000001,0.06171688611067258,0.04678861757460631,0.002213856376713639,0.0,0.01466830368187097,0.01466830368187097,0.014668307102141592,1.8328812079193568e-08,3.420270622278565e-09
1818,D_phi,0.635,0.062380918288847696,0.04726251234298719,0.0022750671984385798,0.0,0.014844611912540003,0.014844611912540003,0.014844616860606646,1.8564168258183855e-08,4.948066643917226e-09
1818,D_phi,0.68,0.06305293555851646,0.04774119076812115,0.0023375596045279983,0.0,0.015023203690644363,0.015023203690644363,0.015023204974020501,1.8802669143891393e-08,1.2833761380004471e-09
1818,D_phi,0.725,0.06373304110300611,0.04822470302112069,0.002401369173445231,0.0,0.015204095449023486,0.015204095449023486,0.015204100725217995,1.9044583271510263e-08,5.276194509074017e-09
1818,D_phi,0.77,0.06442133943241575,0.04871309993191478,0.002466516638001264,0.0,0.015387328618574456,0.015387328618574456,0.01538733380165995,1.929040330250764e-08,5.183085493784545e-09
1818,D_phi,0.8150000000000001,0.06511793640204193,0.049206434423720996,0.002533031914259987,0.0,0.015572929848286725,0.015572929848286725,0.015572934303082958,1.9538525658502337e-08,4.454796233288594e-09
1818,D_phi,0.86,0.06582293923107192,0.049704756359889087,0.0026009461074890786,0.0,0.015760928048894927,0.015760928048894927,0.015760932748112147,1.9790311750478295e-08,4.699217220210938e-09
1818,D_phi,0.905,0.0665364565215898,0.05020812135863421,0.0026702863061433086,0.0,0.015951355642479292,0.015951355642479292,0.01595136008143669,2.004626464824355e-08,4.438957396102339e-09
1818,D_phi,0.95,0.06725859827791314,0.050716582293274984,0.0027410830342706437,0.0,0.016144243494834953,0.016144243494834953,0.016144247680859022,2.0305586378999152e-08,4.186024069041672e-09
1818,D_gamma,0.05,0.06041237082124911,0.04585496805428987,0.002095189400388239,0.0,0.0,0.0,0.0,0.0,0.0
1818,D_gamma,0.095,0.06041237082124911,0.04585496805428987,0.002095189400388239,0.0,0.0,0.0,0.0,0.0,0.0
1818,D_gamma,0.14,0.06041237082124911,0.04585496805428987,0.002095189400388239,0.0,0.0,0.0,0.0,0.0,0.0
1818,D_gamma,0.185,0.06041237082124911,0.04585496805428987,0.002095189400388239,0.0,0.0,0.0,0.0,0.0,0.0
1818,D_gamma,0.22999999999999998,0.06041237082124911,0.04585496805428987,0.002095189400388239,0.0,0.0,0.0,0.0,0.0,0.0
1818,D_gamma,0.27499999999999997,0.06041237082124911,0.04585496805428987,0.002095189400388239,0.0,0.0,0.0,0.0,0.0,0.0
1818,D_gamma,0.32,0.06041237082124911,0.04585496805428987,0.002095189400388239,0.0,0.0,0.0,0.0,0.0,0.0
1818,D_gamma,0.365,0.06041237082124911,0.04585496805428987,0.002095189400388239,0.0,0.0,0.0,0.0,0.0,0.0
1818,D_gamma,0.41,0.06041237082124911,0.04585496805428987,0.002095189400388239,0.0,0.0,0.0,0.0,0.0,0.0
1818,D_gamma,0.45499999999999996,0.06041237082124911,0.04585496805428987,0.002095189400388239,0.0,0.0,0.0,0.0,0.0,0.0
1818,D_gamma,0.49999999999999994,0.06041237082124911,0.04585496805428987,0.002095189400388239,0.0,0.0,0.0,0.0,0.0,0.0
1818,D_gamma,0.545,0.06041237082124911,0.04585496805428987,0.002095189400388239,0.0,0.0,0.0,0.0,0.0,0.0
1818,D_gamma,0.5900000000000001,0.06041237082124911,0.04585496805428987,0.002095189400388239,0.0,0.0,0.0,0.0,0.0,0.0
1818,D_gamma,0.635,0.06041237082124911,0.04585496805428987,0.002095189400388239,0.0,0.0,0.0,0.0,0.0,0.0
1818,D_gamma,0.68,0.06041237082124911,0.04585496805428987,0.002095189400388239,0.0,0.0,0.0,0.0,0.0,0.0
1818,D_gamma,0.725,0.06041237082124911,0.04585496805428987,0.002095189400388239,0.0,0.0,0.0,0.0,0.0,0.0
1818,D_gamma,0.77,0.06041237082124911,0.04585496805428987,0.002095189400388239,0.0,0.0,0.0,0.0,0.0,0.0
1818,D_gamma,0.8150000000000001,0.06041237082124911,0.04585496805428987,0.002095189400388239,0.0,0.0,0.0,0.0,0.0,0.0
1818,D_gamma,0.86,0.06041237082124911,0.04585496805428987,0.002095189400388239,0.0,0.0,0.0,0.0,0.0,0.0
1818,D_gamma,0.905,0.06041237082124911,0.04585496805428987,0.002095189400388239,0.0,0.0,0.0,0.0,0.0,0.0
1818,D_gamma,0.95,0.06041237082124911,0.04585496805428987,0.002095189400388239,0.0,0.0,0.0,0.0,0.0,0.0
1818,D_phi+gamma,0.05,0.053763236472074226,0.041036695746302164,0.002160163168975642,0.0015121142182829485,0.012339876575523389,0.013851990793806338,0.013852001814218525,6.703889111371597e-08,1.1020412186979467e-08
1818,D_phi+gamma,0.095,0.05439031377504731,0.041495953735360455,0.0021304222765436355,0.0014912955935805436,0.012528090378113883,0.014019385971694427,0.01401939371781512,5.824796029361978e-08,7.746120692792013e-09
1818,D_phi+gamma,0.14,0.05502508858985382,0.04195981639140989,0.002108353304258701,0.0014758473129810896,0.012718105311020321,0.01419395262400141,0.014193959799705344,5.202044871255307e-08,7.17570393382605e-09
1818,D_phi+gamma,0.185,0.05566786538721972,0.04242846618858082,0.0020925795297932117,0.001464805670855247,0.012910115396899034,0.014374921067754282,0.014374927619882788,4.7537108277539986e-08,6.552128506420729e-09
1818,D_phi+gamma,0.22999999999999998,0.05631891906661285,0.04290206746626729,0.0020820635620901087,0.0014574444934630749,0.013104291153725543,0.014561735647188618,0.014561741766119957,4.427675379115037e-08,6.118931339046951e-09
1818,D_phi+gamma,0.27499999999999997,0.056978503148450065,0.04338076365380267,0.0020760160168892474,0.001453211211822472,0.013300781997299636,0.014753993209122108,0.014753998683109275,4.1896023109111447e-08,5.473987166326744e-09
1818,D_phi+gamma,0.32,0.05764685557921469,0.04386468829719564,0.002073819687596745,0.0014516737813177203,0.013499724806243327,0.014951398587561046,0.014951403888342922,4.016277206642105e-08,5.300781875938743e-09
1818,D_phi+gamma,0.365,0.05832420294769747,0.04435396465112695,0.002074987003555515,0.0014524909024888595,0.013701246621010018,0.015153737523498877,0.015153743059571192,3.891600097727377e-08,5.536072315848184e-09
1818,D_phi+gamma,0.41,0.05901076361480205,0.044848698979957094,0.0020791373925781705,0.0014553961748047183,0.013905460412065055,0.015360856586869774,0.01536086201541531,3.804095996540191e-08,5.428545536700913e-09
1818,D_phi+gamma,0.45499999999999996,0.05970675008280344,0.045348999564216196,0.002085956365682406,0.0014601694559776832,0.014112477736048661,0.015572647192026345,0.015572652538041624,3.745530482990311e-08,5.346015279766858e-09
1818,D_phi+gamma,0.49999999999999994,0.06041237082124937,0.0458549677135279,0.002095189674698147,0.0014666327722887018,0.014322404030735097,0.0157890368030238,0.015789042143754504,3.709843851215644e-08,5.340730704905816e-09
1818,D_phi+gamma,0.545,0.061127831697437976,0.04636669975775248,0.002106629652782485,0.0014746407569477381,0.01453534044715883,0.016009981204106568,0.016009986572989424,3.6924916596570156e-08,5.368882855655288e-09
1818,D_phi+gamma,0.5900000000000001,0.06185333711447402,0.04688428950596322,0.0021201045771745745,0.0014840732040222009,0.01475138556531853,0.01623545876934073,0.016235464192937754,3.6900555874797014e-08,5.423597022879978e-09
1818,D_phi+gamma,0.635,0.06258909092989624,0.047407823763383004,0.0021354754035910538,0.0014948327825137363,0.014970633348858783,0.01646546613137252,0.016465471767018375,3.69997379956466e-08,5.63564585623344e-09
1818,D_phi+gamma,0.68,0.06333529720744159,0.04793740043620428,0.0021526173848297006,0.0015068321693807892,0.015193183456054598,0.016700015625435386,0.01670002121862134,3.720108249227749e-08,5.593185952584845e-09
1818,D_phi+gamma,0.725,0.06409216084048577,0.04847309736053347,0.002171438816869197,0.001520007171808437,0.01541912436422803,0.01693913153603647,0.016939137123615763,3.748937618675008e-08,5.587579295085465e-09
1818,D_phi+gamma,0.77,0.06485988807556227,0.04901500479572083,0.002191854818337435,0.0015342983728362034,0.015648550696296212,0.017182849069132415,0.01718285475401092,3.7852187356746114e-08,5.68487850544086e-09
1818,D_phi+gamma,0.8150000000000001,0.06563868695748523,0.04956320326019173,0.0022137997367239213,0.0015496598157067436,0.01588155250709073,0.017431212322797474,0.01743121852923467,3.827928182764673e-08,6.206437194039571e-09
1818,D_phi+gamma,0.86,0.06642876771224059,0.05011778500005591,0.0022372113743876743,0.0015660479620713708,0.01611822693259557,0.01768427489466694,0.017684280785211833,3.8762769383193785e-08,5.890544892139804e-09
1818,D_phi+gamma,0.905,0.06723034308019671,0.050678825940521935,0.002262047666601751,0.0015834333666212245,0.016358661433500732,0.017942094800121957,0.017942100785844888,3.929606154362553e-08,5.985722931201032e-09
1818,D_phi+gamma,0.95,0.06804362860920674,0.051246411797173944,0.0022882681793023737,0.0016017877255116604,0.016602950125659516,0.018204737851171177,0.018204743923660987,3.9873852136773635e-08,6.072489809605397e-09
1919,D0,0.05,0.060113923021410096,0.045722898804497134,0.0019837697877345298,0.0,0.0,0.0,0.0,0.0,0.0
1919,D0,0.095,0.060113923021410096,0.045722898804497134,0.0019837697877345298,0.0,0.0,0.0,0.0,0.0,0.0
1919,D0,0.14,0.060113923021410096,0.045722898804497134,0.0019837697877345298,0.0,0.0,0.0,0.0,0.0,0.0
1919,D0,0.185,0.060113923021410096,0.045722898804497134,0.0019837697877345298,0.0,0.0,0.0,0.0,0.0,0.0
1919,D0,0.22999999999999998,0.060113923021410096,0.045722898804497134,0.0019837697877345298,0.0,0.0,0.0,0.0,0.0,0.0
1919,D0,0.27499999999999997,0.060113923021410096,0.045722898804497134,0.0019837697877345298,0.0,0.0,0.0,0.0,0.0,0.0
1919,D0,0.32,0.060113923021410096,0.045722898804497134,0.0019837697877345298,0.0,0.0,0.0,0.0,0.0,0.0
1919,D0,0.365,0.060113923021410096,0.045722898804497134,0.0019837697877345298,0.0,0.0,0.0,0.0,0.0,0.0
1919,D0,0.41,0.060113923021410096,0.045722898804497134,0.0019837697877345298,0.0,0.0,0.0,0.0,0.0,0.0
1919,D0,0.45499999999999996,0.060113923021410096,0.045722898804497134,0.0019837697877345298,0.0,0.0,0.0,0.0,0.0,0.0
1919,D0,0.49999999999999994,0.060113923021410096,0.045722898804497134,0.0019837697877345298,0.0,0.0,0.0,0.0,0.0,0.0
1919,D0,0.545,0.060113923021410096,0.045722898804497134,0.0019837697877345298,0.0,0.0,0.0,0.0,0.0,0.0
1919,D0,0.5900000000000001,0.060113923021410096,0.045722898804497134,0.0019837697877345298,0.0,0.0,0.0,0.0,0.0,0.0
1919,D0,0.635,0.060113923021410096,0.045722898804497134,0.0019837697877345298,0.0,0.0,0.0,0.0,0.0,0.0
1919,D0,0.68,0.060113923021410096,0.045722898804497134,0.0019837697877345298,0.0,0.0,0.0,0.0,0.0,0.0
1919,D0,0.725,0.060113923021410096,0.045722898804497134,0.0019837697877345298,0.0,0.0,0.0,0.0,0.0,0.0
1919,D0,0.77,0.060113923021410096,0.045722898804497134,0.0019837697877345298,0.0,0.0,0.0,0.0,0.0,0.0
1919,D0,0.8150000000000001,0.060113923021410096,0.045722898804497134,0.0019837697877345298,0.0,0.0,0.0,0.0,0.0,0.0
1919,D0,0.86,0.060113923021410096,0.045722898804497134,0.0019837697877345298,0.0,0.0,0.0,0.0,0.0,0.0
1919,D0,0.905,0.060113923021410096,0.045722898804497134,0.0019837697877345298,0.0,0.0,0.0,0.0,0.0,0.0
1919,D0,0.95,0.060113923021410096,0.045722898804497134,0.0019837697877345298,0.0,0.0,0.0,0.0,0.0,0.0
1919,D_phi,0.05,0.05413263765678415,0.041361582020277364,0.0014942085418277603,0.0,0.012536496723590992,0.012536496723590992,0.012536499829418795,1.4806270801429045e-08,3.1058278032736197e-09
1919,D_phi,0.095,0.05470005178039928,0.04177855181776521,0.0015389251669974703,0.0,0.01268221139260707,0.01268221139260707,0.01268221474413372,1.4989319525177125e-08,3.351526649958414e-09
1919,D_phi,0.14,0.05527406437883729,0.04219966015246407,0.0015845336525644785,0.0,0.012829765735546832,0.012829765735546832,0.0128297691787911,1.5173557549319483e-08,3.4432442678339337e-09
1919,D_phi,0.185,0.05585475873854265,0.04262495256357142,0.0016310514348895062,0.0,0.012979182544062383,0.012979182544062383,0.01297918576033673,1.5359530314285053e-08,3.2162743475450117e-09
1919,D_phi,0.22999999999999998,0.05644221917046671,0.04305446904641377,0.0016784996244385147,0.0,0.013130484069323184,0.013130484069323184,0.013130487395951624,1.554799240743865e-08,3.3266284397287516e-09
1919,D_phi,0.27499999999999997,0.057036531022741,0.04348825993563293,0.0017268939293974778,0.0,0.013283694558536228,0.013283694558536228,0.01328369727682919,1.5738638170503805e-08,2.718292962250457e-09
1919,D_phi,0.32,0.05763778069360415,0.0439263598285683,0.0017762548004493944,0.0,0.013438843955408205,0.013438843955408205,0.013438838882358696,1.593246402864512e-08,5.073049508252936e-09
1919,D_phi,0.365,0.05824605564448907,0.044368835835425995,0.001826605828439052,0.0,0.0135959330137411,0.0135959330137411,0.013595935988592276,1.6129987276403135e-08,2.9748511761601426e-09
1919,D_phi,0.41,0.058861444413389724,0.04481571523804578,0.0018779616790049296,0.0,0.01375500924155683,0.01375500924155683,0.013755012667212076,1.6328288374167776e-08,3.4256552455813605e-09
1919,D_phi,0.45499999999999996,0.05948403662838072,0.045267054395658264,0.0019303423238023402,0.0,0.013916090054110845,0.013916090054110845,0.013916093295092054,1.652951664432578e-08,3.2409812091016565e-09
1919,D_phi,0.49999999999999994,0.060113923021410436,0.0457228983676074,0.0019837701156397726,0.0,0.014079199151056552,0.014079199151056552,0.014079202557219561,1.6733111072100848e-08,3.406163009631036e-09
1919,D_phi,0.545,0.06075119544228741,0.04618329696593596,0.002038264734570236,0.0,0.014244362067148532,0.014244362067148532,0.014244365452266762,1.693916396039441e-08,3.3851182308641814e-09
1919,D_phi,0.5900000000000001,0.061395946872909404,0.0466482985799333,0.0020938476101917125,0.0,0.014411603937784206,0.014411603937784206,0.014411607297530245,1.7148264752631093e-08,3.359746038669731e-09
1919,D_phi,0.635,0.062048271441714875,0.047117952662249336,0.0021505401388615866,0.0,0.01458095041988464,0.01458095041988464,0.014580953733914897,1.735992877227588e-08,3.3140302568152036e-09
1919,D_phi,0.68,0.06270826443837267,0.04759230670558355,0.002208366287883327,0.0,0.014752425983863117,0.014752425983863117,0.014752430731021837,1.7573036081852678e-08,4.7471587199393595e-09
1919,D_phi,0.725,0.06337602232868875,0.04807141814167889,0.0022673419757771826,0.0,0.014926061255152754,0.014926061255152754,0.014926064594437252,1.7790956902130617e-08,3.3392844982216285e-09
1919,D_phi,0.77,0.06405164276979225,0.04855533159689739,0.002327495607730397,0.0,0.015101878659840284,0.015101878659840284,0.015101881965829178,1.8011234864667713e-08,3.305988894100609e-09
1919,D_phi,0.8150000000000001,0.06473522462550907,0.04904409841402751,0.002388850298055412,0.0,0.015279905054826966,0.015279905054826966,0.015279909835601624,1.823158360392263e-08,4.780774658097453e-09
1919,D_phi,0.86,0.06542686798200797,0.049537774652918996,0.002451425666485781,0.0,0.015460170371887587,0.015460170371887587,0.015460175541241378,1.8458979483826354e-08,5.1693537905100895e-09
1919,D_phi,0.905,0.06612667416369383,0.05003641265593995,0.002515245810394062,0.0,0.015642701869935154,0.015642701869935154,0.015642706778433074,1.8688180863923876e-08,4.908497920619315e-09
1919,D_phi,0.95,0.06683474574934044,0.0505400645837632,0.00258033573894839,0.0,0.015827526967840608,0.015827526967840608,0.01582753160244732,1.891992812419474e-08,4.634606712294875e-09
1919,D_gamma,0.05,0.060113923021410096,0.045722898804497134,0.0019837697877345298,0.0,0.0,0.0,0.0,0.0,0.0
1919,D_gamma,0.095,0.060113923021410096,0.045722898804497134,0.0019837697877345298,0.0,0.0,0.0,0.0,0.0,0.0
1919,D_gamma,0.14,0.060113923021410096,0.045722898804497134,0.0019837697877345298,0.0,0.0,0.0,0.0,0.0,0.0
1919,D_gamma,0.185,0.060113923021410096,0.045722898804497134,0.0019837697877345298,0.0,0.0,0.0,0.0,0.0,0.0
1919,D_gamma,0.22999999999999998,0.060113923021410096,0.045722898804497134,0.0019837697877345298,0.0,0.0,0.0,0.0,0.0,0.0
1919,D_gamma,0.27499999999999997,0.060113923021410096,0.045722898804497134,0.0019837697877345298,0.0,0.0,0.0,0.0,0.0,0.0
1919,D_gamma,0.32,0.060113923021410096,0.045722898804497134,0.0019837697877345298,0.0,0.0,0.0,0.0,0.0,0.0
1919,D_gamma,0.365,0.060113923021410096,0.045722898804497134,0.0019837697877345298,0.0,0.0,0.0,0.0,0.0,0.0
1919,D_gamma,0.41,0.060113923021410096,0.045722898804497134,0.0019837697877345298,0.0,0.0,0.0,0.0,0.0,0.0
1919,D_gamma,0.45499999999999996,0.060113923021410096,0.045722898804497134,0.0019837697877345298,0.0,0.0,0.0,0.0,0.0,0.0
1919,D_gamma,0.49999999999999994,0.060113923021410096,0.045722898804497134,0.0019837697877345298,0.0,0.0,0.0,0.0,0.0,0.0
1919,D_gamma,0.545,0.060113923021410096,0.045722898804497134,0.0019837697877345298,0.0,0.0,0.0,0.0,0.0,0.0
1919,D_gamma,0.5900000000000001,0.060113923021410096,0.045722898804497134,0.0019837697877345298,0.0,0.0,0.0,0.0,0.0,0.0
1919,D_gamma,0.635,0.060113923021410096,0.045722898804497134,0.0019837697877345298,0.0,0.0,0.0,0.0,0.0,0.0
1919,D_gamma,0.68,0.060113923021410096,0.045722898804497134,0.0019837697877345298,0.0,0.0,0.0,0.0,0.0,0.0
1919,D_gamma,0.725,0.060113923021410096,0.045722898804497134,0.0019837697877345298,0.0,0.0,0.0,0.0,0.0,0.0
1919,D_gamma,0.77,0.060113923021410096,0.045722898804497134,0.0019837697877345298,0.0,0.0,0.0,0.0,0.0,0.0
1919,D_gamma,0.8150000000000001,0.060113923021410096,0.045722898804497134,0.0019837697877345298,0.0,0.0,0.0,0.0,0.0,0.0
1919,D_gamma,0.86,0.060113923021410096,0.045722898804497134,0.0019837697877345298,0.0,0.0,0.0,0.0,0.0,0.0
1919,D_gamma,0.905,0.060113923021410096,0.045722898804497134,0.0019837697877345298,0.0,0.0,0.0,0.0,0.0,0.0
1919,D_gamma,0.95,0.060113923021410096,0.045722898804497134,0.0019837697877345298,0.0,0.0,0.0,0.0,0.0,0.0
1919,D_phi+gamma,0.05,0.053587445377901416,0.04095635247214003,0.002060281119586423,0.001442196783710495,0.012179058857875737,0.013621255641586233,0.013621264846164906,6.326077267061747e-08,9.20457867391311e-09
1919,D_phi+gamma,0.095,0.05420397924524023,0.04141083336898481,0.00203066416392384,0.0014214649147466867,0.012359983480899863,0.01378144839564655,0.013781458210686432,5.47363980720611e-08,9.815039881538867e-09
1919,D_phi+gamma,0.14,0.05482787687268198,0.04186982701450637,0.002008349056871544,0.0014058443398100794,0.012542542860928244,0.013948387200738323,0.01394839373272601,4.866804667602587e-08,6.531987686853036e-09
1919,D_phi+gamma,0.185,0.05545942377792958,0.042333525843550227,0.00199200865026557,0.001394406055185898,0.012726906865705894,0.014121312920891792,0.014121318840670792,4.4269794427509446e-08,5.919779000329584e-09
1919,D_phi+gamma,0.22999999999999998,0.056098876585145646,0.04280208799660349,0.001980642821654937,0.001386449975158455,0.012913233436682327,0.014299683411840782,0.014299688902651661,4.1043653545291825e-08,5.490810878888697e-09
1919,D_phi+gamma,0.27499999999999997,0.056746470869318916,0.04327565827296974,0.0019734858739029544,0.001381440111732067,0.013101659046642743,0.01448309915837481,0.014483104586062572,3.865747756626181e-08,5.427687761044853e-09
1919,D_phi+gamma,0.32,0.05740242670616142,0.04375436511683148,0.001969944476711118,0.0013789611336977815,0.013292304543819751,0.014671265677517533,0.014671270728274809,3.6887131196761125e-08,5.050757275956719e-09
1919,D_phi+gamma,0.365,0.05806695269446893,0.04423833213431284,0.0019695448746581898,0.0013786814122607317,0.013485282255696016,0.014863963667956748,0.014863968542631875,3.557872815806995e-08,4.874675127095052e-09
1919,D_phi+gamma,0.41,0.058740248933770126,0.04472767213034319,0.001971910578557753,0.0013803374049904257,0.01368069420471827,0.015061031609708696,0.015061036360210556,3.46221395303159e-08,4.750501859940304e-09
1919,D_phi+gamma,0.45499999999999996,0.05942250927050182,0.04522249352518611,0.001976735354401019,0.0013837147480807123,0.013878636499449138,0.015262351247529851,0.015262355994678602,3.3937779669868107e-08,4.747148750483543e-09
1919,D_phi+gamma,0.49999999999999994,0.060113923021410436,0.0457228983676074,0.0019837701156397726,0.00138863908094784,0.014079199151056552,0.01546783823200439,0.015467842898833418,3.3468073758549655e-08,4.666829027388797e-09
1919,D_phi+gamma,0.545,0.06081467631645546,0.04622898772466006,0.001992807604612798,0.0013949653232289572,0.0142824689346385,0.015677434257867457,0.0156774389380821,3.316805163855463e-08,4.680214642921454e-09
1919,D_phi+gamma,0.5900000000000001,0.061524953160271074,0.04674085893169336,0.0020036762778953255,0.0014025733945267269,0.014488528846207467,0.015891102240734194,0.015891107001724823,3.300636985947847e-08,4.760990629515405e-09
1919,D_phi+gamma,0.635,0.06224493628239929,0.047258606244216295,0.0020162333354840217,0.001411363334838814,0.014697458783422797,0.01610882211826161,0.016108826931242312,3.295588107965486e-08,4.81298070148517e-09
1919,D_phi+gamma,0.68,0.06297480782692594,0.04778232020009754,0.0020303602326193606,0.0014212521628335513,0.014909335337108994,0.016330587499942546,0.016330592403945493,3.2998069554590614e-08,4.904002946781727e-09
1919,D_phi+gamma,0.725,0.06371474991855657,0.04831211524534492,0.002045945728837541,0.0014321620101862777,0.015124235170101,0.01655639718028728,0.016556408523266106,3.311936142003091e-08,1.1342978827044714e-08
1919,D_phi+gamma,0.77,0.0644649451326588,0.048848036639693615,0.002062918172460336,0.001444042720722234,0.01534224229092319,0.016786285011645426,0.016786289933813286,3.330537998169625e-08,4.9221678607991315e-09
1919,D_phi+gamma,0.8150000000000001,0.06522557688989569,0.04939021523496737,0.0020811938943177204,0.001456835726022403,0.015563418606244316,0.01702025433226672,0.0170202593359616,3.354646144204665e-08,5.0036948820442184e-09
1919,D_phi+gamma,0.86,0.0659968297911209,0.0499387289501921,0.0021007135238285657,0.0014704994666799949,0.01578784141171872,0.017258340878398712,0.017258346304274683,3.38362164675754e-08,5.425875970743732e-09
1919,D_phi+gamma,0.905,0.06677888990465025,0.05049367381070874,0.002121420375534513,0.0014849942628741579,0.01601558653023357,0.017500580793107727,0.017500586342812638,3.4168359114294944e-08,5.54970491090101e-09
1919,D_phi+gamma,0.95,0.06757194501524155,0.05105514022822142,0.002143269268722563,0.001500288488105793,0.016246726356013885,0.01774701484411968,0.017747020117030148,3.453681993170754e-08,5.272910469367176e-09
2020,D0,0.05,0.06017052308899678,0.04572882992506784,0.00203400263709934,0.0,0.0,0.0,0.0,0.0,0.0
2020,D0,0.095,0.06017052308899678,0.04572882992506784,0.00203400263709934,0.0,0.0,0.0,0.0,0.0,0.0
2020,D0,0.14,0.06017052308899678,0.04572882992506784,0.00203400263709934,0.0,0.0,0.0,0.0,0.0,0.0
2020,D0,0.185,0.06017052308899678,0.04572882992506784,0.00203400263709934,0.0,0.0,0.0,0.0,0.0,0.0
2020,D0,0.22999999999999998,0.06017052308899678,0.04572882992506784,0.00203400263709934,0.0,0.0,0.0,0.0,0.0,0.0
2020,D0,0.27499999999999997,0.06017052308899678,0.04572882992506784,0.00203400263709934,0.0,0.0,0.0,0.0,0.0,0.0
2020,D0,0.32,0.06017052308899678,0.04572882992506784,0.00203400263709934,0.0,0.0,0.0,0.0,0.0,0.0
2020,D0,0.365,0.06017052308899678,0.04572882992506784,0.00203400263709934,0.0,0.0,0.0,0.0,0.0,0.0
2020,D0,0.41,0.06017052308899678,0.04572882992506784,0.00203400263709934,0.0,0.0,0.0,0.0,0.0,0.0
2020,D0,0.45499999999999996,0.06017052308899678,0.04572882992506784,0.00203400263709934,0.0,0.0,0.0,0.0,0.0,0.0
2020,D0,0.49999999999999994,0.06017052308899678,0.04572882992506784,0.00203400263709934,0.0,0.0,0.0,0.0,0.0,0.0
2020,D0,0.545,0.06017052308899678,0.04572882992506784,0.00203400263709934,0.0,0.0,0.0,0.0,0.0,0.0
2020,D0,0.5900000000000001,0.06017052308899678,0.04572882992506784,0.00203400263709934,0.0,0.0,0.0,0.0,0.0,0.0
2020,D0,0.635,0.06017052308899678,0.04572882992506784,0.00203400263709934,0.0,0.0,0.0,0.0,0.0,0.0
2020,D0,0.68,0.06017052308899678,0.04572882992506784,0.00203400263709934,0.0,0.0,0.0,0.0,0.0,0.0
2020,D0,0.725,0.06017052308899678,0.04572882992506784,0.00203400263709934,0.0,0.0,0.0,0.0,0.0,0.0
2020,D0,0.77,0.06017052308899678,0.04572882992506784,0.00203400263709934,0.0,0.0,0.0,0.0,0.0,0.0
2020,D0,0.8150000000000001,0.06017052308899678,0.04572882992506784,0.00203400263709934,0.0,0.0,0.0,0.0,0.0,0.0
2020,D0,0.86,0.06017052308899678,0.04572882992506784,0.00203400263709934,0.0,0.0,0.0,0.0,0.0,0.0
2020,D0,0.905,0.06017052308899678,0.04572882992506784,0.00203400263709934,0.0,0.0,0.0,0.0,0.0,0.0
2020,D0,0.95,0.06017052308899678,0.04572882992506784,0.00203400263709934,0.0,0.0,0.0,0.0,0.0,0.0
2020,D_phi,0.05,0.05416756642961493,0.04136824676489515,0.0015229088237510501,0.0,0.012575613542198934,0.012575613542198934,0.012575616684023029,1.5255806349104284e-08,3.141824094290979e-09
2020,D_phi,0.095,0.05473677747290939,0.041785230243392146,0.0015693421138006397,0.0,0.012722967083557857,0.012722967083557857,0.01272297045905381,1.545074937957247e-08,3.3754959539306073e-09
2020,D_phi,0.14,0.05531266201200732,0.04220633728680785,0.0016167536038180063,0.0,0.01287221728323034,0.01287221728323034,0.012872220560983064,1.5648487367014852e-08,3.2777527237543014e-09
2020,D_phi,0.185,0.055895305924672165,0.042631607779731004,0.001665166755630383,0.0,0.013023387920597596,0.013023387920597596,0.01302339117676877,1.5847435169691337e-08,3.256171174706446e-09
2020,D_phi,0.22999999999999998,0.05648479618398402,0.04306108659725551,0.00171460300332568,0.0,0.013176503680940688,0.013176503680940688,0.013176506801523118,1.6049653966954125e-08,3.120582429613772e-09
2020,D_phi,0.27499999999999997,0.057081220872311586,0.04349481542734531,0.0017650863747229442,0.0,0.013331588767748734,0.013331588767748734,0.01333159224260193,1.625399016769169e-08,3.4748531951150907e-09
2020,D_phi,0.32,0.05768466919548918,0.04393284493839155,0.0018166361530424567,0.0,0.01348866965674094,0.01348866965674094,0.013488672624578287,1.646363982643617e-08,2.9678373474062436e-09
2020,D_phi,0.365,0.0582952314972522,0.04437521279258497,0.0018692802662614817,0.0,0.01364777001522379,0.01364777001522379,0.013647773397978251,1.667223616108604e-08,3.382754461961346e-09
2020,D_phi,0.41,0.058912999273866486,0.04482196962130519,0.0019230392471424173,0.0,0.013808917070274727,0.013808917070274727,0.013808920337501732,1.688516861053646e-08,3.267227004569162e-09
2020,D_phi,0.45499999999999996,0.059538065189030744,0.04527315898934258,0.0019779390698317118,0.0,0.013972136005913446,0.013972136005913446,0.013972139553750778,1.7100731941610547e-08,3.54783733121089e-09
2020,D_phi,0.49999999999999994,0.06017052308899675,0.045728829925067854,0.0020340026370993343,0.0,0.014137454237010579,0.014137454237010579,0.014137457495673592,1.7318757185302847e-08,3.2586630130393424e-09
2020,D_phi,0.545,0.06081046801795177,0.046189027091718925,0.0020912568311451858,0.0,0.014304897544406883,0.014304897544406883,0.014304900956637981,1.7540080846090156e-08,3.412231098370855e-09
2020,D_phi,0.5900000000000001,0.061457996233637104,0.04665379943762608,0.0021497261798609922,0.0,0.014474493695305264,0.014474493695305264,0.014474497080038314,1.7763924359259775e-08,3.3847330493941286e-09
2020,D_phi,0.635,0.06211320522323248,0.04712319469917707,0.002209436979400522,0.0,0.014646270025294523,0.014646270025294523,0.014646273364651493,1.799103574451344e-08,3.3393569697642844e-09
2020,D_phi,0.68,0.06277619371949417,0.04759725958699251,0.0022704174458971767,0.0,0.014820253104421385,0.014820253104421385,0.014820257672399487,1.822138828710962e-08,4.56797810167997e-09
2020,D_phi,0.725,0.06344706171714874,0.048076048522637645,0.0023326896698585603,0.0,0.014996474876382627,0.014996474876382627,0.014996478230849458,1.8454953537583307e-08,3.3544668310431236e-09
2020,D_phi,0.77,0.06412591048958392,0.04855960270805388,0.002396288920371597,0.0,0.015174957992323563,0.015174957992323563,0.015174963640809933,1.8688905284447443e-08,5.648486369608241e-09
2020,D_phi,0.8150000000000001,0.06481284260575232,0.049047981989616546,0.0024612344497266605,0.0,0.015355737797890186,0.015355737797890186,0.01535574288412804,1.8929528083910796e-08,5.086237854501352e-09
2020,D_phi,0.86,0.06550796194743147,0.049541231920810544,0.002527559189610715,0.0,0.015538840492579573,0.015538840492579573,0.015538845327581888,1.9172299164926798e-08,4.835002315184411e-09
2020,D_phi,0.905,0.06621137372669128,0.050039405038173224,0.002595290978432082,0.0,0.015724296586902678,0.015724296586902678,0.015724300729941923,1.941776878178203e-08,4.14303924500814e-09
2020,D_phi,0.95,0.0669231845036902,0.050542551067142345,0.002664461106187151,0.0,0.015912134948740858,0.015912134948740858,0.015912139248152796,1.966675086673142e-08,4.299411937580544e-09
2020,D_gamma,0.05,0.06017052308899678,0.04572882992506784,0.00203400263709934,0.0,0.0,0.0,0.0,0.0,0.0
2020,D_gamma,0.095,0.06017052308899678,0.04572882992506784,0.00203400263709934,0.0,0.0,0.0,0.0,0.0,0.0
2020,D_gamma,0.14,0.06017052308899678,0.04572882992506784,0.00203400263709934,0.0,0.0,0.0,0.0,0.0,0.0
2020,D_gamma,0.185,0.06017052308899678,0.04572882992506784,0.00203400263709934,0.0,0.0,0.0,0.0,0.0,0.0
2020,D_gamma,0.22999999999999998,0.06017052308899678,0.04572882992506784,0.00203400263709934,0.0,0.0,0.0,0.0,0.0,0.0
2020,D_gamma,0.27499999999999997,0.06017052308899678,0.04572882992506784,0.00203400263709934,0.0,0.0,0.0,0.0,0.0,0.0
2020,D_gamma,0.32,0.06017052308899678,0.04572882992506784,0.00203400263709934,0.0,0.0,0.0,0.0,0.0,0.0
2020,D_gamma,0.365,0.06017052308899678,0.04572882992506784,0.00203400263709934,0.0,0.0,0.0,0.0,0.0,0.0
2020,D_gamma,0.41,0.06017052308899678,0.04572882992506784,0.00203400263709934,0.0,0.0,0.0,0.0,0.0,0.0
2020,D_gamma,0.45499999999999996,0.06017052308899678,0.04572882992506784,0.00203400263709934,0.0,0.0,0.0,0.0,0.0,0.0
2020,D_gamma,0.49999999999999994,0.06017052308899678,0.04572882992506784,0.00203400263709934,0.0,0.0,0.0,0.0,0.0,0.0
2020,D_gamma,0.545,0.06017052308899678,0.04572882992506784,0.00203400263709934,0.0,0.0,0.0,0.0,0.0,0.0
2020,D_gamma,0.5900000000000001,0.06017052308899678,0.04572882992506784,0.00203400263709934,0.0,0.0,0.0,0.0,0.0,0.0
2020,D_gamma,0.635,0.06017052308899678,0.04572882992506784,0.00203400263709934,0.0,0.0,0.0,0.0,0.0,0.0
2020,D_gamma,0.68,0.06017052308899678,0.04572882992506784,0.00203400263709934,0.0,0.0,0.0,0.0,0.0,0.0
2020,D_gamma,0.725,0.06017052308899678,0.04572882992506784,0.00203400263709934,0.0,0.0,0.0,0.0,0.0,0.0
2020,D_gamma,0.77,0.06017052308899678,0.04572882992506784,0.00203400263709934,0.0,0.0,0.0,0.0,0.0,0.0
2020,D_gamma,0.8150000000000001,0.06017052308899678,0.04572882992506784,0.00203400263709934,0.0,0.0,0.0,0.0,0.0,0.0
2020,D_gamma,0.86,0.06017052308899678,0.04572882992506784,0.00203400263709934,0.0,0.0,0.0,0.0,0.0,0.0
2020,D_gamma,0.905,0.06017052308899678,0.04572882992506784,0.00203400263709934,0.0,0.0,0.0,0.0,0.0,0.0
2020,D_gamma,0.95,0.06017052308899678,0.04572882992506784,0.00203400263709934,0.0,0.0,0.0,0.0,0.0,0.0
2020,D_phi+gamma,0.05,0.05361324838190689,0.04096287776452728,0.002090054188530125,0.0014630379319710864,0.012206599821591299,0.013669637753562384,0.013669645999823777,6.523533207548893e-08,8.246261392480525e-09
2020,D_phi+gamma,0.095,0.054232031557355384,0.0414175249565357,0.002061829739691205,0.0014432808177838423,0.012389796390112584,0.013833077207896427,0.013833087795659694,5.6765886454965275e-08,1.0587763266817207e-08
2020,D_phi+gamma,0.14,0.0548583302501559,0.04187664378937155,0.0020410558897868995,0.0014287391228508283,0.012574774944061989,0.014003514066912817,0.014003520994978676,5.07703695057371e-08,6.928065858849419e-09
2020,D_phi+gamma,0.185,0.05549244138712369,0.042340427509919745,0.0020263966636540967,0.0014184776645578667,0.012761717917135325,0.014180195581693191,0.014180201915554498,4.645899116806351e-08,6.333861306967448e-09
2020,D_phi+gamma,0.22999999999999998,0.056134633439310085,0.042809029235673736,0.0020168526059468382,0.0014117968241627856,0.012950793601551425,0.014362590425714212,0.014362596420513714,4.3327860743680446e-08,5.99479950229298e-09
2020,D_phi+gamma,0.27499999999999997,0.05678515433026704,0.04328258818930275,0.002011660064034693,0.0014081620448242842,0.01314214906036638,0.014550311105190665,0.014550316932509197,4.1045464596600745e-08,5.827318532228287e-09
2020,D_phi+gamma,0.32,0.057444237037181996,0.043761228537766136,0.002010227186843462,0.0014071590307904221,0.013335916615446511,0.014743075646236933,0.01474308107656095,3.938832177086127e-08,5.430324016841848e-09
2020,D_phi+gamma,0.365,0.058112103655989455,0.04424506847261696,0.0020120836168931503,0.001408458531825204,0.0135322198442887,0.014940678376113903,0.014940683730398592,3.819598422272197e-08,5.354284689229605e-09
2020,D_phi+gamma,0.41,0.05878896841588043,0.0447342147153785,0.002016856773999923,0.001411799741799945,0.013731172654714673,0.015142972396514617,0.015142977657071191,3.736269800491687e-08,5.260556573682962e-09
2020,D_phi+gamma,0.45499999999999996,0.05947503995812331,0.04522876939921819,0.002024244995931482,0.0014169714971520363,0.013932883071143818,0.015349854568295854,0.015349859789695768,3.680703936081997e-08,5.221399913130087e-09
2020,D_phi+gamma,0.49999999999999994,0.06017052308899675,0.045728829925067854,0.0020340026370993343,0.0014238018459695329,0.014137454237010579,0.015561256082980111,0.01556126132841864,3.646982260629983e-08,5.245438527978763e-09
2020,D_phi+gamma,0.545,0.06087562014986225,0.046234488494183074,0.002045929277026373,0.0014321504939184598,0.014344984720088697,0.015777135214007157,0.01577714046747737,3.630779149554897e-08,5.253470214405809e-09
2020,D_phi+gamma,0.5900000000000001,0.06159053210392849,0.046745837111845406,0.0020598575475342562,0.0014419002832739781,0.014555571366814278,0.015997471650088257,0.015997476969514625,3.628716979675595e-08,5.319426368138869e-09
2020,D_phi+gamma,0.635,0.06231545941030845,0.04726296220114834,0.0020756507943411992,0.0014529555560388384,0.014769307122522692,0.01622226267856153,0.01622226806445389,3.638310312747972e-08,5.385892360570965e-09
2020,D_phi+gamma,0.68,0.063050602736246,0.04778594933632372,0.0020931946848724964,0.0014652362794107462,0.014986283388167293,0.01645151966757804,0.01645152530788152,3.657532957057619e-08,5.640303481213582e-09
2020,D_phi+gamma,0.725,0.06379616354476408,0.048314887179520406,0.002112389527832464,0.0014786726694827237,0.015206595206146895,0.016685267875629618,0.016685272151520367,3.684869909204025e-08,4.2758907491113884e-09
2020,D_phi+gamma,0.77,0.06455234458540841,0.04884986070296241,0.0021331578068626384,0.0014932104648038456,0.01543032600568994,0.016923536470493786,0.01692354203754047,3.719128754964274e-08,5.567046684751276e-09
2020,D_phi+gamma,0.8150000000000001,0.06531935030880957,0.04939094808868513,0.0021554324085486776,0.0015088026859840732,0.015657568529583943,0.017166371215568015,0.01716637690175256,3.759294681104919e-08,5.6861845440514536e-09
2020,D_phi+gamma,0.86,0.06609738722091571,0.04993823556059934,0.0021791559020346986,0.0015254091314242878,0.015888411054729837,0.017413820186154123,0.017413825976414485,3.804742285118401e-08,5.790260361460131e-09
2020,D_phi+gamma,0.905,0.06688666418902495,0.050491806004815495,0.002204281144184445,0.0015429968009291102,0.01612294214460592,0.017665938945535028,0.017665944833244653,3.854495750355014e-08,5.887709625396198e-09
2020,D_phi+gamma,0.95,0.06768739270905494,0.051051740962819274,0.0022307696910817826,0.0015615387837572465,0.01636124947172487,0.017922788255482117,0.017922794610322392,3.908370849181608e-08,6.354840275529794e-09
2121,D0,0.05,0.06004217796808034,0.04569067868950609,0.0019578444344550195,0.0,0.0,0.0,0.0,0.0,0.0
2121,D0,0.095,0.06004217796808034,0.04569067868950609,0.0019578444344550195,0.0,0.0,0.0,0.0,0.0,0.0
2121,D0,0.14,0.06004217796808034,0.04569067868950609,0.0019578444344550195,0.0,0.0,0.0,0.0,0.0,0.0
2121,D0,0.185,0.06004217796808034,0.04569067868950609,0.0019578444344550195,0.0,0.0,0.0,0.0,0.0,0.0
2121,D0,0.22999999999999998,0.06004217796808034,0.04569067868950609,0.0019578444344550195,0.0,0.0,0.0,0.0,0.0,0.0
2121,D0,0.27499999999999997,0.06004217796808034,0.04569067868950609,0.0019578444344550195,0.0,0.0,0.0,0.0,0.0,0.0
2121,D0,0.32,0.06004217796808034,0.04569067868950609,0.0019578444344550195,0.0,0.0,0.0,0.0,0.0,0.0
2121,D0,0.365,0.06004217796808034,0.04569067868950609,0.0019578444344550195,0.0,0.0,0.0,0.0,0.0,0.0
2121,D0,0.41,0.06004217796808034,0.04569067868950609,0.0019578444344550195,0.0,0.0,0.0,0.0,0.0,0.0
2121,D0,0.45499999999999996,0.06004217796808034,0.04569067868950609,0.0019578444344550195,0.0,0.0,0.0,0.0,0.0,0.0
2121,D0,0.49999999999999994,0.06004217796808034,0.04569067868950609,0.0019578444344550195,0.0,0.0,0.0,0.0,0.0,0.0
2121,D0,0.545,0.06004217796808034,0.04569067868950609,0.0019578444344550195,0.0,0.0,0.0,0.0,0.0,0.0
2121,D0,0.5900000000000001,0.06004217796808034,0.04569067868950609,0.0019578444344550195,0.0,0.0,0.0,0.0,0.0,0.0
2121,D0,0.635,0.06004217796808034,0.04569067868950609,0.0019578444344550195,0.0,0.0,0.0,0.0,0.0,0.0
2121,D0,0.68,0.06004217796808034,0.04569067868950609,0.0019578444344550195,0.0,0.0,0.0,0.0,0.0,0.0
2121,D0,0.725,0.06004217796808034,0.04569067868950609,0.0019578444344550195,0.0,0.0,0.0,0.0,0.0,0.0
2121,D0,0.77,0.06004217796808034,0.04569067868950609,0.0019578444344550195,0.0,0.0,0.0,0.0,0.0,0.0
2121,D0,0.8150000000000001,0.06004217796808034,0.04569067868950609,0.0019578444344550195,0.0,0.0,0.0,0.0,0.0,0.0
2121,D0,0.86,0.06004217796808034,0.04569067868950609,0.0019578444344550195,0.0,0.0,0.0,0.0,0.0,0.0
2121,D0,0.905,0.06004217796808034,0.04569067868950609,0.0019578444344550195,0.0,0.0,0.0,0.0,0.0,0.0
2121,D0,0.95,0.06004217796808034,0.04569067868950609,0.0019578444344550195,0.0,0.0,0.0,0.0,0.0,0.0
2121,D_phi,0.05,0.05408374132254269,0.041338075088718965,0.0014767266950647807,0.0,0.01249263013710797,0.01249263013710797,0.012492632495095765,1.4575136245489895e-08,2.357987794604499e-09
2121,D_phi,0.095,0.05464915236382448,0.041754247651277485,0.0015207302608545796,0.0,0.012637048145890287,0.012637048145890287,0.012637051323301913,1.4751431343801302e-08,3.1774116254768003e-09
2121,D_phi,0.14,0.05522110290329053,0.04217454378968559,0.0015655983511558085,0.0,0.012783277219096903,0.012783277219096903,0.012783280568300937,1.493126247642529e-08,3.349204033900599e-09
2121,D_phi,0.185,0.05579967490545689,0.04259900651093859,0.001611348980726143,0.0,0.01293133895596515,0.01293133895596515,0.012931342309081469,1.5112678816708858e-08,3.3531163193267766e-09
2121,D_phi,0.22999999999999998,0.056384951334432346,0.043027679259886674,0.0016580002702756048,0.0,0.013081255592815044,0.013081255592815044,0.013081258895123586,1.5298386515927298e-08,3.302308542937893e-09
2121,D_phi,0.27499999999999997,0.05697701616627565,0.04346060567018978,0.0017055708601656566,0.0,0.013233049534295858,0.013233049534295858,0.013233052952031284,1.5484430404555383e-08,3.41773542626711e-09
2121,D_phi,0.32,0.05757595440155522,0.043897836462340654,0.0017540758007378052,0.0,0.013386744617443918,0.013386744617443918,0.013386747388556887,1.5673514569547464e-08,2.7711129692992165e-09
2121,D_phi,0.365,0.058181852078144886,0.04433940889498298,0.0018035389383602891,0.0,0.013542362135390645,0.013542362135390645,0.013542365400334351,1.5865071062437508e-08,3.26494370601893e-09
2121,D_phi,0.41,0.05879479628418806,0.04478537560398563,0.0018539751308685902,0.0,0.013699927073387063,0.013699927073387063,0.013699930471148558,1.605876577548404e-08,3.397761495771423e-09
2121,D_phi,0.45499999999999996,0.059414875171319104,0.04523578298199968,0.00190540387679633,0.0,0.013859462981197054,0.013859462981197054,0.013859466382963233,1.6254517523628387e-08,3.401766179508825e-09
2121,D_phi,0.49999999999999994,0.06004217796808037,0.04569067868950609,0.001957844434455042,0.0,0.014020994012561981,0.014020994012561981,0.014020997218064678,1.6453331055238385e-08,3.205502696612683e-09
2121,D_phi,0.545,0.0606767949935663,0.046150109835984644,0.0020113171963823226,0.0,0.014184544176412218,0.014184544176412218,0.014184547364065244,1.6654828904894003e-08,3.1876530252189506e-09
2121,D_phi,0.5900000000000001,0.06131881767128672,0.046614125590844005,0.002065841767173647,0.0,0.014350138355269876,0.014350138355269876,0.014350141519349999,1.6858397663965796e-08,3.1640801229082527e-09
2121,D_phi,0.635,0.06196833854326074,0.04708277516979023,0.0021214384136327763,0.0,0.014517801591760705,0.014517801591760705,0.014517804697710366,1.706490747321876e-08,3.105949660658913e-09
2121,D_phi,0.68,0.06262545128433511,0.04755610762765824,0.0021781282512808916,0.0,0.01468755898851605,0.01468755898851605,0.014687562234554766,1.7274042612980267e-08,3.246038715598587e-09
2121,D_phi,0.725,0.0632902507167335,0.048034174271628344,0.002235931518655819,0.0,0.014859436527577754,0.014859436527577754,0.014859439789154785,1.7484129422040695e-08,3.2615770310245873e-09
2121,D_phi,0.77,0.06396283282484334,0.04851702299208078,0.002294872071929114,0.0,0.015033458543701927,0.015033458543701927,0.015033463354665447,1.770031760051083e-08,4.810963519924494e-09
2121,D_phi,0.8150000000000001,0.06464329477021714,0.049004712938017406,0.0023549645860463466,0.0,0.015209656053133958,0.015209656053133958,0.01520965925879239,1.7915990219163902e-08,3.2056584331474625e-09
2121,D_phi,0.86,0.0653317349068621,0.04949728467359367,0.0024162412718192736,0.0,0.01538804887954961,0.01538804887954961,0.01538805417137279,1.8136844109895023e-08,5.291823179306987e-09
2121,D_phi,0.905,0.06602825279668653,0.04999480061946487,0.0024787155118874663,0.0,0.015568670072936348,0.015568670072936348,0.015568675107680341,1.8360699766128974e-08,5.034743993242996e-09
2121,D_phi,0.95,0.06673294922527928,0.050497309900983986,0.002542413534538623,0.0,0.015751544678385614,0.015751544678385614,0.015751549439377274,1.8586703010026184e-08,4.7609916599411495e-09
2121,D_gamma,0.05,0.06004217796808034,0.04569067868950609,0.0019578444344550195,0.0,0.0,0.0,0.0,0.0,0.0
2121,D_gamma,0.095,0.06004217796808034,0.04569067868950609,0.0019578444344550195,0.0,0.0,0.0,0.0,0.0,0.0
2121,D_gamma,0.14,0.06004217796808034,0.04569067868950609,0.0019578444344550195,0.0,0.0,0.0,0.0,0.0,0.0
2121,D_gamma,0.185,0.06004217796808034,0.04569067868950609,0.0019578444344550195,0.0,0.0,0.0,0.0,0.0,0.0
2121,D_gamma,0.22999999999999998,0.06004217796808034,0.04569067868950609,0.0019578444344550195,0.0,0.0,0.0,0.0,0.0,0.0
2121,D_gamma,0.27499999999999997,0.06004217796808034,0.04569067868950609,0.0019578444344550195,0.0,0.0,0.0,0.0,0.0,0.0
2121,D_gamma,0.32,0.06004217796808034,0.04569067868950609,0.0019578444344550195,0.0,0.0,0.0,0.0,0.0,0.0
2121,D_gamma,0.365,0.06004217796808034,0.04569067868950609,0.0019578444344550195,0.0,0.0,0.0,0.0,0.0,0.0
2121,D_gamma,0.41,0.06004217796808034,0.04569067868950609,0.0019578444344550195,0.0,0.0,0.0,0.0,0.0,0.0
2121,D_gamma,0.45499999999999996,0.06004217796808034,0.04569067868950609,0.0019578444344550195,0.0,0.0,0.0,0.0,0.0,0.0
2121,D_gamma,0.49999999999999994,0.06004217796808034,0.04569067868950609,0.0019578444344550195,0.0,0.0,0.0,0.0,0.0,0.0
2121,D_gamma,0.545,0.06004217796808034,0.04569067868950609,0.0019578444344550195,0.0,0.0,0.0,0.0,0.0,0.0
2121,D_gamma,0.5900000000000001,0.06004217796808034,0.04569067868950609,0.0019578444344550195,0.0,0.0,0.0,0.0,0.0,0.0
2121,D_gamma,0.635,0.06004217796808034,0.04569067868950609,0.0019578444344550195,0.0,0.0,0.0,0.0,0.0,0.0
2121,D_gamma,0.68,0.06004217796808034,0.04569067868950609,0.0019578444344550195,0.0,0.0,0.0,0.0,0.0,0.0
2121,D_gamma,0.725,0.06004217796808034,0.04569067868950609,0.0019578444344550195,0.0,0.0,0.0,0.0,0.0,0.0
2121,D_gamma,0.77,0.06004217796808034,0.04569067868950609,0.0019578444344550195,0.0,0.0,0.0,0.0,0.0,0.0
2121,D_gamma,0.8150000000000001,0.06004217796808034,0.04569067868950609,0.0019578444344550195,0.0,0.0,0.0,0.0,0.0,0.0
2121,D_gamma,0.86,0.06004217796808034,0.04569067868950609,0.0019578444344550195,0.0,0.0,0.0,0.0,0.0,0.0
2121,D_gamma,0.905,0.06004217796808034,0.04569067868950609,0.0019578444344550195,0.0,0.0,0.0,0.0,0.0,0.0
2121,D_gamma,0.95,0.06004217796808034,0.04569067868950609,0.0019578444344550195,0.0,0.0,0.0,0.0,0.0,0.0
2121,D_phi+gamma,0.05,0.05354467293492867,0.0409360856265138,0.0020380169577215337,0.0014266118704050726,0.012140443541991695,0.013567055412396768,0.013567064392473908,6.227648501923311e-08,8.980077140230414e-09
2121,D_phi+gamma,0.095,0.05415872934541156,0.041389435711145464,0.0020083569456209854,0.0014058498619346886,0.012319670472270972,0.013725520334205661,0.013725529701292387,5.381109656997507e-08,9.367086726067009e-09
2121,D_phi+gamma,0.14,0.054780069170766915,0.04184728680423806,0.0019859050862584765,0.0013901335603809326,0.01250048346241937,0.013890617022800303,0.013890623382618513,4.778022873186405e-08,6.359818210260881e-09
2121,D_phi+gamma,0.185,0.055408972922353514,0.04230982891645239,0.0019693477439796316,0.0013785434207857412,0.01268304834959641,0.01406159177038215,0.014061597519875341,4.3404042859851444e-08,5.749493190571053e-09
2121,D_phi+gamma,0.22999999999999998,0.05604569237885723,0.0427772199706803,0.0019576929632030117,0.001370385074242107,0.01286751970681527,0.014237904781057378,0.014237910101712313,4.018650238968302e-08,5.3206549357337485e-09
2121,D_phi+gamma,0.27499999999999997,0.05669045835369035,0.043249603602535755,0.00195018212434157,0.001365127487039098,0.013054030401368582,0.01441915788840768,0.01441916298508607,3.780071602954571e-08,5.0966783900902035e-09
2121,D_phi+gamma,0.32,0.05734348619000283,0.04372711009546584,0.001946224618989545,0.0013623572332926803,0.013242698934029535,0.014605056167322215,0.01460506116242598,3.602530738999743e-08,4.995103764643405e-09
2121,D_phi+gamma,0.365,0.058004979742907734,0.04420986016150849,0.001945352779578271,0.0013617469457047886,0.013433633468343361,0.01479538041404815,0.01479538523470237,3.470741541389266e-08,4.820654219556131e-09
2121,D_phi+gamma,0.41,0.058675134327103515,0.044697966620153226,0.0019471925880219447,0.0013630348116153604,0.013626932952697544,0.014989967764312905,0.014989972342817681,3.3737473231765236e-08,4.578504776697745e-09
2121,D_phi+gamma,0.45499999999999996,0.059354138940147655,0.045191538881243054,0.001951438926757294,0.0013660072487301047,0.01382269083386357,0.015188698082593675,0.015188702663313985,3.303686421651797e-08,4.580720310010111e-09
2121,D_phi+gamma,0.49999999999999994,0.06004217796808037,0.04569067868950609,0.001957844434455042,0.0013704911041185284,0.014020994012561981,0.015391485116680509,0.015391489663145425,3.2548512806859775e-08,4.54646491634958e-09
2121,D_phi+gamma,0.545,0.06073943251430792,0.046195486158150466,0.0019662036522809976,0.0013763425565966971,0.0142219258361101,0.015598268392706796,0.015598272944089712,3.2228503546449794e-08,4.551382916384572e-09
2121,D_phi+gamma,0.5900000000000001,0.06144608144985494,0.04670605774616294,0.00197634635815172,0.001383442450706203,0.014425565921169618,0.01580900837187582,0.01580901290912927,3.2044291872757036e-08,4.537253447955969e-09
2121,D_phi+gamma,0.635,0.06216230225452498,0.047222490342809065,0.0019881284337962086,0.001391689903657345,0.014631992183445346,0.01602368208710269,0.016023686730951857,3.197170445057296e-08,4.643849166319214e-09
2121,D_phi+gamma,0.68,0.0628882716991229,0.047744875351978466,0.002001431056153669,0.0014010017393075674,0.014841278836997302,0.01624228057630487,0.01624228526966516,3.19905192613934e-08,4.693360290686233e-09
2121,D_phi+gamma,0.725,0.06362416640541801,0.04827330562601258,0.002016154066098174,0.0014113078462687206,0.015053495695229574,0.016464803541498294,0.016464810687491144,3.2085892970323826e-08,7.1459928495387626e-09
2121,D_phi+gamma,0.77,0.06437016331107165,0.048807871110667395,0.0020322063286443617,0.001422544430051052,0.015268725473427853,0.016691269903478904,0.01669127458228148,3.2246769837707134e-08,4.678802574542562e-09
2121,D_phi+gamma,0.8150000000000001,0.0651264400600237,0.049348667492333395,0.0020495173594957516,0.001434662151647025,0.015487029555426378,0.016921691707073402,0.016921696526614446,3.2461903304303874e-08,4.8195410440321496e-09
2121,D_phi+gamma,0.86,0.06589317533380462,0.04989578128388745,0.002068024837921337,0.0014476173865449345,0.015708480611545558,0.01715609799809049,0.01715610288903767,3.272301249412912e-08,4.890947178509686e-09
2121,D_phi+gamma,0.905,0.06667054913577494,0.05044930612216623,0.0020876734544427317,0.0014613714181099112,0.015933149504769897,0.017394520922879807,0.017394525904787156,3.302981360642221e-08,4.9819073484613785e-09
2121,D_phi+gamma,0.95,0.0674587430375296,0.05100932887293922,0.0021084194235608746,0.0014758935964926112,0.016161104017360726,0.017636997613853338,0.01763700292362785,3.337107951084661e-08,5.309774512435306e-09
2222,D0,0.05,0.060167333460227894,0.04574788097456325,0.0020024114997068214,0.0,0.0,0.0,0.0,0.0,0.0
2222,D0,0.095,0.060167333460227894,0.04574788097456325,0.0020024114997068214,0.0,0.0,0.0,0.0,0.0,0.0
2222,D0,0.14,0.060167333460227894,0.04574788097456325,0.0020024114997068214,0.0,0.0,0.0,0.0,0.0,0.0
2222,D0,0.185,0.060167333460227894,0.04574788097456325,0.0020024114997068214,0.0,0.0,0.0,0.0,0.0,0.0
2222,D0,0.22999999999999998,0.060167333460227894,0.04574788097456325,0.0020024114997068214,0.0,0.0,0.0,0.0,0.0,0.0
2222,D0,0.27499999999999997,0.060167333460227894,0.04574788097456325,0.0020024114997068214,0.0,0.0,0.0,0.0,0.0,0.0
2222,D0,0.32,0.060167333460227894,0.04574788097456325,0.0020024114997068214,0.0,0.0,0.0,0.0,0.0,0.0
2222,D0,0.365,0.060167333460227894,0.04574788097456325,0.0020024114997068214,0.0,0.0,0.0,0.0,0.0,0.0
2222,D0,0.41,0.060167333460227894,0.04574788097456325,0.0020024114997068214,0.0,0.0,0.0,0.0,0.0,0.0
2222,D0,0.45499999999999996,0.060167333460227894,0.04574788097456325,0.0020024114997068214,0.0,0.0,0.0,0.0,0.0,0.0
2222,D0,0.49999999999999994,0.060167333460227894,0.04574788097456325,0.0020024114997068214,0.0,0.0,0.0,0.0,0.0,0.0
2222,D0,0.545,0.060167333460227894,0.04574788097456325,0.0020024114997068214,0.0,0.0,0.0,0.0,0.0,0.0
2222,D0,0.5900000000000001,0.060167333460227894,0.04574788097456325,0.0020024114997068214,0.0,0.0,0.0,0.0,0.0,0.0
2222,D0,0.635,0.060167333460227894,0.04574788097456325,0.0020024114997068214,0.0,0.0,0.0,0.0,0.0,0.0
2222,D0,0.68,0.060167333460227894,0.04574788097456325,0.0020024114997068214,0.0,0.0,0.0,0.0,0.0,0.0
2222,D0,0.725,0.060167333460227894,0.04574788097456325,0.0020024114997068214,0.0,0.0,0.0,0.0,0.0,0.0
2222,D0,0.77,0.060167333460227894,0.04574788097456325,0.0020024114997068214,0.0,0.0,0.0,0.0,0.0,0.0
2222,D0,0.8150000000000001,0.060167333460227894,0.04574788097456325,0.0020024114997068214,0.0,0.0,0.0,0.0,0.0,0.0
2222,D0,0.86,0.060167333460227894,0.04574788097456325,0.0020024114997068214,0.0,0.0,0.0,0.0,0.0,0.0
2222,D0,0.905,0.060167333460227894,0.04574788097456325,0.0020024114997068214,0.0,0.0,0.0,0.0,0.0,0.0
2222,D0,0.95,0.060167333460227894,0.04574788097456325,0.0020024114997068214,0.0,0.0,0.0,0.0,0.0,0.0
2222,D_phi,0.05,0.054169152100189896,0.041379083880817,0.0015078995604429612,0.0,0.012569264430544375,0.012569264430544375,0.012569267756633652,1.493248615903886e-08,3.326089277264077e-09
2222,D_phi,0.095,0.0547380612193776,0.04179671900542133,0.0015530700658816965,0.0,0.012715891209714237,0.012715891209714237,0.012715893672932814,1.5115492904213546e-08,2.4632185770256942e-09
2222,D_phi,0.14,0.055313610156705224,0.04221850214030174,0.0015991463188563125,0.0,0.01286437119336241,0.01286437119336241,0.012864374611594962,1.5300395672657174e-08,3.418232551177791e-09
2222,D_phi,0.185,0.05589588289960231,0.04264448995401922,0.0016461391577161511,0.0,0.013014729934889138,0.013014729934889138,0.013014733350348225,1.5488883439718215e-08,3.4154590874274637e-09
2222,D_phi,0.22999999999999998,0.056484964466823065,0.04307472488139921,0.0016940686800588042,0.0,0.01316698986671417,0.01316698986671417,0.01316699294874635,1.567910974664688e-08,3.0820321798158412e-09
2222,D_phi,0.27499999999999997,0.05708094092128505,0.04350924655511735,0.0017429574067117037,0.0,0.013321172912283834,0.013321172912283834,0.013321176754996384,1.5870895569980448e-08,3.842712549204097e-09
2222,D_phi,0.32,0.05768389938311115,0.04394811252164361,0.0017928173478628097,0.0,0.013477305319274897,0.013477305319274897,0.013477308408503171,1.606588369285067e-08,3.0892282742306376e-09
2222,D_phi,0.365,0.05829392804296487,0.044391359333737064,0.0018436741188686849,0.0,0.013635408813736033,0.013635408813736033,0.013635411850273354,1.626367582274746e-08,3.03653732020015e-09
2222,D_phi,0.41,0.05891111617552068,0.0448390367819652,0.001895546044398357,0.0,0.013795507874845696,0.013795507874845696,0.013795511319641256,1.6463724133997104e-08,3.4447955599148372e-09
2222,D_phi,0.45499999999999996,0.059535554153217395,0.04529119542249524,0.0019484511101057526,0.0,0.01395762811129517,0.01395762811129517,0.013957631366363724,1.6666639596207844e-08,3.2550685532400925e-09
2222,D_phi,0.49999999999999994,0.06016733346022757,0.045747881397206806,0.002002411177911666,0.0,0.014121793614582566,0.014121793614582566,0.014121796852343535,1.6871508003168945e-08,3.237760969054815e-09
2222,D_phi,0.545,0.06080654670664802,0.04620914408470096,0.0020574465343478157,0.0,0.014288029740132189,0.014288029740132189,0.014288032957485314,1.7079081898740966e-08,3.217353125237188e-09
2222,D_phi,0.5900000000000001,0.061453287642932834,0.04667503286607913,0.0021135781715002195,0.0,0.014456361994379115,0.014456361994379115,0.014456365185253223,1.7289786616303537e-08,3.1908741083414016e-09
2222,D_phi,0.635,0.06210765117455924,0.04714559732925903,0.0021708276950787473,0.0,0.01462681604876588,0.01462681604876588,0.014626819367628817,1.7503229074455895e-08,3.318862937945477e-09
2222,D_phi,0.68,0.06276973337693284,0.0476208871146089,0.002229217601681287,0.0,0.014799417452104805,0.014799417452104805,0.014799421670258828,1.7718955469536724e-08,4.218154022253562e-09
2222,D_phi,0.725,0.06343963151053046,0.0481009537082493,0.002288768983607138,0.0,0.014974193839548452,0.014974193839548452,0.014974198598440347,1.7939260493760045e-08,4.758891895134676e-09
2222,D_phi,0.77,0.06411744403628386,0.048585852714937004,0.0023495021061223677,0.0,0.015151172199266504,0.015151172199266504,0.015151177001614793,1.8158018144642796e-08,4.802348289867364e-09
2222,D_phi,0.8150000000000001,0.06480327063122869,0.04907563108417543,0.002411442988188388,0.0,0.01533037873041675,0.01533037873041675,0.01533038407934803,1.838315749624897e-08,5.348931280541036e-09
2222,D_phi,0.86,0.06549721220436161,0.04957034489699674,0.0024746122143676713,0.0,0.015511842276529762,0.015511842276529762,0.015511847387454633,1.8610692154030772e-08,5.110924870821432e-09
2222,D_phi,0.905,0.06619937091278895,0.050070045533338776,0.0025390349076354376,0.0,0.015695589731405824,0.015695589731405824,0.015695594842556393,1.8841797566615526e-08,5.111150568753997e-09
2222,D_phi,0.95,0.06690985017809373,0.050574789146120604,0.002604732969397602,0.0,0.015881650609532644,0.015881650609532644,0.015881654728254813,1.907531771427884e-08,4.118722168877653e-09
2222,D_gamma,0.05,0.060167333460227894,0.04574788097456325,0.0020024114997068214,0.0,0.0,0.0,0.0,0.0,0.0
2222,D_gamma,0.095,0.060167333460227894,0.04574788097456325,0.0020024114997068214,0.0,0.0,0.0,0.0,0.0,0.0
2222,D_gamma,0.14,0.060167333460227894,0.04574788097456325,0.0020024114997068214,0.0,0.0,0.0,0.0,0.0,0.0
2222,D_gamma,0.185,0.060167333460227894,0.04574788097456325,0.0020024114997068214,0.0,0.0,0.0,0.0,0.0,0.0
2222,D_gamma,0.22999999999999998,0.060167333460227894,0.04574788097456325,0.0020024114997068214,0.0,0.0,0.0,0.0,0.0,0.0
2222,D_gamma,0.27499999999999997,0.060167333460227894,0.04574788097456325,0.0020024114997068214,0.0,0.0,0.0,0.0,0.0,0.0
2222,D_gamma,0.32,0.060167333460227894,0.04574788097456325,0.0020024114997068214,0.0,0.0,0.0,0.0,0.0,0.0
2222,D_gamma,0.365,0.060167333460227894,0.04574788097456325,0.0020024114997068214,0.0,0.0,0.0,0.0,0.0,0.0
2222,D_gamma,0.41,0.060167333460227894,0.04574788097456325,0.0020024114997068214,0.0,0.0,0.0,0.0,0.0,0.0
2222,D_gamma,0.45499999999999996,0.060167333460227894,0.04574788097456325,0.0020024114997068214,0.0,0.0,0.0,0.0,0.0,0.0
2222,D_gamma,0.49999999999999994,0.060167333460227894,0.04574788097456325,0.0020024114997068214,0.0,0.0,0.0,0.0,0.0,0.0
2222,D_gamma,0.545,0.060167333460227894,0.04574788097456325,0.0020024114997068214,0.0,0.0,0.0,0.0,0.0,0.0
2222,D_gamma,0.5900000000000001,0.060167333460227894,0.04574788097456325,0.0020024114997068214,0.0,0.0,0.0,0.0,0.0,0.0
2222,D_gamma,0.635,0.060167333460227894,0.04574788097456325,0.0020024114997068214,0.0,0.0,0.0,0.0,0.0,0.0
2222,D_gamma,0.68,0.060167333460227894,0.04574788097456325,0.0020024114997068214,0.0,0.0,0.0,0.0,0.0,0.0
2222,D_gamma,0.725,0.060167333460227894,0.04574788097456325,0.0020024114997068214,0.0,0.0,0.0,0.0,0.0,0.0
2222,D_gamma,0.77,0.060167333460227894,0.04574788097456325,0.0020024114997068214,0.0,0.0,0.0,0.0,0.0,0.0
2222,D_gamma,0.8150000000000001,0.060167333460227894,0.04574788097456325,0.0020024114997068214,0.0,0.0,0.0,0.0,0.0,0.0
2222,D_gamma,0.86,0.060167333460227894,0.04574788097456325,0.0020024114997068214,0.0,0.0,0.0,0.0,0.0,0.0
2222,D_gamma,0.905,0.060167333460227894,0.04574788097456325,0.0020024114997068214,0.0,0.0,0.0,0.0,0.0,0.0
2222,D_gamma,0.95,0.060167333460227894,0.04574788097456325,0.0020024114997068214,0.0,0.0,0.0,0.0,0.0,0.0
2222,D_phi+gamma,0.05,0.053618923885979136,0.04097049516575743,0.0020793861069798667,0.0014555702748859055,0.012207996288703248,0.013663566563589153,0.013663575891815005,6.372223999330517e-08,9.3282258514793e-09
2222,D_phi+gamma,0.095,0.05423738808940431,0.04142590297020416,0.0020495972812434706,0.0014347180968704283,0.012390220418496013,0.01382493851536644,0.013824948598381905,5.512304260789358e-08,1.0083015464235068e-08
2222,D_phi+gamma,0.14,0.054863270221824884,0.04188585265464375,0.002027159187909351,0.0014190114315365445,0.012574092843434075,0.013993104274970618,0.013993110958040305,4.8999623109002854e-08,6.683069686194698e-09
2222,D_phi+gamma,0.185,0.0554968577763864,0.04235053926135926,0.0020107331699881067,0.0014075132189916735,0.012759784307119337,0.01416729752611101,0.014167303515183286,4.455627949928598e-08,5.98907227630785e-09
2222,D_phi+gamma,0.22999999999999998,0.056138409079385825,0.0428201227039254,0.0019993110925815823,0.0013995177648071066,0.012947453032137145,0.01434697079694425,0.014346976275360692,4.1295504515925785e-08,5.478416440982126e-09
2222,D_phi+gamma,0.27499999999999997,0.05678816119162074,0.043294750252237155,0.001992119777283741,0.0013944838440986176,0.01313723640173144,0.014531720245830057,0.014531725590502692,3.8879508987288425e-08,5.344672635021475e-09
2222,D_phi+gamma,0.32,0.05744633549783457,0.04377455251863142,0.0019885607688773545,0.001391992538214147,0.013329255112749976,0.014721247650964123,0.014721252713993646,3.70836750196446e-08,5.063029523411089e-09
2222,D_phi+gamma,0.365,0.05811314175703952,0.044259654245136254,0.001988156642404665,0.0013917096496832645,0.013523621233966731,0.014915330883649996,0.014915335799744314,3.575463050631278e-08,4.916094318088704e-09
2222,D_phi+gamma,0.41,0.05878878110023457,0.044750170722293856,0.0019905267386327416,0.001393368717042918,0.013720436920175154,0.015113805637218071,0.015113810496105391,3.4778281643443876e-08,4.8588873202692895e-09
2222,D_phi+gamma,0.45499999999999996,0.05947344829113958,0.04524621083807109,0.0019953629089204433,0.0013967540362443093,0.013919797445284869,0.015316551481529179,0.015316556209437983,3.407643681119232e-08,4.727908804041947e-09
2222,D_phi+gamma,0.49999999999999994,0.06016733346022757,0.045747881397206806,0.002002411177911666,0.001401687824538165,0.014121793614582566,0.015523481439120732,0.015523486187234458,3.3589713609519234e-08,4.748113726846248e-09
2222,D_phi+gamma,0.545,0.06087062345542967,0.04625528305234176,0.0020114638153746443,0.00140802467076225,0.01432651081327791,0.01573453548404016,0.015734540236377034,3.3273993282900705e-08,4.752336874719321e-09
2222,D_phi+gamma,0.5900000000000001,0.0615835029092949,0.04676851455412085,0.0020223475176094578,0.0014156432623266193,0.014534031312904348,0.015949674575230968,0.015949679296305128,3.30965293365848e-08,4.721074160080052e-09
2222,D_phi+gamma,0.635,0.06230615509336816,0.047287675100418085,0.0020349155813930426,0.0014244409069751288,0.014744435616574326,0.016168876523549456,0.016168881335838235,3.3031482757350794e-08,4.812288779271201e-09
2222,D_phi+gamma,0.68,0.06303876261080131,0.047812858215493005,0.0020490471300219143,0.0014343329910153388,0.01495780036449246,0.0163921333555078,0.016392138215318486,3.306005885717056e-08,4.859810685819976e-09
2222,D_phi+gamma,0.725,0.06378150796450897,0.04834415885077811,0.00206463709139347,0.0014452459639754279,0.015174204051342132,0.01661945001531756,0.01661945325922147,3.316624475058205e-08,3.2439039093778987e-09
2222,D_phi+gamma,0.77,0.06453457402859036,0.04888167494984494,0.002081598924544446,0.0014571192471811109,0.015393715172652799,0.01685083441983391,0.016850839356640626,3.333754036716208e-08,4.936806716898667e-09
2222,D_phi+gamma,0.8150000000000001,0.06529814444380383,0.0494254937942625,0.0020998577142019932,0.0014699003999413941,0.01561641205182735,0.017086312451768743,0.017086317467143022,3.3565276252867093e-08,5.015374279077056e-09
2222,D_phi+gamma,0.86,0.06607240395291963,0.04997570991046184,0.0021193499948082904,0.0014835449963658022,0.015842364985311295,0.017325909981677098,0.01732591542988221,3.384070107470549e-08,5.4482051127513476e-09
2222,D_phi+gamma,0.905,0.06685753868807687,0.050532424687656285,0.002140015921312643,0.0014980111449188489,0.016071650690366292,0.01756966183528514,0.017569667012656817,3.415844690435321e-08,5.177371677211884e-09
2222,D_phi+gamma,0.95,0.06765373641962753,0.05109572046724629,0.0021618153862196653,0.0015132707703537647,0.016304334837097686,0.01781760560745145,0.01781761113948883,3.451211053051573e-08,5.5320373802680844e-09
2323,D0,0.05,0.05999726230460201,0.04566909674131771,0.0019420342606473195,0.0,0.0,0.0,0.0,0.0,0.0
2323,D0,0.095,0.05999726230460201,0.04566909674131771,0.0019420342606473195,0.0,0.0,0.0,0.0,0.0,0.0
2323,D0,0.14,0.05999726230460201,0.04566909674131771,0.0019420342606473195,0.0,0.0,0.0,0.0,0.0,0.0
2323,D0,0.185,0.05999726230460201,0.04566909674131771,0.0019420342606473195,0.0,0.0,0.0,0.0,0.0,0.0
2323,D0,0.22999999999999998,0.05999726230460201,0.04566909674131771,0.0019420342606473195,0.0,0.0,0.0,0.0,0.0,0.0
2323,D0,0.27499999999999997,0.05999726230460201,0.04566909674131771,0.0019420342606473195,0.0,0.0,0.0,0.0,0.0,0.0
2323,D0,0.32,0.05999726230460201,0.04566909674131771,0.0019420342606473195,0.0,0.0,0.0,0.0,0.0,0.0
2323,D0,0.365,0.05999726230460201,0.04566909674131771,0.0019420342606473195,0.0,0.0,0.0,0.0,0.0,0.0
2323,D0,0.41,0.05999726230460201,0.04566909674131771,0.0019420342606473195,0.0,0.0,0.0,0.0,0.0,0.0
2323,D0,0.45499999999999996,0.05999726230460201,0.04566909674131771,0.0019420342606473195,0.0,0.0,0.0,0.0,0.0,0.0
2323,D0,0.49999999999999994,0.05999726230460201,0.04566909674131771,0.0019420342606473195,0.0,0.0,0.0,0.0,0.0,0.0
2323,D0,0.545,0.05999726230460201,0.04566909674131771,0.0019420342606473195,0.0,0.0,0.0,0.0,0.0,0.0
2323,D0,0.5900000000000001,0.05999726230460201,0.04566909674131771,0.0019420342606473195,0.0,0.0,0.0,0.0,0.0,0.0
2323,D0,0.635,0.05999726230460201,0.04566909674131771,0.0019420342606473195,0.0,0.0,0.0,0.0,0.0,0.0
2323,D0,0.68,0.05999726230460201,0.04566909674131771,0.0019420342606473195,0.0,0.0,0.0,0.0,0.0,0.0
2323,D0,0.725,0.05999726230460201,0.04566909674131771,0.0019420342606473195,0.0,0.0,0.0,0.0,0.0,0.0
2323,D0,0.77,0.05999726230460201,0.04566909674131771,0.0019420342606473195,0.0,0.0,0.0,0.0,0.0,0.0
2323,D0,0.8150000000000001,0.05999726230460201,0.04566909674131771,0.0019420342606473195,0.0,0.0,0.0,0.0,0.0,0.0
2323,D0,0.86,0.05999726230460201,0.04566909674131771,0.0019420342606473195,0.0,0.0,0.0,0.0,0.0,0.0
2323,D0,0.905,0.05999726230460201,0.04566909674131771,0.0019420342606473195,0.0,0.0,0.0,0.0,0.0,0.0
2323,D0,0.95,0.05999726230460201,0.04566909674131771,0.0019420342606473195,0.0,0.0,0.0,0.0,0.0,0.0
2323,D_phi,0.05,0.05405298593151733,0.04132352794502052,0.0014642164292701194,0.0,0.012464922270382702,0.012464922270382702,0.012464924610640011,1.4507150350798192e-08,2.340257309121907e-09
2323,D_phi,0.095,0.05461713372558469,0.04173909864780004,0.0015078737675509406,0.0,0.012608610382921305,0.012608610382921305,0.012608613521043224,1.4685919511731038e-08,3.138121918572212e-09
2323,D_phi,0.14,0.05518778799067996,0.04215877334586139,0.0015523967024210716,0.0,0.012754101657253535,0.012754101657253535,0.012754104833165638,1.486642614567657e-08,3.1759121027485904e-09
2323,D_phi,0.185,0.055765030333713925,0.04258259213457342,0.0015978051013918204,0.0,0.012901417603628808,0.012901417603628808,0.01290142076301059,1.5050411958372756e-08,3.159381782233406e-09
2323,D_phi,0.22999999999999998,0.056348943367403925,0.043010597828607125,0.0016441178077553804,0.0,0.01305058052655374,0.01305058052655374,0.013050583798837946,1.5235781733458076e-08,3.2722842057547608e-09
2323,D_phi,0.27499999999999997,0.056939610722753276,0.043442835451427846,0.0016913529814086613,0.0,0.013201613321706728,0.013201613321706728,0.013201616709645503,1.5422458796154892e-08,3.387938775009647e-09
2323,D_phi,0.32,0.057537117061733464,0.0438793550604854,0.001739523171278412,0.0,0.01335454521294354,0.01335454521294354,0.013354542548322199,1.5615052306738875e-08,2.664621341283424e-09
2323,D_phi,0.365,0.05814154809016486,0.04432019005257189,0.0017886645332560337,0.0,0.013509381429977606,0.013509381429977606,0.013509384656146943,1.580637461195966e-08,3.226169336886797e-09
2323,D_phi,0.41,0.058752990570820535,0.04476539587245571,0.0018387809158912079,0.0,0.013666163497551828,0.013666163497551828,0.013666166667674293,1.600176519067631e-08,3.1701224648822413e-09
2323,D_phi,0.45499999999999996,0.05937153233670944,0.045215015846521496,0.0018898973923957545,0.0,0.013824909310246047,0.013824909310246047,0.01382491251548395,1.619915139527972e-08,3.2052379032171396e-09
2323,D_phi,0.49999999999999994,0.059997262304601624,0.04566909721492751,0.0019420339160558363,0.0,0.01398564323828551,0.01398564323828551,0.013985646435022862,1.6398538773415572e-08,3.19673735225956e-09
2323,D_phi,0.545,0.060630270488757056,0.04612768677483006,0.001995211476994431,0.0,0.014148389610257862,0.014148389610257862,0.01414839296916911,1.660136889070074e-08,3.3589112480997274e-09
2323,D_phi,0.5900000000000001,0.06127064801487325,0.04659083323394588,0.0020494503787465506,0.0,0.014313173634892117,0.014313173634892117,0.014313176973017998,1.680647461477225e-08,3.338125881616194e-09
2323,D_phi,0.635,0.06191848713425874,0.04705858491398789,0.0021047719330337653,0.0,0.014480020514066182,0.014480020514066182,0.0144800236193232,1.701431044665025e-08,3.1052570185347017e-09
2323,D_phi,0.68,0.06257388123822977,0.047530988725488145,0.002161199381651187,0.0,0.01464895483734185,0.01464895483734185,0.014648958403204446,1.722483752852888e-08,3.565862594784308e-09
2323,D_phi,0.725,0.06323692487272947,0.04800809691818651,0.002218752457095527,0.0,0.01482000386177091,0.01482000386177091,0.014820007147252678,1.743769642570392e-08,3.2854817685890048e-09
2323,D_phi,0.77,0.06390771375319311,0.04848995534220614,0.0022774572593315394,0.0,0.01499319122468483,0.01499319122468483,0.014993196006580348,1.7652072165086352e-08,4.781895518446433e-09
2323,D_phi,0.8150000000000001,0.06458634477961882,0.04897661970193824,0.0023373319532595223,0.0,0.015168546604344007,0.015168546604344007,0.015168551475292627,1.7872409108221632e-08,4.8709486201448104e-09
2323,D_phi,0.86,0.06527291605191438,0.04946813776389349,0.0023984025228415305,0.0,0.015346095071846514,0.015346095071846514,0.015346100389439912,1.8092571191230533e-08,5.31759339859883e-09
2323,D_phi,0.905,0.06596752688544237,0.04996456314497805,0.0024606908621804756,0.0,0.015525864872271622,0.015525864872271622,0.01552586993365869,1.831821500042352e-08,5.061387068142076e-09
2323,D_phi,0.95,0.06667027782684193,0.05046594612307261,0.002524222541064311,0.0,0.015707882589936984,0.015707882589936984,0.015707887647485583,1.854546100021892e-08,5.057548598669248e-09
2323,D_gamma,0.05,0.05999726230460201,0.04566909674131771,0.0019420342606473195,0.0,0.0,0.0,0.0,0.0,0.0
2323,D_gamma,0.095,0.05999726230460201,0.04566909674131771,0.0019420342606473195,0.0,0.0,0.0,0.0,0.0,0.0
2323,D_gamma,0.14,0.05999726230460201,0.04566909674131771,0.0019420342606473195,0.0,0.0,0.0,0.0,0.0,0.0
2323,D_gamma,0.185,0.05999726230460201,0.04566909674131771,0.0019420342606473195,0.0,0.0,0.0,0.0,0.0,0.0
2323,D_gamma,0.22999999999999998,0.05999726230460201,0.04566909674131771,0.0019420342606473195,0.0,0.0,0.0,0.0,0.0,0.0
2323,D_gamma,0.27499999999999997,0.05999726230460201,0.04566909674131771,0.0019420342606473195,0.0,0.0,0.0,0.0,0.0,0.0
2323,D_gamma,0.32,0.05999726230460201,0.04566909674131771,0.0019420342606473195,0.0,0.0,0.0,0.0,0.0,0.0
2323,D_gamma,0.365,0.05999726230460201,0.04566909674131771,0.0019420342606473195,0.0,0.0,0.0,0.0,0.0,0.0
2323,D_gamma,0.41,0.05999726230460201,0.04566909674131771,0.0019420342606473195,0.0,0.0,0.0,0.0,0.0,0.0
2323,D_gamma,0.45499999999999996,0.05999726230460201,0.04566909674131771,0.0019420342606473195,0.0,0.0,0.0,0.0,0.0,0.0
2323,D_gamma,0.49999999999999994,0.05999726230460201,0.04566909674131771,0.0019420342606473195,0.0,0.0,0.0,0.0,0.0,0.0
2323,D_gamma,0.545,0.05999726230460201,0.04566909674131771,0.0019420342606473195,0.0,0.0,0.0,0.0,0.0,0.0
2323,D_gamma,0.5900000000000001,0.05999726230460201,0.04566909674131771,0.0019420342606473195,0.0,0.0,0.0,0.0,0.0,0.0
2323,D_gamma,0.635,0.05999726230460201,0.04566909674131771,0.0019420342606473195,0.0,0.0,0.0,0.0,0.0,0.0
2323,D_gamma,0.68,0.05999726230460201,0.04566909674131771,0.0019420342606473195,0.0,0.0,0.0,0.0,0.0,0.0
2323,D_gamma,0.725,0.05999726230460201,0.04566909674131771,0.0019420342606473195,0.0,0.0,0.0,0.0,0.0,0.0
2323,D_gamma,0.77,0.05999726230460201,0.04566909674131771,0.0019420342606473195,0.0,0.0,0.0,0.0,0.0,0.0
2323,D_gamma,0.8150000000000001,0.05999726230460201,0.04566909674131771,0.0019420342606473195,0.0,0.0,0.0,0.0,0.0,0.0
2323,D_gamma,0.86,0.05999726230460201,0.04566909674131771,0.0019420342606473195,0.0,0.0,0.0,0.0,0.0,0.0
2323,D_gamma,0.905,0.05999726230460201,0.04566909674131771,0.0019420342606473195,0.0,0.0,0.0,0.0,0.0,0.0
2323,D_gamma,0.95,0.05999726230460201,0.04566909674131771,0.0019420342606473195,0.0,0.0,0.0,0.0,0.0,0.0
2323,D_phi+gamma,0.05,0.05351867805365418,0.040925123266989376,0.002019483656117327,0.0014136385592821276,0.012116068690214199,0.013529707249496327,0.013529716152284144,6.210180634493023e-08,8.902787817718916e-09
2323,D_phi+gamma,0.095,0.05413103243157135,0.04137763677137264,0.0019900951466129612,0.0013930666026290717,0.012294155527268683,0.013687222129897755,0.01368722938658132,5.372702562532472e-08,7.256683564813016e-09
2323,D_phi+gamma,0.14,0.054750627103075815,0.041834614437881334,0.001967895822966045,0.0013775270760762305,0.01247382690758505,0.01385135398366128,0.013851360316684084,4.7768473898646135e-08,6.333022804089206e-09
2323,D_phi+gamma,0.185,0.05537774231026953,0.042296236263933654,0.0019515772856355757,0.0013661040999449017,0.012655260244248387,0.014021364344193288,0.014021370165813266,4.345706017261364e-08,5.821619977752768e-09
2323,D_phi+gamma,0.22999999999999998,0.0560126299452826,0.0427626585270171,0.0019401592009466965,0.0013581114406626864,0.01283860812425304,0.014196719564915725,0.014196724880119286,4.0297603448591346e-08,5.3152035602715975e-09
2323,D_phi+gamma,0.27499999999999997,0.056655521274806366,0.04323402263944609,0.0019328893138024624,0.0013530225196617227,0.013024005748970252,0.014377028268631974,0.01437703352073614,3.7967197441535205e-08,5.252104166506011e-09
2323,D_phi+gamma,0.32,0.05730663240793299,0.043710453978514446,0.0019291847202645037,0.0013504293041851515,0.01321157340078018,0.014562002704965332,0.01456200781041818,3.624391550771655e-08,5.1054528486804696e-09
2323,D_phi+gamma,0.365,0.05796616826165463,0.04419206951370443,0.001928583378972258,0.0013500083652805796,0.013401421687191249,0.014751430052471828,0.014751434800304254,3.4977361978993926e-08,4.747832425822107e-09
2323,D_phi+gamma,0.41,0.058634325498938177,0.044678980814180806,0.0019307141709625877,0.0013514999196738101,0.01359365330761433,0.01494515322728814,0.014945157927907259,3.405826107250043e-08,4.700619117906091e-09
2323,D_phi+gamma,0.45499999999999996,0.0593112947475092,0.04517128979348436,0.0019352795125809987,0.001354695658806698,0.013788363399289488,0.015143059058096186,0.015143063614105737,3.340884582869741e-08,4.556009550529816e-09
2323,D_phi+gamma,0.49999999999999994,0.059997262304601624,0.04566909721492751,0.0019420339160558363,0.0013594237412390844,0.01398564323828551,0.015345066979524594,0.01534507158258282,3.297167951686608e-08,4.603058226249068e-09
2323,D_phi+gamma,0.545,0.06069241146765627,0.046172496646065805,0.0019507777169996622,0.0013655444018997624,0.014185578793826426,0.015551123195726189,0.015551127756352812,3.270364361263045e-08,4.56062662287926e-09
2323,D_phi+gamma,0.5900000000000001,0.06139692358836179,0.04668158271027805,0.001961342785286348,0.0013729399497004425,0.014388254348846295,0.01576119429854674,0.015761198961874813,3.25729537092867e-08,4.663328074389073e-09
2323,D_phi+gamma,0.635,0.0621109789191351,0.04719644358921548,0.0019735916099756514,0.0013815141269829549,0.014593750112487466,0.015975264239470422,0.01597526892807391,3.2555025689107175e-08,4.688603488095522e-09
2323,D_phi+gamma,0.68,0.06283475730180656,0.04771717034704042,0.001987406093849234,0.001391184265694463,0.014802146169869582,0.016193330435564045,0.016193335225661562,3.262955600158435e-08,4.790097516554903e-09
2323,D_phi+gamma,0.725,0.06356843873497432,0.04824384946514708,0.0020026899335970332,0.001401882953517922,0.0150135176633746,0.016415400616892523,0.016415406898472026,3.2782331016445454e-08,6.2815795030812804e-09
2323,D_phi+gamma,0.77,0.06431220384703293,0.048776562612425405,0.002019359888370001,0.0014135519218589996,0.015227945900425725,0.016641497822284725,0.016641502618339174,3.300351311685823e-08,4.796054449418552e-09
2323,D_phi+gamma,0.8150000000000001,0.06506623429520275,0.04931540134733854,0.0020373459342164996,0.0014261421539515484,0.015445502042795937,0.016871644196747485,0.016871649220720472,3.327901010319323e-08,5.0239729876278005e-09
2323,D_phi+gamma,0.86,0.06583071310597197,0.04986045306901454,0.002056586407527057,0.0014396104852689388,0.015666265026796224,0.01710587551206516,0.017105880550893196,3.3604932725417314e-08,5.0388280353752535e-09
2323,D_phi+gamma,0.905,0.06660582496883295,0.05041179384065087,0.0020770364869171602,0.001453925540842011,0.01589030552782517,0.01734423106866718,0.01734423653420822,3.3973580892965316e-08,5.465541037114052e-09
2323,D_phi+gamma,0.95,0.0673917564924218,0.05096951786540584,0.0020986483599825623,0.0014690538519877925,0.016117703094637767,0.017586756946625558,0.017586762428401983,3.4381505975566995e-08,5.481776425148022e-09
2424,D0,0.05,0.060414791827101993,0.0457217515854793,0.0022977016830024034,0.0,0.0,0.0,0.0,0.0,0.0
2424,D0,0.095,0.060414791827101993,0.0457217515854793,0.0022977016830024034,0.0,0.0,0.0,0.0,0.0,0.0
2424,D0,0.14,0.060414791827101993,0.0457217515854793,0.0022977016830024034,0.0,0.0,0.0,0.0,0.0,0.0
2424,D0,0.185,0.060414791827101993,0.0457217515854793,0.0022977016830024034,0.0,0.0,0.0,0.0,0.0,0.0
2424,D0,0.22999999999999998,0.060414791827101993,0.0457217515854793,0.0022977016830024034,0.0,0.0,0.0,0.0,0.0,0.0
2424,D0,0.27499999999999997,0.060414791827101993,0.0457217515854793,0.0022977016830024034,0.0,0.0,0.0,0.0,0.0,0.0
2424,D0,0.32,0.060414791827101993,0.0457217515854793,0.0022977016830024034,0.0,0.0,0.0,0.0,0.0,0.0
2424,D0,0.365,0.060414791827101993,0.0457217515854793,0.0022977016830024034,0.0,0.0,0.0,0.0,0.0,0.0
2424,D0,0.41,0.060414791827101993,0.0457217515854793,0.0022977016830024034,0.0,0.0,0.0,0.0,0.0,0.0
2424,D0,0.45499999999999996,0.060414791827101993,0.0457217515854793,0.0022977016830024034,0.0,0.0,0.0,0.0,0.0,0.0
2424,D0,0.49999999999999994,0.060414791827101993,0.0457217515854793,0.0022977016830024034,0.0,0.0,0.0,0.0,0.0,0.0
2424,D0,0.545,0.060414791827101993,0.0457217515854793,0.0022977016830024034,0.0,0.0,0.0,0.0,0.0,0.0
2424,D0,0.5900000000000001,0.060414791827101993,0.0457217515854793,0.0022977016830024034,0.0,0.0,0.0,0.0,0.0,0.0
2424,D0,0.635,0.060414791827101993,0.0457217515854793,0.0022977016830024034,0.0,0.0,0.0,0.0,0.0,0.0
2424,D0,0.68,0.060414791827101993,0.0457217515854793,0.0022977016830024034,0.0,0.0,0.0,0.0,0.0,0.0
2424,D0,0.725,0.060414791827101993,0.0457217515854793,0.0022977016830024034,0.0,0.0,0.0,0.0,0.0,0.0
2424,D0,0.77,0.060414791827101993,0.0457217515854793,0.0022977016830024034,0.0,0.0,0.0,0.0,0.0,0.0
2424,D0,0.8150000000000001,0.060414791827101993,0.0457217515854793,0.0022977016830024034,0.0,0.0,0.0,0.0,0.0,0.0
2424,D0,0.86,0.060414791827101993,0.0457217515854793,0.0022977016830024034,0.0,0.0,0.0,0.0,0.0,0.0
2424,D0,0.905,0.060414791827101993,0.0457217515854793,0.0022977016830024034,0.0,0.0,0.0,0.0,0.0,0.0
2424,D0,0.95,0.060414791827101993,0.0457217515854793,0.0022977016830024034,0.0,0.0,0.0,0.0,0.0,0.0
2424,D_phi,0.05,0.054312549953768094,0.04137829910254903,0.0016672300730380606,0.0,0.012751051627520747,0.012751051627520747,0.012751055147742874,1.7664032399972163e-08,3.520222127684214e-09
2424,D_phi,0.095,0.05488983778043129,0.041794178894530125,0.0017230976688855362,0.0,0.012906547132211333,0.012906547132211333,0.012906550701420246,1.791791682213828e-08,3.5692089127986604e-09
2424,D_phi,0.14,0.05547417226622771,0.042214056908230595,0.0017804485969495642,0.0,0.013064241677271828,0.013064241677271828,0.013064245301991686,1.817482483956745e-08,3.6247198575978246e-09
2424,D_phi,0.185,0.0560656530767977,0.04263797196168806,0.001839323472300065,0.0,0.01322416685065976,0.01322416685065976,0.013224170499546115,1.8435173179676134e-08,3.648886354526426e-09
2424,D_phi,0.22999999999999998,0.05666438130558766,0.043065963542152835,0.0018997634817573335,0.0,0.013386354783008887,0.013386354783008887,0.01338635820376208,1.869813540111842e-08,3.4207531928592827e-09
2424,D_phi,0.27499999999999997,0.05727045949024567,0.04349806632179153,0.0019618141851878985,0.0,0.01355083524128992,0.01355083524128992,0.013550840693236562,1.896623379182838e-08,5.451946642406891e-09
2424,D_phi,0.32,0.05788399162944202,0.04393433145997793,0.0020255107888528016,0.0,0.013717646981047715,0.013717646981047715,0.013717650626091081,1.9233289613729276e-08,3.6450433660989434e-09
2424,D_phi,0.365,0.058505083200244196,0.04437478907394201,0.00209090435516446,0.0,0.013886817328173252,0.013886817328173252,0.013886821051369696,1.9504262094294234e-08,3.723196443858323e-09
2424,D_phi,0.41,0.05913384117592799,0.044819481643676336,0.002158038791416279,0.0,0.014058379809263116,0.014058379809263116,0.014058385421682704,1.9781904239679626e-08,5.612419588102435e-09
2424,D_phi,0.45499999999999996,0.05977037404438497,0.04526845510987865,0.002226955897255136,0.0,0.014232371542949426,0.014232371542949426,0.014232377603001419,2.0063180977691886e-08,6.060051993203586e-09
2424,D_phi,0.49999999999999994,0.06041479182710315,0.045721750868870904,0.0022977023682634423,0.0,0.01440882625068345,0.01440882625068345,0.014408831890053628,2.0345027039805896e-08,5.639370179166825e-09
2424,D_phi,0.545,0.0610672060987347,0.04617941063921291,0.0023703259571010173,0.0,0.014587777783796704,0.014587777783796704,0.014587783020502352,2.0631088851197354e-08,5.236705647240769e-09
2424,D_phi,0.5900000000000001,0.061727730007281455,0.04664147785191781,0.00244487428357124,0.0,0.014769261329060118,0.014769261329060118,0.014769266186353915,2.0921637339244015e-08,4.857293796345363e-09
2424,D_phi,0.635,0.062396478294928115,0.04710799652971546,0.0025213957661432127,0.0,0.014953312562093226,0.014953312562093226,0.01495331704995903,2.121608201621772e-08,4.487865804675417e-09
2424,D_phi,0.68,0.06307370298273003,0.04755999119270771,0.0026205066665659325,0.0,0.015116348658586326,0.015116348658586326,0.01513881962714457,2.328328602141383e-06,2.2470968558244153e-05
2424,D_phi,0.725,0.0637591150767735,0.04805456515264592,0.002680558358015573,0.0,0.01532926049704534,0.01532926049704534,0.01532926696144117,2.1817597728457372e-08,6.464395831129455e-09
2424,D_phi,0.77,0.06445324122301312,0.048534709323559466,0.0027632974436968363,0.0,0.015521234286710468,0.015521234286710468,0.015521239819506538,2.212479019436664e-08,5.53279607025392e-09
2424,D_phi,0.8150000000000001,0.06515606709882908,0.0490194873865221,0.00284821152251668,0.0,0.015715923619376047,0.015715923619376047,0.01571593652573247,3.2212084943861186e-07,1.2906356424563503e-08
2424,D_phi,0.86,0.06586771576936665,0.04950872610443298,0.002935587478338975,0.0,0.01591309634285677,0.01591309634285677,0.015913373703306172,7.082820441262072e-08,2.773604494028803e-07
2424,D_phi,0.905,0.06658831205324058,0.05000266622960359,0.0030253198416104257,0.0,0.01611294035532432,0.01611294035532432,0.016113580884179177,5.206542696978289e-08,6.4052885485541e-07
2424,D_phi,0.95,0.06731798273258821,0.05050320516633552,0.003115279304437238,0.0,0.01631818053618437,0.01631818053618437,0.016316722060377348,2.7804627350525024e-08,1.4584758070215753e-06
2424,D_gamma,0.05,0.060414791827101993,0.0457217515854793,0.0022977016830024034,0.0,0.0,0.0,0.0,0.0,0.0
2424,D_gamma,0.095,0.060414791827101993,0.0457217515854793,0.0022977016830024034,0.0,0.0,0.0,0.0,0.0,0.0
2424,D_gamma,0.14,0.060414791827101993,0.0457217515854793,0.0022977016830024034,0.0,0.0,0.0,0.0,0.0,0.0
2424,D_gamma,0.185,0.060414791827101993,0.0457217515854793,0.0022977016830024034,0.0,0.0,0.0,0.0,0.0,0.0
2424,D_gamma,0.22999999999999998,0.060414791827101993,0.0457217515854793,0.0022977016830024034,0.0,0.0,0.0,0.0,0.0,0.0
2424,D_gamma,0.27499999999999997,0.060414791827101993,0.0457217515854793,0.0022977016830024034,0.0,0.0,0.0,0.0,0.0,0.0
2424,D_gamma,0.32,0.060414791827101993,0.0457217515854793,0.0022977016830024034,0.0,0.0,0.0,0.0,0.0,0.0
2424,D_gamma,0.365,0.060414791827101993,0.0457217515854793,0.0022977016830024034,0.0,0.0,0.0,0.0,0.0,0.0
2424,D_gamma,0.41,0.060414791827101993,0.0457217515854793,0.0022977016830024034,0.0,0.0,0.0,0.0,0.0,0.0
2424,D_gamma,0.45499999999999996,0.060414791827101993,0.0457217515854793,0.0022977016830024034,0.0,0.0,0.0,0.0,0.0,0.0
2424,D_gamma,0.49999999999999994,0.060414791827101993,0.0457217515854793,0.0022977016830024034,0.0,0.0,0.0,0.0,0.0,0.0
2424,D_gamma,0.545,0.060414791827101993,0.0457217515854793,0.0022977016830024034,0.0,0.0,0.0,0.0,0.0,0.0
2424,D_gamma,0.5900000000000001,0.060414791827101993,0.0457217515854793,0.0022977016830024034,0.0,0.0,0.0,0.0,0.0,0.0
2424,D_gamma,0.635,0.060414791827101993,0.0457217515854793,0.0022977016830024034,0.0,0.0,0.0,0.0,0.0,0.0
2424,D_gamma,0.68,0.060414791827101993,0.0457217515854793,0.0022977016830024034,0.0,0.0,0.0,0.0,0.0,0.0
2424,D_gamma,0.725,0.060414791827101993,0.0457217515854793,0.0022977016830024034,0.0,0.0,0.0,0.0,0.0,0.0
2424,D_gamma,0.77,0.060414791827101993,0.0457217515854793,0.0022977016830024034,0.0,0.0,0.0,0.0,0.0,0.0
2424,D_gamma,0.8150000000000001,0.060414791827101993,0.0457217515854793,0.0022977016830024034,0.0,0.0,0.0,0.0,0.0,0.0
2424,D_gamma,0.86,0.060414791827101993,0.0457217515854793,0.0022977016830024034,0.0,0.0,0.0,0.0,0.0,0.0
2424,D_gamma,0.905,0.060414791827101993,0.0457217515854793,0.0022977016830024034,0.0,0.0,0.0,0.0,0.0,0.0
2424,D_gamma,0.95,0.060414791827101993,0.0457217515854793,0.0022977016830024034,0.0,0.0,0.0,0.0,0.0,0.0
2424,D_phi+gamma,0.05,0.053713948150407934,0.04097999126339883,0.0022282368063499536,0.0015597657644449662,0.012320309023531493,0.01388007478797646,0.01388008825880752,7.67122108977919e-08,1.3470831060000132e-08
2424,D_phi+gamma,0.095,0.05434258436069746,0.041433893630385694,0.002208877524287002,0.0015462142670009003,0.012514576263417957,0.014060790530418857,0.014060800464516127,6.86556964248769e-08,9.934097270486442e-09
2424,D_phi+gamma,0.14,0.05497954589405661,0.0418919690095833,0.0021977768663241867,0.0015384438064269294,0.01271151065438942,0.014249954460816349,0.014249963720598656,6.311872101372185e-08,9.259782307244335e-09
2424,D_phi+gamma,0.185,0.05562519660741537,0.042354369065182994,0.00219360046746755,0.0015355203272272835,0.012911361410819184,0.014446881738046468,0.014446890435979529,5.92918929231967e-08,8.697933061296848e-09
2424,D_phi+gamma,0.22999999999999998,0.056279874506667216,0.042821226456089864,0.0021953512662327332,0.001536745886362912,0.013114351736173506,0.014651097622536418,0.0146511058468409,5.665817502664705e-08,8.224304482232214e-09
2424,D_phi+gamma,0.27499999999999997,0.056943899767066805,0.04329265372614677,0.0022022746316682994,0.0015415922421678084,0.01332068339035418,0.014862275632521987,0.014862283550754425,5.488443380330388e-08,7.918232437786887e-09
2424,D_phi+gamma,0.32,0.057617580392064015,0.04376876073072105,0.0022137766120843235,0.0015496436284590251,0.013530551487041732,0.015080195115500758,0.015080203176471248,5.3729302257332634e-08,8.060970490067487e-09
2424,D_phi+gamma,0.365,0.05830121629974516,0.04424963755249071,0.0022294015771412105,0.0015605811039988461,0.013744132585178379,0.015304713689177225,0.015304721771434111,5.3046136580525705e-08,8.082256886324246e-09
2424,D_phi+gamma,0.41,0.058995102334574556,0.04473537240231546,0.002248784157752489,0.0015741489104267408,0.01396159685130947,0.01553574576173621,0.015535754011564484,5.271359945768772e-08,8.249828273645954e-09
2424,D_phi+gamma,0.45499999999999996,0.05969953052838937,0.04522605030319738,0.002271629867830167,0.0015901409074811157,0.014183108958276791,0.015773249865757906,0.015773258232130806,5.2651626808453145e-08,8.366372900026064e-09
2424,D_phi+gamma,0.49999999999999994,0.06041479182710315,0.045721750868870904,0.0022977023682634423,0.0016083916577844081,0.01440882625068345,0.016017217908467857,0.016017226399996923,5.280446352742829e-08,8.491529066706471e-09
2424,D_phi+gamma,0.545,0.06114117743124449,0.046222552177770444,0.0023268087399936515,0.0016287661179955548,0.014638901917343683,0.016267668035339237,0.016267676813595276,5.312641195021062e-08,8.778256038732835e-09
2424,D_phi+gamma,0.5900000000000001,0.06187897985383196,0.04672853279599907,0.002358789477998305,0.0016511526345988122,0.01487348734229362,0.016524639976892432,0.016524648729491,5.358701225810503e-08,8.75259856605859e-09
2424,D_phi+gamma,0.635,0.06262849376917741,0.04723976799500802,0.00239351558988917,0.001675460912922418,0.015112728442434178,0.016788189355356597,0.016788198367913967,5.416041781725056e-08,9.012557370541296e-09
2424,D_phi+gamma,0.68,0.06339001670572288,0.04775633664139231,0.0024308779394093295,0.0017016145575865294,0.015356772633395504,0.017058387190982034,0.017058395922626965,5.482910028775656e-08,8.731644931397886e-09
2424,D_phi+gamma,0.725,0.06416384962181226,0.048278313651190105,0.0024707896226051117,0.0017295527358235769,0.015605761572379967,0.017335314308203544,0.017335323310742667,5.5578842916848004e-08,9.002539123892372e-09
2424,D_phi+gamma,0.77,0.0649502973931026,0.048805779342870115,0.002513175796814807,0.0017592230577703637,0.015859840520283414,0.017619063578053776,0.01761907246869315,5.6399831332987205e-08,8.890639374009579e-09
2424,D_phi+gamma,0.8150000000000001,0.06574966923309788,0.04933881131925845,0.002557977353309787,0.0017905841473168495,0.01611915087428976,0.017909735021606612,0.01790974406356385,5.728398172477611e-08,9.0419572384981e-09
2424,D_phi+gamma,0.86,0.06656227906291287,0.04987748814719315,0.0026051465055978123,0.0018236025539184674,0.016383833033025458,0.018207435586943925,0.01820744651198183,5.822519688614136e-08,1.0925037905590296e-08
2424,D_phi+gamma,0.905,0.06738844584247772,0.05042189694500698,0.0026546393818561408,0.001858247567299297,0.016654037728245898,0.018512285295545196,0.018512295235851416,5.92179062730569e-08,9.940306220507233e-09
2424,D_phi+gamma,0.95,0.06822849387251043,0.05097211173804156,0.0027064303614512597,0.0018945012530158802,0.01692989940551024,0.01882440065852612,0.01882445172705532,5.391194921045006e-07,5.1068529200587465e-08
2525,D0,0.05,0.06018326236677492,0.04573143297177615,0.0020460066142873575,0.0,0.0,0.0,0.0,0.0,0.0
2525,D0,0.095,0.06018326236677492,0.04573143297177615,0.0020460066142873575,0.0,0.0,0.0,0.0,0.0,0.0
2525,D0,0.14,0.06018326236677492,0.04573143297177615,0.0020460066142873575,0.0,0.0,0.0,0.0,0.0,0.0
2525,D0,0.185,0.06018326236677492,0.04573143297177615,0.0020460066142873575,0.0,0.0,0.0,0.0,0.0,0.0
2525,D0,0.22999999999999998,0.06018326236677492,0.04573143297177615,0.0020460066142873575,0.0,0.0,0.0,0.0,0.0,0.0
2525,D0,0.27499999999999997,0.06018326236677492,0.04573143297177615,0.0020460066142873575,0.0,0.0,0.0,0.0,0.0,0.0
2525,D0,0.32,0.06018326236677492,0.04573143297177615,0.0020460066142873575,0.0,0.0,0.0,0.0,0.0,0.0
2525,D0,0.365,0.06018326236677492,0.04573143297177615,0.0020460066142873575,0.0,0.0,0.0,0.0,0.0,0.0
2525,D0,0.41,0.06018326236677492,0.04573143297177615,0.0020460066142873575,0.0,0.0,0.0,0.0,0.0,0.0
2525,D0,0.45499999999999996,0.06018326236677492,0.04573143297177615,0.0020460066142873575,0.0,0.0,0.0,0.0,0.0,0.0
2525,D0,0.49999999999999994,0.06018326236677492,0.04573143297177615,0.0020460066142873575,0.0,0.0,0.0,0.0,0.0,0.0
2525,D0,0.545,0.06018326236677492,0.04573143297177615,0.0020460066142873575,0.0,0.0,0.0,0.0,0.0,0.0
2525,D0,0.5900000000000001,0.06018326236677492,0.04573143297177615,0.0020460066142873575,0.0,0.0,0.0,0.0,0.0,0.0
2525,D0,0.635,0.06018326236677492,0.04573143297177615,0.0020460066142873575,0.0,0.0,0.0,0.0,0.0,0.0
2525,D0,0.68,0.06018326236677492,0.04573143297177615,0.0020460066142873575,0.0,0.0,0.0,0.0,0.0,0.0
2525,D0,0.725,0.06018326236677492,0.04573143297177615,0.0020460066142873575,0.0,0.0,0.0,0.0,0.0,0.0
2525,D0,0.77,0.06018326236677492,0.04573143297177615,0.0020460066142873575,0.0,0.0,0.0,0.0,0.0,0.0
2525,D0,0.8150000000000001,0.06018326236677492,0.04573143297177615,0.0020460066142873575,0.0,0.0,0.0,0.0,0.0,0.0
2525,D0,0.86,0.06018326236677492,0.04573143297177615,0.0020460066142873575,0.0,0.0,0.0,0.0,0.0,0.0
2525,D0,0.905,0.06018326236677492,0.04573143297177615,0.0020460066142873575,0.0,0.0,0.0,0.0,0.0,0.0
2525,D0,0.95,0.06018326236677492,0.04573143297177615,0.0020460066142873575,0.0,0.0,0.0,0.0,0.0,0.0
2525,D_phi,0.05,0.05417543112437487,0.04136863713361405,0.001532840813133014,0.0,0.012585169507500906,0.012585169507500906,0.01258517285680615,1.523194245213466e-08,3.3493052446070815e-09
2525,D_phi,0.095,0.05474507822326467,0.041785770768644905,0.0015795439641533996,0.0,0.0127327905824504,0.0127327905824504,0.01273279399965128,1.5422913312787556e-08,3.417200879901605e-09
2525,D_phi,0.14,0.055321410774817475,0.042207040640247696,0.0016272159098865311,0.0,0.012882304766106844,0.012882304766106844,0.012882308071788551,1.5616986176469894e-08,3.3056817075327594e-09
2525,D_phi,0.185,0.05590451449350089,0.042632488709247816,0.0016758780391444943,0.0,0.013033735517234045,0.013033735517234045,0.013033738797258396,1.5813277770559964e-08,3.280024351084987e-09
2525,D_phi,0.22999999999999998,0.05649447616820538,0.043062159593340074,0.0017255509655115832,0.0,0.01318710680951551,0.01318710680951551,0.013187110204773688,1.601099287873442e-08,3.3952581770385626e-09
2525,D_phi,0.27499999999999997,0.0570913836760097,0.04349609883570751,0.0017762553285453858,0.0,0.013342443123797773,0.013342443123797773,0.013342446631003218,1.6212985815000636e-08,3.50720544446681e-09
2525,D_phi,0.32,0.05769532599618372,0.04393435131310576,0.0018280133575659632,0.0,0.013499768122105096,0.013499768122105096,0.013499772726425345,1.6415433942706947e-08,4.604320249720906e-09
2525,D_phi,0.365,0.05830639322441522,0.04437696792852861,0.0018808422107302264,0.0,0.013659110396019426,0.013659110396019426,0.013659113460305962,1.6621482662459997e-08,3.064286536319516e-09
2525,D_phi,0.41,0.058924676587324656,0.044823986569924534,0.001934770842398982,0.0,0.013820490658239986,0.013820490658239986,0.013820494126818074,1.682989164697446e-08,3.4685780879450956e-09
2525,D_phi,0.45499999999999996,0.059550268457154915,0.04527545988154665,0.0019898174567850565,0.0,0.013983937074429135,0.013983937074429135,0.013983940350184043,1.7041627831115846e-08,3.275754908646511e-09
2525,D_phi,0.49999999999999994,0.0601832623667749,0.045731432971733724,0.0020460066143197066,0.0,0.014149474656248755,0.014149474656248755,0.014149478090213656,1.7255960889361877e-08,3.43396490062875e-09
2525,D_phi,0.545,0.06082375302489734,0.04619195504304085,0.0021033606305298153,0.0,0.0143171302407229,0.0143171302407229,0.01431713364802282,1.747300359955517e-08,3.4072999196416154e-09
2525,D_phi,0.5900000000000001,0.06147183633156504,0.04665707395291463,0.0021619036115252893,0.0,0.014486930204580578,0.014486930204580578,0.014486933671266343,1.769320037703359e-08,3.4666857648413263e-09
2525,D_phi,0.635,0.06212760939389117,0.04712683608584381,0.0022216619002641052,0.0,0.014658899915730068,0.014658899915730068,0.014658905161092972,1.7916105057858012e-08,5.245362904443551e-09
2525,D_phi,0.68,0.06279117054204039,0.04760129785264581,0.0022826540249678193,0.0,0.01483307080479198,0.01483307080479198,0.014833075475184282,1.814230918273374e-08,4.670392302064119e-09
2525,D_phi,0.725,0.06346261934551917,0.0480805036267405,0.0023449095114149074,0.0,0.015009467580207868,0.015009467580207868,0.015009472337550164,1.8371373866621354e-08,4.757342296143885e-09
2525,D_phi,0.77,0.06414205662967071,0.04856450530400413,0.002408452867346995,0.0,0.015188118547132015,0.015188118547132015,0.015188123840995438,1.860379489349029e-08,5.293863422281553e-09
2525,D_phi,0.8150000000000001,0.06482958449247263,0.04905335552314778,0.0024733082923845953,0.0,0.015369053369428653,0.015369053369428653,0.015369058456025222,1.883901507016006e-08,5.086596569295332e-09
2525,D_phi,0.86,0.06552530632160183,0.049547104800293625,0.002539502939856156,0.0,0.015552300192450073,0.015552300192450073,0.015552305032378436,1.9076203117140977e-08,4.839928362601609e-09
2525,D_phi,0.905,0.06622932681175635,0.05004580531793261,0.002607063421925232,0.0,0.015737888231438325,0.015737888231438325,0.015737892810866932,1.9317653032757676e-08,4.579428607154323e-09
2525,D_phi,0.95,0.06694175198226136,0.05054950988814591,0.0026760167516200416,0.0,0.015925847109219807,0.015925847109219807,0.01592585142472304,1.956259390589743e-08,4.315503232543705e-09
2525,D_gamma,0.05,0.06018326236677492,0.04573143297177615,0.0020460066142873575,0.0,0.0,0.0,0.0,0.0,0.0
2525,D_gamma,0.095,0.06018326236677492,0.04573143297177615,0.0020460066142873575,0.0,0.0,0.0,0.0,0.0,0.0
2525,D_gamma,0.14,0.06018326236677492,0.04573143297177615,0.0020460066142873575,0.0,0.0,0.0,0.0,0.0,0.0
2525,D_gamma,0.185,0.06018326236677492,0.04573143297177615,0.0020460066142873575,0.0,0.0,0.0,0.0,0.0,0.0
2525,D_gamma,0.22999999999999998,0.06018326236677492,0.04573143297177615,0.0020460066142873575,0.0,0.0,0.0,0.0,0.0,0.0
2525,D_gamma,0.27499999999999997,0.06018326236677492,0.04573143297177615,0.0020460066142873575,0.0,0.0,0.0,0.0,0.0,0.0
2525,D_gamma,0.32,0.06018326236677492,0.04573143297177615,0.0020460066142873575,0.0,0.0,0.0,0.0,0.0,0.0
2525,D_gamma,0.365,0.06018326236677492,0.04573143297177615,0.0020460066142873575,0.0,0.0,0.0,0.0,0.0,0.0
2525,D_gamma,0.41,0.06018326236677492,0.04573143297177615,0.0020460066142873575,0.0,0.0,0.0,0.0,0.0,0.0
2525,D_gamma,0.45499999999999996,0.06018326236677492,0.04573143297177615,0.0020460066142873575,0.0,0.0,0.0,0.0,0.0,0.0
2525,D_gamma,0.49999999999999994,0.06018326236677492,0.04573143297177615,0.0020460066142873575,0.0,0.0,0.0,0.0,0.0,0.0
2525,D_gamma,0.545,0.06018326236677492,0.04573143297177615,0.0020460066142873575,0.0,0.0,0.0,0.0,0.0,0.0
2525,D_gamma,0.5900000000000001,0.06018326236677492,0.04573143297177615,0.0020460066142873575,0.0,0.0,0.0,0.0,0.0,0.0
2525,D_gamma,0.635,0.06018326236677492,0.04573143297177615,0.0020460066142873575,0.0,0.0,0.0,0.0,0.0,0.0
2525,D_gamma,0.68,0.06018326236677492,0.04573143297177615,0.0020460066142873575,0.0,0.0,0.0,0.0,0.0,0.0
2525,D_gamma,0.725,0.06018326236677492,0.04573143297177615,0.0020460066142873575,0.0,0.0,0.0,0.0,0.0,0.0
2525,D_gamma,0.77,0.06018326236677492,0.04573143297177615,0.0020460066142873575,0.0,0.0,0.0,0.0,0.0,0.0
2525,D_gamma,0.8150000000000001,0.06018326236677492,0.04573143297177615,0.0020460066142873575,0.0,0.0,0.0,0.0,0.0,0.0
2525,D_gamma,0.86,0.06018326236677492,0.04573143297177615,0.0020460066142873575,0.0,0.0,0.0,0.0,0.0,0.0
2525,D_gamma,0.905,0.06018326236677492,0.04573143297177615,0.0020460066142873575,0.0,0.0,0.0,0.0,0.0,0.0
2525,D_gamma,0.95,0.06018326236677492,0.04573143297177615,0.0020460066142873575,0.0,0.0,0.0,0.0,0.0,0.0
2525,D_phi+gamma,0.05,0.05361725391592496,0.04096076760321193,0.0021051439834573315,0.0014736007884201309,0.012213043257034505,0.013686644045454636,0.013686652309949709,6.494295310723042e-08,8.26449507267124e-09
2525,D_phi+gamma,0.095,0.05423681736850982,0.04141560456187156,0.0020768370566614,0.0014537859396629791,0.012396956966849396,0.013850742906512375,0.013850753545437295,5.639388714860638e-08,1.0638924919856296e-08
2525,D_phi+gamma,0.14,0.05486392502140204,0.04187496245885488,0.0020559473638005654,0.0014391631546603945,0.012582630482601056,0.01402179363726145,0.014021800518000659,5.03224992925988e-08,6.880739209305653e-09
2525,D_phi+gamma,0.185,0.0554988715368572,0.04233903830005702,0.002041132937880733,0.0014287930565165118,0.012770241107891791,0.014199034164408302,0.014199040256522912,4.5935218129233846e-08,6.092114609654309e-09
2525,D_phi+gamma,0.22999999999999998,0.05614192270556352,0.04280799268126353,0.0020313833491732818,0.0014219683444212962,0.012959955215900812,0.014381923560322108,0.014381929407203385,4.272983390729568e-08,5.8468812777490164e-09
2525,D_phi+gamma,0.27499999999999997,0.05679332335514532,0.043281967218092805,0.0020259334940366264,0.0014181534458256374,0.013151911955091045,0.014570065400916682,0.014570071124165087,4.037046356930585e-08,5.723248404712611e-09
2525,D_phi+gamma,0.32,0.057453302947077844,0.0437610919986281,0.0020241847703711996,0.0014169293392598385,0.013346238905390538,0.014763168244650376,0.014763173634095038,3.863366918044342e-08,5.3894446613855784e-09
2525,D_phi+gamma,0.365,0.05812207963487237,0.044245490479227635,0.002025661503089942,0.0014179630521629581,0.013543053952704345,0.014961017004867303,0.014961022241194256,3.736345260962892e-08,5.2363269536365165e-09
2525,D_phi+gamma,0.41,0.058799863269983904,0.04473527554800064,0.0020299857996068683,0.0014209900597248067,0.013742464743449501,0.015163454803174308,0.015163459931362408,3.64485996939834e-08,5.128188099862152e-09
2525,D_phi+gamma,0.45499999999999996,0.05948685767105777,0.045230555275575124,0.0020368509536077117,0.001425795667525397,0.013944572899062143,0.01537036856658754,0.015370373640604694,3.580964552662991e-08,5.0740171543550705e-09
2525,D_phi+gamma,0.49999999999999994,0.0601832623667749,0.045731432971733724,0.0020460066143197066,0.0014322046300237934,0.014149474656248755,0.015581679286272548,0.015581684344349138,3.538724552276662e-08,5.058076589514737e-09
2525,D_phi+gamma,0.545,0.06088927395563771,0.04623800823773965,0.0020572467277902317,0.001440072709453161,0.014357262015548303,0.015797334725001465,0.015797339783202115,3.513829331669438e-08,5.058200649998845e-09
2525,D_phi+gamma,0.5900000000000001,0.0616050871824709,0.046750379381403404,0.0020703993845168685,0.0014492795691618068,0.014568024343413708,0.016017303912575515,0.01601730903961466,3.502883261230494e-08,5.127039143931755e-09
2525,D_phi+gamma,0.635,0.06233089580238409,0.04726863999879183,0.002085322895299279,0.0014597260267094942,0.014781847245637907,0.0162415732723474,0.016241578441737375,3.503425501094615e-08,5.169389975107075e-09
2525,D_phi+gamma,0.68,0.06306689328318127,0.047792882849975606,0.0021018980024197368,0.0014713286016938146,0.01499881458008966,0.016470143181783473,0.016470148428883086,3.5134156001204175e-08,5.2470996124431846e-09
2525,D_phi+gamma,0.725,0.0638132733835454,0.048323202325432905,0.0021200223242935005,0.0014840156270054493,0.015219010363983636,0.016703025990989086,0.016703031129897114,3.531431813641461e-08,5.138908028279321e-09
2525,D_phi+gamma,0.77,0.0645702306346897,0.04885969027114638,0.0021396108847914624,0.0014977276193540226,0.015442515631198446,0.01694024325055247,0.01694024846868243,3.556053090880695e-08,5.218129962847318e-09
2525,D_phi+gamma,0.8150000000000001,0.0653379607462706,0.04940243385420046,0.0021605939372282223,0.0015124157560597543,0.015669409174229335,0.017181824930289087,0.017181830671393256,3.586578672942764e-08,5.741104168455191e-09
2525,D_phi+gamma,0.86,0.06611666095236057,0.04995152924774988,0.002182906700165106,0.0015280346901155731,0.015899774444103003,0.017427809134218576,0.017427815085790582,3.622075625542287e-08,5.9515720060576704e-09
2525,D_phi+gamma,0.905,0.0669065303096601,0.050507067910787774,0.0022064969626884173,0.001544547873881891,0.016133691764700177,0.017678239638582068,0.01767824522672932,3.661987241221354e-08,5.588147253959841e-09
2525,D_phi+gamma,0.95,0.06770776995733103,0.05106913546623202,0.0022313240732077222,0.0015619268512454044,0.016371237502623617,0.017933164353869022,0.017933170016934032,3.705854512148221e-08,5.663065009986479e-09
2626,D0,0.05,0.06024413556712842,0.04578826785297923,0.0020209530821281674,0.0,0.0,0.0,0.0,0.0,0.0
2626,D0,0.095,0.06024413556712842,0.04578826785297923,0.0020209530821281674,0.0,0.0,0.0,0.0,0.0,0.0
2626,D0,0.14,0.06024413556712842,0.04578826785297923,0.0020209530821281674,0.0,0.0,0.0,0.0,0.0,0.0
2626,D0,0.185,0.06024413556712842,0.04578826785297923,0.0020209530821281674,0.0,0.0,0.0,0.0,0.0,0.0
2626,D0,0.22999999999999998,0.06024413556712842,0.04578826785297923,0.0020209530821281674,0.0,0.0,0.0,0.0,0.0,0.0
2626,D0,0.27499999999999997,0.06024413556712842,0.04578826785297923,0.0020209530821281674,0.0,0.0,0.0,0.0,0.0,0.0
2626,D0,0.32,0.06024413556712842,0.04578826785297923,0.0020209530821281674,0.0,0.0,0.0,0.0,0.0,0.0
2626,D0,0.365,0.06024413556712842,0.04578826785297923,0.0020209530821281674,0.0,0.0,0.0,0.0,0.0,0.0
2626,D0,0.41,0.06024413556712842,0.04578826785297923,0.0020209530821281674,0.0,0.0,0.0,0.0,0.0,0.0
2626,D0,0.45499999999999996,0.06024413556712842,0.04578826785297923,0.0020209530821281674,0.0,0.0,0.0,0.0,0.0,0.0
2626,D0,0.49999999999999994,0.06024413556712842,0.04578826785297923,0.0020209530821281674,0.0,0.0,0.0,0.0,0.0,0.0
2626,D0,0.545,0.06024413556712842,0.04578826785297923,0.0020209530821281674,0.0,0.0,0.0,0.0,0.0,0.0
2626,D0,0.5900000000000001,0.06024413556712842,0.04578826785297923,0.0020209530821281674,0.0,0.0,0.0,0.0,0.0,0.0
2626,D0,0.635,0.06024413556712842,0.04578826785297923,0.0020209530821281674,0.0,0.0,0.0,0.0,0.0,0.0
2626,D0,0.68,0.06024413556712842,0.04578826785297923,0.0020209530821281674,0.0,0.0,0.0,0.0,0.0,0.0
2626,D0,0.725,0.06024413556712842,0.04578826785297923,0.0020209530821281674,0.0,0.0,0.0,0.0,0.0,0.0
2626,D0,0.77,0.06024413556712842,0.04578826785297923,0.0020209530821281674,0.0,0.0,0.0,0.0,0.0,0.0
2626,D0,0.8150000000000001,0.06024413556712842,0.04578826785297923,0.0020209530821281674,0.0,0.0,0.0,0.0,0.0,0.0
2626,D0,0.86,0.06024413556712842,0.04578826785297923,0.0020209530821281674,0.0,0.0,0.0,0.0,0.0,0.0
2626,D0,0.905,0.06024413556712842,0.04578826785297923,0.0020209530821281674,0.0,0.0,0.0,0.0,0.0,0.0
2626,D0,0.95,0.06024413556712842,0.04578826785297923,0.0020209530821281674,0.0,0.0,0.0,0.0,0.0,0.0
2626,D_phi,0.05,0.054222607833607966,0.04140790581409892,0.001521849909888885,0.0,0.012614839024667618,0.012614839024667618,0.012614842394033548,1.5103233603000477e-08,3.3693659303585255e-09
2626,D_phi,0.095,0.054793594690604144,0.04182657648008927,0.001567431769160366,0.0,0.012762663269312689,0.012762663269312689,0.012762666552516485,1.5290509849594236e-08,3.283203795639844e-09
2626,D_phi,0.14,0.055371275770260214,0.042249426135589754,0.0016139256228865303,0.0,0.012912363835601612,0.012912363835601612,0.012912367286828883,1.5478493833875895e-08,3.4512272709813496e-09
2626,D_phi,0.185,0.05595573603781677,0.04267650403972731,0.0016613476600378877,0.0,0.013063964463817333,0.013063964463817333,0.013063967727198847,1.5669737035706177e-08,3.263381514670427e-09
2626,D_phi,0.22999999999999998,0.05654706150590136,0.04310785308446325,0.0017097182140659625,0.0,0.01321748821428333,0.01321748821428333,0.013217491294103568,1.5862959210077854e-08,3.07982023738107e-09
2626,D_phi,0.27499999999999997,0.05714533924768131,0.043543517672900975,0.0017590575971786356,0.0,0.01337295826598089,0.01337295826598089,0.013372961703561776,1.605864295706194e-08,3.4375808848768896e-09
2626,D_phi,0.32,0.05775065741025019,0.04398354935413175,0.0018093823653922761,0.0,0.013530399543526112,0.013530399543526112,0.013530402970743706,1.625670605076568e-08,3.4272175947897e-09
2626,D_phi,0.365,0.058363105228259146,0.044427992350453645,0.0018607137638681145,0.0,0.013689836301446214,0.013689836301446214,0.013689839416298847,1.6457209900400116e-08,3.11485263276845e-09
2626,D_phi,0.41,0.05898277303775593,0.04487689355673216,0.0019130727874535223,0.0,0.013851292401781266,0.013851292401781266,0.013851295671653436,1.66611620333601e-08,3.2698721699059297e-09
2626,D_phi,0.45499999999999996,0.059609752290268665,0.04533030271959773,0.001966478773816563,0.0,0.014014793410016567,0.014014793410016567,0.014014796683468183,1.686668200939767e-08,3.273451615673495e-09
2626,D_phi,0.49999999999999994,0.06024413556712844,0.045788267852932746,0.002020953082163125,0.0,0.014180364285204231,0.014180364285204231,0.014180367719366982,1.7075205823932627e-08,3.4341627510453554e-09
2626,D_phi,0.545,0.0608860165940259,0.04625083903922239,0.0020765162593997435,0.0,0.014348030962917868,0.014348030962917868,0.01434803437309252,1.7286442069441854e-08,3.4101746513443e-09
2626,D_phi,0.5900000000000001,0.061535490255814826,0.046718065636175386,0.0021331901553304673,0.0,0.014517819188747814,0.014517819188747814,0.014517822570118086,1.7500402862968834e-08,3.3813702723234362e-09
2626,D_phi,0.635,0.06219265261155748,0.04718999804516993,0.002190996607272775,0.0,0.01468975524611214,0.01468975524611214,0.014689758572935377,1.771717217380342e-08,3.3268232370320394e-09
2626,D_phi,0.68,0.06285760090981915,0.04766668697276989,0.002249958039352817,0.0,0.014863865603490302,0.014863865603490302,0.014863868986759649,1.7936829105336116e-08,3.383269346970974e-09
2626,D_phi,0.725,0.06353043360421204,0.04814818411776836,0.0023100967762323833,0.0,0.015040177470850553,0.015040177470850553,0.015040180765614461,1.8160771497743866e-08,3.2947639078823032e-09
2626,D_phi,0.77,0.064211250369194,0.04863454143899824,0.002371436001816236,0.0,0.015218717886848112,0.015218717886848112,0.015218721214858136,1.8383522482068315e-08,3.3280100238120003e-09
2626,D_phi,0.8150000000000001,0.06490015211612535,0.049125807998208884,0.0024340022352042938,0.0,0.015399512400934368,0.015399512400934368,0.015399518004175619,1.8613198482508864e-08,5.603241251192492e-09
2626,D_phi,0.86,0.06559724100955895,0.049622045353532464,0.002497811697602795,0.0,0.015582594112872104,0.015582594112872104,0.015582599163441166,1.884498113113864e-08,5.050569061929022e-09
2626,D_phi,0.905,0.0663026204838483,0.05012330180893443,0.002562893285621583,0.0,0.015767988309895113,0.015767988309895113,0.01576799309750096,1.907913757537294e-08,4.787605846490184e-09
2626,D_phi,0.95,0.0670163952599525,0.05062963304239406,0.002629270361245831,0.0,0.015955724512425034,0.015955724512425034,0.0159557285860895,1.9316465788010717e-08,4.0736644647820786e-09
2626,D_gamma,0.05,0.06024413556712842,0.04578826785297923,0.0020209530821281674,0.0,0.0,0.0,0.0,0.0,0.0
2626,D_gamma,0.095,0.06024413556712842,0.04578826785297923,0.0020209530821281674,0.0,0.0,0.0,0.0,0.0,0.0
2626,D_gamma,0.14,0.06024413556712842,0.04578826785297923,0.0020209530821281674,0.0,0.0,0.0,0.0,0.0,0.0
2626,D_gamma,0.185,0.06024413556712842,0.04578826785297923,0.0020209530821281674,0.0,0.0,0.0,0.0,0.0,0.0
2626,D_gamma,0.22999999999999998,0.06024413556712842,0.04578826785297923,0.0020209530821281674,0.0,0.0,0.0,0.0,0.0,0.0
2626,D_gamma,0.27499999999999997,0.06024413556712842,0.04578826785297923,0.0020209530821281674,0.0,0.0,0.0,0.0,0.0,0.0
2626,D_gamma,0.32,0.06024413556712842,0.04578826785297923,0.0020209530821281674,0.0,0.0,0.0,0.0,0.0,0.0
2626,D_gamma,0.365,0.06024413556712842,0.04578826785297923,0.0020209530821281674,0.0,0.0,0.0,0.0,0.0,0.0
2626,D_gamma,0.41,0.06024413556712842,0.04578826785297923,0.0020209530821281674,0.0,0.0,0.0,0.0,0.0,0.0
2626,D_gamma,0.45499999999999996,0.06024413556712842,0.04578826785297923,0.0020209530821281674,0.0,0.0,0.0,0.0,0.0,0.0
2626,D_gamma,0.49999999999999994,0.06024413556712842,0.04578826785297923,0.0020209530821281674,0.0,0.0,0.0,0.0,0.0,0.0
2626,D_gamma,0.545,0.06024413556712842,0.04578826785297923,0.0020209530821281674,0.0,0.0,0.0,0.0,0.0,0.0
2626,D_gamma,0.5900000000000001,0.06024413556712842,0.04578826785297923,0.0020209530821281674,0.0,0.0,0.0,0.0,0.0,0.0
2626,D_gamma,0.635,0.06024413556712842,0.04578826785297923,0.0020209530821281674,0.0,0.0,0.0,0.0,0.0,0.0
2626,D_gamma,0.68,0.06024413556712842,0.04578826785297923,0.0020209530821281674,0.0,0.0,0.0,0.0,0.0,0.0
2626,D_gamma,0.725,0.06024413556712842,0.04578826785297923,0.0020209530821281674,0.0,0.0,0.0,0.0,0.0,0.0
2626,D_gamma,0.77,0.06024413556712842,0.04578826785297923,0.0020209530821281674,0.0,0.0,0.0,0.0,0.0,0.0
2626,D_gamma,0.8150000000000001,0.06024413556712842,0.04578826785297923,0.0020209530821281674,0.0,0.0,0.0,0.0,0.0,0.0
2626,D_gamma,0.86,0.06024413556712842,0.04578826785297923,0.0020209530821281674,0.0,0.0,0.0,0.0,0.0,0.0
2626,D_gamma,0.905,0.06024413556712842,0.04578826785297923,0.0020209530821281674,0.0,0.0,0.0,0.0,0.0,0.0
2626,D_gamma,0.95,0.06024413556712842,0.04578826785297923,0.0020209530821281674,0.0,0.0,0.0,0.0,0.0,0.0
2626,D_phi+gamma,0.05,0.05366719222819787,0.04099508576652724,0.002099401368878252,0.0014695809582147754,0.012250293985527858,0.013719874943742633,0.013719884438118456,6.44327161156838e-08,9.494375823732026e-09
2626,D_phi+gamma,0.095,0.05428821761072095,0.04145194431679065,0.0020691966909163564,0.0014484376836414483,0.01243403598428376,0.013882473667925208,0.013882484049372925,5.574810580354084e-08,1.0381447717103254e-08
2626,D_phi+gamma,0.14,0.05491671790160327,0.04191337011036033,0.0020464279482779834,0.0014324995637945872,0.012619444097966366,0.014051943661760954,0.014051950448079943,4.956623445018238e-08,6.786318989399076e-09
2626,D_phi+gamma,0.185,0.055552983891839096,0.04237956062052555,0.002029741406508502,0.0014208189845559501,0.012806691886444716,0.014227510871000666,0.014227516959476072,4.5086591057841297e-08,6.088475406132443e-09
2626,D_phi+gamma,0.22999999999999998,0.05619727693752466,0.04285067697031527,0.002018118355811182,0.0014126828490678262,0.012995940254356766,0.014408623103424592,0.014408628753478219,4.1799464237102235e-08,5.650053626349294e-09
2626,D_phi+gamma,0.27499999999999997,0.056849836951947036,0.04332686477496967,0.002010780765718583,0.001407546536003007,0.013187327417297138,0.014594873953300145,0.01459487904253916,3.936939246829141e-08,5.089239014585689e-09
2626,D_phi+gamma,0.32,0.057510888060507144,0.04380825743483213,0.002007120716444065,0.0014049845015108443,0.013380978791384418,0.014785963292895263,0.014785967188688472,3.756775342200758e-08,3.895793208863463e-09
2626,D_phi+gamma,0.365,0.058180642699757736,0.044294984987576995,0.002006655128907598,0.0014046585902353175,0.013577006849183268,0.014981665439418585,0.01498167038947866,3.623361680138437e-08,4.950060075378793e-09
2626,D_phi+gamma,0.41,0.05885930465240421,0.04478715530323102,0.0020090042918931767,0.0014063030043252225,0.01377551618559243,0.015181819189917652,0.01518182407017845,3.5260750916310535e-08,4.880260797909819e-09
2626,D_phi+gamma,0.45499999999999996,0.05954707133730451,0.04528488085365664,0.0020138553751905524,0.0014096987626333855,0.013976604446315573,0.01538630320894896,0.015386307993295135,3.4565355785942664e-08,4.784346176178733e-09
2626,D_phi+gamma,0.49999999999999994,0.06024413556712844,0.045788267852932746,0.002020953082163125,0.0014146671575141865,0.01418036428520423,0.015595031442718416,0.015595036236907209,3.408863013913688e-08,4.794188792484055e-09
2626,D_phi+gamma,0.545,0.06095068691856472,0.04629741746522323,0.002030087890157432,0.0014210615231102014,0.014386883506593257,0.01580794502970346,0.015807949835571267,3.3785742259428986e-08,4.805867807877728e-09
2626,D_phi+gamma,0.5900000000000001,0.061666912815974806,0.046812428976288296,0.002041085126295924,0.0014287595884071456,0.01459624686183242,0.016025006450239566,0.016025011295241184,3.362369202508653e-08,4.845001618652978e-09
2626,D_phi+gamma,0.635,0.062392999400026974,0.047333399438750326,0.002053798826258929,0.001437659178381249,0.014808536361949756,0.016246195540331004,0.016246200447859654,3.357665881442706e-08,4.9075286508160065e-09
2626,D_phi+gamma,0.68,0.06312913223287396,0.04786042352288141,0.0020681068164987697,0.0014476747715491379,0.015023831536193319,0.016471506307742457,0.016471511281016663,3.362435885279069e-08,4.973274205649636e-09
2626,D_phi+gamma,0.725,0.0638754968776104,0.04839359688971976,0.002083904472052831,0.0014587331304369805,0.015242211417785933,0.016700944548222914,0.01670094948448933,3.375063770127973e-08,4.936266416455393e-09
2626,D_phi+gamma,0.77,0.06463227938001576,0.048933011702923336,0.0021011050478259635,0.0014707735334781734,0.015463751961877721,0.016934525495355894,0.01693453053482652,3.394499126230244e-08,5.039470625523013e-09
2626,D_phi+gamma,0.8150000000000001,0.06539966667360447,0.049478760900887424,0.0021196337413427247,0.001483743618939906,0.015688529441416244,0.01717227306035615,0.017172278183291687,3.419889510469787e-08,5.122935537588136e-09
2626,D_phi+gamma,0.86,0.06617784692397995,0.05003093778828012,0.002139426615854397,0.0014975986310980765,0.015916619420568337,0.017414218051666413,0.017414223258305203,3.449837290836477e-08,5.206638790250517e-09
2626,D_phi+gamma,0.905,0.06696700982476267,0.05058963480649574,0.00216042955771419,0.0015123006903999317,0.01614809672161841,0.017660397412018344,0.017660402696550292,3.484357385952208e-08,5.2845319474525976e-09
2626,D_phi+gamma,0.95,0.06776734685461541,0.05115494420454989,0.0021825965674318057,0.0015278175972022628,0.016383035797493693,0.017910853394695957,0.017910858779112537,3.5226841582636226e-08,5.3844165792682475e-09
2727,D0,0.05,0.06024753089426438,0.04575096722147323,0.002083115999170415,0.0,0.0,0.0,0.0,0.0,0.0
2727,D0,0.095,0.06024753089426438,0.04575096722147323,0.002083115999170415,0.0,0.0,0.0,0.0,0.0,0.0
2727,D0,0.14,0.06024753089426438,0.04575096722147323,0.002083115999170415,0.0,0.0,0.0,0.0,0.0,0.0
2727,D0,0.185,0.06024753089426438,0.04575096722147323,0.002083115999170415,0.0,0.0,0.0,0.0,0.0,0.0
2727,D0,0.22999999999999998,0.06024753089426438,0.04575096722147323,0.002083115999170415,0.0,0.0,0.0,0.0,0.0,0.0
2727,D0,0.27499999999999997,0.06024753089426438,0.04575096722147323,0.002083115999170415,0.0,0.0,0.0,0.0,0.0,0.0
2727,D0,0.32,0.06024753089426438,0.04575096722147323,0.002083115999170415,0.0,0.0,0.0,0.0,0.0,0.0
2727,D0,0.365,0.06024753089426438,0.04575096722147323,0.002083115999170415,0.0,0.0,0.0,0.0,0.0,0.0
2727,D0,0.41,0.06024753089426438,0.04575096722147323,0.002083115999170415,0.0,0.0,0.0,0.0,0.0,0.0
2727,D0,0.45499999999999996,0.06024753089426438,0.04575096722147323,0.002083115999170415,0.0,0.0,0.0,0.0,0.0,0.0
2727,D0,0.49999999999999994,0.06024753089426438,0.04575096722147323,0.002083115999170415,0.0,0.0,0.0,0.0,0.0,0.0
2727,D0,0.545,0.06024753089426438,0.04575096722147323,0.002083115999170415,0.0,0.0,0.0,0.0,0.0,0.0
2727,D0,0.5900000000000001,0.06024753089426438,0.04575096722147323,0.002083115999170415,0.0,0.0,0.0,0.0,0.0,0.0
2727,D0,0.635,0.06024753089426438,0.04575096722147323,0.002083115999170415,0.0,0.0,0.0,0.0,0.0,0.0
2727,D0,0.68,0.06024753089426438,0.04575096722147323,0.002083115999170415,0.0,0.0,0.0,0.0,0.0,0.0
2727,D0,0.725,0.06024753089426438,0.04575096722147323,0.002083115999170415,0.0,0.0,0.0,0.0,0.0,0.0
2727,D0,0.77,0.06024753089426438,0.04575096722147323,0.002083115999170415,0.0,0.0,0.0,0.0,0.0,0.0
2727,D0,0.8150000000000001,0.06024753089426438,0.04575096722147323,0.002083115999170415,0.0,0.0,0.0,0.0,0.0,0.0
2727,D0,0.86,0.06024753089426438,0.04575096722147323,0.002083115999170415,0.0,0.0,0.0,0.0,0.0,0.0
2727,D0,0.905,0.06024753089426438,0.04575096722147323,0.002083115999170415,0.0,0.0,0.0,0.0,0.0,0.0
2727,D0,0.95,0.06024753089426438,0.04575096722147323,0.002083115999170415,0.0,0.0,0.0,0.0,0.0,0.0
2727,D_phi,0.05,0.05421748803497105,0.041384005822124696,0.0015553579171311161,0.0,0.012626623505469645,0.012626623505469645,0.012626626720343632,1.556758646471812e-08,3.214873986814859e-09
2727,D_phi,0.095,0.05478903316972576,0.041801556521654244,0.0016032458224837331,0.0,0.012775701001407219,0.012775701001407219,0.012775704313786386,1.576641701049597e-08,3.3123791678274506e-09
2727,D_phi,0.14,0.05536733024014191,0.042223242622879895,0.0016521585510055536,0.0,0.012926713420196634,0.012926713420196634,0.012926716902236951,1.596728894937005e-08,3.4820403175400694e-09
2727,D_phi,0.185,0.05595246687604457,0.04264911017416778,0.001702117158669108,0.0,0.013079685894304555,0.013079685894304555,0.013079689208285785,1.617190582836603e-08,3.3139812300603255e-09
2727,D_phi,0.22999999999999998,0.05654453182692268,0.043079200792706385,0.0017531458206096965,0.0,0.013234643097073876,0.013234643097073876,0.01323464627269766,1.6378567946340183e-08,3.175623784767989e-09
2727,D_phi,0.27499999999999997,0.05714361497639259,0.04351355994395428,0.0018052672124273122,0.0,0.0133916106347114,0.0133916106347114,0.01339161346196291,1.658711674956681e-08,2.827251511031137e-09
2727,D_phi,0.32,0.05774980735692337,0.04395223084944049,0.0018585064421087324,0.0,0.013550613196128478,0.013550613196128478,0.013550616469803512,1.679989827807482e-08,3.273675034179413e-09
2727,D_phi,0.365,0.058363201164802606,0.04439526131397111,0.001912885704669836,0.0,0.013711678183329247,0.013711678183329247,0.013711681328474288,1.7014646636059894e-08,3.145145040239772e-09
2727,D_phi,0.41,0.05898388977536629,0.04484269537011504,0.001968431134266665,0.0,0.013874830815189539,0.013874830815189539,0.013874834409870878,1.723281170540325e-08,3.5946813390502763e-09
2727,D_phi,0.45499999999999996,0.059611967758475076,0.045294582224931344,0.0020251657115457036,0.0,0.014040098950482171,0.014040098950482171,0.0140401024328128,1.7453161832436948e-08,3.4823306287179445e-09
2727,D_phi,0.49999999999999994,0.06024753089426436,0.04575096722147323,0.0020831159991704117,0.0,0.014207509014447898,0.014207509014447898,0.0142075124690492,1.767652447158541e-08,3.454601302937954e-09
2727,D_phi,0.545,0.06089067618914831,0.04621189797271489,0.0021423077876418675,0.0,0.014377088434412716,0.014377088434412716,0.014377091949271068,1.790306757010196e-08,3.5148583522881527e-09
2727,D_phi,0.5900000000000001,0.06154150189209829,0.046677423045511895,0.0022027669410768645,0.0,0.014548865274591793,0.014548865274591793,0.014548868668697543,1.8132660650760357e-08,3.3941057499264904e-09
2727,D_phi,0.635,0.06220010751119228,0.04714759050654011,0.002264520592209302,0.0,0.014722867446169336,0.014722867446169336,0.014722870792954569,1.8366826809446124e-08,3.3467852326302117e-09
2727,D_phi,0.68,0.06286659383043869,0.047622449406432454,0.0023275960011996505,0.0,0.014899123434710077,0.014899123434710077,0.014899126865877674,1.860168685752228e-08,3.431167596573692e-09
2727,D_phi,0.725,0.06354106292688225,0.04810204732924926,0.002392022656450437,0.0,0.01507766084650423,0.01507766084650423,0.015077665813698057,1.8840663057462237e-08,4.967193828128713e-09
2727,D_phi,0.77,0.06422361818798017,0.048586439010475886,0.0024578247278173957,0.0,0.015258511846345024,0.015258511846345024,0.015258516951166173,1.9081806273968382e-08,5.104821149126693e-09
2727,D_phi,0.8150000000000001,0.06491436432928796,0.049075672925009896,0.0025250327381238988,0.0,0.015441704849835668,0.015441704849835668,0.015441709990639596,1.9327262706925197e-08,5.140803928382898e-09
2727,D_phi,0.86,0.06561340741241026,0.04956980110131185,0.0025936751580179413,0.0,0.015627270422580792,0.015627270422580792,0.01562727504618651,1.9575970705565382e-08,4.623605717041235e-09
2727,D_phi,0.905,0.06632085486326043,0.05006887396472156,0.0026637828102659467,0.0,0.015815238274486797,0.015815238274486797,0.015815242640261615,1.9827865738175632e-08,4.365774818049228e-09
2727,D_phi,0.95,0.06703681549060556,0.05057294480037012,0.0027353850228357206,0.0,0.016005639929542365,0.016005639929542365,0.016005643711684128,2.0083694429740007e-08,3.782141762970204e-09
2727,D_gamma,0.05,0.06024753089426438,0.04575096722147323,0.002083115999170415,0.0,0.0,0.0,0.0,0.0,0.0
2727,D_gamma,0.095,0.06024753089426438,0.04575096722147323,0.002083115999170415,0.0,0.0,0.0,0.0,0.0,0.0
2727,D_gamma,0.14,0.06024753089426438,0.04575096722147323,0.002083115999170415,0.0,0.0,0.0,0.0,0.0,0.0
2727,D_gamma,0.185,0.06024753089426438,0.04575096722147323,0.002083115999170415,0.0,0.0,0.0,0.0,0.0,0.0
2727,D_gamma,0.22999999999999998,0.06024753089426438,0.04575096722147323,0.002083115999170415,0.0,0.0,0.0,0.0,0.0,0.0
2727,D_gamma,0.27499999999999997,0.06024753089426438,0.04575096722147323,0.002083115999170415,0.0,0.0,0.0,0.0,0.0,0.0
2727,D_gamma,0.32,0.06024753089426438,0.04575096722147323,0.002083115999170415,0.0,0.0,0.0,0.0,0.0,0.0
2727,D_gamma,0.365,0.06024753089426438,0.04575096722147323,0.002083115999170415,0.0,0.0,0.0,0.0,0.0,0.0
2727,D_gamma,0.41,0.06024753089426438,0.04575096722147323,0.002083115999170415,0.0,0.0,0.0,0.0,0.0,0.0
2727,D_gamma,0.45499999999999996,0.06024753089426438,0.04575096722147323,0.002083115999170415,0.0,0.0,0.0,0.0,0.0,0.0
2727,D_gamma,0.49999999999999994,0.06024753089426438,0.04575096722147323,0.002083115999170415,0.0,0.0,0.0,0.0,0.0,0.0
2727,D_gamma,0.545,0.06024753089426438,0.04575096722147323,0.002083115999170415,0.0,0.0,0.0,0.0,0.0,0.0
2727,D_gamma,0.5900000000000001,0.06024753089426438,0.04575096722147323,0.002083115999170415,0.0,0.0,0.0,0.0,0.0,0.0
2727,D_gamma,0.635,0.06024753089426438,0.04575096722147323,0.002083115999170415,0.0,0.0,0.0,0.0,0.0,0.0
2727,D_gamma,0.68,0.06024753089426438,0.04575096722147323,0.002083115999170415,0.0,0.0,0.0,0.0,0.0,0.0
2727,D_gamma,0.725,0.06024753089426438,0.04575096722147323,0.002083115999170415,0.0,0.0,0.0,0.0,0.0,0.0
2727,D_gamma,0.77,0.06024753089426438,0.04575096722147323,0.002083115999170415,0.0,0.0,0.0,0.0,0.0,0.0
2727,D_gamma,0.8150000000000001,0.06024753089426438,0.04575096722147323,0.002083115999170415,0.0,0.0,0.0,0.0,0.0,0.0
2727,D_gamma,0.86,0.06024753089426438,0.04575096722147323,0.002083115999170415,0.0,0.0,0.0,0.0,0.0,0.0
2727,D_gamma,0.905,0.06024753089426438,0.04575096722147323,0.002083115999170415,0.0,0.0,0.0,0.0,0.0,0.0
2727,D_gamma,0.95,0.06024753089426438,0.04575096722147323,0.002083115999170415,0.0,0.0,0.0,0.0,0.0,0.0
2727,D_phi+gamma,0.05,0.05365187485336176,0.040974500027982315,0.0021305054950682147,0.0014913538465477492,0.012246300494189587,0.013737654340737336,0.013737663618015174,6.63978559720807e-08,9.277277838309894e-09
2727,D_phi+gamma,0.095,0.05427378829970928,0.0414299857715279,0.002102905238257743,0.0014720336667804188,0.012432174762295847,0.013904208429076265,0.01390421649068717,5.7843028302903554e-08,8.061610904872007e-09
2727,D_phi+gamma,0.14,0.05490336027447665,0.04188998999065367,0.0020828344311980508,0.0014579841018386344,0.01261990184915215,0.014077885950990784,0.014077893161639094,5.178525455673544e-08,7.210648309344259e-09
2727,D_phi+gamma,0.185,0.05554089348069347,0.04235469584824568,0.0020689454978679938,0.0014482618485075946,0.012809673859634043,0.014257935708141638,0.014257942255612917,4.742655018707964e-08,6.547471278692263e-09
2727,D_phi+gamma,0.22999999999999998,0.05618666186350729,0.0428242632231728,0.0020602283166389858,0.001442159821647289,0.01300165785030093,0.014443817671948219,0.014443823777668558,4.425809024821703e-08,6.105720339044662e-09
2727,D_phi+gamma,0.27499999999999997,0.05684091858669469,0.04329883530796536,0.0020559093339398453,0.0014391365337578905,0.013196003103712991,0.014635139637470882,0.014635145533980163,4.194515602906623e-08,5.896509280844953e-09
2727,D_phi+gamma,0.32,0.057503901680375474,0.043778539676150766,0.0020553898413345852,0.0014387728889342084,0.01339284284211333,0.01483161573104754,0.01483162139038241,4.0259160935529614e-08,5.659334870525279e-09
2727,D_phi+gamma,0.365,0.058175838138460285,0.044263497111664246,0.00205819402702826,0.001440735818919781,0.013592301655995016,0.015033037474914798,0.015033043060656129,3.904792461595363e-08,5.585741331276539e-09
2727,D_phi+gamma,0.41,0.05885694695593299,0.04475381744667065,0.0020639447234756833,0.0014447613064329772,0.013794493822586766,0.015239255129019743,0.015239260572143587,3.8194673812608215e-08,5.443123844012243e-09
2727,D_phi+gamma,0.45499999999999996,0.05954744142390479,0.045249607652021705,0.0020723347629840344,0.001450634334088823,0.013999528669127383,0.015450163003216206,0.015450168424959568,3.76210861074977e-08,5.421743361558318e-09
2727,D_phi+gamma,0.49999999999999994,0.06024753089426436,0.04575096722147323,0.0020831159991704117,0.001458181199419287,0.014207509014447896,0.015665690213867184,0.015665695607526182,3.7267185476475007e-08,5.3936589985981165e-09
2727,D_phi+gamma,0.545,0.060957422158313956,0.046257994270112526,0.002096082935916697,0.0014672580551416867,0.014418534791160483,0.01588579284630217,0.01588579826559791,3.708922440004425e-08,5.419295741326824e-09
2727,D_phi+gamma,0.5900000000000001,0.06167732053992112,0.046770782854079644,0.0021110665615996136,0.0014777465931197285,0.014632702174853737,0.016110448767973466,0.016110454236567352,3.7054158005811466e-08,5.468593886753803e-09
2727,D_phi+gamma,0.635,0.06240743077444598,0.04728942199724367,0.0021279284886643254,0.0014895499420650266,0.014850103217221602,0.016339653159286628,0.01633965891997892,3.7135521741005206e-08,5.76069229124565e-09
2727,D_phi+gamma,0.68,0.06314795772480071,0.04781401144484332,0.0021465444812589773,0.0015025811368812828,0.0150708353554144,0.016573416492295684,0.016573422119234626,3.731466802214811e-08,5.626938942571158e-09
2727,D_phi+gamma,0.725,0.06389910697232812,0.048344632337623615,0.0021668221361997976,0.0015167754953398572,0.015294984521484905,0.016811760016824762,0.016811765597121706,3.757419791972083e-08,5.580296943280549e-09
2727,D_phi+gamma,0.77,0.06466108531026557,0.04888137372629695,0.002188678350852907,0.0015320748455970336,0.01552264052101678,0.017054715366613814,0.017054721168660567,3.7904046568115746e-08,5.80204675276752e-09
2727,D_phi+gamma,0.8150000000000001,0.06543410116089386,0.049424325325682694,0.0022120424456844945,0.001548429711979145,0.015753893266153236,0.017302322978132383,0.017302329194806065,3.829439404468005e-08,6.216673682779561e-09
2727,D_phi+gamma,0.86,0.06621836493223565,0.04997357846807956,0.0022368535177420094,0.0015657974624194053,0.01598883402290624,0.017554631485325645,0.017554637389095837,3.8733767582233014e-08,5.9037701914677054e-09
2727,D_phi+gamma,0.905,0.06701408932659236,0.050529215187772106,0.002263066180051326,0.001584146326035927,0.016227547542857733,0.01781169386889366,0.0178116998616251,3.9222747272305014e-08,5.992731443027477e-09
2727,D_phi+gamma,0.95,0.06782148961038312,0.05109132129391444,0.002290640334651425,0.0016034482342559963,0.016470121048263304,0.0180735692825193,0.018073576346610744,3.9751564540058126e-08,7.064091443742537e-09
2828,D0,0.05,0.0601491345347404,0.045745677332807204,0.001985551305891183,0.0,0.0,0.0,0.0,0.0,0.0
2828,D0,0.095,0.0601491345347404,0.045745677332807204,0.001985551305891183,0.0,0.0,0.0,0.0,0.0,0.0
2828,D0,0.14,0.0601491345347404,0.045745677332807204,0.001985551305891183,0.0,0.0,0.0,0.0,0.0,0.0
2828,D0,0.185,0.0601491345347404,0.045745677332807204,0.001985551305891183,0.0,0.0,0.0,0.0,0.0,0.0
2828,D0,0.22999999999999998,0.0601491345347404,0.045745677332807204,0.001985551305891183,0.0,0.0,0.0,0.0,0.0,0.0
2828,D0,0.27499999999999997,0.0601491345347404,0.045745677332807204,0.001985551305891183,0.0,0.0,0.0,0.0,0.0,0.0
2828,D0,0.32,0.0601491345347404,0.045745677332807204,0.001985551305891183,0.0,0.0,0.0,0.0,0.0,0.0
2828,D0,0.365,0.0601491345347404,0.045745677332807204,0.001985551305891183,0.0,0.0,0.0,0.0,0.0,0.0
2828,D0,0.41,0.0601491345347404,0.045745677332807204,0.001985551305891183,0.0,0.0,0.0,0.0,0.0,0.0
2828,D0,0.45499999999999996,0.0601491345347404,0.045745677332807204,0.001985551305891183,0.0,0.0,0.0,0.0,0.0,0.0
2828,D0,0.49999999999999994,0.0601491345347404,0.045745677332807204,0.001985551305891183,0.0,0.0,0.0,0.0,0.0,0.0
2828,D0,0.545,0.0601491345347404,0.045745677332807204,0.001985551305891183,0.0,0.0,0.0,0.0,0.0,0.0
2828,D0,0.5900000000000001,0.0601491345347404,0.045745677332807204,0.001985551305891183,0.0,0.0,0.0,0.0,0.0,0.0
2828,D0,0.635,0.0601491345347404,0.045745677332807204,0.001985551305891183,0.0,0.0,0.0,0.0,0.0,0.0
2828,D0,0.68,0.0601491345347404,0.045745677332807204,0.001985551305891183,0.0,0.0,0.0,0.0,0.0,0.0
2828,D0,0.725,0.0601491345347404,0.045745677332807204,0.001985551305891183,0.0,0.0,0.0,0.0,0.0,0.0
2828,D0,0.77,0.0601491345347404,0.045745677332807204,0.001985551305891183,0.0,0.0,0.0,0.0,0.0,0.0
2828,D0,0.8150000000000001,0.0601491345347404,0.045745677332807204,0.001985551305891183,0.0,0.0,0.0,0.0,0.0,0.0
2828,D0,0.86,0.0601491345347404,0.045745677332807204,0.001985551305891183,0.0,0.0,0.0,0.0,0.0,0.0
2828,D0,0.905,0.0601491345347404,0.045745677332807204,0.001985551305891183,0.0,0.0,0.0,0.0,0.0,0.0
2828,D0,0.95,0.0601491345347404,0.045745677332807204,0.001985551305891183,0.0,0.0,0.0,0.0,0.0,0.0
2828,D_phi,0.05,0.054157992324665366,0.04137767985422339,0.0014968400297353374,0.0,0.01255624058709116,0.01255624058709116,0.012556242987709838,1.4842692361641263e-08,2.400618677803057e-09
2828,D_phi,0.095,0.054726304299684614,0.041795243611908534,0.001541500313666409,0.0,0.012702373485867008,0.012702373485867008,0.012702376851526214,1.5024649252168287e-08,3.3656592061948043e-09
2828,D_phi,0.14,0.05530123370385508,0.04221696474394917,0.0015870443896450574,0.0,0.012850351370002342,0.012850351370002342,0.012850354764185392,1.5210326401171592e-08,3.39418304920458e-09
2828,D_phi,0.185,0.05588286402904226,0.04264288320127157,0.0016334930329857359,0.0,0.01300019603233659,0.01300019603233659,0.013000199424407001,1.5396969810232974e-08,3.392070411015191e-09
2828,D_phi,0.22999999999999998,0.05647127979491305,0.04307304411196301,0.0016808645768533505,0.0,0.013151930488191835,0.013151930488191835,0.013151933815058735,1.5587217280788046e-08,3.3268669000219298e-09
2828,D_phi,0.27499999999999997,0.05706656656179976,0.04350749064669342,0.0017291791321886942,0.0,0.01330557759019027,0.01330557759019027,0.013305581205860945,1.5779333742416135e-08,3.615670674320115e-09
2828,D_phi,0.32,0.05766881094375729,0.043946275632824196,0.0017784517401582055,0.0,0.013461162087087154,0.013461162087087154,0.013461165159781874,1.5973481912179288e-08,3.072694720190894e-09
2828,D_phi,0.365,0.05827810062188163,0.04438943666281982,0.0018287071079878367,0.0,0.013618706192222926,0.013618706192222926,0.013618709539183609,1.617014230848035e-08,3.346960682562572e-09
2828,D_phi,0.41,0.05889452435778851,0.044837025689066355,0.0018799619574966049,0.0,0.013778235073072787,0.013778235073072787,0.013778238505973346,1.6370216640582136e-08,3.4329005593053408e-09
2828,D_phi,0.45499999999999996,0.059518172007367254,0.045289090336236744,0.0019322362463895094,0.0,0.013939773285366457,0.013939773285366457,0.013939776532418182,1.657185014214413e-08,3.2470517247196184e-09
2828,D_phi,0.49999999999999994,0.06014913453474072,0.04574567689455,0.0019855516352923243,0.0,0.01410334499079542,0.01410334499079542,0.014103348402267263,1.6776375422536405e-08,3.411471842865166e-09
2828,D_phi,0.545,0.06078750402645367,0.046206835167356866,0.0020399280008325514,0.0,0.01426897573619854,0.01426897573619854,0.014268979218202612,1.6983467757136772e-08,3.4820040722277623e-09
2828,D_phi,0.5900000000000001,0.06143337370590234,0.046672614451102684,0.002095386297800933,0.0,0.014436691040217067,0.014436691040217067,0.014436694405349318,1.7193409890259304e-08,3.3651322509792303e-09
2828,D_phi,0.635,0.062086837947996305,0.04714306372326428,0.002151948487380972,0.0,0.014606516400994952,0.014606516400994952,0.014606519717584575,1.7406006497244775e-08,3.3165896227288494e-09
2828,D_phi,0.68,0.06274799229405847,0.04761823305405601,0.002209636517914194,0.0,0.014778477820108042,0.014778477820108042,0.014778481242586405,1.762092069479415e-08,3.4224783632130773e-09
2828,D_phi,0.725,0.06341693346696928,0.04809817185895769,0.0022684731983892196,0.0,0.014952601821615685,0.014952601821615685,0.014952605407778083,1.7839080906911775e-08,3.5861623982891278e-09
2828,D_phi,0.77,0.06409375938654956,0.048582936696933525,0.0023284781289554294,0.0,0.015128915667987202,0.015128915667987202,0.015128918983154854,1.8060558604204857e-08,3.3151676525483564e-09
2828,D_phi,0.8150000000000001,0.06477856918520847,0.0490725716643583,0.0023896795929433056,0.0,0.015307444293798262,0.015307444293798262,0.015307449092139325,1.8284262298662313e-08,4.7983410630253465e-09
2828,D_phi,0.86,0.06547146322380895,0.04956713479469355,0.0024520962545320868,0.0,0.015488218028344481,0.015488218028344481,0.015488223211897523,1.8511133598186902e-08,5.183553041659961e-09
2828,D_phi,0.905,0.06617254310782153,0.05006667859899509,0.0025157523646871806,0.0,0.01567126425931075,0.01567126425931075,0.01567126918117083,1.8740937274275282e-08,4.92186007922113e-09
2828,D_phi,0.95,0.06688191170371538,0.05057125540549321,0.002580673088408333,0.0,0.015856610558541685,0.015856610558541685,0.015856615206277083,1.8973445037318015e-08,4.647735397933506e-09
2828,D_gamma,0.05,0.0601491345347404,0.045745677332807204,0.001985551305891183,0.0,0.0,0.0,0.0,0.0,0.0
2828,D_gamma,0.095,0.0601491345347404,0.045745677332807204,0.001985551305891183,0.0,0.0,0.0,0.0,0.0,0.0
2828,D_gamma,0.14,0.0601491345347404,0.045745677332807204,0.001985551305891183,0.0,0.0,0.0,0.0,0.0,0.0
2828,D_gamma,0.185,0.0601491345347404,0.045745677332807204,0.001985551305891183,0.0,0.0,0.0,0.0,0.0,0.0
2828,D_gamma,0.22999999999999998,0.0601491345347404,0.045745677332807204,0.001985551305891183,0.0,0.0,0.0,0.0,0.0,0.0
2828,D_gamma,0.27499999999999997,0.0601491345347404,0.045745677332807204,0.001985551305891183,0.0,0.0,0.0,0.0,0.0,0.0
2828,D_gamma,0.32,0.0601491345347404,0.045745677332807204,0.001985551305891183,0.0,0.0,0.0,0.0,0.0,0.0
2828,D_gamma,0.365,0.0601491345347404,0.045745677332807204,0.001985551305891183,0.0,0.0,0.0,0.0,0.0,0.0
2828,D_gamma,0.41,0.0601491345347404,0.045745677332807204,0.001985551305891183,0.0,0.0,0.0,0.0,0.0,0.0
2828,D_gamma,0.45499999999999996,0.0601491345347404,0.045745677332807204,0.001985551305891183,0.0,0.0,0.0,0.0,0.0,0.0
2828,D_gamma,0.49999999999999994,0.0601491345347404,0.045745677332807204,0.001985551305891183,0.0,0.0,0.0,0.0,0.0,0.0
2828,D_gamma,0.545,0.0601491345347404,0.045745677332807204,0.001985551305891183,0.0,0.0,0.0,0.0,0.0,0.0
2828,D_gamma,0.5900000000000001,0.0601491345347404,0.045745677332807204,0.001985551305891183,0.0,0.0,0.0,0.0,0.0,0.0
2828,D_gamma,0.635,0.0601491345347404,0.045745677332807204,0.001985551305891183,0.0,0.0,0.0,0.0,0.0,0.0
2828,D_gamma,0.68,0.0601491345347404,0.045745677332807204,0.001985551305891183,0.0,0.0,0.0,0.0,0.0,0.0
2828,D_gamma,0.725,0.0601491345347404,0.045745677332807204,0.001985551305891183,0.0,0.0,0.0,0.0,0.0,0.0
2828,D_gamma,0.77,0.0601491345347404,0.045745677332807204,0.001985551305891183,0.0,0.0,0.0,0.0,0.0,0.0
2828,D_gamma,0.8150000000000001,0.0601491345347404,0.045745677332807204,0.001985551305891183,0.0,0.0,0.0,0.0,0.0,0.0
2828,D_gamma,0.86,0.0601491345347404,0.045745677332807204,0.001985551305891183,0.0,0.0,0.0,0.0,0.0,0.0
2828,D_gamma,0.905,0.0601491345347404,0.045745677332807204,0.001985551305891183,0.0,0.0,0.0,0.0,0.0,0.0
2828,D_gamma,0.95,0.0601491345347404,0.045745677332807204,0.001985551305891183,0.0,0.0,0.0,0.0,0.0,0.0
2828,D_phi+gamma,0.05,0.053611588934067096,0.04097020565045215,0.0020658343004713426,0.0014460840103299386,0.012199056564288494,0.013645140574618433,0.013645149816618806,6.341471688910139e-08,9.242000373332893e-09
2828,D_phi+gamma,0.095,0.05422920023201213,0.04142551009806172,0.0020357387977115,0.001425017158398049,0.012380434691575001,0.01380545184997305,0.013805461717854283,5.4841702725946795e-08,9.867881232625275e-09
2828,D_phi+gamma,0.14,0.054854180941689756,0.041885341938735374,0.002012979544413106,0.0014090856810891731,0.012563436859644185,0.013972522540733359,0.0139725290810055,4.8743233060921654e-08,6.54027214157249e-09
2828,D_phi+gamma,0.185,0.05548681708423051,0.04234989454018985,0.0019962222884653893,0.0013973556019257715,0.012748233747625704,0.014145589349551475,0.014145595353004513,4.4322863435031223e-08,6.003453038513906e-09
2828,D_phi+gamma,0.22999999999999998,0.056127365638341725,0.04281932573429111,0.001984462519043609,0.0013891237633305252,0.01293498394000952,0.014324107703340045,0.014324113195962941,4.108335581454181e-08,5.4926228964385926e-09
2828,D_phi+gamma,0.27499999999999997,0.05677606243375467,0.043293780220812934,0.001976931097620745,0.0013838517683345203,0.013123824541079441,0.01450767630941396,0.014507681501194416,3.8687667652803626e-08,5.1917804552020774e-09
2828,D_phi+gamma,0.32,0.05743312773765921,0.043773388092052556,0.0019730304394490225,0.0013811213076143148,0.01331487784284538,0.014695999150459695,0.014696004039657116,3.69130132710227e-08,4.889197421920066e-09
2828,D_phi+gamma,0.365,0.05809877030533164,0.04425827221858702,0.0019722854822519192,0.0013805998375763424,0.013508256809963464,0.014888856647539807,0.014888861515471329,3.560463729401775e-08,4.867931521421176e-09
2828,D_phi+gamma,0.41,0.058773190380470394,0.04474854389475675,0.001974319450892642,0.0013820236156248482,0.013704063845105849,0.015086087460730696,0.015086092207144255,3.465067538455102e-08,4.746413559061913e-09
2828,D_phi+gamma,0.45499999999999996,0.05945658196021773,0.045244311253640625,0.00197882500211187,0.0013851775014783081,0.013902396074806861,0.01528757357628517,0.015287578261437791,3.397206405075792e-08,4.6851526217667194e-09
2828,D_phi+gamma,0.49999999999999994,0.06014913453474072,0.04574567689455,0.0019855516352923243,0.0013898861447046258,0.014103344990795422,0.015493231135500047,0.01549323580077845,3.3509991963567853e-08,4.665278403176432e-09
2828,D_phi+gamma,0.545,0.06085103444443443,0.0462527398242887,0.001994292899153713,0.0013960050294075977,0.014306997950937499,0.015703002980345097,0.01570300766116863,3.322048434950542e-08,4.680823534330969e-09
2828,D_phi+gamma,0.5900000000000001,0.06156246595434503,0.04676559590625332,0.0020048776549542848,0.001403414358467998,0.014513438929382774,0.015916853287850773,0.01591685797875801,3.307043562605916e-08,4.6909072390355355e-09
2828,D_phi+gamma,0.635,0.06228361211641999,0.047284340908473804,0.002017161637815612,0.0014120131464709271,0.01472275013320117,0.016134763279672098,0.016134768101117358,3.303510347218985e-08,4.82144526040007e-09
2828,D_phi+gamma,0.68,0.0630146554704969,0.0478090631501606,0.002031027431918018,0.0014217192023426115,0.014935009410620861,0.016356728612963473,0.016356733457572104,3.309433907472403e-08,4.844608630927283e-09
2828,D_phi+gamma,0.725,0.06375577862126114,0.048339856920451396,0.002046371454517509,0.001432460018162255,0.015150296433896376,0.01658275645205863,0.01658276114160534,3.323276376310247e-08,4.689546709291115e-09
2828,D_phi+gamma,0.77,0.06450716471884052,0.04887680900806846,0.0020631098018658164,0.0014441768613060704,0.015368687421469376,0.016812864282775446,0.016812868019643032,3.3436527852037656e-08,3.736867586201509e-09
2828,D_phi+gamma,0.8150000000000001,0.06526899786375415,0.04942001843101499,0.0020811664823436778,0.0014568165376405732,0.01559025767569902,0.017047074213339595,0.017047079241571172,3.370148118908567e-08,5.028231577636211e-09
2828,D_phi+gamma,0.86,0.06604146345205243,0.04996956328610634,0.002100483980665433,0.0014703387864658018,0.01581508315486013,0.01728542194132593,0.017285427057275857,3.4012914706949005e-08,5.1159499275810205e-09
2828,D_phi+gamma,0.905,0.06682474847267958,0.050525533666787546,0.0021210101715913882,0.0014847071201139705,0.016043237184634462,0.01752794430474843,0.017527949868433368,3.437213846879672e-08,5.5636849363716046e-09
2828,D_phi+gamma,0.95,0.06761904176651651,0.051088027330137856,0.0021426953833076066,0.0014998867683153234,0.016274799421779625,0.017774686190094948,0.017774691467837053,3.4769043893989604e-08,5.277742104459193e-09
2929,D0,0.05,0.06017398317506968,0.04573269140785888,0.0020327360609192612,0.0,0.0,0.0,0.0,0.0,0.0
2929,D0,0.095,0.06017398317506968,0.04573269140785888,0.0020327360609192612,0.0,0.0,0.0,0.0,0.0,0.0
2929,D0,0.14,0.06017398317506968,0.04573269140785888,0.0020327360609192612,0.0,0.0,0.0,0.0,0.0,0.0
2929,D0,0.185,0.06017398317506968,0.04573269140785888,0.0020327360609192612,0.0,0.0,0.0,0.0,0.0,0.0
2929,D0,0.22999999999999998,0.06017398317506968,0.04573269140785888,0.0020327360609192612,0.0,0.0,0.0,0.0,0.0,0.0
2929,D0,0.27499999999999997,0.06017398317506968,0.04573269140785888,0.0020327360609192612,0.0,0.0,0.0,0.0,0.0,0.0
2929,D0,0.32,0.06017398317506968,0.04573269140785888,0.0020327360609192612,0.0,0.0,0.0,0.0,0.0,0.0
2929,D0,0.365,0.06017398317506968,0.04573269140785888,0.0020327360609192612,0.0,0.0,0.0,0.0,0.0,0.0
2929,D0,0.41,0.06017398317506968,0.04573269140785888,0.0020327360609192612,0.0,0.0,0.0,0.0,0.0,0.0
2929,D0,0.45499999999999996,0.06017398317506968,0.04573269140785888,0.0020327360609192612,0.0,0.0,0.0,0.0,0.0,0.0
2929,D0,0.49999999999999994,0.06017398317506968,0.04573269140785888,0.0020327360609192612,0.0,0.0,0.0,0.0,0.0,0.0
2929,D0,0.545,0.06017398317506968,0.04573269140785888,0.0020327360609192612,0.0,0.0,0.0,0.0,0.0,0.0
2929,D0,0.5900000000000001,0.06017398317506968,0.04573269140785888,0.0020327360609192612,0.0,0.0,0.0,0.0,0.0,0.0
2929,D0,0.635,0.06017398317506968,0.04573269140785888,0.0020327360609192612,0.0,0.0,0.0,0.0,0.0,0.0
2929,D0,0.68,0.06017398317506968,0.04573269140785888,0.0020327360609192612,0.0,0.0,0.0,0.0,0.0,0.0
2929,D0,0.725,0.06017398317506968,0.04573269140785888,0.0020327360609192612,0.0,0.0,0.0,0.0,0.0,0.0
2929,D0,0.77,0.06017398317506968,0.04573269140785888,0.0020327360609192612,0.0,0.0,0.0,0.0,0.0,0.0
2929,D0,0.8150000000000001,0.06017398317506968,0.04573269140785888,0.0020327360609192612,0.0,0.0,0.0,0.0,0.0,0.0
2929,D0,0.86,0.06017398317506968,0.04573269140785888,0.0020327360609192612,0.0,0.0,0.0,0.0,0.0,0.0
2929,D0,0.905,0.06017398317506968,0.04573269140785888,0.0020327360609192612,0.0,0.0,0.0,0.0,0.0,0.0
2929,D0,0.95,0.06017398317506968,0.04573269140785888,0.0020327360609192612,0.0,0.0,0.0,0.0,0.0,0.0
2929,D_phi,0.05,0.0541702812764293,0.041370136346532665,0.0015236112056086258,0.0,0.012577556798166523,0.012577556798166523,0.012577560120274367,1.51994594081023e-08,3.3221078440254237e-09
2929,D_phi,0.095,0.054739579012749506,0.04178727161204994,0.0015699255737906608,0.0,0.012724875441174413,0.012724875441174413,0.012724878831836527,1.53908993379831e-08,3.390662113925136e-09
2929,D_phi,0.14,0.0553155485031107,0.04220853848706958,0.0016172037745785894,0.0,0.012874083248695097,0.012874083248695097,0.012874086534240223,1.5586243753973328e-08,3.285545125894518e-09
2929,D_phi,0.185,0.055898275288334555,0.04263397760182708,0.001665468256723047,0.0,0.013025203683710006,0.013025203683710006,0.013025207111377184,1.5783812451486412e-08,3.4276671778687984e-09
2929,D_phi,0.22999999999999998,0.05648784599087465,0.04306363698459274,0.0017147379616014049,0.0,0.013178261631034431,0.013178261631034431,0.013178264752799854,1.5983417714360293e-08,3.1217654225534908e-09
2929,D_phi,0.27499999999999997,0.057084348328766736,0.04349755837896516,0.0017650360385479198,0.0,0.013333281173430968,0.013333281173430968,0.013333283962762935,1.6185240647725863e-08,2.7893319667904315e-09
2929,D_phi,0.32,0.05768787112978521,0.043935786468554894,0.001816384959422083,0.0,0.013490286605233536,0.013490286605233536,0.013490289558955476,1.6391522514314083e-08,2.953721940646137e-09
2929,D_phi,0.365,0.05829850434585287,0.04437836653087977,0.0018688070881589403,0.0,0.01364930330562173,0.01364930330562173,0.013649306686944357,1.659812530474536e-08,3.381322626408445e-09
2929,D_phi,0.41,0.05891633906768443,0.04482534724531467,0.0019223234499949813,0.0,0.013810357551860471,0.013810357551860471,0.013810360816264218,1.6808166664050717e-08,3.2644037473161802e-09
2929,D_phi,0.45499999999999996,0.059541467539682515,0.04527677276276897,0.001976958885723113,0.0,0.013973474296809021,0.013973474296809021,0.013973477751897343,1.70206612692958e-08,3.455088321349664e-09
2929,D_phi,0.49999999999999994,0.060173983175069674,0.04573269140785888,0.0020327360609192504,0.0,0.01413868020469497,0.01413868020469497,0.01413868363790318,1.7236930625885716e-08,3.4332082107790818e-09
2929,D_phi,0.545,0.06081398057128187,0.04619315042865607,0.002089679160280178,0.0,0.01430600172880815,0.01430600172880815,0.014306004962741184,1.7455229969765007e-08,3.2339330345576567e-09
2929,D_phi,0.5900000000000001,0.06146155552561202,0.046658196745871044,0.002147813511749431,0.0,0.014475465184854389,0.014475465184854389,0.014475468565803758,1.7677024080620107e-08,3.380949369427566e-09
2929,D_phi,0.635,0.06211680505111049,0.04712787989736653,0.002207163203197131,0.0,0.014647098307112616,0.014647098307112616,0.014647101642573263,1.7899405221899478e-08,3.335460647263533e-09
2929,D_phi,0.68,0.06277982739275367,0.04760224658861697,0.0022677556530567708,0.0,0.014820927183442011,0.014820927183442011,0.014820931750401584,1.8129340390027338e-08,4.566959572668838e-09
2929,D_phi,0.725,0.06345072204386489,0.04808134948441224,0.0023296137209371124,0.0,0.014996982038834355,0.014996982038834355,0.014996986815635202,1.8360826747887415e-08,4.776800847233753e-09
2929,D_phi,0.77,0.06412958976282244,0.048565237262587636,0.0023927652190783694,0.0,0.01517528980387365,0.01517528980387365,0.015175295137816167,1.859243106694386e-08,5.333942516838608e-09
2929,D_phi,0.8150000000000001,0.06481653259001989,0.04905396186166101,0.0024572355312695816,0.0,0.015355880267993118,0.015355880267993118,0.01535588539657537,1.883077513364917e-08,5.128582251587299e-09
2929,D_phi,0.86,0.06551165386512045,0.04954757316731968,0.0025230529423671605,0.0,0.015538781777498343,0.015538781777498343,0.015538786658104278,1.906981725308121e-08,4.880605935023152e-09
2929,D_phi,0.905,0.06621505824457355,0.05004612348686732,0.002590244575900107,0.0,0.015724024201236347,0.015724024201236347,0.015724028381228203,1.9313804028309178e-08,4.179991856118059e-09
2929,D_phi,0.95,0.06692685171942633,0.05054966280782221,0.0026588405743491264,0.0,0.01591163607608175,0.01591163607608175,0.015911640423980203,1.9560029984599936e-08,4.347898454465371e-09
2929,D_gamma,0.05,0.06017398317506968,0.04573269140785888,0.0020327360609192612,0.0,0.0,0.0,0.0,0.0,0.0
2929,D_gamma,0.095,0.06017398317506968,0.04573269140785888,0.0020327360609192612,0.0,0.0,0.0,0.0,0.0,0.0
2929,D_gamma,0.14,0.06017398317506968,0.04573269140785888,0.0020327360609192612,0.0,0.0,0.0,0.0,0.0,0.0
2929,D_gamma,0.185,0.06017398317506968,0.04573269140785888,0.0020327360609192612,0.0,0.0,0.0,0.0,0.0,0.0
2929,D_gamma,0.22999999999999998,0.06017398317506968,0.04573269140785888,0.0020327360609192612,0.0,0.0,0.0,0.0,0.0,0.0
2929,D_gamma,0.27499999999999997,0.06017398317506968,0.04573269140785888,0.0020327360609192612,0.0,0.0,0.0,0.0,0.0,0.0
2929,D_gamma,0.32,0.06017398317506968,0.04573269140785888,0.0020327360609192612,0.0,0.0,0.0,0.0,0.0,0.0
2929,D_gamma,0.365,0.06017398317506968,0.04573269140785888,0.0020327360609192612,0.0,0.0,0.0,0.0,0.0,0.0
2929,D_gamma,0.41,0.06017398317506968,0.04573269140785888,0.0020327360609192612,0.0,0.0,0.0,0.0,0.0,0.0
2929,D_gamma,0.45499999999999996,0.06017398317506968,0.04573269140785888,0.0020327360609192612,0.0,0.0,0.0,0.0,0.0,0.0
2929,D_gamma,0.49999999999999994,0.06017398317506968,0.04573269140785888,0.0020327360609192612,0.0,0.0,0.0,0.0,0.0,0.0
2929,D_gamma,0.545,0.06017398317506968,0.04573269140785888,0.0020327360609192612,0.0,0.0,0.0,0.0,0.0,0.0
2929,D_gamma,0.5900000000000001,0.06017398317506968,0.04573269140785888,0.0020327360609192612,0.0,0.0,0.0,0.0,0.0,0.0
2929,D_gamma,0.635,0.06017398317506968,0.04573269140785888,0.0020327360609192612,0.0,0.0,0.0,0.0,0.0,0.0
2929,D_gamma,0.68,0.06017398317506968,0.04573269140785888,0.0020327360609192612,0.0,0.0,0.0,0.0,0.0,0.0
2929,D_gamma,0.725,0.06017398317506968,0.04573269140785888,0.0020327360609192612,0.0,0.0,0.0,0.0,0.0,0.0
2929,D_gamma,0.77,0.06017398317506968,0.04573269140785888,0.0020327360609192612,0.0,0.0,0.0,0.0,0.0,0.0
2929,D_gamma,0.8150000000000001,0.06017398317506968,0.04573269140785888,0.0020327360609192612,0.0,0.0,0.0,0.0,0.0,0.0
2929,D_gamma,0.86,0.06017398317506968,0.04573269140785888,0.0020327360609192612,0.0,0.0,0.0,0.0,0.0,0.0
2929,D_gamma,0.905,0.06017398317506968,0.04573269140785888,0.0020327360609192612,0.0,0.0,0.0,0.0,0.0,0.0
2929,D_gamma,0.95,0.06017398317506968,0.04573269140785888,0.0020327360609192612,0.0,0.0,0.0,0.0,0.0,0.0
2929,D_phi+gamma,0.05,0.05361539868679574,0.040963418431087646,0.0020931759259727968,0.0014652231481809565,0.01220883191054279,0.013674055058723747,0.01367406405248638,6.49019095497888e-08,8.993762632206193e-09
2929,D_phi+gamma,0.095,0.054234377526772314,0.041418255872920265,0.0020646527401916685,0.0014452569181341668,0.012392091159613015,0.013837348077747181,0.013837358601618924,5.6393308444854795e-08,1.0523871742801338e-08
2929,D_phi+gamma,0.14,0.05486086424444235,0.04187759276288455,0.00204355328944918,0.0014304873026144247,0.012577104457303413,0.014007591759917837,0.014007598692736429,5.0358265474281794e-08,6.932818591778855e-09
2929,D_phi+gamma,0.185,0.05549515359614326,0.04234162203037734,0.0020285422078309178,0.0014199795454816414,0.012764050126159998,0.014184029671641639,0.014184035934113383,4.601075180576952e-08,6.262471744303277e-09
2929,D_phi+gamma,0.22999999999999998,0.05613751167421724,0.04281049924537459,0.0020186167089946525,0.0014130316962962556,0.012953094018366341,0.014366125714662597,0.014366131631944773,4.2842350153615705e-08,5.917282176401417e-09
2929,D_phi+gamma,0.27499999999999997,0.05678818382094575,0.0432843646722054,0.002013011600335849,0.0014091081202350932,0.013144380089692105,0.014553488209927199,0.01455349375467876,4.0523975841644244e-08,5.544751560671024e-09
2929,D_phi+gamma,0.32,0.05744740023337679,0.04376334693020785,0.0020111304539251903,0.001407791317747632,0.013338038879949984,0.014745830197697617,0.014745835539610785,3.8829987142330324e-08,5.341913168754875e-09
2929,D_phi+gamma,0.365,0.05811538003104613,0.04424756415217779,0.0020125029363660166,0.0014087520554562105,0.013534190147105402,0.014942942202561612,0.014942947527230528,3.760428600452226e-08,5.324668915854258e-09
2929,D_phi+gamma,0.41,0.05879233427254715,0.04473712487846542,0.0020167546686017754,0.0014117282680212418,0.013732944762363251,0.015144673030384493,0.01514467818633703,3.6736407318938014e-08,5.15595253818002e-09
2929,D_phi+gamma,0.45499999999999996,0.05947846823623189,0.04523213420000764,0.002023581426852168,0.0014165069987965167,0.013934408114547995,0.015350915113344512,0.015350920197085095,3.614649968231021e-08,5.083740583014529e-09
2929,D_phi+gamma,0.49999999999999994,0.060173983175069674,0.04573269140785888,0.0020327360609192504,0.0014229152426434742,0.01413868020469497,0.015561595447338445,0.015561600551307134,3.5775406900806495e-08,5.103968688663363e-09
2929,D_phi+gamma,0.545,0.06087907768884219,0.046238891637443255,0.0020440159033495837,0.0014308111323447076,0.01434585700198778,0.015776668134332487,0.015776673285117906,3.557995877090381e-08,5.150785419710813e-09
2929,D_phi+gamma,0.5900000000000001,0.061593948813329726,0.04675082592771703,0.002057254301832105,0.0014400780112824722,0.014556030882195495,0.015996108893477967,0.015996114060626968,3.5526563635368547e-08,5.16714900034021e-09
2929,D_phi+gamma,0.635,0.062318792897135565,0.047268587041139544,0.0020723100901637657,0.001450617063114635,0.014769293761072612,0.016219910824187247,0.01621991607296014,3.559015304688273e-08,5.248772892013642e-09
2929,D_phi+gamma,0.68,0.06305380631708679,0.0477922579077503,0.0020890708147698034,0.0014623495703388611,0.014985731866628584,0.016448081436967445,0.016448086917926125,3.575188339821622e-08,5.480958679970893e-09
2929,D_phi+gamma,0.725,0.06379918606943617,0.04832193289379965,0.002107433820759351,0.0014752036745315444,0.015205437258406762,0.016680640932938307,0.016680646170883273,3.599345543836563e-08,5.237944966651753e-09
2929,D_phi+gamma,0.77,0.06455513026457449,0.04885769374021622,0.002127321081073653,0.001489124756751556,0.015428493308918989,0.016917618065670544,0.016917623490115746,3.630571746016109e-08,5.424445202045769e-09
2929,D_phi+gamma,0.8150000000000001,0.06532183854593054,0.0493996238580209,0.002148664727583116,0.00150406530930818,0.0156549862645362,0.01715905157384438,0.017159057127824603,3.6678683007496105e-08,5.5539802236437286e-09
2929,D_phi+gamma,0.86,0.0660995124489016,0.0499478106869193,0.0021714057818210614,0.0015199840472747417,0.015885003055399027,0.01740498710267377,0.01740499274070771,3.710346890839489e-08,5.638033942489962e-09
2929,D_phi+gamma,0.905,0.06688835571190502,0.050502337081827574,0.002195497065160264,0.0015368479456121836,0.016118628762124387,0.01765547670773657,0.01765548244092861,3.757492025857623e-08,5.73319203917011e-09
2929,D_phi+gamma,0.95,0.0676885745489432,0.051063287586098294,0.0022208983146441673,0.001554628820250916,0.016355949386638362,0.017910578206889276,0.017910584025644643,3.808818399564373e-08,5.818755366426842e-09
3030,D0,0.05,0.06007779057056217,0.04568492011359261,0.002005232043338009,0.0,0.0,0.0,0.0,0.0,0.0
3030,D0,0.095,0.06007779057056217,0.04568492011359261,0.002005232043338009,0.0,0.0,0.0,0.0,0.0,0.0
3030,D0,0.14,0.06007779057056217,0.04568492011359261,0.002005232043338009,0.0,0.0,0.0,0.0,0.0,0.0
3030,D0,0.185,0.06007779057056217,0.04568492011359261,0.002005232043338009,0.0,0.0,0.0,0.0,0.0,0.0
3030,D0,0.22999999999999998,0.06007779057056217,0.04568492011359261,0.002005232043338009,0.0,0.0,0.0,0.0,0.0,0.0
3030,D0,0.27499999999999997,0.06007779057056217,0.04568492011359261,0.002005232043338009,0.0,0.0,0.0,0.0,0.0,0.0
3030,D0,0.32,0.06007779057056217,0.04568492011359261,0.002005232043338009,0.0,0.0,0.0,0.0,0.0,0.0
3030,D0,0.365,0.06007779057056217,0.04568492011359261,0.002005232043338009,0.0,0.0,0.0,0.0,0.0,0.0
3030,D0,0.41,0.06007779057056217,0.04568492011359261,0.002005232043338009,0.0,0.0,0.0,0.0,0.0,0.0
3030,D0,0.45499999999999996,0.06007779057056217,0.04568492011359261,0.002005232043338009,0.0,0.0,0.0,0.0,0.0,0.0
3030,D0,0.49999999999999994,0.06007779057056217,0.04568492011359261,0.002005232043338009,0.0,0.0,0.0,0.0,0.0,0.0
3030,D0,0.545,0.06007779057056217,0.04568492011359261,0.002005232043338009,0.0,0.0,0.0,0.0,0.0,0.0
3030,D0,0.5900000000000001,0.06007779057056217,0.04568492011359261,0.002005232043338009,0.0,0.0,0.0,0.0,0.0,0.0
3030,D0,0.635,0.06007779057056217,0.04568492011359261,0.002005232043338009,0.0,0.0,0.0,0.0,0.0,0.0
3030,D0,0.68,0.06007779057056217,0.04568492011359261,0.002005232043338009,0.0,0.0,0.0,0.0,0.0,0.0
3030,D0,0.725,0.06007779057056217,0.04568492011359261,0.002005232043338009,0.0,0.0,0.0,0.0,0.0,0.0
3030,D0,0.77,0.06007779057056217,0.04568492011359261,0.002005232043338009,0.0,0.0,0.0,0.0,0.0,0.0
3030,D0,0.8150000000000001,0.06007779057056217,0.04568492011359261,0.002005232043338009,0.0,0.0,0.0,0.0,0.0,0.0
3030,D0,0.86,0.06007779057056217,0.04568492011359261,0.002005232043338009,0.0,0.0,0.0,0.0,0.0,0.0
3030,D0,0.905,0.06007779057056217,0.04568492011359261,0.002005232043338009,0.0,0.0,0.0,0.0,0.0,0.0
3030,D0,0.95,0.06007779057056217,0.04568492011359261,0.002005232043338009,0.0,0.0,0.0,0.0,0.0,0.0
3030,D_phi,0.05,0.054103798799242514,0.04133552269315563,0.001504208944209188,0.0,0.012519978519125311,0.012519978519125311,0.012519981610819087,1.493307318946313e-08,3.0916937759917218e-09
3030,D_phi,0.095,0.054670469852730816,0.041751456137707026,0.0015498403844366184,0.0,0.0126657070851844,0.0126657070851844,0.012665710294462892,1.5119266619928462e-08,3.2092784922610473e-09
3030,D_phi,0.14,0.05524374035982008,0.04217149385611304,0.0015964120889191686,0.0,0.01281329110842925,0.01281329110842925,0.012813294547380632,1.5307169073941473e-08,3.4389513823424034e-09
3030,D_phi,0.185,0.05582369434071545,0.0425956828067385,0.0016439418099570855,0.0,0.012962754120831328,0.012962754120831328,0.012962757510704368,1.5498698852089987e-08,3.3898730402576183e-09
3030,D_phi,0.22999999999999998,0.05641041686344437,0.043024064140698544,0.0016924509585633557,0.0,0.013114119267496914,0.013114119267496914,0.0131141226144429,1.5691951210650146e-08,3.3469459859852835e-09
3030,D_phi,0.27499999999999997,0.05700399405698753,0.04345668159242333,0.0017419602495435174,0.0,0.013267410115270415,0.013267410115270415,0.013267413583060808,1.5887661672375764e-08,3.4677903933827414e-09
3030,D_phi,0.32,0.0576045131246408,0.043893587720406885,0.0017924851979894082,0.0,0.013422653145190725,0.013422653145190725,0.013422654439568237,1.6085984627656202e-08,1.2943775114238054e-09
3030,D_phi,0.365,0.058212062357610256,0.044334810898287315,0.0018440588221793517,0.0,0.01357986620459957,0.01357986620459957,0.01357986951348067,1.628677644138765e-08,3.3088811014075903e-09
3030,D_phi,0.41,0.05882673114880867,0.04478041216962602,0.0018966914438820072,0.0,0.013739080216461402,0.013739080216461402,0.01373908344133311,1.6490077359154753e-08,3.2248717082156153e-09
3030,D_phi,0.45499999999999996,0.059448610006899646,0.045230432942518196,0.0019504084839132574,0.0,0.013900317929907589,0.013900317929907589,0.013900321175863867,1.669598695408503e-08,3.2459562780695617e-09
3030,D_phi,0.49999999999999994,0.06007779057056217,0.04568492011354641,0.002005232043372196,0.0,0.014063604578957193,0.014063604578957193,0.014063607988601873,1.6904512853757603e-08,3.409644679444601e-09
3030,D_phi,0.545,0.06071436562298967,0.04614392187823631,0.0020611839834956966,0.0,0.014228966089546349,0.014228966089546349,0.014228969475955389,1.711580356611453e-08,3.3864090403373792e-09
3030,D_phi,0.5900000000000001,0.06135842910662766,0.04660748570094518,0.0021182874619263227,0.0,0.014396428204771121,0.014396428204771121,0.014396431564634911,1.7329662010956426e-08,3.3598637899645567e-09
3030,D_phi,0.635,0.06201007613814569,0.047075660404838716,0.0021765653756128153,0.0,0.014566017382465301,0.014566017382465301,0.014566020516731589,1.7546423689007717e-08,3.1342662874800364e-09
3030,D_phi,0.68,0.06266940302365379,0.04754849337215926,0.002236042632173981,0.0,0.014737759373498999,0.014737759373498999,0.01473776293446151,1.7766216969805626e-08,3.5609625109733756e-09
3030,D_phi,0.725,0.06333650727415717,0.0480260364808498,0.0022967412136710857,0.0,0.014911682460650923,0.014911682460650923,0.014911685768756441,1.798823312526565e-08,3.3081055186845454e-09
3030,D_phi,0.77,0.06401148762126958,0.04850833508987498,0.00235868973864724,0.0,0.015087810909659214,0.015087810909659214,0.015087816318064606,1.8213908853370597e-08,5.408405391940652e-09
3030,D_phi,0.8150000000000001,0.06469444403314427,0.048995447178263485,0.002421906408139834,0.0,0.015266177005790275,0.015266177005790275,0.015266182242330131,1.8443526567102353e-08,5.236539856248723e-09
3030,D_phi,0.86,0.0653854777307083,0.04948742021064477,0.0024864196246242006,0.0,0.015446806566616466,0.015446806566616466,0.015446811561329793,1.8673542573344193e-08,4.99471332696122e-09
3030,D_phi,0.905,0.0660846912041008,0.04998430534056356,0.0025522554625736758,0.0,0.01562972768275269,0.01562972768275269,0.01562973266538667,1.890795645054233e-08,4.982633979022655e-09
3030,D_phi,0.95,0.06679218822938815,0.050486156889624406,0.002619438169205992,0.0,0.015814970287468977,0.015814970287468977,0.015814974318062086,1.9145705160150683e-08,4.030593109272118e-09
3030,D_gamma,0.05,0.06007779057056217,0.04568492011359261,0.002005232043338009,0.0,0.0,0.0,0.0,0.0,0.0
3030,D_gamma,0.095,0.06007779057056217,0.04568492011359261,0.002005232043338009,0.0,0.0,0.0,0.0,0.0,0.0
3030,D_gamma,0.14,0.06007779057056217,0.04568492011359261,0.002005232043338009,0.0,0.0,0.0,0.0,0.0,0.0
3030,D_gamma,0.185,0.06007779057056217,0.04568492011359261,0.002005232043338009,0.0,0.0,0.0,0.0,0.0,0.0
3030,D_gamma,0.22999999999999998,0.06007779057056217,0.04568492011359261,0.002005232043338009,0.0,0.0,0.0,0.0,0.0,0.0
3030,D_gamma,0.27499999999999997,0.06007779057056217,0.04568492011359261,0.002005232043338009,0.0,0.0,0.0,0.0,0.0,0.0
3030,D_gamma,0.32,0.06007779057056217,0.04568492011359261,0.002005232043338009,0.0,0.0,0.0,0.0,0.0,0.0
3030,D_gamma,0.365,0.06007779057056217,0.04568492011359261,0.002005232043338009,0.0,0.0,0.0,0.0,0.0,0.0
3030,D_gamma,0.41,0.06007779057056217,0.04568492011359261,0.002005232043338009,0.0,0.0,0.0,0.0,0.0,0.0
3030,D_gamma,0.45499999999999996,0.06007779057056217,0.04568492011359261,0.002005232043338009,0.0,0.0,0.0,0.0,0.0,0.0
3030,D_gamma,0.49999999999999994,0.06007779057056217,0.04568492011359261,0.002005232043338009,0.0,0.0,0.0,0.0,0.0,0.0
3030,D_gamma,0.545,0.06007779057056217,0.04568492011359261,0.002005232043338009,0.0,0.0,0.0,0.0,0.0,0.0
3030,D_gamma,0.5900000000000001,0.06007779057056217,0.04568492011359261,0.002005232043338009,0.0,0.0,0.0,0.0,0.0,0.0
3030,D_gamma,0.635,0.06007779057056217,0.04568492011359261,0.002005232043338009,0.0,0.0,0.0,0.0,0.0,0.0
3030,D_gamma,0.68,0.06007779057056217,0.04568492011359261,0.002005232043338009,0.0,0.0,0.0,0.0,0.0,0.0
3030,D_gamma,0.725,0.06007779057056217,0.04568492011359261,0.002005232043338009,0.0,0.0,0.0,0.0,0.0,0.0
3030,D_gamma,0.77,0.06007779057056217,0.04568492011359261,0.002005232043338009,0.0,0.0,0.0,0.0,0.0,0.0
3030,D_gamma,0.8150000000000001,0.06007779057056217,0.04568492011359261,0.002005232043338009,0.0,0.0,0.0,0.0,0.0,0.0
3030,D_gamma,0.86,0.06007779057056217,0.04568492011359261,0.002005232043338009,0.0,0.0,0.0,0.0,0.0,0.0
3030,D_gamma,0.905,0.06007779057056217,0.04568492011359261,0.002005232043338009,0.0,0.0,0.0,0.0,0.0,0.0
3030,D_gamma,0.95,0.06007779057056217,0.04568492011359261,0.002005232043338009,0.0,0.0,0.0,0.0,0.0,0.0
3030,D_phi+gamma,0.05,0.05355594232738819,0.040933689437471936,0.0020666664686981267,0.0014466665280886877,0.012156351743262147,0.013603018271350836,0.013603027583390308,6.377902200295493e-08,9.312039472852973e-09
3030,D_phi+gamma,0.095,0.05417168523782129,0.041386806659875416,0.002038490168373479,0.001426943117861434,0.012337600398730183,0.013764543516591617,0.013764553591706976,5.5350077318369606e-08,1.0075115358318398e-08
3030,D_phi+gamma,0.14,0.05479485352535753,0.041844404175685045,0.002017611341628153,0.001412327939139706,0.012520562196891717,0.013932890136031424,0.01393289681844641,4.936065792215949e-08,6.682414985942353e-09
3030,D_phi+gamma,0.185,0.05542573631308536,0.04230667299056292,0.0020027118033935174,0.0014018982623754611,0.012705410167991742,0.014107308430367203,0.014107314514764229,4.503153544499483e-08,6.084397026137611e-09
3030,D_phi+gamma,0.22999999999999998,0.05606459423777608,0.042773768826920765,0.0019928001647868026,0.0013949601153507606,0.012892304638836392,0.014287264754187153,0.014287270419405586,4.186439597764213e-08,5.665218433259511e-09
3030,D_phi+gamma,0.27499999999999997,0.056711667239989466,0.043245834359281435,0.0019871174947036106,0.0013909822462925261,0.013081384783713734,0.014472367030006261,0.014472372576567598,3.953201724304911e-08,5.546561336958189e-09
3030,D_phi+gamma,0.32,0.05736718007633332,0.04372299726560755,0.0019850748917457826,0.0013895524242220469,0.013272774748231731,0.014662327172453778,0.014662332503360083,3.781171035999176e-08,5.330906304931715e-09
3030,D_phi+gamma,0.365,0.0580313463153129,0.0442053775229902,0.001986204886152456,0.0013903434203067183,0.01346658914837166,0.014856932568678378,0.014856937597471073,3.655124571066981e-08,5.028792694761197e-09
3030,D_phi+gamma,0.41,0.05870437129610882,0.04469308872623418,0.001990132820242037,0.0013930929741694249,0.013662934023940457,0.015056026998109881,0.015056032022794742,3.5640202594722226e-08,5.024684860896467e-09
3030,D_phi+gamma,0.45499999999999996,0.05938645436128153,0.04518623519331611,0.0019965579306700397,0.0013975905514690267,0.013861907711772155,0.015259498263241182,0.015259503173519262,3.49998932613893e-08,4.910278079972574e-09
3030,D_phi+gamma,0.49999999999999994,0.06007779057056217,0.04568492011354641,0.002005232043372196,0.0014036624303605362,0.014063604578957192,0.015467267009317729,0.015467271904144214,3.457261695156977e-08,4.8948264851078616e-09
3030,D_phi+gamma,0.545,0.06077857203700585,0.04618924156172878,0.0020159518175167715,0.001411166272261739,0.014268114172798115,0.015679280445059854,0.015679285357664607,3.431539635778691e-08,4.9126047535485995e-09
3030,D_phi+gamma,0.5900000000000001,0.06148898898381417,0.04669929587628492,0.0020285478480852664,0.0014199834936596855,0.014475523145656893,0.01589550663931658,0.015895511617421823,3.4194883383187324e-08,4.978105243996778e-09
3030,D_phi+gamma,0.635,0.062209230591550604,0.04721517542797361,0.0020428799627401325,0.0014300159739180915,0.014685914671903104,0.016115930645821196,0.016115935666466047,3.4186618119713685e-08,5.0206448512502e-09
3030,D_phi+gamma,0.68,0.06293948568599886,0.047736974586093564,0.002058828213850934,0.0014411797496956527,0.014899371467287717,0.01634055121698337,0.016340556297060937,3.4271203930291705e-08,5.080077566943508e-09
3030,D_phi+gamma,0.725,0.06367994330346176,0.04826478830464044,0.0020762910484775055,0.0014534037339342528,0.015115974089861352,0.016569377823795604,0.016569383717754044,3.4433769724451224e-08,5.893958439362468e-09
3030,D_phi+gamma,0.77,0.06443079316076702,0.048798690191427026,0.002095192455544832,0.0014666347188813812,0.015335797806084362,0.016802432524965744,0.016802437686080904,3.466262415985355e-08,5.161115160245977e-09
3030,D_phi+gamma,0.8150000000000001,0.06519222605052956,0.049338787858166214,0.002115451795502624,0.0014808162568518354,0.015558924277740494,0.01703974053459233,0.017039746037432454,3.4944362681255114e-08,5.5028401245438285e-09
3030,D_phi+gamma,0.86,0.06596443417718881,0.049885170159595454,0.0021370079458194035,0.0014959055620735813,0.015785432595137993,0.017281338157211574,0.017281343507432795,3.527821021420685e-08,5.350221220917772e-09
3030,D_phi+gamma,0.905,0.06674761144588043,0.05043792082219013,0.0021598129019862297,0.0015118690313903596,0.01601539633704274,0.017527265368433097,0.01752727080360053,3.564996423066624e-08,5.435167434175714e-09
3030,D_phi+gamma,0.95,0.0675419537133346,0.05099713050559011,0.002183822104034251,0.0015286754728239746,0.016248892492288464,0.01777756796511244,0.017777573842871885,3.6063151770404644e-08,5.877759445827024e-09
