seed,state,risk,exposure,w_green,w_neutral,w_brown,x1,x2,x3,x4,x5,x6,x7,x8,x9,x10,x11,x12,dc_analytical,dc_fd,policy_deriv_mae,hred_eigmin,inequality_active,implicit_ok
101,0.08,0.04710510138935153,0.3233892848952129,0.6585284386070804,0.2716455064684622,0.06982605492445716,0.1623152433204931,0.1638598208967063,0.16540439843999644,0.16694897594988461,0.06660800292993393,0.06747691880329612,0.0683458345547965,0.06921475018043566,0.01675302883420821,0.017222018770462217,0.017691008699235417,0.01815999862055132,,,,,,
101,0.164,0.048110746671337204,0.32318303223722167,0.6589185140820388,0.27155286437851706,0.06952862153944414,0.16245715164753402,0.1639721362514928,0.16548712082247463,0.16700210536053736,0.06660993099647103,0.06746212105554783,0.06831431112417911,0.06916650120231911,0.0166921645758836,0.017152158443368874,0.017612152318628137,0.01807214620156354,-0.0024351551305175803,-0.002448241959954187,2.334256970475888e-05,0.07920703213483343,0.0,1.0
101,0.248,0.049139421056115545,0.32298002573401097,0.6593024781851091,0.27146162451641165,0.06923589729847915,0.16259695241846095,0.16408273055678138,0.16556850861540312,0.16705428659446367,0.0666117266356033,0.06744751293900199,0.06828329928084775,0.06911908566095862,0.016632287937871103,0.01708341219688377,0.017534536454120148,0.017985660709604126,-0.002396812174032591,-0.002380550827698819,2.104096717275812e-05,0.08076314015802233,0.0,1.0
101,0.332,0.05019241946494425,0.32278064641053056,0.6596795795364323,0.2713720195587005,0.06894840090486729,0.1627343611664954,0.16419138367897207,0.16564840614044846,0.1671054285505164,0.06661387104744013,0.06743329379470778,0.06825271626400937,0.06907213845254317,0.016573586527690382,0.017015929081044504,0.017458271503259244,0.017900613792873155,-0.0023602756394059937,-0.0023942841444669883,1.665538484350656e-05,0.08235603983504125,0.0,1.0
101,0.41600000000000004,0.05127088687445543,0.3225835386222224,0.660052367986365,0.2712834686198622,0.06866416339377288,0.16286990779338137,0.16429869722131024,0.16572748671058107,0.1671562762610923,0.06661509876381204,0.06741894415669522,0.06822278985176113,0.06902663584759378,0.01651541003156628,0.01694916395745161,0.017382917811156803,0.017816671593598194,-0.0023247896396958734,-0.0022503359197775775,3.074588541466871e-05,0.08398747185557341,0.0,1.0
101,0.5,0.05237588213018472,0.3223895603869644,0.6604191201213743,0.2711965584673699,0.06838432141125574,0.16300334672041547,0.16440430221074548,0.16580525777536134,0.167206213414852,0.06661723495796426,0.06740517146259653,0.06819310786939622,0.06898104417741287,0.016458097424324154,0.0168834194069723,0.01730874134425665,0.017734063235702636,-0.002290270959638448,-0.0023306103436149233,1.849482067505404e-05,0.0856590305545432,0.0,1.0
101,0.584,0.05350841551555263,0.3221987920234458,0.6607799053579632,0.27111088253925475,0.0681092121027822,0.1631349532778224,0.16450830209958453,0.16588165075030167,0.16725499923025455,0.06661888390597488,0.06739144171320163,0.0681639995384482,0.06893655738163004,0.0164017578555086,0.016818787944055124,0.017235818070087408,0.017652848233131072,-0.0022565509456991422,-0.002251503793544022,2.8106709812393695e-05,0.0873722425737283,0.0,1.0
101,0.668,0.05466947220004216,0.32201060217858857,0.6611358406469254,0.27102631144418776,0.067837847908887,0.16326444380707505,0.16461078805072146,0.16595713228357475,0.16730347650555408,0.06662064569495282,0.06737793384370547,0.06813522193555527,0.06889250996997417,0.016346348540320906,0.016755090894123546,0.017163833154350827,0.017572575320091714,-0.002223352016182585,-0.002183172876212001,2.0645325419932435e-05,0.08912860586378131,0.0,1.0
101,0.752,0.05586002761807991,0.32182512002318414,0.6614864920097867,0.2709432825698126,0.06757022542040066,0.16339198410872657,0.16471174331946542,0.16603150260766908,0.1673512619739256,0.06662250234787855,0.06736471466259379,0.06810692680021058,0.06884913875912967,0.016291381199922562,0.016692164498692725,0.01709294800400205,0.01749373171778332,-0.002190614628234994,-0.002190713380510049,2.00029419744827e-07,0.09092959044651207,0.0,1.0
101,0.836,0.057081058008236284,0.3216425624059184,0.6618320517010898,0.27086068857809253,0.06730725972081766,0.16351792462933062,0.16481131686207362,0.16610470904162353,0.1673981011680621,0.06662371463112698,0.06735135286710542,0.06807899126269913,0.06880662981716101,0.01623776564570698,0.016630465179295142,0.017023164696947393,0.01741586419886815,-0.0021583275723691423,-0.0021626429179352046,2.911659760812767e-06,0.09277667143063047,0.0,1.0
101,0.92,0.05833354793297797,0.3214624643144044,0.6621726324139491,0.2707798541240872,0.0670475134619637,0.16364183755988476,0.164909384565244,0.16617693160617955,0.16744447868264076,0.06662550571619698,0.06733847760900578,0.06805144947739773,0.06876442132148673,0.016184540786671968,0.016569432471762666,0.016954324208199232,0.017339215995329834,,,,,,
202,0.08,0.04717755712283449,0.323374175950881,0.6585569441408738,0.27163885854864955,0.06980419731047678,0.16232552467823375,0.16386799743910796,0.16541047240402487,0.16695294961950724,0.06660840195582012,0.06747594391243816,0.06834348561637278,0.06921102706401848,0.01674849686066533,0.017216865146960216,0.017685233470681346,0.01815360183216989,,,,,,
202,0.164,0.04819392976644962,0.32316617824480975,0.6589503465085886,0.27154537950012414,0.06950427399128742,0.16246866163512474,0.16398127821521102,0.16549389491694438,0.1670065117413084,0.06660986222206328,0.06746085049372427,0.06831183901022508,0.06916282777411148,0.016687486834693874,0.017146541585857582,0.017605595874762105,0.018064649695973847,-0.0024543386162727055,-0.0024777193185776514,1.3361301325173817e-05,0.07933286786686153,0.0,1.0
202,0.248,0.049234490116038324,0.3229615481920951,0.659337342686342,0.27145348732033275,0.06920916999332535,0.16260944251790752,0.16409270455091451,0.16557596668787924,0.1670592289296408,0.06661193720899725,0.06744622694673504,0.06828051669891529,0.06911480646568516,0.016626820454159436,0.01707713516418653,0.017527449853404403,0.017977764521574995,-0.002416982099563069,-0.002421184069451713,9.142046258667691e-06,0.08090695628236878,0.0,1.0
202,0.332,0.05030066833258702,0.3227602324453759,0.6597181401856166,0.2713629448108474,0.06891891500353614,0.1627484141978993,0.1642024949415586,0.16565657541811987,0.1671106556280388,0.0666136222207791,0.06743169808328973,0.06824977413418802,0.0690678503725905,0.016567481959776694,0.017008979843011394,0.01745047769239406,0.017891975508353985,-0.00238145353842362,-0.0024069809287589872,1.501970534509543e-05,0.08251979669638977,0.0,1.0
202,0.41600000000000004,0.05139375251162929,0.32256176735689246,0.6600934247227674,0.2712739260314902,0.06863264924574228,0.1628851470944717,0.16431062006413918,0.16573609266537012,0.16716156489878647,0.06661554347148617,0.06741750209875479,0.06821946082161856,0.06902141963963068,0.016508898410682895,0.016941741017986626,0.017374583615054527,0.017807426202018233,-0.002347195655727389,-0.0024551028682498455,4.120342610140406e-05,0.0841733431536085,0.0,1.0
202,0.5,0.052514954196183475,0.32236574075716173,0.6604642604495147,0.2711856765770986,0.06835006297338693,0.16301990767353228,0.1644173459813966,0.16581478426630053,0.16721222252828521,0.06661725990784576,0.06740336601980938,0.06818947220033651,0.06897557844910693,0.01645104019592136,0.01687535721380191,0.017299674252352418,0.017723991311311235,-0.002313820307433878,-0.0023441533011252214,4.5966771255114176e-05,0.08586941240745508,0.0,1.0
202,0.584,0.05366544717202329,0.32217270114322094,0.6608294371376064,0.27109878858071745,0.06807177428167621,0.1631529591981183,0.1645225594111016,0.16589215939079793,0.1672617591375886,0.06661879543509729,0.06738939639807608,0.06815999762697796,0.06893059912056614,0.016394291177018714,0.016810059531340835,0.017225827747141126,0.017641595826175537,-0.0022812633982237838,-0.002361790073734935,3.7033837215339464e-05,0.08760979628008231,0.0,1.0
202,0.668,0.05484639188386683,0.3219825645200323,0.6611888811209325,0.27101368935802644,0.06779742952104076,0.16328371938945388,0.16462605330921423,0.16596838724009141,0.16731072118217308,0.0666209039929327,0.06737591627153125,0.06813092847897109,0.0688859406145914,0.01633796801445601,0.016745560877855656,0.017153153811788332,0.01756074681694076,-0.0022493711761245507,-0.0022243283852422364,2.0565393673504162e-05,0.08939624253213412,0.0,1.0
202,0.752,0.0560589516314136,0.32179486071074337,0.6615440050391559,0.27092912088587734,0.06752687407496688,0.1634128882855745,0.16472829681611198,0.16604370552512593,0.16735911441234344,0.06662248934526406,0.06736234994800877,0.06810221052280935,0.06884207106979519,0.01628262045683465,0.016682019136932506,0.017081417858923455,0.01748081662227626,-0.0022179352765199175,-0.0022164582125418896,3.1022702426427044e-05,0.09123051278408717,0.0,1.0
202,0.836,0.05730430383113372,0.32160990300883197,0.6618936196318714,0.2708464173734839,0.06725996299464465,0.1635401747344713,0.1648289947794402,0.16611781493025538,0.1674066351877045,0.06662449785609532,0.0673492356927742,0.06807397326229667,0.06879871056231769,0.01622797118484351,0.01661931747553905,0.01701066389372355,0.017402010440538542,-0.0021869623566257664,-0.002186318439494418,1.1123876615875757e-06,0.09311438925093238,0.0,1.0
202,0.92,0.05858364819715789,0.3214275407989671,0.6622386449458739,0.270764240778362,0.06699711427576419,0.1636658964527991,0.16492840629088473,0.16619091615546286,0.1674534260467272,0.066625942457217,0.06733602102174302,0.068046099477086,0.06875617782231598,0.01617427152755742,0.016557609530154914,0.016940947570159782,0.01732428564789207,,,,,,
303,0.08,0.047131953858405885,0.3233836757563464,0.6585390195126621,0.27164304178685483,0.0698179387004832,0.16231904863843571,0.1638628528898306,0.16540665700436244,0.16695046098003335,0.06660838077842453,0.06747663358291675,0.06834488684520895,0.06921314058030459,0.01675133806109265,0.017220102456910066,0.017688866873045023,0.018157631309435457,,,,,,
303,0.164,0.048140367242270485,0.32317727039823146,0.6589292940108735,0.2715505106508145,0.06952019533831191,0.16246066834303244,0.16397510451688688,0.16548954159002613,0.16700397956092813,0.06661037127762166,0.06746187578949621,0.06831337991818796,0.06916488366550863,0.016690401077837078,0.017150166214984924,0.017609931403314166,0.01806969664217575,-0.0024392389441334024,-0.0024394569317395787,2.095619577745138e-05,0.07925183783899374,0.0,1.0
303,0.248,0.04917195699456205,0.32297373037607957,0.6593142485712438,0.27145906827058053,0.06922668315817568,0.16260168189052768,0.16408626931476028,0.16557085585455053,0.1670554415114053,0.06661173507576953,0.06744708961071173,0.06828244433534003,0.06911779924875927,0.016630380050763272,0.01708124053707015,0.01753210103272693,0.017982961537615322,-0.0024007786499529084,-0.0023981255443780002,5.302322450959121e-05,0.08081235855141249,0.0,1.0
303,0.332,0.050228031083171955,0.32277346415796876,0.6596929691371746,0.2713691811990887,0.06893784966373684,0.16273897381654417,0.16419515275078697,0.16565133175128163,0.16710751081856182,0.06661390309464835,0.06743283137517164,0.06825175944057625,0.06907068728869248,0.01657142434632144,0.017013449856072383,0.01745547517135141,0.017897500289991607,-0.0023640502772223145,-0.0023680439192940556,1.202721116357894e-05,0.08240991523048323,0.0,1.0
303,0.41600000000000004,0.05130974682917069,0.3225765279324097,0.6600655391755598,0.27128049520751485,0.06865396561692541,0.1628747283306752,0.16430249930032337,0.16573027027871723,0.16715804126584402,0.066615370971896,0.06741853946497399,0.0682217080485238,0.06902487672212107,0.016513218327441213,0.016946733701436588,0.01738024909127929,0.017813764496768324,-0.0023286246627248243,-0.0023283549514020014,3.46598434691192e-06,0.08404625727413013,0.0,1.0
303,0.5,0.05241817516417829,0.3223823330777354,0.6604327540282009,0.2711933816844807,0.06837386428731859,0.16300838665874562,0.16440825453881455,0.16580812244702856,0.16720799038361214,0.06661728862335914,0.06740465986339982,0.06819203104129151,0.06897940215643027,0.01645578467156678,0.016880905460552532,0.017306026465756654,0.01773114768944262,-0.0022940789530734333,-0.002339332924583893,2.5799238585885052e-05,0.0857230146160246,0.0,1.0
303,0.584,0.05355433845825221,0.3221911604301,0.6607943227883216,0.2711074863230235,0.06809819088865493,0.1631400935428337,0.1645124183136748,0.16588474308250448,0.16725706784930863,0.06661904658801561,0.0673909299699212,0.06816281327189856,0.0689346964931881,0.01639961031989883,0.016816235322910617,0.01723286022392716,0.017649485021918317,-0.002260289585232243,-0.0022179959048723007,2.4804977616493335e-05,0.08744171153147869,0.0,1.0
303,0.668,0.05471923412670018,0.3220029388753569,0.6611505856073834,0.27102236586737716,0.06782704852523957,0.16327004463592026,0.16461511271940651,0.16596018044344574,0.1673052478086108,0.06662042837103248,0.06737720366181835,0.06813397911242343,0.06889075472210292,0.016344203942983505,0.016752576128626965,0.017160948223844744,0.017569320229784358,-0.0022271105197013866,-0.0022348352997761368,3.637849126465481e-05,0.08920388159444426,0.0,1.0
303,0.752,0.055913850108778605,0.3218170337829163,0.6615021521305514,0.2709389164625091,0.06755893140693936,0.1633978988243542,0.16471632509015893,0.1660347511654661,0.16735317705057218,0.06662198904850003,0.06736381556610474,0.06810564237476885,0.06884746947313548,0.016289290720561973,0.016689585506534373,0.01708988024456906,0.017490174935273963,-0.002194299467017957,-0.002208736344610355,9.869477843141737e-06,0.0910110068961445,0.0,1.0
303,0.836,0.05713917547106672,0.32163416038535636,0.6618476217400103,0.27085755523545785,0.06729482302453171,0.16352357613747354,0.16481579562602486,0.16610801517930202,0.16740023479720992,0.06662414170625987,0.06735097313783511,0.06807780452460001,0.06880463586676286,0.016235185930871192,0.016627532475231313,0.01701987902834093,0.017412225590088284,-0.0021619635754880845,-0.002208060460850284,5.588603284510348e-05,0.09286458690381943,0.0,1.0
303,0.92,0.05839620796696396,0.32145400129467505,0.6621884813809992,0.27077636625575197,0.06703515236324903,0.16364773798433413,0.16491399290353828,0.166180247804845,0.16744650268828176,0.06662565903057001,0.06733794736858745,0.06805023573297772,0.06876252412361678,0.016182168088129938,0.01656658147143985,0.016950994782235534,0.01733540802144371,,,,,,
404,0.08,0.04725464152710888,0.3233580890303013,0.6585874448004254,0.27163148029814516,0.06978107490142944,0.16233662320195666,0.16387678186636673,0.16541694053230535,0.16695709919979668,0.06660834595053465,0.06747469536643182,0.06834104478248376,0.0692073941986949,0.016743758284842657,0.017211431877710983,0.017679105521830923,0.01814677921704488,,,,,,
404,0.164,0.048278356199053574,0.3231492982934432,0.6589823959323834,0.27153754715708933,0.06948005691052726,0.16248044848125617,0.1639905489369153,0.1655006492108479,0.16701074930336407,0.06661011874331724,0.06745963071499707,0.0683091427752169,0.06915865492355817,0.016682229831672234,0.0171407527605919,0.017599275692099448,0.01805779862616368,-0.0024641633664399996,-0.0024570815586873857,1.2588886925456347e-05,0.07946058259171238,0.0,1.0
404,0.248,0.049326454583260085,0.32294398592536366,0.6593705875582618,0.2714455384655972,0.06918387397614083,0.16262167312461884,0.16410232227899005,0.16558297146668335,0.16706362068796957,0.0666121275264301,0.06744496559726273,0.06827780365185737,0.069110641690047,0.016621639659087667,0.01707119221312238,0.017520744771041333,0.017970297332889452,-0.0024261860714854698,-0.002408186985496106,2.0068467643978763e-05,0.08104607292464003,0.0,1.0
404,0.332,0.05040036146471011,0.32274175158730056,0.6597530764127646,0.27135467521680257,0.06889224837043295,0.162760952622031,0.16421249692194048,0.16566404125308257,0.16711558561571052,0.06661394894429595,0.0674304288537193,0.0682469087589234,0.06906338865986392,0.016562024866036574,0.01700271638960755,0.0174434078545568,0.017884099260232024,-0.002389954364235018,-0.002396251368019101,1.7599891133818862e-05,0.08267060514088304,0.0,1.0
404,0.41600000000000004,0.0515013523968575,0.322542527164268,0.6601299093520508,0.2712650907483385,0.06860499989961073,0.16289824265725147,0.1643210658437615,0.16574388893122563,0.16716671191981228,0.06661568994267933,0.06741607840291106,0.06821646691726371,0.06901685548548436,0.016503217032928143,0.016935238987093416,0.01736726095201963,0.01779928292756954,-0.002354994695331355,-0.0023546450374591055,2.2311094482951297e-07,0.08433611239581955,0.0,1.0
404,0.5,0.05263062024992536,0.32234588869600056,0.6605018075222999,0.2711767559687318,0.06832143650896837,0.16303358788778702,0.16442816393862447,0.1658227399059598,0.16721731578992866,0.06661738053905895,0.06740191942308092,0.06818645843434194,0.06897099757225,0.01644517208681966,0.016868630095538715,0.017292088131688463,0.01771554619492153,-0.0023209103251129785,-0.0023166766240083326,3.4585412148147433e-05,0.08604438338167993,0.0,1.0
404,0.584,0.053789314501047035,0.3221522549864365,0.6608681979965476,0.2710894207187838,0.06804238128466888,0.16316694714799893,0.16453368210937538,0.16590041697978772,0.16726715175938553,0.06661896793821305,0.0673878926269716,0.0681568175243168,0.06892574262928232,0.016388247735480675,0.016803146202456973,0.017218044554290615,0.01763294279244063,-0.0022876035733991234,-0.0022882835650897527,3.740739287869109e-07,0.08779717308543676,0.0,1.0
404,0.668,0.05497856585826788,0.3219616494725961,0.6612284210455861,0.27100432633350746,0.06776725262090638,0.163298078552841,0.1646374296760476,0.1659767808229538,0.1673161319937437,0.06662087073880107,0.0673743445270029,0.06812781847710248,0.06888129259060102,0.0163315880810403,0.016738404552719594,0.01714522139017853,0.017552038596967964,-0.002254944568356138,-0.002185419468709799,3.561998471287578e-05,0.08959618677870042,0.0,1.0
404,0.752,0.056199502503706235,0.3217736806076401,0.6615839513053055,0.27091982869725506,0.0674962199974393,0.16342751688353807,0.1647398308186772,0.16605214479381974,0.16736445880927048,0.06662286747034053,0.0673609273751818,0.06809898712707975,0.06883704672465302,0.016276315340180206,0.016674808366255234,0.017073301512118305,0.01747179477888556,-0.0022227432890530563,-0.002229503323683197,4.479492072405318e-06,0.09144312675661054,0.0,1.0
404,0.836,0.057453261310167356,0.3215883622575665,0.6619344667637955,0.2708365256138534,0.0672290076223509,0.1635552492146511,0.16484082758532623,0.16612640587625643,0.1674119840875618,0.06662432409694448,0.0673475289132412,0.06807073381170725,0.06879393879196051,0.016221764437403356,0.016612089431546077,0.01700241440258568,0.017392739350815777,-0.0021909338090734475,-0.002197816181604554,1.637913002498221e-05,0.09333971878321136,0.0,1.0
404,0.92,0.0587409959216967,0.32140550280560015,0.6622803569065834,0.27075427683483294,0.06696536625858374,0.16368107776778307,0.16494041873366766,0.16619975970959108,0.1674591006955416,0.06662599671216364,0.06733437836774443,0.06804276003651416,0.06875114171841074,0.016167764121626956,0.01655014906440808,0.016932534036128235,0.017314919036420455,,,,,,
505,0.08,0.047211985854415134,0.3233669771051788,0.6585706294291731,0.27163548412439115,0.06979388644643579,0.16233042297812797,0.16387191266300058,0.16541340220026737,0.16695489158777713,0.06660796769694997,0.06747523694571841,0.06834250565985381,0.06920977382186895,0.01674632212681688,0.017214421716069777,0.017682521406313097,0.018150621197236035,,,,,,
505,0.164,0.04822798423598245,0.32315961500110246,0.6589628200973298,0.2715423098016655,0.06949487010100466,0.16247336509057214,0.16398492508002405,0.1654964850191594,0.16700804490757418,0.06661017606009954,0.06746044366765847,0.0683107112542504,0.06916097881965713,0.016685374878448466,0.01714427007604667,0.017603165124488142,0.018062060022021386,-0.002449487464809503,-0.0025000133292481914,3.246961572183857e-05,0.07938438075984608,0.0,1.0
505,0.248,0.04926743690378109,0.3229555778828541,0.6593485868679615,0.2714508999878966,0.06920051314414184,0.16261380077251925,0.1640960314433753,0.16557826205239162,0.1670604925996753,0.06661202628608473,0.06744582538603634,0.06827962454702187,0.06911342376875369,0.01662510146784139,0.017075119373236324,0.017525137238605853,0.017975155064458275,-0.0024106390979233994,-0.002389624211239503,9.726072947366505e-06,0.0809567916284028,0.0,1.0
505,0.332,0.05033167038223345,0.3227542795810935,0.6597295129699352,0.27136004212315146,0.06891044490691343,0.16275254002840006,0.16420576573400938,0.16565899109514173,0.16711221611238403,0.06661365675421285,0.06743122586552738,0.06824879508657376,0.06906636441683744,0.016565640177729136,0.017006954171829257,0.017448268223962293,0.017889582333392752,-0.0023734085721167047,-0.0023699955894511382,2.161757484329054e-06,0.08256669348840816,0.0,1.0
505,0.41600000000000004,0.05142185694854182,0.3225565870716307,0.6601033019363359,0.2712714392218931,0.06862525884177112,0.162888604624288,0.16431341866848562,0.16573823250609543,0.16716304613746685,0.06661541663549311,0.06741704525978155,0.06821867411789041,0.06902030320872805,0.0165074141378837,0.016940014547080592,0.017372614914909927,0.0178052152418969,-0.0023375491724654546,-0.00235217057120325,6.3015469332073355e-06,0.08421584934087627,0.0,1.0
505,0.5,0.052539080207943255,0.32236176401802064,0.6604718091160875,0.27118383504108967,0.06834435584282286,0.16302268017062627,0.16441952825197156,0.165816376319721,0.16721322437376865,0.06661742106607765,0.06740311290683194,0.0681888046808118,0.0689744963873683,0.01644986681672088,0.016874014869842323,0.017298162987098846,0.01772231116916081,-0.0023025983253066244,-0.002339530834142079,1.653036735216169e-05,0.08590590973611544,0.0,1.0
505,0.584,0.05368437369041548,0.32216978629924276,0.6608347901516328,0.2710977986992591,0.0680674111491083,0.16315481460347436,0.16452406988660856,0.1658933251794559,0.16726258048209403,0.06661929642429132,0.06738939869629582,0.06815950081119013,0.06892960276748179,0.016393430252858443,0.016809045455577293,0.017224660389314368,0.017640275051358192,-0.002268357755948733,-0.002238906280489781,2.021450668304734e-05,0.08763842069104003,0.0,1.0
505,0.668,0.05485874493015171,0.32198082800100625,0.6611924727655658,0.2710122944655141,0.06779523276892006,0.16328527927087302,0.1646271721262158,0.16596906461891855,0.16731095674955843,0.06662058509671263,0.06737557733298939,0.06813056973470921,0.06888556230110288,0.01633770618048423,0.01674510758796471,0.01715250889565406,0.017559910104817056,-0.0022347374586174497,-0.002229291411623769,2.07423170979995e-06,0.08941492301680677,0.0,1.0
505,0.752,0.05606319124800821,0.32179433818472947,0.6615448739505406,0.2709291248164869,0.06752600123297237,0.1634133583115603,0.16472859843358462,0.1660438385486442,0.16735907865675156,0.06662255732485449,0.06736237325409035,0.06810218916872281,0.06884200506881927,0.01628245472976501,0.016681818426773305,0.017081182156852084,0.017480545919581977,-0.0022015140460635014,-0.0022035060979922593,1.3767366749018319e-06,0.09123691983367076,0.0,1.0
505,0.836,0.057298710556596494,0.32161076111699016,0.6618921344847056,0.27084652730728853,0.06726133820800598,0.16353987928499644,0.16482864895075824,0.16611741845399625,0.16740618779495475,0.06662408976524126,0.06734911774322212,0.06807414581592305,0.06879917398290207,0.01622833500537966,0.016619668027396766,0.01701100106305322,0.017402334112176326,-0.002168729940205183,-0.0021691925511220494,1.322577885941895e-06,0.09310592119290537,0.0,1.0
505,0.92,0.058566309058348115,0.32143003666406217,0.6622339469640738,0.27076531719164565,0.06700073584428075,0.1636642938050236,0.164927089153558,0.1661898844152539,0.16745267959023827,0.06662566203609105,0.06733610676212338,0.06804655166112995,0.06875699673230126,0.01617510514065649,0.016558491055759416,0.016941876918454977,0.01732526272940986,,,,,,
606,0.08,0.047206470716290964,0.32336809086779733,0.658568710704453,0.27163560903177,0.06979568026377714,0.16232955490243683,0.16387130544805467,0.16541305296490194,0.16695479738905955,0.06660820545777452,0.0674753366034066,0.06834246783046824,0.06920959914012066,0.01674666679852045,0.01721483555793875,0.01768300444536204,0.018151173461955897,,,,,,
606,0.164,0.048225784282068015,0.32315984927115776,0.6589622858353301,0.2715425974254808,0.06949511673918915,0.16247326135847076,0.1639848016895439,0.16549634162419552,0.16700788116311988,0.06660989720370873,0.06746039840316737,0.06831089995651772,0.06916140186208701,0.016685393144206095,0.017144317208637325,0.017603241216829043,0.018062165169516683,-0.002458568405783399,-0.002458718196930718,2.835369078195174e-07,0.07938105644842677,0.0,1.0
606,0.248,0.04926944716820782,0.32295493005188747,0.6593498452223269,0.27145054271572144,0.06919961206195174,0.16261410709886917,0.16409634320877023,0.1655785793604476,0.1670608155542399,0.06661215750788131,0.0674458097087428,0.06827946177969399,0.06911311371940332,0.016624881358329357,0.01707489581936865,0.017524910246105772,0.01797492463814796,-0.002421165592794,-0.0024179296426625452,1.169599557028175e-05,0.08095983645641275,0.0,1.0
606,0.332,0.05033891087043753,0.3227532901842389,0.659731190041676,0.27135998596918515,0.0689088239891388,0.16275305672526863,0.1642062172463069,0.16565937777093917,0.16711253829916128,0.06661386576536965,0.0674312862270609,0.06824870672318235,0.06906612725357225,0.016565429553565096,0.01700661387577991,0.017447798158266116,0.017888982401527684,-0.002385607453346211,-0.002338867439038645,2.4587779672328168e-05,0.08257764630541065,0.0,1.0
606,0.41600000000000004,0.05143548621225482,0.3225542824109686,0.6601077843294914,0.27127015663778875,0.06862205903272002,0.16288971568691052,0.16431453545641822,0.1657393559674379,0.16716417721872467,0.06661578745767323,0.06741695542823913,0.06821812314443362,0.06901929060744275,0.016506812208660473,0.016939280627605406,0.017371748967401745,0.017804217229052396,-0.002351291741793586,-0.0024192257177403625,3.909513153262368e-05,0.08423646798569856,0.0,1.0
606,0.5,0.05256040960802663,0.3223580202083587,0.660478602675748,0.27118272728730813,0.06833867003694372,0.16302505011702575,0.16442145043871512,0.16581785082964395,0.1672142512903632,0.06661778424549532,0.06740304948091996,0.06818831444021033,0.06897357912068254,0.01644872889522797,0.016872687973416654,0.017296647048338713,0.01772060611996039,-0.0023179550372554093,-0.002329775670183857,4.0787523118414825e-05,0.08593817422066052,0.0,1.0
606,0.584,0.053714882396558576,0.32216439694483945,0.6608449983798681,0.2710953467574664,0.06805965486266577,0.16315841116124655,0.1645269700576451,0.1658955290432025,0.16726408811777385,0.06661907151402571,0.06738891490732642,0.06815875838611636,0.0689286019499979,0.016391599243845298,0.01680714220198022,0.01722268519484379,0.017638228221996465,-0.002285377733856154,-0.0022983476140957227,4.357012996512381e-05,0.08768458041264475,0.0,1.0
606,0.668,0.05490009566972781,0.32197410909101065,0.661204897794206,0.27100984077488616,0.06778526143090793,0.16328951357658072,0.164630654132019,0.16597179472619555,0.16731293535941075,0.06662105659619308,0.06737532576996723,0.06812959478098625,0.06888386362773957,0.01633546231890633,0.016742697612609592,0.017149933004340215,0.017557168495051803,-0.0022535941261988546,-0.0022538503479711796,2.5992108877811193e-07,0.08947748095118575,0.0,1.0
606,0.752,0.056117246797577514,0.3217861995463839,0.6615602039858959,0.27092559354026186,0.06751420247384216,0.16341913545014766,0.16473307933590922,0.16604702293924578,0.16736096626059327,0.06662252752220608,0.06736177466427729,0.06810102195627527,0.06884026939750319,0.016280120427524563,0.016679073912661355,0.017078027360912483,0.01747698077274375,-0.002222279457297919,-0.0022450719825515397,2.9877632222187473e-05,0.09131869831204431,0.0,1.0
606,0.836,0.05736755095703887,0.32160079174348155,0.6619109690011508,0.27084208951942657,0.06724694147942266,0.16354670144953998,0.16483406204570386,0.1661214225483343,0.1674087829575726,0.06662419204909513,0.06734841220400378,0.06807263245742562,0.068796852808902,0.016225441506450514,0.016616304102060286,0.01700716666756502,0.01739802920334684,-0.0021913940106962544,-0.0022199930679284146,2.136038120953164e-05,0.09321006618648811,0.0,1.0
606,0.92,0.05865224953028491,0.32141797624271784,0.6622567215010812,0.2707599695221118,0.06698330897680714,0.1636724627646068,0.16493360781179708,0.16619475289879282,0.1674558980258845,0.06662607858047592,0.06733535454970684,0.06804463036546998,0.06875390602645903,0.016171504206914395,0.01655438626040655,0.016937268271039183,0.01732015023844701,,,,,,
707,0.08,0.047200391995684626,0.3233694200074736,0.6585659691656895,0.2716366616437095,0.06979736919060116,0.16232880632665625,0.1638705974126245,0.1654123878368203,0.16695417758958842,0.06660816910795303,0.06747550009910513,0.06834283090799345,0.06921016152865789,0.0167472757548673,0.017215320193995576,0.017683364517124947,0.018151408724613335,,,,,,
707,0.164,0.04821604062845719,0.3231618939442878,0.6589584466394225,0.2715434602401964,0.06949809312038135,0.1624716852817479,0.1639836361935051,0.16549558711571288,0.16700753804845653,0.06661023076503746,0.06746065368471761,0.06831107652010805,0.06916149927033327,0.016686073265927553,0.01714504009101774,0.01760400669329509,0.018062973070140962,-0.002449958127171639,-0.0024448522432655973,2.7545013625152537e-06,0.07936631453406129,0.0,1.0
707,0.248,0.049255336580262946,0.3229577194984597,0.6593446338884039,0.2714516672283267,0.06920369888326944,0.16261233283135706,0.16409488329573615,0.16557743370440292,0.16705998405690775,0.06661186640902712,0.06744589992677051,0.06827993356564357,0.06911396732688545,0.016625718171730614,0.017075855887154906,0.017525993578598083,0.01797613124578584,-0.0024115757413191467,-0.0022743085176808713,4.846454149139436e-05,0.08093848899145809,0.0,1.0
707,0.332,0.05031964510605325,0.3227567878765706,0.6597247381027429,0.27136123087261266,0.0689140310246445,0.16275060908868644,0.16420432601380322,0.1656580429881449,0.16711176001210837,0.06661392304349478,0.06743151293208181,0.06824910266284473,0.06906669223419136,0.016566357930432957,0.017007791049759476,0.0174492243154169,0.01789065772903517,-0.0023749736611936847,-0.0023646208013927673,1.9454089130960754e-05,0.08254850024634879,0.0,1.0
707,0.41600000000000004,0.0514101830580874,0.3225586081644582,0.6600996980995504,0.2712719099193719,0.06862839198107776,0.16288718179321854,0.16431234366495245,0.16573750546072213,0.16716266718065723,0.06661518077556042,0.06741704500672581,0.06821890959584306,0.06902077454124261,0.016508173887194458,0.01694079005468695,0.01737340607856058,0.01780602196063576,-0.002339588453200794,-0.002308633994307569,2.3167897710040632e-05,0.08419819047003142,0.0,1.0
707,0.5,0.05252808463803506,0.3223636449479793,0.6604682530950557,0.27118467731662455,0.0683470695883199,0.16302137553475704,0.16441850069824754,0.16581562585552106,0.1672127510065301,0.06661741694861678,0.06740325192316945,0.06818908681662945,0.06897492162820885,0.016450438631439336,0.0168746577822995,0.017298876972407413,0.017723096202173654,-0.002305242259167902,-0.0022320373808150367,3.42526792232725e-05,0.08588927155746204,0.0,1.0
707,0.584,0.0536744402709864,0.32217145229953775,0.6608316170912207,0.271098591485766,0.06806979142301325,0.1631538663778723,0.16452322517683143,0.16589258367216114,0.1672619418643559,0.06661901482677317,0.06738943675063591,0.0681598588335579,0.06893028107479901,0.016393785029896628,0.016809560274928654,0.017225335478136528,0.017641110640051434,-0.0022716379253297043,-0.0022478733604103913,7.66152851413102e-06,0.08762339853990708,0.0,1.0
707,0.668,0.05485032101700828,0.32198226343359937,0.6611895015322384,0.2710134521568587,0.06779704631090294,0.16328409599116453,0.1646262823292326,0.1659684685520475,0.16731065465979375,0.06662069258585024,0.06737580609527359,0.06813091979414652,0.06888603368158829,0.016338093342478766,0.01674553891115958,0.01715298436169136,0.017560429695573244,-0.0022387007045190322,-0.0022416278066938306,6.20741522466973e-06,0.08940217891599911,0.0,1.0
707,0.752,0.05605679471520515,0.3217951246764457,0.6615433970544631,0.27092945696958814,0.06752714597594882,0.1634127400942401,0.16472814617103673,0.16604355230203457,0.1673589584871516,0.066622474618453,0.06736240100677797,0.06810232743660785,0.06884225390774934,0.01628268124188175,0.016682084723592127,0.01708148823493685,0.017480891775538097,-0.0022061097268806285,-0.0022178558043484103,2.8049362262187257e-05,0.09122724714792474,0.0,1.0
707,0.836,0.057294937166860765,0.3216113278310609,0.661891026481141,0.2708468542675152,0.06726211925134386,0.1635393177778736,0.1648282769778324,0.16611723622018548,0.16740619550524954,0.0666243340201443,0.06734925382124235,0.06807417346776665,0.06879909295836187,0.016228526237489427,0.0166198619700752,0.017011197679181172,0.017402533364598054,-0.0021741113607913875,-0.0021861856917274724,5.998165903165788e-06,0.0931002154326626,0.0,1.0
707,0.92,0.05856584021892193,0.32142996390051404,0.662234032545139,0.2707653885746749,0.0670005788801859,0.163664216307849,0.16492707750081012,0.16618993873277904,0.1674528000037009,0.0666258039585814,0.06733616606744255,0.06804652819812493,0.06875689035052605,0.016174965761918732,0.016558418380172944,0.016941871029271426,0.01732532370882281,,,,,,
808,0.08,0.04711666104537242,0.3233867466165333,0.6585335364740229,0.27164377166350984,0.06982269186246728,0.16231721369425645,0.16386132774033346,0.16540544114492725,0.16694955389450572,0.06660776919808482,0.06747655126128389,0.06834533394526349,0.06921411725887766,0.01675237776334095,0.01722124128060461,0.017690104724415835,0.01815896809410589,,,,,,
808,0.164,0.04812284465638178,0.323180610866417,0.6589230731090661,0.27155181756047836,0.06952510933045569,0.16245877656347588,0.1639734376955023,0.16548809884324764,0.16700276000684028,0.06661001636813785,0.06746197507981579,0.06831393374607629,0.06916589236644843,0.01669146696275369,0.017151340556389616,0.017611214129492077,0.018071087681820315,-0.0024352759785255932,-0.002419258118674728,1.402184246172899e-05,0.07922533289045657,0.0,1.0
808,0.248,0.0491520193689715,0.32297775795870354,0.659306833709871,0.27146047271791274,0.06923269357221616,0.1625983501712152,0.16408392225368,0.1655694944684343,0.16705506681654148,0.06661205220750609,0.06744742971960346,0.06828280693628257,0.06911818385452066,0.016631433419270664,0.01708259318869369,0.01753375327685241,0.017984913687399393,-0.0023968286199683967,-0.002412976596802283,1.8884145030088122e-05,0.08078219478899105,0.0,1.0
808,0.332,0.050205479792728276,0.3227777356928815,0.659685173034118,0.27137053495549274,0.06894429201038943,0.1627363844537131,0.1641929905325614,0.1656495962978192,0.16710620175002425,0.06661343089195322,0.06743289937719507,0.0682523679816344,0.06907183670471002,0.016572526586529385,0.017014890800122858,0.017457255109698252,0.01789961951403893,-0.0023600113974397564,-0.0023445439780393046,9.237579826932429e-06,0.08237580043751387,0.0,1.0
808,0.41600000000000004,0.0512843702842713,0.3225812292322858,0.6600567054062354,0.2712824917465767,0.06866080284718795,0.162871490707004,0.16429994777646126,0.16572840488620677,0.1671568620365634,0.06661552748505709,0.06741892454615862,0.06822232146754098,0.06902571824782006,0.016514648706464748,0.016948350044096075,0.017382051380615576,0.017815752716011542,-0.0023245435241306235,-0.0022997278928543734,3.061379712019411e-05,0.08400786734649711,0.0,1.0
808,0.5,0.05238974893017529,0.32238727982462895,0.6604234655988004,0.27119546938696926,0.0683810650142303,0.16300498992114262,0.16440557421082916,0.1658061585444561,0.1672067429223725,0.06661728605473724,0.06740500700538458,0.0681927278223905,0.06898044850445689,0.016457450949801812,0.016882661193948656,0.017307871375793944,0.017733081494685894,-0.0022899175519343765,-0.0022770881665856706,2.6020930042455408e-05,0.08568000640557452,0.0,1.0
808,0.584,0.05352262521106427,0.3221963989922878,0.6607845190797903,0.271109631866127,0.06810584905408276,0.1631365654874357,0.16450960840374854,0.16588265122806609,0.16725569396054,0.06661884190325104,0.06739121925536129,0.06816359664262797,0.06893597406488673,0.016401067271087918,0.016817997238858337,0.017234927247535652,0.017651857296600865,-0.00225606463522243,-0.0022532679502574437,1.951622088964969e-05,0.08739373779560274,0.0,1.0
808,0.668,0.05468398350194636,0.32200838215893013,0.6611401126861138,0.27102516743133886,0.06783471988254744,0.16326597821970104,0.16461201150414967,0.1659580448137623,0.16730407814850082,0.06662051045812364,0.06737769799923463,0.06813488562849303,0.06889207334548755,0.016345702464366806,0.016754354163965663,0.017163005820298848,0.01757165743391613,-0.002222808015126072,-0.0022256386997009086,1.28955093519292e-05,0.08915055659617058,0.0,1.0
808,0.752,0.05587479847690739,0.32182307234043483,0.6614905605610674,0.27094197107641627,0.06756746836251648,0.16339370268055894,0.16471299443283655,0.16603228601633999,0.1673515774313319,0.0666221502126675,0.06736437848333136,0.06810660690461189,0.06884883547580552,0.01629099747696011,0.01669157722895103,0.017092156966577843,0.017492736690027502,-0.0021900204504126638,-0.0021785442895320955,6.204226301150563e-06,0.09095193140438164,0.0,1.0
808,0.836,0.057096045656389566,0.32164044550732984,0.6618361363728267,0.270859575563247,0.06730428806392619,0.16351951435198583,0.16481252757450165,0.16610554070463518,0.16739855374170406,0.06662376456948814,0.06735118406364908,0.06807860363771721,0.06880602329239263,0.016237151698823848,0.01662976524621564,0.01702237878968613,0.017414992329200577,-0.0021576328427489414,-0.0021949480917229907,3.784850928816463e-05,0.0927993438990753,0.0,1.0
808,0.92,0.058348708922032366,0.3214605123402462,0.6621763204567922,0.2707789846189288,0.06704469492427914,0.1636431993955615,0.16491045318613357,0.16617770700942444,0.1674449608656727,0.06662567565295495,0.06733838942445505,0.06805110304081205,0.06876381650070679,0.016184075369164025,0.016568807648049487,0.016953539870632726,0.017338272036432907,,,,,,
909,0.08,0.04721679870277569,0.32336599309264924,0.6585724470704284,0.27163512888364627,0.06979242404592557,0.16233114981567567,0.1638724578541124,0.16541376578720918,0.16695507361343115,0.06660889876156914,0.06747548702658841,0.06834207634478612,0.06920866675070256,0.01674618699577749,0.017214133033397493,0.017682079030259902,0.01815002498649069,,,,,,
909,0.164,0.04823257566088306,0.3231586221385754,0.6589646516345731,0.27154195626893546,0.0694933920964913,0.16247398670641428,0.16398543750397454,0.16549688830740858,0.16700833911677576,0.06661019581926178,0.06746039132833398,0.06831058682181058,0.06916078229952909,0.016685068239900083,0.017143921531895093,0.017602774670570365,0.018061627654125764,-0.002448380582352562,-0.0024436354781484627,5.414412831264322e-06,0.07939132661185247,0.0,1.0
909,0.248,0.04927169120314606,0.3229547200883981,0.6593502419526898,0.2714504491332942,0.06919930891401625,0.16261439737042058,0.1640965061651186,0.16557861488548936,0.1670607235316612,0.06661201159415009,0.06744574534513387,0.06827947915888946,0.06911321303512082,0.016624850241274188,0.017074834923535495,0.01752481956951963,0.017974804179686946,-0.002409332694355167,-0.002420186632637667,4.25271180373062e-06,0.08096322724576441,0.0,1.0
909,0.332,0.0503354599801465,0.3227537199934858,0.6597305662200191,0.27135980091500944,0.06890963286497157,0.16275294386348907,0.16420607587275393,0.1656592075594998,0.16711233892427632,0.06661347632188622,0.06743112534984677,0.06824877474316057,0.06906642450011585,0.016565654673123795,0.01700682376760686,0.01744799276317093,0.017889161661069967,-0.002371938667338733,-0.002374802859352388,8.24576357853296e-06,0.08257242467722418,0.0,1.0
909,0.41600000000000004,0.051425041401727524,0.3225559346648871,0.6601044964149203,0.2712712249538688,0.06862427863121073,0.16288883275480084,0.16431369362233483,0.16573855453740172,0.167163415500383,0.06661560332577218,0.06741707192058347,0.06821854053582241,0.06902000917169077,0.01650721343794809,0.016939784304468613,0.017372355091277904,0.01780492579751613,-0.0023358214714740326,-0.0023365762439463123,7.005238730503559e-06,0.08422066606635296,0.0,1.0
909,0.5,0.052541505268962896,0.32236128890108773,0.6604726245802649,0.27118378783584474,0.06834358758389052,0.16302294509910717,0.16441975245859525,0.1658165598247965,0.16721336719776597,0.066617471490811,0.06740312185617972,0.06818877214183913,0.06897442234701484,0.016449675997610245,0.016873823194807607,0.017297970494304104,0.01772211789716856,-0.002300674792839774,-0.002313654411816369,1.7825124178512873e-05,0.08590957148187184,0.0,1.0
909,0.584,0.05368587039602771,0.3221694965405332,0.6608352871807761,0.271097770503337,0.06806694231588686,0.16315500414534756,0.16452421591134772,0.16589342767819204,0.16726263944588884,0.06661925350082609,0.06738937964285316,0.06815950569705635,0.06892963166260138,0.016393214881626688,0.01680889541267393,0.017224575844744572,0.017640256176841663,-0.0022662390116327115,-0.002257556008002438,1.570431791414223e-05,0.08764068453662664,0.0,1.0
909,0.668,0.05485912869755383,0.32198039718946025,0.6611932608420664,0.2710121543509995,0.06779458480693398,0.1632854867799247,0.16462737264155988,0.16596925814118996,0.16731114327939192,0.06662064430939195,0.067375573786856,0.06813050332655438,0.06888543292819718,0.016337339832644963,0.016744877354944804,0.017152414963156032,0.017559952656188187,-0.002232344676854572,-0.002237158753756045,2.7454674180010245e-05,0.08941550364521766,0.0,1.0
909,0.752,0.05606226096906508,0.3217944870046544,0.661544617508363,0.2709291416344263,0.06752624085721089,0.16341324526238035,0.1647285179991505,0.16604379074545733,0.16735906350137483,0.06662270788135487,0.06736242635674951,0.06810214464672205,0.06884186274959982,0.016282707041204613,0.016681942648507406,0.017081178018506716,0.017480413148992156,-0.002199020329491168,-0.002199022609728622,2.1400338990105983e-07,0.09123551199190306,0.0,1.0
909,0.836,0.05729624768420941,0.3216111480657212,0.6618913499248242,0.27084680659794735,0.06726184347722844,0.1635394524078099,0.16482837574486336,0.16611729914975762,0.16740622262239327,0.06662415181459315,0.06734918500218465,0.06807421824334506,0.06879925153782449,0.016228437950853113,0.016619786554431127,0.017011135171138003,0.017402483800806192,-0.002166054252730948,-0.0021668565857724236,1.0046768744463013e-06,0.09310219496386629,0.0,1.0
909,0.92,0.058562076681134105,0.3214305727879786,0.662232864379319,0.27076569528143307,0.06700144033924778,0.16366383659381153,0.1649267562602225,0.16618967592803535,0.16745259559724968,0.06662583974239347,0.06733622913060071,0.06804661851445691,0.06875700789398198,0.01617515611981522,0.016558625414768092,0.01694209473236025,0.017325564072304216,,,,,,
1010,0.08,0.047180070008553086,0.3233737165656701,0.6585576315875041,0.27163901493942444,0.06980335347307125,0.1623257243728706,0.16386818406154138,0.1654106377727492,0.166953085380343,0.06660838644300815,0.06747596447150112,0.06834354274821727,0.06921112127669794,0.016748241702634965,0.017216639455989394,0.017685037244864105,0.018153435069582783,,,,,,
1010,0.164,0.04819556191533342,0.32316615379352187,0.6589503616750758,0.271545430671442,0.06950420765348211,0.1624683634000533,0.1639811808506825,0.16549399914446136,0.1670068182798786,0.06661032275952161,0.06746101285123986,0.06831170271344861,0.06916239234723194,0.016687203348399692,0.017146435737271478,0.017605668107747996,0.018064900460062937,-0.0024518268740471756,-0.002461359839131536,1.4417711068548107e-05,0.07933533406732073,0.0,1.0
1010,0.248,0.04923495242243409,0.32296158072109005,0.659337493232044,0.2714530777989456,0.0692094289690105,0.16260953273290396,0.16409275964524692,0.1655759867642699,0.1670592140896232,0.06661177909897761,0.06744610593130639,0.0682804328660216,0.06911475990264,0.016626922779502507,0.017077212449178158,0.017527502076957562,0.01797779166337227,-0.0024139177133200938,-0.0023651212800863248,2.2889053956755795e-05,0.08090765378384565,0.0,1.0
1010,0.332,0.05029962500939051,0.32276023382034913,0.6597182380248006,0.27136274454923537,0.06891901742596415,0.16274841658763872,0.16420251206796074,0.16565660724623238,0.16711070212296877,0.066613573841143,0.0674316486004565,0.0682497235171502,0.06906779859048572,0.016567481472722575,0.01700899674286205,0.01745051199149252,0.017892027218887007,-0.002377769572935883,-0.002362876482332394,1.0551401052242546e-05,0.08251821886244966,0.0,1.0
1010,0.41600000000000004,0.05139081529237866,0.3225621896007945,0.6600926497086308,0.27127406858009045,0.06863328171127886,0.16288477376506777,0.16431036637210394,0.16573595873057065,0.16716155084088843,0.06661558863643532,0.06741754097157111,0.06821949331259755,0.06902144565948647,0.016508999154676067,0.016941879995584126,0.017374760848311008,0.01780764171270765,-0.002342951220832831,-0.002385634041810953,3.9804724233267704e-05,0.08416889286147414,0.0,1.0
1010,0.5,0.05250967621184881,0.32236673830056284,0.6604622225498363,0.27118642723178504,0.06835135021837882,0.16301947503198894,0.1644168624371708,0.1658142493398411,0.1672116357408355,0.06661725802437836,0.06740349043616552,0.06818972301403327,0.0689759557572079,0.016451312146543055,0.01687566240883901,0.01730001268578903,0.017724362977207718,-0.0023090045843628727,-0.0023003394273773937,1.0564019892978665e-05,0.08586142679680321,0.0,1.0
1010,0.584,0.053657316475166444,0.3221743150602965,0.6608262738400422,0.2710997354522604,0.06807399070769732,0.16315178677987682,0.1645216412564707,0.16589149569837475,0.16726135010531995,0.06661914095246198,0.06738966959410697,0.06816019818401065,0.06893072672168081,0.01639496547660917,0.01681065397071631,0.017226341925340154,0.017642029335031683,-0.002275838205344045,-0.0022759209609250746,4.385513662178387e-06,0.08759749336100323,0.0,1.0
1010,0.668,0.0548348246098108,0.3219844740908675,0.6611852856296614,0.27101451510445224,0.06780019926588637,0.16328249198988837,0.16462504498846328,0.16596759790667048,0.16731015074463923,0.0666208361334753,0.06737603124021767,0.06813122632946406,0.06888642140129522,0.016338581042206177,0.01674622688726594,0.017153872739022597,0.017561518597391648,-0.0022432115658241386,-0.002214516534237638,2.7758120008349227e-05,0.08937874172021702,0.0,1.0
1010,0.752,0.05604328479398138,0.32179738648575207,0.6615391770146095,0.2709303576849405,0.06753046530044982,0.1634112483764511,0.16472694561345458,0.1660426428721129,0.16735834015259102,0.06662258900009066,0.06736258935306758,0.06810258959796774,0.06884258973381455,0.016283549601617348,0.016682927552511058,0.017082305301031792,0.01748168284528963,-0.0022110709263477224,-0.002257451828835062,3.633996552924104e-05,0.0912068095491572,0.0,1.0
1010,0.836,0.0572837877551331,0.32161291612417864,0.6618880025194893,0.27084760788042544,0.0672643896000851,0.16353821655766854,0.16482740591349898,0.1661165953077159,0.16740578474060588,0.06662433243618546,0.06734937890041731,0.06807442520257803,0.06879947134124464,0.016228888024111564,0.016620360861884925,0.01701183381864169,0.01740330689544691,-0.0021793157323476823,-0.002177170878616892,1.421190294867888e-06,0.09308335054923648,0.0,1.0
1010,0.92,0.0585574385927253,0.32143118425187145,0.662231838865545,0.27076570809600475,0.06700245303845004,0.16366346179010346,0.1649264604307516,0.16618945903669788,0.16745245760799213,0.06662559353839431,0.06733614906843155,0.06804670478924299,0.06875726069993593,0.01617547172509946,0.016558899460278522,0.01694232712698449,0.017325754726087567,,,,,,
1111,0.08,0.04720144791942754,0.3233691419826837,0.6585666125766789,0.2716363015710297,0.06979708585229129,0.16232904145613752,0.16387078878724198,0.1654125268585636,0.16695425547473586,0.06660833576356825,0.0674754947906318,0.0683426549024223,0.06920981611440734,0.016746700451575895,0.017215081192383564,0.01768346183370269,0.018151842374629138,,,,,,
1111,0.164,0.04821724415070937,0.32316171828122353,0.6589588899954038,0.2715431590717803,0.06949795093281576,0.16247142088216757,0.16398362138900377,0.16549582275266314,0.16700802497156933,0.06661034780183757,0.06746064265192363,0.06831093719262323,0.06916123142539585,0.016685934584369677,0.017144970040023032,0.017604005460920304,0.01806304084750274,-0.0024501657462394806,-0.0024425977207562905,3.744795509833083e-06,0.07936813302620258,0.0,1.0
1111,0.248,0.04925664267474486,0.32295765289705025,0.6593446706610648,0.2714518156877024,0.06920351365123258,0.1626123588991778,0.16409489809962982,0.16557743726547713,0.16705997639678014,0.06661199193489102,0.06744596654304094,0.0682799412260888,0.06911391598368165,0.01662570319612621,0.017075820026225513,0.017525936827767246,0.01797605360111361,-0.0024116720311466505,-0.002398886788731664,2.433084733812283e-05,0.08094046280586087,0.0,1.0
1111,0.332,0.050320991099493,0.32275622883920474,0.6597257384224564,0.2713610936910718,0.0689131678864719,0.16275099911258142,0.16420462281269577,0.1656582464556458,0.16711187004153336,0.06661381039121882,0.06743145244603677,0.06824909445011806,0.06906673640369816,0.01656611321401109,0.01700756563265982,0.017449018181354147,0.017890470858446847,-0.0023747877383916032,-0.0023664253698690136,3.02058367495979e-05,0.08255053864522341,0.0,1.0
1111,0.41600000000000004,0.051411485427455814,0.3225584678962089,0.6600997196974853,0.27127233428433317,0.06862794601818153,0.16288732940172349,0.16431239657591384,0.16573746351136548,0.1671625302084824,0.0666154361978887,0.06741720097389475,0.06821896595933076,0.06902073115321895,0.01650795563049854,0.016940642901728527,0.017373330140056115,0.01780601734589835,-0.002339303216797425,-0.002349926657096294,2.2632294739187114e-05,0.08420016012905289,0.0,1.0
1111,0.5,0.0525292355674919,0.3223635665847244,0.6604683764246732,0.27118469186823907,0.06834693170708778,0.16302141455536603,0.16441853424622369,0.1658156539515681,0.16721277367151527,0.06661752862296325,0.06740329163175493,0.06818905447186523,0.06897481714165568,0.016450661640626602,0.01687470938406002,0.017298756799345994,0.017722803883055166,-0.0023047404121733957,-0.0023695611151727087,3.564846181794883e-05,0.08589101083220654,0.0,1.0
1111,0.584,0.05367530394972711,0.32217129426224256,0.6608319996994008,0.2710983530603902,0.06806964724020911,0.16315382340360368,0.16452327442504538,0.16589272543559186,0.16726217643515978,0.066619159201221,0.06738944528174844,0.0681597313054963,0.06893001727192452,0.01639385953469619,0.016809561199490893,0.0172252626430078,0.017640963863014232,-0.0022708512796006247,-0.002261528649613249,3.430256288445422e-05,0.08762469995320227,0.0,1.0
1111,0.668,0.054850729668912315,0.32198208628464875,0.6611898520606735,0.2710133415964903,0.06779680634283608,0.1632842582962989,0.164626394916661,0.16596853132526512,0.1673106675224485,0.06662067052431422,0.06737578031284093,0.06813089029360933,0.06888600046572582,0.01633799947258099,0.016745467603940696,0.0171529356511218,0.017560403615192604,-0.002237607714718046,-0.002292838644365328,4.790694828766939e-05,0.08940279727839881,0.0,1.0
1111,0.752,0.05605654435852777,0.3217953529198732,0.6615430454363954,0.27092939939429855,0.067527555169306,0.16341271663510182,0.16472807980271015,0.1660434429429544,0.1673588060556291,0.06662261356198922,0.06736243783924956,0.068102261987496,0.06884208600556378,0.016282701709932203,0.016682159655074046,0.017081617764514417,0.01748107603978534,-0.002204776461829272,-0.0022020105037354864,2.2033594120983842e-06,0.0912268661491766,0.0,1.0
1111,0.836,0.05729378310533161,0.32161136739794194,0.6618909270063628,0.270846921327468,0.06726215166616917,0.16353929369233125,0.16482825237779625,0.16611721109433428,0.16740616984190101,0.06662411506085114,0.0673491918557385,0.0680742687294026,0.06879934568147578,0.016228504653064545,0.016619860160695454,0.01701121567036448,0.017402571182044694,-0.0021723576392666403,-0.002173563219696679,1.1419204205696652e-06,0.09309846936389399,0.0,1.0
1111,0.92,0.05856349226972893,0.321430318633013,0.6622333383145667,0.2707655945941566,0.0670010670912767,0.16366395173138745,0.16492687360680963,0.16618979551629048,0.16745271746007917,0.06662597362183628,0.06733625706985479,0.06804654037285662,0.06875682352960896,0.01617497644570868,0.016558503212614255,0.016942030155896085,0.017325557277057688,,,,,,
1212,0.08,0.04713590534441214,0.323382826814024,0.6585407156223222,0.2716424793752751,0.06981680500240252,0.1623198515524568,0.16386340477048564,0.16540695552758178,0.16695050377179807,0.0666078305635243,0.06747635749027997,0.06834488331114259,0.06921340801032823,0.01675111571841124,0.01721983904673825,0.01768856291353715,0.018157287323715878,,,,,,
1212,0.164,0.048147494235034595,0.3231756531026209,0.6589324329862252,0.2715496236854803,0.06951794332829465,0.16246210290282953,0.16397610640591778,0.16549010999792071,0.16700411367955711,0.06661028442885837,0.06746169893484613,0.06831311317505302,0.06916452714672276,0.01668999406646641,0.01714965524984642,0.017609316423791325,0.018068977588190493,-0.002446830122560794,-0.002445069615453902,3.426692032442085e-05,0.07926262248606367,0.0,1.0
1212,0.248,0.04918287075673409,0.3229717043989334,0.6593181619487387,0.27145799477274424,0.06922384327851694,0.16260260798072293,0.16408722960717653,0.16557185130043953,0.16705647306039978,0.0666117870593775,0.06744692807959689,0.06828206920341807,0.06911721043035174,0.016629855503501722,0.017080592401053783,0.01753132926830912,0.01798206610565231,-0.0024092799051057302,-0.00241838440785194,4.137176462443221e-06,0.08082888604130693,0.0,1.0
1212,0.332,0.05024341228231301,0.3227708357578366,0.6596980796484383,0.2713677215103351,0.06893419884122669,0.16274092621557834,0.16419665533021266,0.16565238446937705,0.16710811363327027,0.06661375750066596,0.06743253947356115,0.06825132136423877,0.06907010317186923,0.01657056290518029,0.01701255410103082,0.017454545308200512,0.01789653652681507,-0.0023734529468384087,-0.0023936997125599524,1.955587733147279e-05,0.08243318262582038,0.0,1.0
1212,0.41600000000000004,0.05133035098191955,0.32257290765351304,0.6600724351974183,0.27127877076011997,0.06864879404246167,0.162877250910716,0.1643044895012802,0.16573172809463727,0.1671589666907849,0.06661539714714582,0.06741826079051991,0.0682211245118083,0.06902398831064599,0.01651216518944565,0.016945520725534277,0.017378876278713654,0.0178122318487681,-0.0023388713445514154,-0.00234127720791198,1.144353455935825e-06,0.0840774268887998,0.0,1.0
1212,0.5,0.052444838400838696,0.3223781411528926,0.660440693162822,0.2711914764980478,0.0683678303391304,0.16301139562493352,0.16441058073138,0.16580976584393078,0.1672089509625776,0.06661723624209419,0.0674043247718739,0.06819141338950435,0.06897850209457536,0.016454785210903634,0.016879566832284375,0.017304348395287925,0.01772912990065446,-0.002305300474712759,-0.0023436017274898447,1.5325269718396827e-05,0.08576334836525687,0.0,1.0
1212,0.584,0.05358798359512866,0.3221855872850996,0.6608050100446511,0.27110468896036544,0.06809030099498328,0.16314423093098956,0.1645155789483919,0.16588692651968182,0.16725827364558785,0.06661874511269501,0.06739036303854569,0.06816198120329477,0.06893359960583,0.016397978384848473,0.016814376320335778,0.017230774216364483,0.017647172073434546,-0.002272322957572573,-0.002290338759355912,2.510911578451301e-05,0.08749261114899629,0.0,1.0
1212,0.668,0.05476087704130971,0.32199617561081084,0.6611631963256583,0.27101968864598075,0.06781711502836095,0.1632742893821559,0.16461862913001887,0.16596296895519708,0.16730730885828654,0.06662099224694766,0.06737694573237071,0.06813289890493268,0.06888885176172967,0.016342254902723365,0.016750271005725414,0.017158286809320408,0.017566302310591763,-0.002240027195479358,-0.002244867110813215,6.758581000075246e-06,0.08926687923980696,0.0,1.0
1212,0.752,0.055964606417452184,0.32180934105024184,0.6615165528500488,0.27093575746576326,0.06754768968418806,0.16340295614942335,0.16472041081561664,0.16603786554548788,0.16735532033952105,0.06662262434615644,0.06736350119387323,0.06810437779086585,0.06884525413486772,0.016287093177197936,0.01668697949468281,0.01708686558033194,0.017486751431975367,-0.0022081850766158834,-0.0022434048185467747,3.842095270684899e-05,0.09108779161362732,0.0,1.0
1212,0.836,0.057200267510077035,0.32162510419612067,0.6618649587475111,0.27085306851790947,0.06728197273457961,0.16352983059662632,0.1648207699661028,0.1661117093715488,0.16740264881323316,0.06662421284755378,0.06735024913913122,0.06807628527560682,0.06880232125561767,0.01623249549445008,0.016624493883736473,0.017016492378052583,0.017408490978340487,-0.002176734406575033,-0.0021744770094374293,1.4631058782820564e-06,0.09295700826037596,0.0,1.0
1212,0.92,0.05846897207988894,0.32144365407659353,0.6622082006223741,0.2707714184999399,0.06702038087768594,0.16365489642354838,0.164919665596495,0.16618443474211597,0.16744920386021475,0.06662566499531991,0.06733712473471105,0.06804858449463691,0.06876004427527203,0.016179333915801307,0.016563175039075582,0.016947015781872955,0.01733085614093609,,,,,,
1313,0.08,0.04726122219025872,0.3233567890187863,0.658589755556765,0.27163119215718223,0.0697790522860527,0.16233735568389535,0.16387741295522845,0.16541746753903505,0.16695751937860623,0.06660842849995482,0.06747467487018548,0.068340921224468,0.06920716756257395,0.016743326354805733,0.01721095071954579,0.017678575253498047,0.018146199958203133,,,,,,
1313,0.164,0.048284419567577466,0.32314832922270725,0.6589841385575784,0.27153729214248606,0.06947856929993565,0.16248131397306192,0.16399112777362368,0.16550094153974923,0.16701075527114365,0.06660998262538008,0.06745954269118531,0.06830910306772388,0.06915866375819678,0.016682079564962798,0.017140454872490902,0.017598829979337628,0.018057204883144332,-0.002462145411231567,-0.002467872991643997,3.2557081238255055e-06,0.07946975371178125,0.0,1.0
1313,0.248,0.049331758426688035,0.32294338195298067,0.6593718385310349,0.27144504976132827,0.06918311170763691,0.162622463419395,0.1641027943272086,0.1655831250869642,0.16706345569746706,0.06661224561420281,0.06744492359062981,0.06827760142889966,0.069110279127596,0.016621603824345313,0.017071053312815422,0.01752050267151571,0.017969951898960473,-0.002423765371554429,-0.00240071044600512,2.7306450834627184e-05,0.0810540937441263,0.0,1.0
1313,0.332,0.05040463048107653,0.32274080956186446,0.6597547970943632,0.271354373938392,0.06889082896724469,0.1627615145403371,0.1642129709978593,0.16566442750225704,0.16711588405390984,0.06661402882308065,0.06743040530907506,0.06824678172776509,0.0690631580784712,0.01656170404891141,0.01700237286539821,0.017443041650142804,0.017883710402792265,-0.0023869414769999756,-0.002373846923750878,1.0043918758627798e-05,0.08267706335007562,0.0,1.0
1313,0.41600000000000004,0.05150427467902663,0.3225419209317266,0.6601310133178995,0.27126490359177935,0.06860408309032133,0.16289862215496445,0.1643213763271573,0.16574413041553557,0.1671668844202422,0.06661574920046645,0.067416066998033,0.06821638479672959,0.06901670259655028,0.016503006373003774,0.016935015956528333,0.017367025564419974,0.017799035196369255,-0.00235152554776697,-0.0023782664970932433,3.49400992609638e-05,0.0843405264501998,0.0,1.0
1313,0.5,0.05263184371513796,0.32234588463026337,0.6605017602783005,0.2711768640091874,0.06832137571251187,0.16303352954733524,0.16442813654458377,0.16582274356814686,0.16721735061823476,0.0666175631863859,0.06740199841550591,0.06818643361692425,0.06897086879037134,0.016445154754923523,0.016868614156429092,0.017292073628695923,0.017715533172463323,-0.002317026234970711,-0.0024552029847788016,5.9437405359546365e-05,0.08604623164657944,0.0,1.0
1313,0.584,0.05378844323469131,0.32215270541123436,0.6608671537142434,0.27109000786739856,0.06804283841835797,0.16316669849007595,0.16453342522290534,0.16590015179490994,0.16726687820635222,0.06661917411503275,0.06738805927191317,0.06815694454542515,0.06892582993502747,0.016388272102839597,0.016803230458382525,0.01721818878226247,0.017633147074873377,-0.002283247625951046,-0.0022748235595299714,1.0423994962732815e-05,0.08779585158738185,0.0,1.0
1313,0.668,0.05497515634601972,0.32196242278666265,0.6612269884108926,0.27100461388933905,0.0677683976997682,0.1632976371467091,0.16463704378211388,0.1659764504204262,0.16731585706164345,0.0666209683341899,0.06737442504414998,0.06812788182739983,0.06888133868359939,0.01633211922786011,0.016738772708511953,0.017145426165175417,0.017552079598220718,-0.0022500642697975124,-0.002180989275822954,5.465988228699857e-05,0.0895910227448129,0.0,1.0
1313,0.752,0.056193059738392975,0.3217746949877196,0.6615820270970139,0.2709202958469067,0.06749767705607934,0.1634268811032186,0.16473929821729866,0.1660517153312933,0.16736413244520337,0.06662283110304988,0.06736099308599143,0.06809915495345813,0.06883731670440726,0.016276857222007744,0.01667523207154747,0.017073606689329085,0.01747198107319503,-0.0022172990498528266,-0.002188418978537469,1.8229105059467796e-05,0.09143337821016291,0.0,1.0
1313,0.836,0.05744323476565007,0.321589747802827,0.6619318162199641,0.27083720821731533,0.06723097556272056,0.16355416351174157,0.16484002384608812,0.16612588422208655,0.16741174464004796,0.06662455127881886,0.06734771857656084,0.0680708857035741,0.06879405265836153,0.01622204732806145,0.016612511619035295,0.01700297603588647,0.017393440579737348,-0.0021849392038472294,-0.0021832116099108883,1.152043262421032e-06,0.09332454932026774,0.0,1.0
1313,0.92,0.05872677539005141,0.32140750036121146,0.6622766963906181,0.2707549393480586,0.06696836426132313,0.16367953673886446,0.1649392947737357,0.16619905311519917,0.1674588117628189,0.06662562769735049,0.0673343655572329,0.06804310376736364,0.06875184232611153,0.016168578616032426,0.016550920342242606,0.016933261927989943,0.01731560337505815,,,,,,
1414,0.08,0.04726965695532236,0.32335506527689095,0.6585929233564891,0.2716306023640522,0.06977647427945874,0.16233861570480995,0.16387836272597128,0.1654181043780247,0.16695784054768323,0.06660846860535373,0.06747458976696291,0.06834071117095264,0.0692068328207829,0.016742874065488925,0.017210370413793544,0.017677866744057927,0.018145363056118344,,,,,,
1414,0.164,0.04829660871335929,0.32314581362956973,0.6589888888356592,0.2715361768967821,0.06947493426755853,0.16248278586214157,0.16399241010202958,0.1655020343288849,0.1670116585426032,0.06661028855039715,0.06745945900004238,0.06830862944902001,0.06915779989732258,0.016681228274225177,0.01713956517328556,0.01759790201658351,0.01805623880346429,-0.002470763288961384,-0.0024723511795589326,4.42855228718191e-06,0.07948819424604643,0.0,1.0
1414,0.248,0.04934845003700782,0.32293963194845776,0.659378999024458,0.2714432287895586,0.06917777218598356,0.1626247701119158,0.1641047565897632,0.16558474299500675,0.1670647293277722,0.06661201269151223,0.06744454233312737,0.06827707201824837,0.06910960174667063,0.016620373573311507,0.01706975320984761,0.017519132864822373,0.01796851253800208,-0.002433345117427828,-0.00247390792056344,2.3758502656624943e-05,0.08107934848646808,0.0,1.0
1414,0.332,0.05042667112587583,0.3227369572319295,0.6597621891546797,0.27135243091754285,0.06888537992777768,0.16276432007272582,0.16421513822216238,0.16566595636340425,0.16711677449638712,0.06661399540358007,0.06743007030326954,0.06824614517929044,0.06906222003140283,0.01656064547957057,0.01700111187356591,0.01744157817918806,0.017882044395453153,-0.0023978217902395475,-0.0023373121103210915,3.58622094663561e-05,0.08271040848143624,0.0,1.0
1414,0.41600000000000004,0.0515326180647103,0.32253695376981284,0.6601404419575279,0.2712626035189014,0.06859695452357062,0.16290217311804037,0.16432413144576602,0.1657460896534841,0.1671680477402374,0.06661537267972756,0.06741555785590152,0.06821574346673433,0.06901592951653804,0.01650168657002836,0.016933388050966214,0.01736508937179378,0.017796790530782276,-0.0023635346267621288,-0.0023721743651797223,3.376008732841417e-05,0.0843834049647324,0.0,1.0
1414,0.5,0.05266755980619698,0.3223397045138605,0.6605134439711439,0.2711740970115107,0.06831245901734548,0.16303782373992298,0.16443151526036676,0.16582520675306237,0.16721889821779176,0.06661742145283382,0.06740148987198374,0.06818555846203771,0.06896962722465541,0.016443364457486297,0.016866531314968743,0.017289698183049863,0.017712865061840583,-0.002330204760101245,-0.002327257845933723,1.995993082064187e-06,0.08610026426048749,0.0,1.0
1414,0.584,0.05383272781015338,0.3221454674384798,0.6608807986319787,0.27108684460777666,0.06803235676024466,0.1631715009533814,0.16453730005367623,0.1659030992080356,0.16726889841688547,0.06661955079350192,0.067387657834716,0.06815576467303362,0.06892387130652515,0.01638615298534397,0.016800777196073854,0.01721540129570611,0.01763002528312073,-0.0022976937652827434,-0.0023630218945930987,4.0135418303630566e-05,0.08786284580235801,0.0,1.0
1414,0.668,0.055029340969311835,0.32195381869371664,0.6612432608975805,0.27100074922578327,0.06775598987663616,0.16330363935365072,0.16464175670244402,0.1659798738987312,0.1673179909427545,0.06662099598711307,0.06737379012015138,0.06812658437310386,0.06887937874541496,0.016329582028829365,0.01673585901243744,0.017142135960851523,0.01754841287451783,-0.002265759962459744,-0.002288532077377584,1.3755825734197306e-05,0.08967299669529245,0.0,1.0
1414,0.752,0.056258622126635405,0.32176470826040215,0.6616011869063174,0.2709152653193583,0.06748354777432437,0.1634339109884947,0.16474483492591518,0.16605575869522493,0.1673666822966826,0.06662257403714539,0.06736006882886736,0.06809756372582235,0.0688350587275232,0.016273853484264668,0.01667187581404347,0.017069898108357993,0.01746792036765824,-0.0022342911986149667,-0.0021959472302754395,1.7693836518998996e-05,0.09153256229000216,0.0,1.0
1414,0.836,0.05752180955102855,0.32157851290750566,0.6619532039924891,0.270831882323336,0.06721491368417482,0.1635620296206506,0.16484621054672602,0.1661303914611551,0.16741457236395732,0.06662462827761907,0.06734685662761353,0.06806908475557395,0.06879131266252946,0.016218877715307462,0.01660877820301996,0.01699867866481602,0.01738857910103138,-0.0022033074179514957,-0.0021785088080514946,1.8997017776463117e-05,0.09344341724738531,0.0,1.0
1414,0.92,0.05882016526904975,0.32139467447723713,0.6623008141754656,0.2707494567249452,0.06694972909958927,0.16368864020121818,0.1649463491590755,0.1662040580227607,0.16746176679241123,0.0666260097268029,0.06733357926608258,0.06804114895104565,0.06874871878101406,0.01616467279196592,0.016546512484797927,0.01692835212113399,0.017310191701691433,,,,,,
1515,0.08,0.047267546761063116,0.32335536807460635,0.658592695917525,0.27163004791626244,0.06977725616621268,0.16233866353903145,0.1638783378564,0.16541801114349983,0.16695768337859368,0.06660833180710941,0.06747445210190331,0.06834057212742284,0.06920669187982688,0.0167429871470497,0.017210538353216932,0.017678089644443208,0.018145641021502838,,,,,,
1515,0.164,0.04829214721724013,0.32314653481426797,0.6589876302548185,0.2715362901094697,0.06947607963571173,0.16248235344796166,0.16399205631520244,0.16550175899724526,0.16701146149440918,0.06661013713908567,0.06745942733746157,0.06830871762666278,0.06915800800625972,0.016681415661777547,0.017139818491244182,0.017598221323670837,0.01805662415901916,-0.002465020086510416,-0.002528356274873742,2.6806421122263513e-05,0.07948144556179547,0.0,1.0
1515,0.248,0.049341175862961106,0.32294116428367087,0.6593759257989753,0.2714442674564805,0.06917980674454444,0.16262362291346225,0.16410386191740545,0.1655841009516537,0.16706434001645384,0.06661214827367387,0.0674447606748797,0.0682773730647522,0.06910998544317472,0.016620806966021,0.017070236775700444,0.01751966659095978,0.017969096411863214,-0.0024270470479377105,-0.002430173085735466,2.08232210021881e-05,0.08106834268455415,0.0,1.0
1515,0.332,0.05041607794918554,0.32273886575783983,0.6597585414030909,0.27135336466768556,0.06888809392922361,0.1627629576722254,0.16421407611110386,0.1656651945701716,0.16711631304959002,0.06661396482938789,0.06743021571800056,0.06824646661121624,0.06906271750908088,0.016561163126997114,0.01700173672293027,0.017442310280379448,0.01788288379891678,-0.0023908586582824377,-0.002364132836333436,1.1655136414271026e-05,0.08269438001088096,0.0,1.0
1515,0.41600000000000004,0.051518153176339246,0.3225394674294281,0.6601356550462728,0.271263798476028,0.06860054647769935,0.16290026951132602,0.16432269901388602,0.165745128512855,0.1671675580082058,0.06661570474545649,0.06741586794633131,0.06821603121926592,0.06901619456497426,0.016502309549543775,0.016934194261453477,0.01736607897537416,0.01779796369132794,-0.002355959098641538,-0.002385491156293993,1.017579416902811e-05,0.08436152216285997,0.0,1.0
1515,0.5,0.052648622898803135,0.32234300642862945,0.6605073293297078,0.27117531991181953,0.06831735075847262,0.16303562971809504,0.1644297648560344,0.1658238999013579,0.16721803485422043,0.06661744076236936,0.06740170019328937,0.06818595969349545,0.06897021926266535,0.016444341999001688,0.01686767243586059,0.017291002908162604,0.01771433341544773,-0.0023220645059815227,-0.0023237423453906204,3.6186745252222925e-05,0.0860716154404828,0.0,1.0
1515,0.584,0.053808669991690775,0.3221495440032459,0.6608732404719797,0.2710883723785541,0.0680383871494661,0.16316885447313284,0.16453515824656578,0.16590146200474132,0.16726776574753985,0.06661947642989031,0.06738788769001015,0.06815629872523289,0.06892470953342074,0.016387393305204317,0.016802195691361124,0.017216997980688816,0.01763180017221184,-0.0022889948381869464,-0.0023006028901845204,2.675075924247564e-05,0.08782644906379278,0.0,1.0
1515,0.668,0.05499946400173368,0.3219584935408446,0.6612343343248444,0.27100301954749606,0.06776264612765959,0.16330030666983386,0.16463915794718298,0.165978009219894,0.16731686048793346,0.06662121325818916,0.067374241094423,0.0681272688052816,0.0688802963896023,0.01633104580714916,0.016737456434956086,0.017143866846343166,0.01755027703921117,-0.002256474737000247,-0.0022520899316241082,2.241335664017371e-05,0.08962779723910783,0.0,1.0
1515,0.752,0.05622217788041421,0.32177024160553164,0.6615903863671865,0.27091842191385485,0.06749119171895865,0.1634298397301422,0.16474167759931976,0.16605351552627542,0.1673653535114491,0.06662295465823312,0.0673607219907238,0.06809848914511109,0.0688362561197868,0.01627531141657953,0.01667363570689207,0.01707196007471536,0.01747028452077169,-0.00222450310142285,-0.002223986367345247,4.534366640182056e-07,0.09147742877244106,0.0,1.0
1515,0.836,0.05747799965827098,0.3215847703266679,0.6619412796395372,0.27083487296536635,0.06722384739509661,0.16355764461468203,0.16484276146454915,0.16612787833477957,0.1674129952255264,0.06662449639512091,0.06734731101560336,0.06807012555176783,0.06879294000287421,0.016220753536554285,0.01661089247928153,0.017001031320364075,0.017391170058896722,-0.0021930086107831833,-0.0021763483962568947,3.4214470683853826e-05,0.09337714243685663,0.0,1.0
1515,0.92,0.05876814095283193,0.3214018523189107,0.6622872304439262,0.27075269804911206,0.06696007150696176,0.16368357729640526,0.16494239748365577,0.16620121770454535,0.1674600379593199,0.06662619212769266,0.06733418046913421,0.06804216868326934,0.06875015676901587,0.016166717295263363,0.016548917679731864,0.016931118068964465,0.017313318463002072,,,,,,
1616,0.08,0.04713057207692547,0.32338396192144814,0.6585384813060506,0.2716431643164053,0.06981835437754423,0.16231884668928356,0.16386269586147806,0.16540654491304999,0.16695039384223906,0.06660830347657172,0.06747662832903333,0.06834495350269604,0.06921327900810421,0.016751477562723202,0.017220218269767468,0.01768895894788579,0.018157699597167773,,,,,,
1616,0.164,0.048138672479319224,0.3231777757519344,0.6589283103589396,0.27155079344233957,0.06952089619872087,0.16246048488262577,0.16397487960733084,0.16548927495234983,0.1670036709166331,0.06661031596089671,0.06746190440962202,0.0683134925846237,0.06916508048719716,0.016690728665903636,0.0171503923287558,0.017610055880754566,0.01806971932330686,-0.002438670729402804,-0.0024406291226769495,4.634059108865698e-06,0.07924927329904784,0.0,1.0
1616,0.248,0.04916993737331202,0.3229743178227552,0.6593135126001529,0.27145858205717643,0.0692279053426705,0.16260059213264882,0.16408578235624985,0.16557097326212858,0.16705616484912567,0.06661190410045031,0.06744706520304926,0.06828222606531026,0.06911738668836663,0.016630621745411866,0.017081524775887372,0.01753242785104689,0.017983330970324368,-0.002400247982757283,-0.0023893365036421733,1.007866533983229e-05,0.08080930203515092,0.0,1.0
1616,0.332,0.05022567868762581,0.32277391807955214,0.6596921195709793,0.2713693672595344,0.06893851316948633,0.16273867241532564,0.1641949106918985,0.16565114903090572,0.16710738743284945,0.06661388902802173,0.0674328576911284,0.06825182614695922,0.06907079439342503,0.01657155884660941,0.017013605270997868,0.017455651505095874,0.017897697546783182,-0.0023635168956910612,-0.0023667915854754646,1.0658377569078469e-05,0.08240635660223465,0.0,1.0
1616,0.41600000000000004,0.051307058669127104,0.32257700561358843,0.6600646285428974,0.27128072420224414,0.06865464725485856,0.16287439757449929,0.1643022372769641,0.1657300769869595,0.1671579167044745,0.06661537848918914,0.06741858014350705,0.06822178187781404,0.06902498369173396,0.01651335220571673,0.016946891930798184,0.017380431676320165,0.01781397144202348,-0.0023281360701795815,-0.0022793617888976197,3.613158317168823e-05,0.0840421909138417,0.0,1.0
1616,0.5,0.05241515417770409,0.322382851212234,0.6604317736028101,0.27119361542026665,0.0683746109769232,0.16300802913258766,0.16440797195897694,0.16580791481384063,0.1672078576974049,0.0666172842630004,0.06740469736602427,0.06819211040673004,0.06897952338451195,0.01645593678850301,0.01688108061392319,0.017306224656372955,0.017731368918124036,-0.0022936504790009027,-0.0023391570906448173,2.6114767104052637e-05,0.08571844480427222,0.0,1.0
1616,0.584,0.053550994573206015,0.322191715304169,0.6607932793804578,0.27110772355852086,0.06809899706102121,0.1631397159854069,0.16451211856107506,0.1658845211329555,0.16725692370102038,0.0666190339771489,0.0673909653020621,0.0681628965522643,0.06893482772704557,0.016399776454988097,0.016816425064066002,0.01723307357005452,0.017649721971912603,-0.002259932174579178,-0.0022152856897363054,3.3706486735288595e-05,0.0874366532259324,0.0,1.0
1616,0.668,0.05471558539430756,0.3220031756986824,0.6611496968030046,0.2710233540650494,0.06782694913194606,0.16326936061857247,0.1646147362859286,0.16596011203427288,0.16730548786423058,0.06662096318910997,0.06737754689723417,0.06813413037086785,0.06889071360783737,0.016343902085704756,0.01675245874888212,0.017161015614083598,0.017569572683275594,-0.0022267516829490566,-0.002237023520377036,2.5885176576586608e-05,0.08919836379675367,0.0,1.0
1616,0.752,0.05590992391856048,0.321817778699806,0.6615004477834412,0.27093984210043054,0.06755971011612807,0.16339736589280987,0.16471586341120598,0.16603436070497102,0.1673528577744544,0.0666222237130989,0.06736404811980025,0.06810587272869419,0.06884769753883725,0.016289499930491,0.016689785058603232,0.01709007009278977,0.017490355034244075,-0.002194148834439584,-0.002210321020151144,1.0827992792322532e-05,0.09100506805586196,0.0,1.0
1616,0.836,0.05713500985450138,0.3216346977657239,0.6618468766073916,0.27085725423280405,0.06729586915980441,0.16352327359505603,0.16481557060558152,0.16610786765712554,0.16740016474962852,0.06662383456806738,0.06735082046993209,0.06807780650929408,0.06880479268551051,0.016235426422664113,0.016627787006509926,0.017020147581846848,0.017412508148783527,-0.00216186236520909,-0.0021612458405824413,1.0375757398290227e-06,0.0928582860139061,0.0,1.0
1616,0.92,0.05839185299614874,0.3214543108718133,0.6621880936493099,0.27077610979533573,0.06703579655535433,0.16364757257288207,0.1649138732063097,0.1661801737290006,0.16744647414111746,0.06662549668914683,0.06733785049309422,0.06805020435087089,0.06876255826222377,0.01618216173763715,0.016566686644897112,0.016951211592597177,0.0173357365802229,,,,,,
1717,0.08,0.047148140058360336,0.32338035895292083,0.6585451585959862,0.2716418196316246,0.06981302177238909,0.1623211121760477,0.16386456885341386,0.16540801802726027,0.16695145953926438,0.06660824180262243,0.06747638330480527,0.0683445256559708,0.06921266886822611,0.01675003140356235,0.017218847338654267,0.017687663410332136,0.018156479619840335,,,,,,
1717,0.164,0.04815823102016896,0.3231734048826152,0.6589366641200161,0.27154865548458407,0.06951468039539999,0.16246370139339472,0.16397734444819181,0.16549098755728953,0.16700463072114005,0.06660998577971063,0.06746143779815772,0.06831288988020516,0.06916434202651056,0.016689356474430594,0.017148898934434248,0.017608441329044055,0.01806798365749108,-0.0024416419799932923,-0.002422597134616245,3.1590836909045586e-05,0.07927886404804117,0.0,1.0
1717,0.248,0.04919160274279066,0.32297014787139766,0.659321162335822,0.27145718242369743,0.06922165524048063,0.16260375227729862,0.16408811114271268,0.16557247001666583,0.16705682889914492,0.06661177773219361,0.06744678957003283,0.06828180152498213,0.06911681359648889,0.01662943540813076,0.017080087706329267,0.017530739959075198,0.017981392166945404,-0.0024032885620838707,-0.0024310682396742867,2.0689576028850752e-05,0.08084207467717543,0.0,1.0
1717,0.332,0.0502495747022051,0.3227698468329421,0.6597000586281941,0.27136705996713784,0.06893288140466794,0.16274150362788017,0.16419717755173108,0.1656528516186864,0.16710852582989646,0.06661388532289636,0.06743247193077302,0.06825105829633366,0.06906964441713481,0.016570238656637218,0.017012226375218667,0.01745421421013368,0.017896202162678364,-0.002366603113913522,-0.0023293045636137827,2.3181555859235187e-05,0.08244250112324203,0.0,1.0
1717,0.41600000000000004,0.05133331573663068,0.3225723666155428,0.6600734529740422,0.2712785386667737,0.06864800835918433,0.16287772721041757,0.16430481802430486,0.16573190865037468,0.16715899908894505,0.06661527612772357,0.06741818166464664,0.0682210874354286,0.06902399343897492,0.016512065704240395,0.01694535665396705,0.017378647564535537,0.01781193843644135,-0.002331108869391776,-0.0023260576031195585,2.924386904270392e-05,0.08408191026041531,0.0,1.0
1717,0.5,0.052443908576836305,0.3223780168088294,0.6604410494492569,0.2711911784053882,0.06836777214535485,0.16301143630244583,0.1644106536682057,0.16580987104517134,0.16720908843343402,0.06661712542540993,0.06740423814622905,0.06819135096152731,0.06897846387222188,0.016454510425527445,0.016879465314148724,0.01730442047992432,0.01772937592575436,-0.0022965923597706903,-0.002302458159168101,1.5256898135379993e-05,0.08576193467058409,0.0,1.0
1717,0.584,0.053582387839542,0.3221865856727286,0.6608030476664021,0.27110528575810044,0.06809166657549748,0.163143203368467,0.1645149090351119,0.16588661474982858,0.1672583205129946,0.06661917684393671,0.06739060671136277,0.06816203637372521,0.06893346582907577,0.016398367104945303,0.01681473361560983,0.017231099899778383,0.017647465955163956,-0.00226281325972948,-0.002256718253013446,2.174174301354904e-05,0.08748414498901393,0.0,1.0
1717,0.668,0.05474976374065525,0.32199774158191985,0.6611603359072756,0.27102018957904955,0.06781947451367487,0.16327333164847477,0.16461783323321266,0.16596233476916797,0.16730683625642023,0.06662056112394917,0.06737688526850405,0.06813320946710283,0.06888953371949352,0.016342445642427133,0.016750727585604988,0.017159009600234382,0.017567291685408375,-0.0022295619550900146,-0.0022509782754538666,8.530672953001354e-06,0.08925006653065759,0.0,1.0
1717,0.752,0.055947037647006995,0.32181195922122474,0.6615115991990331,0.27093693753118436,0.06755146326978245,0.16340124814160525,0.1647190159341193,0.16603678369600308,0.16735455142730546,0.06662234475496828,0.06736360449757893,0.06810486425411777,0.06884612402451938,0.016287680876098245,0.01668780415764376,0.017087927458278522,0.017488050777761922,-0.0021968605855863543,-0.0021971654747696117,1.9082081100606287e-06,0.09106121268861539,0.0,1.0
1717,0.836,0.05717521273046905,0.3216287732396582,0.6618580299873629,0.2708546958930804,0.06728727411955682,0.16352748755660146,0.1648188343125849,0.16611018087475987,0.1674015272434167,0.06662389189582678,0.06735041317674398,0.06807693461391111,0.06880345620659852,0.01623363526629597,0.016625757430898315,0.017017879612243464,0.017410001810119074,-0.0021645334845678947,-0.002159977443043357,8.668429599837202e-06,0.09291910362180972,0.0,1.0
1717,0.92,0.05843530156547724,0.32144833609144163,0.6621992952720757,0.27077362248437675,0.06702708224354761,0.16365171603791404,0.164917121326285,0.16618252646214846,0.1674479314457282,0.06662568752241453,0.0673374996073028,0.06804931166350485,0.06876112369115459,0.016180400817962303,0.01656464729677081,0.016948893800369912,0.017333140328444588,,,,,,
1818,0.08,0.04734367494840851,0.3233396227699647,0.6586223793547146,0.27162316539068837,0.069754455254597,0.16234938894395828,0.16388686476839365,0.16542433279203342,0.16696179285032917,0.06660834091550141,0.06747330738904413,0.06833827458187731,0.06920324250426552,0.016738206615211595,0.01720514478749348,0.017672082899926167,0.018139020951965762,,,,,,
1818,0.164,0.04837574409546738,0.323130027155157,0.6590187451864301,0.2715290857766163,0.0694521690369535,0.16249364900955127,0.16400100720673075,0.16550836539521457,0.16701572357493355,0.06661042902166736,0.0674583239689873,0.06830621891781027,0.06915411386815133,0.016676573503309207,0.017134219380717654,0.01759186519811863,0.018049510954808022,-0.0024752245742488983,-0.0024706530989990877,6.087480505997844e-06,0.07960790402674461,0.0,1.0
1818,0.248,0.04943248448633074,0.3229236643060252,0.6594090304658178,0.27143639138161346,0.06915457815256862,0.1626356919855273,0.1641134023769958,0.16559111281220693,0.16706882329108774,0.06661227020625426,0.06744348861326607,0.0682747070489429,0.06910592551315026,0.016615627361619686,0.017064305465290194,0.01751298359004404,0.017961661735614694,-0.0024366471554885223,-0.0024270629009743422,6.096286443689266e-06,0.08120646823822655,0.0,1.0
1818,0.332,0.0505153440519272,0.32272090528899144,0.6597925644569204,0.2713451867895216,0.06886224875355818,0.16277556007484242,0.16422394750511782,0.165672334829581,0.16712072204737913,0.06661424781821933,0.06742894714443828,0.06824364636076767,0.06905834546609632,0.016556050632797418,0.016995725182820092,0.01743539946414777,0.0178750734737929,-0.0023999633336568983,-0.0024315866915255286,1.7162989085226854e-05,0.0828445407606423,0.0,1.0
1818,0.41600000000000004,0.05162561961529881,0.32252046972884485,0.6601715764037188,0.2712552814297467,0.06857314216653466,0.1629134019619795,0.16433306339022943,0.16575272481506123,0.1671723862364486,0.06661579647837457,0.06741447895357099,0.0682131615946231,0.06901184440317804,0.01649696990381424,0.016927847263945698,0.01735872422278118,0.017789600775993546,-0.0023644054368544692,-0.0023601605459486175,4.103105317783177e-06,0.08452408957337997,0.0,1.0
1818,0.5,0.05276452533287103,0.3223234157335877,0.6605442402210961,0.27116680044584907,0.06828895933305487,0.16304907427555576,0.16444039815176417,0.16583172199336355,0.1672230458004127,0.06661772453695125,0.06740037489187145,0.06818302528897144,0.06896567572805494,0.016438583805386625,0.01686102116265087,0.01728345851187034,0.01770589585314704,-0.0023299295718074453,-0.0022797414766715495,2.266794965051081e-05,0.08624694316281901,0.0,1.0
1818,0.584,0.05393323328648394,0.32212897737287627,0.6609119392803047,0.27107953019647024,0.06800853052322525,0.1631828517084119,0.1645462737597276,0.16590969584566562,0.16727311796649957,0.06661954725451248,0.06738643746848967,0.0681533276561688,0.06892021781729929,0.016381199219288003,0.016795154829640647,0.01720911043599261,0.01762306603830398,-0.0022961548145104278,-0.0023415926706689383,4.6267692942048315e-05,0.08801488110202964,0.0,1.0
1818,0.668,0.05513289909622136,0.32193757456000893,0.6612739765120756,0.27099346510915273,0.06773255837877179,0.16331464223776745,0.16465054345827307,0.1659864447381566,0.16732234607787846,0.06662143273176187,0.06737272189589927,0.06812401085982096,0.06887529962167063,0.016324811509002755,0.016730363629460114,0.017135915655150782,0.017541467585158142,-0.0022630482705492108,-0.0022682522578382886,1.2421304840759455e-05,0.08982964711229853,0.0,1.0
1818,0.752,0.05636467897508997,0.3217488329381721,0.6616309157952895,0.2709087252821808,0.06746035892252976,0.16344460110158623,0.1647533529624496,0.1660621048791473,0.16737085685210643,0.06662312664439622,0.06735916321054032,0.06809519960400685,0.06883123582323737,0.01626909819673652,0.01666642592247217,0.017063753593626895,0.017461081209694175,-0.002230425950502506,-0.002179118341110937,3.697007775572439e-05,0.09169299278709417,0.0,1.0
1818,0.836,0.05762974164891031,0.3215628628162227,0.6619826947187413,0.27082506784177496,0.06719223743948374,0.16357268580856887,0.16485467768951578,0.16613666962006615,0.16741866160059043,0.06662481987624197,0.06734578473766104,0.06806674939160788,0.06878771383626407,0.016214280955508757,0.016603466621470452,0.016992652193061297,0.017381837669443238,-0.00219824875034775,-0.00218665999212504,3.969702500616393e-05,0.0936066852783142,0.0,1.0
1818,0.92,0.05892927706833166,0.3213794846578742,0.6623294843168777,0.27074274917333063,0.06692776650979168,0.16369896219868788,0.16495456809928571,0.16621017402946398,0.1674657799894401,0.0666264198544719,0.06733259823674648,0.06803877648475508,0.06874495459735717,0.016159999381716115,0.01654129411086597,0.016922588991701463,0.017303884025508143,,,,,,
1919,0.08,0.04718467161429185,0.32337266909237616,0.6585598582958259,0.27163805310042816,0.06980208860374618,0.1623266916426024,0.1638688798464379,0.16541105872506437,0.16695322808172117,0.06660803893434104,0.06747568758953572,0.0683433375978793,0.0692109889786721,0.016747877986483778,0.017216307511258425,0.017684736913602825,0.01815316619240115,,,,,,
1919,0.164,0.04819902286499542,0.3231652067312221,0.6589522055796788,0.27154489973656837,0.06950289468375266,0.16246937711200532,0.16398182663115382,0.16549427615448487,0.16700672568203484,0.06661002524991821,0.06746082498877701,0.06831162480337544,0.06916242469449774,0.01668691348483842,0.01714612028665789,0.01760532707189647,0.018064533840359883,-0.0024483481300723716,-0.0024477581849594704,1.072673548568221e-05,0.07934057165651379,0.0,1.0
1919,0.248,0.049236947483631194,0.32296116497899063,0.6593381210686472,0.271453207932737,0.06920867099861587,0.16261019621487888,0.1640930859778517,0.16557597514839534,0.16705886372752127,0.06661184164344963,0.0674461484559835,0.06828045538959429,0.06911476244370951,0.01662667469820438,0.017077003375865558,0.01752733208859595,0.01797766083594998,-0.002409965046832514,-0.0024423310494962164,1.95458313441106e-05,0.08091067238930733,0.0,1.0
1919,0.332,0.05029979141181806,0.3227601630790312,0.6597181547495736,0.2713631469040819,0.06891869834634443,0.16274814765166903,0.16420240829931756,0.16565666901108841,0.16711092978749859,0.06661403808113917,0.06743187067439713,0.06824970302326556,0.06906753512528006,0.016567385331616655,0.017008911506871196,0.017450437674235268,0.017891963833621304,-0.002373281647185808,-0.002347106934698013,1.410501139345221e-05,0.08251846928497142,0.0,1.0
1919,0.41600000000000004,0.05138874962569693,0.32256248434082513,0.6600922042226698,0.2712739770852431,0.06863381869208696,0.16288455418068254,0.16431021889622366,0.165735883413354,0.16716154773240965,0.06661531239786589,0.06741743347221672,0.06821955480879258,0.0690216764063679,0.016509215697894968,0.016942041737664795,0.01737486769263785,0.017807693563889355,-0.00233791598793018,-0.002388451479384474,1.9746576249044406e-05,0.08416576721952253,0.0,1.0
1919,0.5,0.05250493131764556,0.3223674938295128,0.6604610407779096,0.2711862723458047,0.06835268687628569,0.16301876857426978,0.16441642972483267,0.16581409076971498,0.16721175170909214,0.06661707041326609,0.0674034020440854,0.06818973390212571,0.06897606598632748,0.016451618233058886,0.016875987229045573,0.017300356217039355,0.01772472519714188,-0.0023034293598507977,-0.0022737884011674713,1.8885318674973047e-05,0.08585425344691897,0.0,1.0
1919,0.584,0.05364939829274525,0.3221755491436836,0.6608239341017498,0.2711003013175553,0.06807576458069499,0.16315088100791858,0.16452094935679856,0.1658910176998882,0.16726108603714443,0.06661915188146467,0.06738976756726409,0.06816038317248006,0.06893099869634649,0.0163951163010261,0.016810999684673478,0.017226882837579578,0.01764276575741583,-0.0022697136985374115,-0.0023434953954952465,3.20788214830189e-05,0.08758551197509128,0.0,1.0
1919,0.668,0.054823188952428416,0.3219862672353529,0.6611818768078426,0.27101535559980594,0.06780276759235172,0.16328120802233995,0.16462404881621467,0.16596688959891895,0.16730973037036892,0.06662089546945067,0.06737619115110949,0.06813148674099366,0.06888678223825215,0.01633922482176378,0.016746869652002994,0.017154514313617215,0.017562158804967733,-0.002236545626159868,-0.0022000420100698453,1.9042200709430756e-05,0.08936113883283434,0.0,1.0
1919,0.752,0.056027334040864823,0.3217998226894805,0.6615346461579403,0.27093129871918414,0.06753405512287543,0.16340958521271312,0.16472563607866833,0.1660416869724101,0.16735773789414882,0.06662258903478438,0.06736274624473429,0.06810290328515371,0.06884306015451176,0.016284181461711792,0.016683736372276017,0.017083291236109903,0.017482846052777716,-0.0022038742999000663,-0.0022443194531644706,4.053936760310372e-05,0.0911826786503657,0.0,1.0
1919,0.836,0.05726286744978808,0.321616121437513,0.6618822210045169,0.27084848653258964,0.06726929246289351,0.16353625886614018,0.1648257898346423,0.16611532073550533,0.16740485156822912,0.06662402439433202,0.0673494225510971,0.06807482071152206,0.06880021887563849,0.016229858223200284,0.016621501352040526,0.017013144679699266,0.017404788207953426,-0.002171611781059799,-0.0021730712759175635,1.342119930121769e-06,0.09305170010041366,0.0,1.0
1919,0.92,0.0585308339389686,0.3214348855262692,0.6622246998521057,0.27076764854155816,0.0670076516063362,0.16366080676123707,0.1649243855397297,0.16618796435221053,0.1674515431989285,0.06662593110159441,0.06733658521975484,0.06804723919477408,0.06875789302543482,0.016176324166077487,0.016560049872714575,0.016943775754529017,0.017327501813015123,,,,,,
2020,0.08,0.04720840788110232,0.3233678861474033,0.6585684318317546,0.27163684917847974,0.06979471898976562,0.16233008319218328,0.1638714351835237,0.16541278397051273,0.1669541294855349,0.06660824662200968,0.06747555676505457,0.06834286736451509,0.06921017842690041,0.016746549739900817,0.017214636364684493,0.01768272305967326,0.018150809825507052,,,,,,
2020,0.164,0.04822668501256036,0.323159753504828,0.6589625146828123,0.27154245895161566,0.06949502636557212,0.16247315718352184,0.16398480484094002,0.16549645249940959,0.16700810015894088,0.0666101630928052,0.06746046419085026,0.06831076528693172,0.06916106638102848,0.01668530238924541,0.017144271861271657,0.017603241327423268,0.01806221078763178,-0.0024557336620899856,-0.0023855689572627853,3.4265056187377814e-05,0.07938241737216348,0.0,1.0
2020,0.248,0.04926904919845236,0.3229550640538952,0.6593496256341029,0.27145053521881063,0.06919983914708663,0.1626139840134201,0.16409626555490797,0.1655785471791025,0.16706082888667234,0.06661219067435988,0.06744581954558307,0.06827944824076516,0.06911307675810252,0.016624946380952813,0.017074955354767003,0.017524964273835385,0.017974973137531432,-0.0024179112939137735,-0.002414471884213535,1.6544364108393888e-06,0.080959233119009,0.0,1.0
2020,0.332,0.050336916214138765,0.3227533818801424,0.659731093481556,0.27135987343641355,0.06890903308203053,0.16275317613396328,0.1642062412276814,0.16565930591707606,0.1671123702028353,0.06661361391551399,0.06743118337367061,0.0682487530884825,0.06906632305874641,0.016565452580813437,0.01700665639648012,0.017447860178233097,0.017889063926503877,-0.002381841364043436,-0.0023827984569887973,6.939140799150321e-07,0.08257463027628593,0.0,1.0
2020,0.41600000000000004,0.05143155686259109,0.32255510412321564,0.6601058789928527,0.2712712282702422,0.06862289273690506,0.16288961213285763,0.16431418400344158,0.16573875568342444,0.16716332717312898,0.06661572449290973,0.06741711284399936,0.06821850124316155,0.06901988969017157,0.016506929712212546,0.016939458716763056,0.017371987686391706,0.017804516621537748,-0.002347167393776265,-0.0023624813307105536,1.609083112388024e-05,0.08423052319416541,0.0,1.0
2020,0.5,0.052554162917819496,0.3223591788919359,0.6604766039976403,0.2711828623649334,0.06834053363742641,0.16302429238824379,0.1644208647359796,0.1658174371731005,0.16721400970031644,0.06661769119521548,0.06740304097877697,0.06818839048369107,0.06897373970724986,0.01644922962164621,0.01687316558739994,0.017297101392652905,0.017721037035727357,-0.0023133496245557076,-0.002364525380238456,3.8678194674798374e-05,0.08592872211815447,0.0,1.0
2020,0.584,0.05370588612887821,0.3221662646968325,0.6608415543062718,0.27109600906468195,0.06806243662904643,0.16315723517699907,0.16452600408686843,0.1658947730314342,0.16726354201097002,0.0666193178136208,0.06738910758200002,0.06815889715083427,0.06892868651822687,0.016392346757681375,0.01680785513295624,0.01722336334531005,0.01763887139309877,-0.0022803497072211203,-0.0022770953658483844,7.798517684920758e-06,0.08767096807504259,0.0,1.0
2020,0.668,0.054887862721244955,0.3219760581669592,0.6612011203856004,0.2710108986722685,0.06778798094213109,0.16328821999153684,0.1646295934009665,0.16597096680113232,0.1673123401919647,0.06662103378693575,0.06737549444546076,0.06812995499757649,0.06888441544229551,0.016336238050140294,0.016743409660450684,0.01715058104124548,0.01755775219029463,-0.002247961306595057,-0.002247808521009182,1.32811650332334e-07,0.08945897406055199,0.0,1.0
2020,0.752,0.05610122960398179,0.32178853820224756,0.661555852845324,0.27092650030186005,0.06751764685281597,0.16341728967249938,0.1647317386730545,0.16604618771153629,0.1673606367882338,0.06662273252618249,0.06736199432764768,0.06810125597654208,0.06884051747148776,0.016280695168918485,0.016679839448250383,0.01707898385257824,0.017478128383068867,-0.0022160846412236884,-0.0022155809450693353,7.06548507758273e-07,0.09129446653800603,0.0,1.0
2020,0.836,0.057347135595406364,0.32160372350452426,0.6619053851335885,0.2708434847177421,0.06725113014866935,0.16354454474065805,0.1648324124069637,0.16612028011646915,0.16740814786949762,0.06662439465188395,0.06734871242738655,0.06807303006748382,0.06879734757098775,0.016226269761542542,0.016617278287986183,0.01700828680042037,0.017399295298720262,-0.0021846559406551664,-0.002188867751239108,2.686117001414622e-05,0.09317918045430566,0.0,1.0
2020,0.92,0.0586267495356773,0.3214215283194984,0.6622499947490572,0.270761582770224,0.06698842248071867,0.16366997944791936,0.16493165889720898,0.16619333841179018,0.16745501799213866,0.06662611382155088,0.0673356352155676,0.06804515639003114,0.06875467734307439,0.016172553427246494,0.016555588254660678,0.01693862303398915,0.01732165776482234,,,,,,
2121,0.08,0.047146034670849775,0.3233808417548966,0.6585441229698588,0.2716422815439602,0.06981359548618093,0.16232065720429983,0.16386424269928265,0.16540782351464234,0.16695139955163396,0.06660845718621737,0.0674765325693484,0.06834460807711128,0.06921268371128318,0.016750466643427345,0.01721908812568035,0.01768770961266089,0.01815633110441235,,,,,,
2121,0.164,0.048156219076077894,0.3231737202150581,0.658936013802207,0.2715489050120596,0.06951508118573353,0.16246352474774145,0.16397717721002036,0.1654908296816722,0.16700448216277297,0.06660968921324108,0.06746138031639506,0.06831307180359689,0.06916476367882655,0.01668962335965235,0.017149054887819606,0.017608486061560104,0.01806791687670147,-0.002442063778939846,-0.0024435487350565866,2.071367620841843e-06,0.0792758214105889,0.0,1.0
2121,0.248,0.049189710482854525,0.3229704046120434,0.6593206150108669,0.271457421271455,0.06922196371767811,0.16260316529948154,0.16408782376094747,0.16557248298377233,0.16705714296666563,0.06661207194735361,0.06744692769016021,0.06828178318897991,0.06911663844496131,0.01662940729242488,0.017080129696603535,0.017530852131606354,0.017981574597043342,-0.002403738350819301,-0.002334816738000856,3.6173380366080843e-05,0.08083921386088222,0.0,1.0
2121,0.332,0.050247827792981786,0.3227699327230459,0.6596998243482123,0.2713672422267559,0.06893293342503186,0.16274167613916066,0.16419719623289158,0.1656527161338362,0.16710823584232387,0.06661354582896838,0.06743238888594186,0.06825123208534273,0.06907007542650295,0.016570288442120572,0.017012251709521392,0.01745421499000364,0.017896178283386258,-0.002367048126059059,-0.0023310819210017853,3.813318438430875e-05,0.08243986148539705,0.0,1.0
2121,0.41600000000000004,0.0513317391215024,0.32257273485512555,0.6600727723250364,0.271278672499509,0.06864855517545472,0.16287731749149859,0.16430456785027583,0.1657318182605445,0.16715906872271744,0.06661553987452012,0.06741829209327072,0.06822104423444479,0.06902379629727337,0.016512116132865778,0.016945464549205272,0.01737881300193499,0.01781216149144868,-0.0023316493728115363,-0.0022854265210443103,2.747192040432356e-05,0.08407952471531815,0.0,1.0
2121,0.5,0.05244252632419011,0.32237808462768913,0.6604409124509856,0.27119122633906473,0.06836786120994948,0.1630112936978336,0.16441058327519067,0.16580987290132768,0.16720916257663368,0.06661700250820893,0.06740420508816854,0.0681914078742457,0.06897861086844158,0.016454213276973044,0.016879380804458857,0.01730454906431426,0.017729718064203315,-0.002297085252812022,-0.002334447441688229,3.540829225496186e-05,0.08575984522506482,0.0,1.0
2121,0.584,0.05358122300027544,0.3221866344619173,0.6608027230164388,0.27110577242739814,0.06809150455616307,0.16314303788596668,0.16451479974352867,0.1658865616827309,0.16725832370421254,0.06661932248498358,0.06739073640349569,0.06816215006671197,0.06893356347220692,0.016398143563193242,0.01681463193009649,0.017231120322428146,0.017647608740445193,-0.0022633189090613803,-0.002332000503949686,3.064248167117633e-05,0.08748238152795028,0.0,1.0
2121,0.668,0.054748838225618816,0.32199794966921746,0.6611598782065886,0.2710204113560983,0.06781971043731327,0.1632733450466443,0.16461776158499716,0.16596217782070288,0.16730659375424425,0.06662055409542951,0.06737691985339145,0.06813328571812985,0.06888965168914747,0.016342537833357224,0.016750797661885246,0.01715905752369785,0.01756731741837296,-0.0022301177609846644,-0.0022101499769375237,3.5895516537600474e-05,0.0892486693036527,0.0,1.0
2121,0.752,0.055946372130337374,0.32181192351965415,0.6615117873371398,0.2709366802602069,0.06755153240265345,0.16340124692364222,0.16471904685724753,0.1660368468010911,0.1673546467551589,0.06662223716891574,0.06736352573291578,0.06810481434711038,0.06884610301126504,0.01628764905643817,0.016687805048501522,0.017087961096873914,0.017488117200839842,-0.002197365221644225,-0.0021969131131383667,1.5046699422096855e-06,0.09106020519576034,0.0,1.0
2121,0.836,0.05717482658716114,0.32162896441501776,0.6618579538827256,0.27085421085115613,0.06728783526611821,0.16352747944589774,0.16481881886995398,0.16611015818291494,0.16740149738395896,0.0666237723724131,0.06735029251067039,0.06807681278162682,0.0688033331864458,0.016233771775860852,0.016625896451302438,0.01701802115418887,0.017410145884766054,-0.0021650954243520857,-0.002162114933666399,5.20058193271858e-06,0.09291851756242733,0.0,1.0
2121,0.92,0.05843521284897787,0.32144833801665806,0.6621992490939597,0.27077370842322057,0.06702704248281979,0.16365171035577478,0.1649171117451109,0.16618251296809744,0.16744791402497655,0.06662574062785839,0.0673375316574882,0.06804932262054225,0.06876111351733176,0.016180351298278238,0.01656462414110917,0.01694889704230583,0.017333170001126552,,,,,,
2222,0.08,0.04721316905756368,0.32336672868585753,0.6585711171763741,0.2716353366943939,0.06979354612923219,0.1623307570257811,0.16387210941297647,0.16541345552081865,0.16695479521679785,0.06660806988834121,0.0674752456592059,0.06834242205679569,0.06920959909005105,0.016746410093256295,0.017214394415804204,0.017682378693683568,0.018150362926488126,,,,,,
2222,0.164,0.04823075142213285,0.32315883224334596,0.6589642173445629,0.27154212449972087,0.06949365815571618,0.16247359751750332,0.16398523531689063,0.1654968732355915,0.16700851127457747,0.06661035515152325,0.06746047258971634,0.0683105898445024,0.06916070691397888,0.0166850679346057,0.01714396572956434,0.017602863436666293,0.018061761054879836,-0.0024532884760270035,-0.0024920858322972895,2.098868717984636e-05,0.07938856858999829,0.0,1.0
2222,0.248,0.04927207991121804,0.322954537269195,0.6593506356702322,0.27145027109555253,0.0691990932342154,0.16261478554535466,0.16409670152054928,0.16557861690490333,0.16706053169942495,0.06661189359547433,0.06744567626985914,0.06827945911127706,0.06911324211894199,0.016624765932122167,0.01707477084494023,0.017524775764988884,0.017974780692164113,-0.0024148410557115647,-0.002384071597431867,2.515593158909253e-05,0.08096381723841463,0.0,1.0
2222,0.332,0.05033850897587168,0.3227531349816053,0.6597315310472451,0.2713598213001593,0.06890864765259576,0.16275295803670248,0.1642062411059674,0.1656595242961999,0.16711280760837538,0.06661411420768396,0.06743134180887186,0.06824856912634922,0.06906579615725426,0.01656534562214191,0.01700655649150061,0.017447767347864417,0.017888978191088825,-0.0023780532450196805,-0.002340790899346341,2.0960263475709236e-05,0.08257703770568547,0.0,1.0
2222,0.41600000000000004,0.0514312403208775,0.32255487982499775,0.6601066226322831,0.2712704886521076,0.06862288871560913,0.16288973154701988,0.16431434768290315,0.16573896372597297,0.16716357967638718,0.06661541935372335,0.06741688776838489,0.06821835637057648,0.06901982515942288,0.016506888725266664,0.0169394443630229,0.017371999997770848,0.01780455562954872,-0.0023425323883912415,-0.0023423554627088872,1.936909648442166e-06,0.08423004439403964,0.0,1.0
2222,0.5,0.05255138853119509,0.32235946208613225,0.6604761034082247,0.27118291956310997,0.0683409770286654,0.1630241861011992,0.16442074593312536,0.16581730576802006,0.1672138656058801,0.0666172444908529,0.06740290131123597,0.06818855830116649,0.0689742154598546,0.01644917866604672,0.01687322237909492,0.017297266113759053,0.01772130986976471,-0.0023079140433332314,-0.002310113844049969,9.147950666776721e-07,0.08592452465075759,0.0,1.0
2222,0.584,0.053700019711412264,0.3221672497201528,0.6608397071479795,0.27109641997019873,0.06806387288182192,0.16315679246237857,0.16452554887762733,0.16589430499449764,0.16726306081347597,0.06661894092596364,0.06738905016491079,0.06815915961226539,0.06892926926705889,0.016392610403752866,0.01680818232733644,0.017223754182028997,0.017639325968703615,-0.0022740916417761424,-0.002234000793179326,2.1183979943181895e-05,0.0876620928960234,0.0,1.0
2222,0.668,0.05487817560497393,0.3219778447677464,0.6611978336889899,0.2710115167295324,0.06779064958147771,0.16328714293981517,0.1646286866879943,0.16597023029628127,0.1673117737648991,0.06662075831023309,0.06737550544481881,0.0681302527498739,0.06888500022460654,0.016336775866656057,0.016744033627312558,0.01715129127534052,0.01755854881216858,-0.002240837931115867,-0.002238510361243088,1.8282464210172238e-06,0.08944431675337482,0.0,1.0
2222,0.752,0.05608688941458494,0.3217907465938788,0.6615516514178839,0.2709275418513034,0.0675208067308129,0.16341585262546707,0.16473055945944726,0.1660452662715022,0.16735997306146735,0.06662267447548015,0.06736214853017701,0.06810162249038763,0.06884109635525862,0.016281576521501077,0.01668066010584381,0.01707974347537521,0.017478826628092796,-0.002207938551148452,-0.002256971899447858,3.528580980491505e-05,0.09127276971311703,0.0,1.0
2222,0.836,0.05732719664569055,0.3216065904903269,0.6618999139058773,0.27084487055382206,0.06725521554030053,0.1635425203298051,0.16483082571689076,0.1661191311698892,0.1674074366892923,0.06662444774357958,0.06734896113827174,0.06807347433623293,0.06879798733573779,0.016227033938338048,0.01661821384775273,0.01700939383959838,0.01740057391461137,-0.0021754806956076336,-0.0021769186904004017,1.164963853485379e-06,0.09314901384479696,0.0,1.0
2222,0.92,0.058600142843639735,0.3214251994623387,0.6622430379415728,0.2707632592423921,0.06699370281603512,0.16366747523623798,0.16492966470993753,0.1661918542221726,0.16745404377322473,0.06662601276662516,0.06733588089408907,0.06804574887464232,0.06875561670703555,0.01617351298050666,0.01655678805126029,0.01694006323913608,0.017323338545132086,,,,,,
2323,0.08,0.04712243880046174,0.32338575209989356,0.658534891488491,0.271644376690039,0.0698207318214698,0.16231742594783585,0.1638616245124251,0.16540582215925767,0.1669500188689724,0.06660796512773647,0.06747671756316363,0.068345470388832,0.0692142236103069,0.01675189273166419,0.017220752864159177,0.017689613021558134,0.018158473204088307,,,,,,
2323,0.164,0.04812978287008074,0.3231796889431463,0.6589249155952055,0.2715512056657683,0.06952387873902632,0.1624596317086969,0.1639740298632675,0.16548842797616964,0.1670028260470715,0.06661034279756312,0.06746198211758561,0.0683136210773857,0.06916525967323384,0.01669133116500382,0.0171510902721934,0.017610849238764416,0.01807060806306468,-0.0024377283031969395,-0.0024395317183328164,4.632289604524195e-06,0.07923582569438774,0.0,1.0
2323,0.248,0.04916030279316988,0.32297598736390987,0.6593099845619581,0.2714600729963841,0.0692299424416577,0.1626001192849643,0.1640850377645934,0.16556995537993577,0.1670548721324646,0.06661171778892219,0.06744725130695912,0.0682827850083303,0.06911831889217251,0.016631047591397753,0.017082006264535418,0.017532964947012685,0.017983923638711846,-0.0023993744579130097,-0.002390805214770237,3.044267272447894e-05,0.0807947288589607,0.0,1.0
2323,0.332,0.050215319928703074,0.3227757226528981,0.6596886391845388,0.2713703127879285,0.06894104802753262,0.1627373583103098,0.16419389257872127,0.1656504269301738,0.16710696136533393,0.06661394495493518,0.06743303395859869,0.06825212269947617,0.06907121117491848,0.016572099714091435,0.017014208070057126,0.01745631618553587,0.01789842405784819,-0.002362816250343346,-0.002366268884346557,1.0010547815200128e-05,0.08239068772630218,0.0,1.0
2323,0.41600000000000004,0.05129600810827936,0.32257902011550244,0.6600608964581718,0.2712814733653152,0.06865763017651305,0.16287311231278437,0.1643011869279634,0.16572926142208108,0.16715733579534295,0.06661520532734672,0.06741864718455512,0.06822208927020056,0.0690255315832128,0.016514031912492122,0.016947615691143114,0.017381199433338164,0.017814783139539644,-0.002327643578768859,-0.0023500144745794405,1.6081937597660092e-05,0.08402547444797406,0.0,1.0
2323,0.5,0.05240345793152733,0.3223848444232469,0.6604279688416889,0.27119458090579923,0.06837745025251192,0.16300660280822665,0.16440686237049235,0.16580712199143857,0.1672073816715313,0.06661745344864856,0.06740491479591243,0.06819237590067052,0.06897983676056774,0.016456487994250403,0.016881737534723076,0.017306987332690402,0.017732237390848036,-0.0022933308541564857,-0.0022975583149703583,2.5541143461265082e-05,0.08570074573337966,0.0,1.0
2323,0.584,0.05353871472099888,0.3221937773828139,0.6607894701686827,0.2711084683865879,0.06810206144472922,0.1631383215422035,0.1645110188760869,0.16588371620911363,0.16725641354127874,0.06661893084165556,0.06739105503120218,0.0681631791914899,0.06893530332224031,0.01640039977312179,0.016817143558170444,0.017233887253931938,0.017650630859505054,-0.002259826297052361,-0.002282757974608055,1.2105830544597373e-05,0.08741807753734401,0.0,1.0
2323,0.668,0.05470280230827815,0.32200530695921525,0.6611459214566928,0.2710238005558966,0.06783027798741051,0.1632682894654816,0.16461375027526712,0.16595921076893988,0.16730467094700419,0.06662050628796243,0.06737746877696771,0.06813443138361391,0.06889139410735252,0.01634471416624272,0.01675328437203328,0.017161854599817644,0.017570424849316854,-0.0022268800556072632,-0.0022043031219769176,2.130777346398514e-05,0.08917902662732902,0.0,1.0
2323,0.752,0.05589673872393451,0.3218196913563307,0.6614971356985405,0.2709400907484835,0.06756277355297609,0.16339596005649545,0.16471484263559913,0.16603372521418736,0.16735260779225855,0.06662221707061541,0.06736408748330037,0.06810595789346932,0.0688478283010984,0.016290032908316408,0.01669047323335713,0.017090913550781933,0.017491353860520618,-0.0021944634302819973,-0.0021932106320541444,1.4435865161151798e-06,0.09098512324091486,0.0,1.0
2323,0.836,0.05712154703399053,0.3216367170902229,0.6618429571929166,0.2708583619800902,0.06729868082699311,0.16352197871949092,0.1648144858549338,0.16610699286590355,0.1673994997525883,0.06662391701195464,0.06735103261039645,0.06807814829434343,0.0688052640633957,0.016235994879549444,0.016628445099483777,0.017020895316706336,0.017413345531253552,-0.0021624619541584043,-0.002171782682983817,7.138121067225461e-06,0.09283792127351206,0.0,1.0
2323,0.92,0.05837826314853619,0.32145641524297774,0.6621841530333902,0.2707769764566274,0.06703887050998251,0.16364611142598684,0.16491272932569118,0.16617934720819305,0.16744596507351908,0.0666253882701932,0.0673379587260266,0.06805052934226172,0.06876310011814592,0.016182908682997304,0.016567448012156306,0.01695198729191799,0.01733652652291091,,,,,,
2424,0.08,0.04730164503187747,0.3233483375764685,0.6586059161177327,0.2716270425096395,0.06976704137262779,0.16234342439071509,0.16388212767087812,0.16542083067053506,0.16695953338560443,0.06660884093296882,0.0674741201652444,0.06833940023684211,0.06920468117458416,0.01674088570541393,0.0172081354279127,0.01767538520444797,0.01814263503485319,,,,,,
2424,0.164,0.04833738298238047,0.32313763668822604,0.6590043731886155,0.27153246466201564,0.06946316214936883,0.16248813277518206,0.1639967729973516,0.1655054134078611,0.16701405400822067,0.066610219514687,0.06745881719353444,0.06830741500458494,0.0691560129492093,0.01667883274530228,0.017136804658680154,0.017594776494259615,0.018052748251126783,-0.002489991713348495,-0.002476793825893079,2.355211849158927e-05,0.07954987846301965,0.0,1.0
2424,0.248,0.04939997780188281,0.3229300711274431,0.6593969200078318,0.27143925622619247,0.06916382376597567,0.1626316025813011,0.16411002098145638,0.16558843920239744,0.16706685724267686,0.0666123093192525,0.06744397918115659,0.0682756489876427,0.06910731873814065,0.016617574170383665,0.01706649537696067,0.01751541654489292,0.017964337673738416,-0.0024557695913005784,-0.002397770235950875,2.285956441467069e-05,0.08115730057112458,0.0,1.0
2424,0.332,0.05049125350353495,0.32272499796791204,0.659784845314606,0.2713469828110818,0.06886817187431238,0.16277253065881903,0.16422165109803205,0.165670771548262,0.16711989200949287,0.06661419878379676,0.06742923018288692,0.06824426140210585,0.06905929244229231,0.016557042434998764,0.016997042777078197,0.017437043139682664,0.017877043522552764,-0.002423534607656184,-0.002371938284721762,2.6684377895802545e-05,0.08280810917707858,0.0,1.0
2424,0.41600000000000004,0.051612918399510536,0.32252274282820637,0.6601672724961287,0.2712563122470547,0.06857641525681657,0.16291177536101809,0.16433180386306037,0.16575183237503302,0.16717186089701722,0.06661594515035725,0.06741470043011537,0.06821345570166344,0.06901221096491869,0.016497436176170707,0.016928547994814958,0.01735965972376834,0.017790771362062575,-0.0023928822687435095,-0.0023892813176291223,4.75966314647943e-06,0.0845048869021496,0.0,1.0
2424,0.5,0.0527666311529348,0.3223228876082843,0.660545271158771,0.2711664989881775,0.06828822985305166,0.16304940572271176,0.16444068041267837,0.16583195513461688,0.16722322988876398,0.06661751143281616,0.06740025348378878,0.0681829957719515,0.06896573829962108,0.016438597641261925,0.01686090436726593,0.017283210826957038,0.017705517017566764,-0.002363385226919685,-0.002353652918942598,1.7528817472302194e-05,0.08625014439134827,0.0,1.0
2424,0.584,0.053954039359160766,0.322125720905995,0.6609180775567989,0.27107810853308556,0.06800381391011559,0.16318534145274338,0.1645481269374521,0.16591091213143636,0.16727369703516706,0.06661946603049776,0.06738617334304664,0.06815288078970085,0.06891958836984029,0.01638026178620014,0.016794056258231337,0.017207850713489764,0.017621645152194346,-0.002334880146690437,-0.002343833550120381,1.5381533860193243e-05,0.08804637221980245,0.0,1.0
2424,0.668,0.055176803498656016,0.32193094763267094,0.6612867388983752,0.27099003009434636,0.06772323100727845,0.16331964390940942,0.16465433790931314,0.16598903172490076,0.16732372535475182,0.06662089193678379,0.06737196876165495,0.06812304593521293,0.06887412346069467,0.016323242371509405,0.016728286331619716,0.017133329733230628,0.017538372570918698,-0.002307118849999794,-0.002300191828054005,5.576724581661683e-06,0.0898960810963464,0.0,1.0
2424,0.752,0.05643661271114645,0.3217381075734731,0.6616512890147086,0.27090373005900575,0.06744498092628555,0.16345215623500473,0.16475926697579463,0.16606637762403642,0.16737348817987274,0.06662294867777813,0.06735827117652647,0.06809359376422826,0.06882891644047293,0.01626595500881611,0.01666281517679947,0.017059675315469765,0.017456535425200214,-0.002279847033035411,-0.0022836941748531608,1.1974096478402982e-05,0.09180183009177711,0.0,1.0
2424,0.836,0.057735195846714306,0.3215476775698767,0.662011522626485,0.27081802951410777,0.06717044785940723,0.16358320248570973,0.16486298791835027,0.16614277337290043,0.16742255884952453,0.06662471067315345,0.06734457514761602,0.06806443961577217,0.06878430407756612,0.016209725598746366,0.01659831647501251,0.016986907402869466,0.01737549838277889,-0.002253069681230213,-0.0022503705846051835,9.779115795264933e-06,0.09376623617234389,0.0,1.0
2424,0.92,0.05907432972897242,0.3213595317402117,0.6623672303521897,0.2707337668282489,0.06689900281956163,0.16371281187111297,0.164965475728635,0.16621813951678474,0.16747080323565688,0.06662643260963014,0.06733110531655152,0.06803577806056553,0.06874045084150172,0.016154229922074752,0.016534577109629398,0.016914924298672654,0.01729527148918481,,,,,,
2525,0.08,0.047212341938991764,0.3233670365413727,0.6585701206154564,0.27163630363117797,0.06979357575336553,0.16233057098618003,0.16387187980704473,0.16541318458562648,0.16695448523660505,0.06660834433197546,0.06747549853264997,0.06834265300715536,0.06920980775939721,0.016746402387534724,0.017214396775829175,0.01768239113256036,0.018150385457441274,,,,,,
2525,0.164,0.04823193663899619,0.32315876081593475,0.6589644036012752,0.271541990077667,0.06949360632105774,0.16247411771781245,0.16398543986071976,0.16549676197185112,0.16700808405089185,0.06660975237012483,0.06746024883889988,0.06831074575265325,0.06916124311598905,0.01668525261234341,0.017144018823718667,0.017602784686974873,0.01806155019802078,-0.002458492643662777,-0.0024497846891298448,9.921890304156077e-06,0.07939036102586389,0.0,1.0
2525,0.248,0.04927569398064456,0.3229536808977096,0.6593522367138891,0.2714499235798567,0.06919783970625422,0.16261492488412232,0.16409701436561555,0.16557910391907374,0.16706119354507754,0.06661203451962311,0.06744566544418168,0.06827929635727294,0.06911292725877899,0.01662449981749301,0.01707447322931757,0.017524446632500502,0.01797442002694313,-0.002420553110805687,-0.0024317796250426077,1.883064196544396e-05,0.08096928571478777,0.0,1.0
2525,0.332,0.05034501229322659,0.32275204832047427,0.6597336265918557,0.2713592524147072,0.0689071209934369,0.16275398379116449,0.16420693240385495,0.16565988095443393,0.1671128294424024,0.06661378054912442,0.06743113553897806,0.06824849059842812,0.0690658457281766,0.016565078309593927,0.017006212979890124,0.017447347583692485,0.01788848212026037,-0.002384419360213619,-0.0023846025982144476,7.202658501608251e-07,0.08258687615309399,0.0,1.0
2525,0.41600000000000004,0.05144114046511847,0.3225531059114437,0.6601098804682584,0.27126988602533814,0.06862023350640364,0.16289091982064294,0.16431528674134124,0.1657396535773777,0.1671640203288965,0.06661563078880642,0.06741685793051397,0.06821808507719423,0.06901931222882352,0.016506308146631343,0.016938808283517844,0.017371308445122503,0.017803808631131957,-0.0023494591306588387,-0.0023525379220453563,1.1036979091140827e-06,0.08424502254143415,0.0,1.0
2525,0.5,0.05256524373029417,0.3223572974807992,0.6604801962522489,0.2711819492261722,0.06833785452157914,0.16302568405157838,0.16442192737395747,0.16581817072419602,0.16721441410251695,0.0666175192474874,0.06740283135077396,0.0681881433584189,0.06897345526949193,0.016448686749048078,0.016872538113483614,0.017296389313043614,0.01772024034600384,-0.0023154848095230246,-0.002354056257268878,2.86427727826507e-05,0.08594548446467451,0.0,1.0
2525,0.584,0.05371844247969574,0.322163878494341,0.660846054452609,0.27109496278031225,0.06805898276707881,0.16315895488066656,0.16452732747720358,0.16589569991135414,0.1672640721833848,0.06661895851092953,0.06738881317288321,0.06815866802627714,0.06892852307022238,0.016391508456477265,0.0168069999466707,0.01722249143686631,0.017637982927064543,-0.002282122655590054,-0.0022804747393117396,6.592862884921662e-06,0.08768996171339351,0.0,1.0
2525,0.668,0.05490183656168303,0.3219738126369607,0.6612054416306969,0.2710097412820708,0.0677848170872324,0.16328967713048356,0.1646307992740017,0.16597192147931358,0.1673130437468981,0.0666210939107504,0.0673753216464795,0.068129549188831,0.06888377653600986,0.016335350940256385,0.016742586411065546,0.01714982200690869,0.01755705772900178,-0.0022494691377895944,-0.002288909160335152,3.534972592074448e-05,0.08948011193340545,0.0,1.0
2525,0.752,0.0561165212936522,0.32178628992323477,0.6615601689146737,0.27092536242653664,0.0675144686587896,0.16341889379182067,0.16473299273677192,0.1660470917011071,0.16736119068497396,0.06662268123688084,0.06736178755177279,0.0681008937643115,0.06883999987357155,0.016280268941189224,0.01667916788409481,0.017078066636594353,0.017476965196911217,-0.0022172352680512155,-0.002226667270086023,3.0503103999563863e-05,0.09131759682945638,0.0,1.0
2525,0.836,0.05736359850380478,0.3216012801456718,0.6619101448733248,0.2708421097677775,0.06724774535889759,0.16354603235811552,0.16483370132932443,0.16612137070408528,0.16740904048179958,0.06662433305654866,0.067348462738221,0.06807259228262048,0.06879672169038735,0.016225517877537492,0.016616463488193206,0.017007409145199194,0.017398354847967704,-0.002185345392804875,-0.0022212342079646463,3.525042620445221e-05,0.09320408268068998,0.0,1.0
2525,0.92,0.05864418447451521,0.32141909492997445,0.6622546207738078,0.2707604420191368,0.06698493720705559,0.16367170441521095,0.1649330049120243,0.16619430544179836,0.16745560600477413,0.06662603120966874,0.06733541748870704,0.06804480364456551,0.06875418967619548,0.016171784706584966,0.016554751082139395,0.01693771748947325,0.01732068392885798,,,,,,
2626,0.08,0.04725663755946975,0.32335767166761925,0.6585882992743595,0.27163116255921654,0.06978053816642386,0.16233680192648461,0.16387698374052023,0.16541716572498588,0.16695734788236877,0.06660851128887277,0.06747469726827143,0.06834088362642964,0.06920707037564273,0.016743787059135956,0.01721135209307431,0.017678917058522273,0.018146481955691324,,,,,,
2626,0.164,0.048278480433263486,0.32314943483422287,0.658982039595115,0.2715378046956944,0.0694801557091908,0.16248032670610982,0.16399044885532035,0.16550057097344645,0.16701069306023836,0.06661023421797015,0.06745971217420238,0.06830919015198392,0.06915866815153794,0.01668229959651799,0.01714079252424138,0.01759928539133733,0.0180577781970941,-0.002459220962860972,-0.0024339859414908966,1.613435248946557e-05,0.07946076918021522,0.0,1.0
2626,0.248,0.04932425683698561,0.3229445965988349,0.659369426087709,0.27144582582846555,0.06918474808382544,0.1626207301796131,0.16410181362630205,0.16558289824577266,0.16706398403602113,0.06661241393516368,0.06744510918799405,0.0682778040831116,0.06911049862219619,0.016621891079991624,0.01707142174358979,0.017520952352582383,0.017970482907661633,-0.0024205630709341936,-0.0024794775256777014,2.078882325894808e-05,0.08104274442360469,0.0,1.0
2626,0.332,0.05039533750024239,0.3227428752480266,0.6597510073482672,0.27135506781004404,0.06889392484168894,0.16276040036370792,0.16421196807811514,0.1656635356944677,0.1671151032119764,0.06661382468538674,0.06743045278946452,0.06824708100427074,0.06906370933092207,0.01656246474378901,0.01700314251009513,0.01744382009408245,0.01788449749372234,-0.00238363009223982,-0.0023929716762308133,2.5251781131945516e-05,0.08266300278782067,0.0,1.0
2626,0.41600000000000004,0.051492939384546584,0.3225439887155246,0.6601271031729282,0.2712658312690616,0.06860706555801012,0.1628972143806427,0.16432025538233164,0.16574329629403825,0.16716633711591564,0.06661571740642501,0.06741621099681046,0.06821670461248776,0.0690171982533384,0.016503633830389434,0.016935722194859,0.017367810571776335,0.01779989896098535,-0.0023478991014786936,-0.002346939605116225,2.080806168038663e-06,0.08432337827687031,0.0,1.0
2626,0.5,0.05261819211524748,0.3223482143582377,0.6604973514642007,0.27117791587747325,0.06832473265832606,0.16303194397127405,0.16442687322608066,0.1658218024934281,0.16721673177341803,0.06661759609943066,0.0674021847351196,0.06818677328741544,0.06897136175550757,0.016445861589117112,0.016869409278948092,0.017292957009390902,0.01771650478086995,-0.00231314268178868,-0.0023700142699190747,2.8353273841083836e-05,0.0860255858885527,0.0,1.0
2626,0.584,0.05377217713494048,0.32215539853432784,0.6608620874796844,0.27109116325953825,0.06804674926077721,0.16316490062214378,0.1645319816084827,0.1658990623629962,0.16726614288606184,0.06661913311246542,0.06738823816445794,0.06815734334102537,0.06892644864158952,0.01638906519603888,0.016804146631289433,0.017219228032712065,0.017634309400736833,-0.0022791292609118637,-0.002254263775196967,4.7297154335308833e-05,0.08777124337078322,0.0,1.0
2626,0.668,0.054955952180469614,0.32196530798344636,0.6612215302497356,0.27100591288904075,0.0677725568612236,0.16329552969927788,0.16463543156137603,0.1659753334933477,0.16731523549573404,0.06662104160303664,0.06737466605360522,0.06812829044767556,0.06888191478472334,0.0163330565158719,0.01673977844133728,0.01714650017849481,0.017553221725519607,-0.002245669205653061,-0.0022358987947754933,7.270106453668154e-06,0.08956197566902557,0.0,1.0
2626,0.752,0.0561705673741046,0.3217780888733375,0.6615755962317441,0.27092184462538743,0.06750255914286862,0.1634245637815417,0.164737453977408,0.1660503441559017,0.16736323431689276,0.06662278563907058,0.06736123604662267,0.06809968636033471,0.06883813657935946,0.016277847883339285,0.016676375965903857,0.017074903827513612,0.017473431466111862,-0.002212704737506908,-0.0021705026409253574,5.079236659010667e-05,0.09139935184116096,0.0,1.0
2626,0.836,0.05741707628598386,0.32159366724344673,0.6619245572061655,0.27083866144284696,0.06723678135098766,0.1635516451916898,0.1648379746563805,0.16612430403385386,0.1674106333242413,0.06662422316047843,0.06734785124051969,0.06807147940082581,0.06879510764102302,0.01622338992031193,0.01661392689554563,0.017004463825219085,0.017395000709911023,-0.0021801524262963726,-0.002186129404212545,4.85086347014615e-06,0.09328497656923357,0.0,1.0
2626,0.92,0.05869654385983414,0.3214117711711008,0.6622684426473651,0.2707572108016002,0.06697434655103457,0.16367672810780998,0.16493698311910393,0.16619723816742066,0.16745749325303058,0.06662613481518044,0.06733491350592026,0.0680436920460899,0.06875247043440963,0.016169574465605123,0.016552249187743593,0.016934923998639148,0.01731759889904671,,,,,,
2727,0.08,0.047243810768605725,0.32336043927210684,0.6585828523710446,0.2716328310175544,0.06978431661140086,0.16233486520475804,0.16387543017388595,0.1654159955757462,0.1669565614166545,0.06660806490013495,0.06747482722132606,0.06834158891999054,0.06920834997610292,0.01674427362646763,0.017212143847073702,0.017680014263303928,0.018147884874555598,,,,,,
2727,0.164,0.04826742695788307,0.3231513027473336,0.6589788004749915,0.2715380565589047,0.06948314296610374,0.16247910208265398,0.1639895009259909,0.16549989954031905,0.16701029792602756,0.06660996589467968,0.06745966465306899,0.06830936351904841,0.0691590624921076,0.01668283255750014,0.017141467995333542,0.017600103460529263,0.01805873895274079,-0.002465098456258197,-0.0025206674902286653,2.2371312331537735e-05,0.07944405197612339,0.0,1.0
2727,0.248,0.04931558976996191,0.32294602139678613,0.6593667352566128,0.27144645816415447,0.0691868065792329,0.16262032264370008,0.1641012301135184,0.16558213754904727,0.16706304495034704,0.06661201325636194,0.06744508071551795,0.06827814827072971,0.06911121592154487,0.016622218093002173,0.017071873781105674,0.017521529488922723,0.01797118521620232,-0.002427507206320849,-0.0024212355030982908,4.963932381205302e-06,0.08102963895509366,0.0,1.0
2727,0.332,0.05038974473390107,0.322743780564256,0.659749255244907,0.27135555429599956,0.06889519045909347,0.16275964490105116,0.16421142416434387,0.16566320344284233,0.1671149827366697,0.06661390929261807,0.06743056213167174,0.06824721499346947,0.0690638678782403,0.01656269753019913,0.01700343102561288,0.01744416436292045,0.017884897540361013,-0.002391663465262578,-0.0024519253303691125,2.5896297707762513e-05,0.08265454796104527,0.0,1.0
2727,0.41600000000000004,0.051491190525006815,0.3225441466951331,0.6601266427443085,0.2712662255276058,0.06860713172808561,0.16289695160656903,0.1643200909627705,0.16574323036419622,0.1671663698107728,0.06661585328512593,0.06741632206088041,0.06821679076970093,0.06901725941189855,0.016503542021494674,0.01693570256702471,0.01736786320507928,0.017800023934486948,-0.0023570065832077486,-0.0023778826436907075,2.6891401644375325e-05,0.08432073605663169,0.0,1.0
2727,0.5,0.052621145418333924,0.32234766431456524,0.6604984361810287,0.27117757992272506,0.06832398389624622,0.1630325792249477,0.164427266038113,0.16582195245167386,0.167216638466294,0.06661737757384108,0.06740205575007223,0.06818673406896272,0.06897141252984904,0.016445657993393786,0.01686921660222504,0.017292775278691223,0.01771633402193618,-0.002323370771858951,-0.0023216387243715753,9.148793287292512e-06,0.08603005098918583,0.0,1.0
2727,0.584,0.053780786563287164,0.32215395838261107,0.6608647847104796,0.27109056930367037,0.06804464598585,0.16316571878962097,0.16453270370561054,0.16589968863558685,0.16726667357966116,0.06661930446846617,0.06738819640522457,0.06815708829441006,0.0689259801355696,0.01638859715313934,0.016803640051592916,0.01721868294570016,0.01763372583541758,-0.002290468365421917,-0.0023132103445178114,1.3458772883318284e-05,0.08778427368152136,0.0,1.0
2727,0.668,0.05497127463597716,0.3219629042139998,0.6612260909595686,0.2710048040341967,0.06776910500623473,0.1632972276492192,0.16463675768271868,0.16597628775656353,0.16731581787106714,0.06662115989036672,0.06737452074662217,0.06812788143706167,0.06888124196014611,0.016332160450494092,0.016738904255340456,0.017145648153754495,0.017552392146645696,-0.002258132299501879,-0.0022580115761165736,3.638900710969642e-07,0.08958515468003415,0.0,1.0
2727,0.752,0.05619377013709654,0.32177457293249345,0.6615821744350967,0.2709204080214951,0.06749741754340824,0.16342694323111157,0.16473934348403926,0.16605174373524073,0.16736414398470517,0.06662289724734281,0.06736103384773447,0.06809917030589094,0.06883730662052685,0.016276787720998647,0.016675165641199707,0.017073543346453612,0.01747192083475627,-0.0022262826243935234,-0.002229014264604199,5.9431337561530495e-06,0.09143445604719981,0.0,1.0
2727,0.836,0.057449444680061565,0.32158885600738824,0.6619335176850725,0.2708367779385614,0.06722970437636624,0.1635547859999923,0.16484051492110127,0.16612624388174874,0.16741197288223017,0.0666244869751717,0.06734762538255654,0.06807076368855546,0.06879390189227774,0.016221836005447212,0.016612229359394232,0.01700262277093632,0.017393016240588487,-0.002194823017712915,-0.0021790991700798546,1.3451000679661697e-05,0.09333394719203382,0.0,1.0
2727,0.92,0.058739489155182456,0.3214058702807081,0.662279629831642,0.2707545060676895,0.06696586410066863,0.1636808075957786,0.16494020747613602,0.16619960739801334,0.167459007361714,0.06662617672870134,0.06733447668357896,0.06804277649466729,0.06875107616074194,0.01616807041083223,0.01655033430692554,0.01693259797370221,0.017314861409208647,,,,,,
2828,0.08,0.04720629838732261,0.3233681604316867,0.6585683882107266,0.2716360221395909,0.06979558964968233,0.16232980989646995,0.16387133935275866,0.16541286181770207,0.16695437714379593,0.06660826153268158,0.0674754237880643,0.0683425866603896,0.06920975015845546,0.016746917156679253,0.017214904056879046,0.017682890862735168,0.01815087757338886,,,,,,
2828,0.164,0.04822240892551985,0.3231607929377881,0.6589606230603182,0.2715427774200704,0.0694965995196116,0.1624726473093661,0.16398431966841945,0.1654959919447742,0.1670076641377584,0.06661015446029084,0.06746051440475882,0.06831087432730847,0.06916123422771225,0.01668573377462008,0.017144677944360337,0.017603621965210193,0.018062565835420992,-0.002450446786976938,-0.002433076978488461,1.84371329494001e-05,0.07937594649177636,0.0,1.0
2828,0.248,0.049262111976339985,0.32295665755545705,0.65934651633136,0.27145144215242334,0.06920204151621678,0.16261303972611293,0.16409543264368007,0.16557782554161474,0.16706021841995225,0.0666120289650086,0.06744591663267252,0.06827980437202225,0.06911369218271994,0.016625415219152194,0.017075478684975873,0.017525542111842485,0.017975605500246225,-0.002411879582810394,-0.002512464671719503,4.100840147504288e-05,0.08094873593307113,0.0,1.0
2828,0.332,0.0503267550046015,0.3227553404312809,0.6597275109478515,0.27136051000002714,0.06891197905212125,0.16275180052498206,0.16420518551302543,0.16565857023086902,0.167111954678975,0.06661359857773555,0.0674312843990688,0.06824897041089671,0.06906665661232612,0.016566041777345858,0.01700734377642884,0.017448645762530583,0.017889947735815977,-0.0023749665960141764,-0.0023856547028664583,4.754070252338683e-05,0.08255925706936172,0.0,1.0
2828,0.41600000000000004,0.05141753393823462,0.32255737130164863,0.6601018290227425,0.27127177094901933,0.06862640002823805,0.1628880655237662,0.16431299347669717,0.1657379212320675,0.16716284879021165,0.06661541027387702,0.06741709843047193,0.06821878681581936,0.06902047542885104,0.016507648598934405,0.016940282898330408,0.017372917156626727,0.017805551374346525,-0.0023393825058810017,-0.002250738353903879,5.4435466307331734e-05,0.08420930977709117,0.0,1.0
2828,0.5,0.05253555883225708,0.3223621985734409,0.6604711483845818,0.27118370798603314,0.06834514362938494,0.16302243793941887,0.16441933745992193,0.16581623685634514,0.16721313612889582,0.06661703864148032,0.06740296403857496,0.06818888969535788,0.06897481561062001,0.01645006291992244,0.016874211575792896,0.017298360235292864,0.017722508898376742,-0.0023047086605287783,-0.002265455548877344,2.2036586832806914e-05,0.08590058468509497,0.0,1.0
2828,0.584,0.05368189260739063,0.32217033206905876,0.6608338473463375,0.27109786507712863,0.0680682875765337,0.16315451573478335,0.16452381314955294,0.16589311054396044,0.16726240791804078,0.06661904216234524,0.06738932484252522,0.06815960760947311,0.06892989046278505,0.016393517388491943,0.01680922043728484,0.017224923418315,0.017640626332441924,-0.002270874145540111,-0.002330622589528581,2.1197106020551395e-05,0.08763466563649717,0.0,1.0
2828,0.668,0.05485757530435881,0.32198097920476954,0.6611918359170581,0.27101306414998516,0.06779509993295661,0.16328492252829346,0.16462694690143878,0.16596897116579357,0.16731099532153235,0.06662082169571289,0.06737578453272294,0.06813074745610176,0.06888571046544756,0.016337586297610035,0.01674504544334774,0.01715250455600272,0.017559963635996118,-0.002237558969961517,-0.002191235783681118,2.8305036826614906e-05,0.08941315293130954,0.0,1.0
2828,0.752,0.056063640063090635,0.32179434891302733,0.6615447105737863,0.270929415809003,0.06752587361721069,0.16341348297828664,0.16472861291591517,0.16604374261216692,0.1673588720674176,0.06662241935338468,0.06736237559286906,0.06810233207227179,0.06884228879047746,0.016282565068957287,0.01668183401810675,0.01708110287859626,0.01748037165155038,-0.0022047213461137906,-0.0022044746979057294,8.719439607345625e-07,0.09123759985236939,0.0,1.0
2828,0.836,0.05730112414118983,0.3216104034299683,0.6618928307389375,0.2708463270888972,0.06726084217216521,0.1635400476704944,0.16482882104269075,0.16611759437081597,0.16740636765493633,0.06662403903861705,0.0673490674312549,0.068074095968712,0.06879912465031328,0.016228299605762133,0.01661957359307791,0.017010847536559976,0.017402121436765203,-0.0021722875024987346,-0.0021687962163421236,2.7255032983669787e-05,0.09310957292881433,0.0,1.0
2828,0.92,0.05857107683863481,0.3214292590512913,0.6622353433631121,0.27076511643613854,0.06699954020074955,0.16366468185432878,0.16492745115594992,0.1661902204915267,0.16745298986130663,0.06662598427229718,0.06733618092808442,0.06804637743723986,0.06875657379851703,0.016174662999220588,0.016558144247593075,0.016941625673994397,0.017325107279941493,,,,,,
2929,0.08,0.04721039255133569,0.3233672668578902,0.6585702079187413,0.2716353613028831,0.06979443077837548,0.1623302992992897,0.163871801258088,0.16541330296043696,0.16695480440092667,0.06660836875332514,0.06747534996198333,0.06834233093090486,0.06920931165666976,0.016746610819106025,0.017214608763064656,0.017682606666665,0.018150604529539798,,,,,,
2929,0.164,0.04822897315523622,0.3231592827460551,0.6589633968360349,0.27154226384107993,0.06949433932288517,0.16247346968266194,0.1639850560294093,0.16549664238236952,0.16700822874159416,0.06661018125832893,0.06746043773535554,0.06831069419881856,0.06916095064857694,0.016685177687452177,0.017144115804135163,0.01760305388915569,0.018061991942142135,-0.002456205271397142,-0.002456693693879406,1.876797634852948e-06,0.07938587873084019,0.0,1.0
2929,0.248,0.04927160717182929,0.3229545487737171,0.6593506986242181,0.27145010683917314,0.06919919453660864,0.16261448782409224,0.16409661240169632,0.1655787369448414,0.16706086145358814,0.06661194154707294,0.06744566496174209,0.06827938841717592,0.0691131119131822,0.0166247808031409,0.01707479269023866,0.017524804577702117,0.017974816465526955,-0.0024182440000799724,-0.0023817819114795697,1.582844678295303e-05,0.08096310313316246,0.0,1.0
2929,0.332,0.0503396958193897,0.3227531289552965,0.6597316054430378,0.2713596925962698,0.06890870196069257,0.16275329844296213,0.16420636710553554,0.1656594356921984,0.1671125042023417,0.06661374784215507,0.0674311979835728,0.06824864821953787,0.06906609855100405,0.01656547327753255,0.017006608195545333,0.017447742949635955,0.01788887753797873,-0.002382083845476762,-0.00233869660291215,2.3285163827921374e-05,0.08257883231979771,0.0,1.0
2929,0.41600000000000004,0.05143449325257224,0.32255434949592676,0.6601074721517826,0.27127055737667904,0.06862197047153842,0.16289005550708935,0.16431459724218844,0.16573913890546454,0.16716368049704028,0.06661565970406635,0.06741697946453626,0.06821829922440407,0.06901961898367232,0.01650667740538657,0.016939220871091062,0.01737176435078079,0.01780430784428,-0.002347115180912401,-0.0023389603126221215,3.888311668972496e-06,0.08423496628305926,0.0,1.0
2929,0.5,0.05255717255211147,0.32235870079987394,0.660477573099076,0.27118251780226865,0.06833990909865552,0.16302473432389206,0.16442117358254413,0.1658176129041206,0.16721405228851918,0.06661729894098521,0.06740285252928352,0.0681884062448645,0.06897396008713542,0.01644902014228523,0.016872991575336532,0.017296962991133355,0.0177209343899004,-0.002313163506687522,-0.0023284166824375624,1.984857876228061e-05,0.08593327410499531,0.0,1.0
2929,0.584,0.05370886476786318,0.3221659417468785,0.6608423426683643,0.2710955088403428,0.0680621484912928,0.16315735425551373,0.1645261749397534,0.1658949960093667,0.16726381746373048,0.06661920442775111,0.06738898639496177,0.06815876819349531,0.06892854982413459,0.016392172931440005,0.016807749044640833,0.017223325179492134,0.01763890133571982,-0.0022799783185529308,-0.0022893756226848006,1.819489924178072e-05,0.08767546856611874,0.0,1.0
2929,0.668,0.05489068346609057,0.3219755110767228,0.6612022903049222,0.2710103824677463,0.06778732722733147,0.16328861532663455,0.16462992018434436,0.16597122500506964,0.16731252978887368,0.06662076325380996,0.06737531808770218,0.06812987303401317,0.06888442809222096,0.016335941306984347,0.016743201636199707,0.017150461971459696,0.017557722312687724,-0.002247291639581733,-0.0022477168358309824,7.648080385484291e-07,0.08946324089608818,0.0,1.0
2929,0.752,0.056103740994935244,0.32178817135882815,0.6615566344717353,0.2709261598604351,0.06751720566782943,0.16341766404073232,0.16473199380451484,0.16604632349979834,0.16736065312668985,0.06662243264437169,0.06736183743408683,0.06810124236012467,0.06884064742185189,0.016280739107854915,0.016679780672732906,0.01707882219927467,0.01747786368796694,-0.00221519382239882,-0.0022088188653051465,1.6753281339668285e-05,0.09129826479404045,0.0,1.0
2929,0.836,0.057349159782573406,0.32160342485029975,0.6619059764820967,0.2708432975348073,0.06725072598309595,0.16354476894282932,0.164832585705585,0.16612040250183935,0.16740821933184305,0.06662439249186385,0.06734868051651222,0.06807296839634377,0.06879725613008748,0.016226126600743396,0.016617163147970827,0.017008199769222226,0.017399236465159503,-0.0021834984630077743,-0.0021826644006250184,4.997014447842736e-07,0.0931822415609548,0.0,1.0
2929,0.92,0.05862808053641412,0.32142134659469257,0.662250366066804,0.2707614458840839,0.06698818804911223,0.16367015360682857,0.16493177885683077,0.16619340414163852,0.1674550294615061,0.06662601217699099,0.0673355784570167,0.06804514461130144,0.0687547106387748,0.016172459600703383,0.016555517862644493,0.016938576143208855,0.01732163444255551,,,,,,
3030,0.08,0.04715680261341337,0.32337849414568975,0.6585488165042954,0.2716407198391096,0.06981046365659484,0.16232257486117188,0.16386566116000406,0.16540874727615681,0.1669518332069627,0.06660862030378327,0.06747632620235075,0.06834403290254944,0.06921174043042612,0.016749886802735717,0.017218372909743318,0.01768685896761457,0.01815534497650123,,,,,,
3030,0.164,0.04816998108176533,0.32317092226100363,0.6589414450068088,0.2715473691163704,0.06951118587682077,0.16246525348396984,0.1639786584168756,0.1654920637183111,0.16700546938765232,0.06660986844080075,0.06746118421268399,0.06831250016524737,0.06916381629763828,0.01668854963836527,0.017148047516185764,0.017607545408159758,0.018067043314109976,-0.002448469150467965,-0.0024306193063768056,1.1427362949765897e-05,0.0792966400252663,0.0,1.0
3030,0.248,0.04920693721369673,0.32296699510578597,0.6593270488831163,0.27145591854781437,0.06921703256906944,0.1626058247713116,0.164089783050732,0.16557374136042782,0.1670576997006449,0.0666120039117071,0.06744665445749568,0.06828130491008655,0.06911595526852504,0.016628406533897123,0.017078974255280682,0.017529542002884094,0.017980109777007532,-0.002410709271719394,-0.0024177907476163863,1.4535101253134118e-05,0.08086527433050027,0.0,1.0
3030,0.332,0.050269041506899606,0.32276612047828435,0.6597070115389655,0.27136557532778766,0.06892741313324675,0.16274429185966002,0.16419926591731202,0.1656542399136903,0.16710921384830316,0.06661365033852032,0.06743214595263952,0.0682506416388249,0.06906913739780289,0.01656922681042795,0.017010977834228,0.017452728795386178,0.017894479693204624,-0.0023746586475373397,-0.0023769670521825415,3.2507055226290054e-06,0.08247195236934009,0.0,1.0
3030,0.41600000000000004,0.05135751674146199,0.3225680671159152,0.6600816914545634,0.27127639337115617,0.06864191517428048,0.1628806760624717,0.1643071740056984,0.16573367183520582,0.16716016955118754,0.06661541892686369,0.06741787184183878,0.06822032480032754,0.06902277780212619,0.01651071609176297,0.016943891187447643,0.017377066341597816,0.017810241553472054,-0.0023398149034026625,-0.002346158544970498,8.023222793765959e-06,0.0841185213704155,0.0,1.0
3030,0.5,0.052473502742262965,0.3223729893661313,0.660450519952934,0.2711889955403607,0.06836048450670518,0.1630149338668529,0.1644133979566651,0.16581186203316553,0.16721032609625053,0.06661728814424683,0.06740392863873763,0.06819056913233787,0.06897720962503834,0.01645332854968334,0.016877857057188222,0.01730238538090958,0.017726913518924036,-0.0023059251581381427,-0.0022571546498543326,4.089809812545512e-05,0.08580670489468809,0.0,1.0
3030,0.584,0.0536180945538075,0.3221806752988105,0.6608143208563081,0.2711024406246825,0.06808323851900958,0.16314737188790537,0.16451817745411562,0.16588898299717214,0.16725978851711495,0.06661897602581257,0.06739006543904845,0.06816115486280093,0.06893224429702054,0.016396523461850755,0.016812714260027378,0.017228905028747042,0.017645095768384408,-0.0022727455745591985,-0.002241521800190256,2.1552353558645685e-05,0.08753815955257917,0.0,1.0
3030,0.668,0.05479236630958513,0.3219913310540655,0.6611726004354136,0.2710170289489542,0.06781037061563218,0.163277629669955,0.16462130975472208,0.1659649901513604,0.16730867085937612,0.06662078668020834,0.06737643383740961,0.06813208081563134,0.06888772761570494,0.016340668220836158,0.016748617829051262,0.017156567458081518,0.017564517107663245,-0.0022401921877047717,-0.0021921668599343674,2.25049716431809e-05,0.08931451166063911,0.0,1.0
3030,0.752,0.055997386926754905,0.3218044151203044,0.6615259307718907,0.2709334213885373,0.06754064783957196,0.16340642503779368,0.1647231301065321,0.1660398352273614,0.16735654040020345,0.06662216841784557,0.06736295951894483,0.06810375089800653,0.0688445425537404,0.01628567871924242,0.016685334318059925,0.017084989758800153,0.01748464504346947,-0.0022080410116194116,-0.0022082123005130027,9.474659697146387e-07,0.09113737815535207,0.0,1.0
3030,0.836,0.057234230898597444,0.32162013792938543,0.6618743366930674,0.27085086684924686,0.06727479645768562,0.16353324567333186,0.16482347131641595,0.166113696994743,0.16740392270857665,0.06662425939147935,0.06734989770575021,0.06807553586977706,0.06880117388224025,0.01623098403959839,0.016622793978993605,0.017014604083748767,0.017406414355344863,-0.0021762748570739493,-0.0021739357287321025,1.1614022127929802e-06,0.09300838468106219,0.0,1.0
3030,0.92,0.05850398602799482,0.32143858648821944,0.6622176160596744,0.27076947958658615,0.06701290435373934,0.16365819305282864,0.1649223336559379,0.16618647431636874,0.1674506150345392,0.06662597302566624,0.067336904396632,0.06804783558252338,0.06875876658176455,0.016177325448117733,0.01656125902947588,0.016945192878541637,0.017329126997604097,,,,,,
