"Date","Dernier","Ouv."," Plus Haut","Plus Bas","Vol.","Variation %"
"02/01/2014","20,24","19,10","20,47","19,04","","13,96%"
"03/01/2014","20,60","20,15","20,88","19,74","","1,78%"
"06/01/2014","20,70","20,60","21,34","20,60","","0,49%"
"07/01/2014","19,67","20,76","20,82","19,58","","-4,98%"
"08/01/2014","20,17","19,80","20,21","19,59","","2,54%"
"09/01/2014","19,51","19,70","20,24","19,51","","-3,27%"
"10/01/2014","19,47","19,51","19,66","19,01","","-0,21%"
"13/01/2014","19,75","19,94","20,31","19,34","","1,44%"
"14/01/2014","19,81","19,91","19,96","19,36","","0,30%"
"15/01/2014","18,70","19,81","19,81","18,40","","-5,60%"
"16/01/2014","17,91","18,65","18,89","17,89","","-4,22%"
"17/01/2014","17,12","17,91","17,91","16,94","","-4,41%"
"21/01/2014","18,26","17,12","18,81","17,12","","6,66%"
"22/01/2014","18,17","18,26","18,34","17,38","","-0,49%"
"23/01/2014","18,79","18,17","18,84","17,96","","3,41%"
"24/01/2014","19,46","18,79","19,51","18,50","","3,57%"
"27/01/2014","20,89","19,76","21,09","19,70","","7,35%"
"28/01/2014","20,83","20,29","20,84","20,00","","-0,29%"
"29/01/2014","20,81","21,49","21,53","19,95","","-0,10%"
"30/01/2014","19,76","20,30","20,38","19,61","","-5,05%"
"31/01/2014","20,35","19,76","20,36","19,42","","2,99%"
"03/02/2014","21,65","20,35","22,05","20,35","","6,39%"
"04/02/2014","21,47","21,65","21,77","21,27","","-0,83%"
"05/02/2014","20,65","21,40","21,40","20,33","","-3,82%"
"06/02/2014","19,65","20,65","20,65","19,63","","-4,84%"
"07/02/2014","19,03","18,92","19,03","18,41","","-3,16%"
"10/02/2014","19,18","19,03","19,67","19,03","","0,79%"
"11/02/2014","19,05","19,18","19,29","18,91","","-0,68%"
"12/02/2014","19,23","19,05","19,40","18,96","","0,94%"
"13/02/2014","19,00","19,49","19,49","18,87","","-1,20%"
"14/02/2014","17,95","19,00","19,22","17,90","","-5,53%"
"18/02/2014","18,43","17,67","18,43","17,33","","2,67%"
"19/02/2014","18,35","18,59","18,74","18,17","","-0,43%"
"20/02/2014","17,59","18,55","18,55","17,56","","-4,14%"
"21/02/2014","17,90","17,80","18,10","17,50","","1,76%"
"24/02/2014","18,16","18,24","18,25","17,80","","1,45%"
"25/02/2014","18,47","18,16","19,62","18,16","","1,71%"
"26/02/2014","18,48","18,47","18,67","18,29","","0,05%"
"27/02/2014","18,81","19,07","19,07","18,64","","1,79%"
"28/02/2014","18,71","18,81","18,96","18,36","","-0,53%"
"03/03/2014","20,90","18,71","21,00","18,71","","11,70%"
"04/03/2014","19,88","21,05","21,06","19,86","","-4,88%"
"05/03/2014","20,29","19,88","20,29","19,47","","2,06%"
"06/03/2014","19,96","20,29","20,79","19,84","","-1,63%"
"07/03/2014","20,01","19,51","20,26","19,34","","0,25%"
"10/03/2014","20,33","21,62","21,62","20,26","","1,60%"
"11/03/2014","20,67","20,33","20,81","19,97","","1,67%"
"12/03/2014","20,90","20,67","22,03","20,67","","1,11%"
"13/03/2014","20,83","20,90","21,12","20,39","","-0,33%"
"14/03/2014","21,70","21,03","21,75","20,82","","4,18%"
"17/03/2014","20,34","21,70","21,71","20,29","","-6,27%"
"18/03/2014","20,25","20,27","20,30","19,69","","-0,44%"
"19/03/2014","19,88","20,25","20,95","19,68","","-1,83%"
"20/03/2014","19,69","19,97","19,97","18,66","","-0,96%"
"21/03/2014","19,46","19,69","19,69","19,27","","-1,17%"
"24/03/2014","19,52","19,46","20,08","19,31","","0,31%"
"25/03/2014","19,19","19,52","20,23","19,19","","-1,69%"
"26/03/2014","19,17","19,37","19,39","18,97","","-0,10%"
"27/03/2014","19,28","19,43","19,56","19,17","","0,57%"
"28/03/2014","19,15","19,28","19,64","19,06","","-0,67%"
"31/03/2014","19,26","19,75","19,84","19,26","","0,57%"
"01/04/2014","19,61","19,26","19,65","18,70","","1,82%"
"02/04/2014","19,79","20,19","20,30","19,62","","0,92%"
"03/04/2014","18,45","19,79","19,79","18,45","","-6,77%"
"04/04/2014","18,28","18,39","18,85","18,26","","-0,92%"
"07/04/2014","18,64","18,28","19,06","18,28","","1,97%"
"08/04/2014","18,89","18,64","19,27","18,34","","1,34%"
"09/04/2014","18,55","19,05","20,42","18,48","","-1,80%"
"10/04/2014","18,72","18,55","18,92","18,53","","0,92%"
"11/04/2014","18,39","19,06","19,18","18,29","","-1,76%"
"14/04/2014","18,71","18,39","19,11","18,39","","1,74%"
"15/04/2014","18,71","18,71","18,85","18,37","","0,00%"
"16/04/2014","18,90","18,71","20,10","18,71","","1,02%"
"17/04/2014","18,93","19,33","19,33","18,39","","0,16%"
"21/04/2014","18,28","18,52","18,94","17,67","","-3,43%"
"22/04/2014","18,81","18,28","19,38","18,28","","2,90%"
"23/04/2014","18,46","18,81","19,09","18,19","","-1,86%"
"24/04/2014","18,36","18,66","18,66","18,17","","-0,54%"
"25/04/2014","18,88","18,36","19,26","18,36","","2,83%"
"28/04/2014","19,14","19,51","19,55","19,13","","1,38%"
"29/04/2014","19,19","19,57","19,59","19,07","","0,26%"
"30/04/2014","19,37","19,19","20,41","19,18","","0,94%"
"01/05/2014","18,44","19,37","19,37","18,44","","-4,80%"
"02/05/2014","17,80","18,38","18,38","17,74","","-3,47%"
"05/05/2014","18,55","18,73","18,81","18,32","","4,21%"
"06/05/2014","17,96","18,55","18,55","17,88","","-3,18%"
"07/05/2014","17,71","18,14","18,18","17,52","","-1,39%"
"08/05/2014","17,49","17,71","17,87","17,29","","-1,24%"
"09/05/2014","17,00","17,61","17,62","16,59","","-2,80%"
"12/05/2014","16,65","17,36","17,36","16,56","","-2,06%"
"13/05/2014","16,86","16,65","17,31","16,65","","1,26%"
"14/05/2014","16,72","16,61","17,04","16,35","","-0,83%"
"15/05/2014","15,94","16,72","16,83","15,94","","-4,67%"
"16/05/2014","15,42","15,94","15,95","14,88","","-3,26%"
"19/05/2014","15,90","15,42","16,01","15,42","","3,11%"
"20/05/2014","16,20","15,90","16,64","15,90","","1,89%"
"21/05/2014","16,38","16,23","17,03","16,20","","1,11%"
"22/05/2014","16,05","16,38","16,40","15,70","","-2,01%"
"23/05/2014","15,89","16,18","16,28","15,67","","-1,00%"
"27/05/2014","16,10","16,74","16,74","16,10","","1,32%"
"28/05/2014","16,02","16,36","16,62","15,98","","-0,50%"
"29/05/2014","15,55","16,25","16,29","15,51","","-2,93%"
"30/05/2014","15,61","16,04","16,05","15,61","","0,39%"
"02/06/2014","15,52","16,29","16,29","15,49","","-0,58%"
"03/06/2014","15,53","15,87","15,97","15,48","","0,06%"
"04/06/2014","15,41","15,54","15,55","14,92","","-0,77%"
"05/06/2014","15,14","15,38","15,44","15,07","","-1,75%"
"06/06/2014","14,50","15,14","15,14","14,25","","-4,23%"
"09/06/2014","14,67","14,80","14,87","14,62","","1,17%"
"10/06/2014","14,74","14,87","15,06","14,74","","0,48%"
"11/06/2014","14,67","14,92","14,95","14,67","","-0,47%"
"12/06/2014","19,17","14,67","19,17","14,67","","30,67%"
"13/06/2014","19,47","19,17","20,02","19,11","","1,56%"
"16/06/2014","19,52","20,27","20,29","19,43","","0,26%"
"17/06/2014","17,40","19,04","19,04","17,17","","-10,86%"
"18/06/2014","17,28","18,08","18,35","16,98","","-0,69%"
"19/06/2014","18,05","17,28","18,06","16,82","","4,46%"
"20/06/2014","18,84","18,05","19,23","18,05","","4,38%"
"23/06/2014","18,05","18,76","18,76","18,02","","-4,19%"
"24/06/2014","17,93","18,05","18,05","17,69","","-0,66%"
"25/06/2014","17,70","17,93","17,95","17,43","","-1,28%"
"26/06/2014","16,97","17,70","17,70","16,79","","-4,12%"
"27/06/2014","16,44","16,97","16,97","16,44","","-3,12%"
"30/06/2014","16,52","16,44","17,25","16,44","","0,49%"
"01/07/2014","16,24","16,52","16,79","16,23","","-1,69%"
"02/07/2014","15,87","16,40","16,51","15,81","","-2,28%"
"03/07/2014","15,59","15,87","15,87","15,42","","-1,76%"
"07/07/2014","16,36","16,20","16,40","16,05","","4,94%"
"08/07/2014","16,31","16,36","16,44","16,20","","-0,31%"
"09/07/2014","16,36","16,31","16,65","16,30","","0,31%"
"10/07/2014","16,46","16,36","17,02","16,36","","0,61%"
"11/07/2014","17,26","16,59","18,07","16,26","","4,86%"
"14/07/2014","18,10","17,72","18,18","17,28","","4,87%"
"15/07/2014","17,96","18,10","18,56","17,81","","-0,77%"
"16/07/2014","16,88","17,96","17,96","16,75","","-6,01%"
"17/07/2014","17,87","17,12","17,87","16,88","","5,86%"
"18/07/2014","17,39","17,87","17,87","16,97","","-2,69%"
"21/07/2014","16,97","17,39","17,39","16,75","","-2,42%"
"22/07/2014","17,10","16,92","17,22","16,88","","0,77%"
"23/07/2014","16,73","17,10","17,44","16,70","","-2,16%"
"24/07/2014","15,95","16,25","16,32","15,91","","-4,66%"
"25/07/2014","16,67","15,95","16,67","15,88","","4,51%"
"28/07/2014","16,37","16,67","16,97","16,35","","-1,80%"
"29/07/2014","16,79","16,81","16,90","16,42","","2,57%"
"30/07/2014","17,11","16,79","18,04","15,62","","1,91%"
"31/07/2014","18,78","17,53","18,91","17,32","","9,76%"
"01/08/2014","19,39","18,78","21,07","18,78","","3,25%"
"04/08/2014","18,92","20,18","20,18","18,85","","-2,42%"
"05/08/2014","19,10","18,85","19,22","18,31","","0,95%"
"06/08/2014","18,81","19,10","19,21","18,76","","-1,52%"
"07/08/2014","18,85","18,81","19,04","18,69","","0,21%"
"08/08/2014","18,88","18,56","18,92","18,43","","0,16%"
"11/08/2014","17,54","18,08","18,13","17,35","","-7,10%"
"12/08/2014","17,55","17,79","17,91","17,51","","0,06%"
"13/08/2014","17,19","17,55","18,44","17,13","","-2,05%"
"14/08/2014","17,86","17,71","18,26","17,19","","3,90%"
"15/08/2014","18,59","17,86","19,28","17,86","","4,09%"
"18/08/2014","19,52","18,59","20,13","18,59","","5,00%"
"19/08/2014","19,38","19,52","19,53","19,01","","-0,72%"
"20/08/2014","17,96","19,14","19,16","17,76","","-7,33%"
"21/08/2014","17,25","17,71","18,01","17,05","","-3,95%"
"22/08/2014","16,51","17,41","17,54","16,43","","-4,29%"
"25/08/2014","16,92","17,24","17,30","16,77","","2,48%"
"26/08/2014","16,68","16,60","16,86","16,55","","-1,42%"
"27/08/2014","16,47","16,55","16,60","16,21","","-1,26%"
"28/08/2014","16,52","16,47","16,78","16,45","","0,30%"
"29/08/2014","16,68","16,39","16,70","16,26","","0,97%"
"02/09/2014","18,34","16,68","18,50","16,68","","9,95%"
"03/09/2014","18,49","18,53","18,91","17,77","","0,82%"
"04/09/2014","18,95","18,79","18,98","18,24","","2,49%"
"05/09/2014","18,52","18,51","18,66","18,03","","-2,27%"
"08/09/2014","20,43","18,52","20,78","18,52","","10,31%"
"09/09/2014","19,68","19,78","19,89","19,56","","-3,67%"
"10/09/2014","20,49","20,12","21,28","20,11","","4,12%"
"11/09/2014","20,63","21,32","21,32","20,46","","0,68%"
"12/09/2014","19,53","20,24","20,27","19,49","","-5,33%"
"15/09/2014","20,17","20,29","20,54","19,93","","3,28%"
"16/09/2014","18,93","20,50","20,50","18,67","","-6,15%"
"17/09/2014","19,18","19,46","19,47","18,48","","1,32%"
"18/09/2014","18,98","19,18","19,18","18,21","","-1,04%"
"19/09/2014","18,56","18,98","19,22","18,43","","-2,21%"
"22/09/2014","19,98","19,78","20,26","19,63","","7,65%"
"23/09/2014","20,73","19,98","20,91","19,98","","3,75%"
"24/09/2014","19,80","20,73","20,87","19,74","","-4,49%"
"25/09/2014","20,07","19,79","21,05","19,73","","1,36%"
"26/09/2014","19,42","20,07","20,07","19,17","","-3,24%"
"29/09/2014","19,86","19,42","20,45","19,42","","2,27%"
"30/09/2014","21,52","19,62","22,20","19,62","","8,36%"
"01/10/2014","22,38","21,52","28,32","21,52","","4,00%"
"02/10/2014","23,36","24,50","24,77","23,36","","4,38%"
"03/10/2014","24,22","23,30","24,31","23,30","","3,68%"
"06/10/2014","24,62","25,05","25,80","24,58","","1,65%"
"07/10/2014","25,09","24,62","25,14","24,62","","1,91%"
"08/10/2014","25,28","26,00","27,09","25,27","","0,76%"
"09/10/2014","27,72","25,28","27,72","24,12","","9,65%"
"10/10/2014","30,03","27,72","31,20","27,72","","8,33%"
"13/10/2014","31,32","33,23","33,66","30,84","","4,30%"
"14/10/2014","37,23","31,32","37,33","31,30","","18,87%"
"15/10/2014","36,36","37,27","38,95","35,78","","-2,34%"
"16/10/2014","34,09","36,36","38,43","31,88","","-6,24%"
"17/10/2014","31,16","31,00","31,26","29,89","","-8,59%"
"20/10/2014","29,36","30,58","31,06","29,29","","-5,78%"
"21/10/2014","27,14","27,71","28,13","26,64","","-7,56%"
"22/10/2014","30,68","27,41","30,80","26,54","","13,04%"
"23/10/2014","31,78","31,68","31,89","30,91","","3,59%"
"24/10/2014","31,27","31,78","32,89","31,27","","-1,60%"
"27/10/2014","32,44","33,69","33,94","32,43","","3,74%"
"28/10/2014","30,11","32,44","32,44","29,93","","-7,18%"
"29/10/2014","28,93","30,11","30,11","27,98","","-3,92%"
"30/10/2014","30,45","30,31","31,12","30,18","","5,25%"
"31/10/2014","30,52","30,45","35,53","30,45","","0,23%"
"03/11/2014","31,84","30,52","31,90","30,18","","4,33%"
"04/11/2014","33,13","34,41","35,47","32,93","","4,05%"
"05/11/2014","31,39","33,13","33,13","31,34","","-5,25%"
"06/11/2014","30,34","31,39","32,89","30,30","","-3,35%"
"07/11/2014","29,47","30,33","30,40","28,94","","-2,87%"
"10/11/2014","30,72","29,47","30,93","29,47","","4,24%"
"11/11/2014","30,79","30,72","31,29","30,70","","0,23%"
"12/11/2014","30,71","30,79","31,00","30,27","","-0,26%"
"13/11/2014","33,12","30,71","33,70","30,71","","7,85%"
"14/11/2014","32,99","33,12","33,75","32,91","","-0,39%"
"17/11/2014","34,39","32,99","35,22","32,99","","4,24%"
"18/11/2014","33,17","34,39","34,99","33,03","","-3,55%"
"19/11/2014","33,14","33,34","33,63","32,63","","-0,09%"
"20/11/2014","33,64","33,14","33,69","31,83","","1,51%"
"21/11/2014","34,92","33,64","35,14","32,55","","3,80%"
"24/11/2014","36,28","34,92","36,89","34,92","","3,89%"
"25/11/2014","37,49","35,67","37,83","35,32","","3,34%"
"26/11/2014","36,02","37,97","38,12","35,22","","-3,92%"
"28/11/2014","36,44","35,30","37,44","34,41","","1,17%"
"01/12/2014","37,49","36,44","40,63","36,44","","2,88%"
"02/12/2014","38,57","38,69","39,66","37,74","","2,88%"
"03/12/2014","36,16","37,58","37,93","36,09","","-6,25%"
"04/12/2014","35,39","36,91","36,97","35,29","","-2,13%"
"05/12/2014","34,20","35,39","35,76","33,42","","-3,36%"
"08/12/2014","39,68","34,20","39,75","34,20","","16,02%"
"09/12/2014","37,56","40,24","40,64","37,50","","-5,34%"
"10/12/2014","42,21","37,56","42,32","37,56","","12,38%"
"11/12/2014","44,95","40,68","45,33","40,68","","6,49%"
"12/12/2014","49,77","48,72","53,10","47,54","","10,72%"
"15/12/2014","57,55","51,54","58,14","51,24","","15,63%"
"16/12/2014","55,77","57,55","58,43","53,48","","-3,09%"
"17/12/2014","56,75","55,77","57,42","49,71","","1,76%"
"18/12/2014","57,45","56,75","57,62","53,61","","1,23%"
"19/12/2014","54,84","55,99","56,67","53,80","","-4,54%"
"22/12/2014","54,82","56,69","56,69","54,72","","-0,04%"
"23/12/2014","53,97","54,82","55,31","52,97","","-1,55%"
"24/12/2014","54,88","54,88","56,55","54,37","","1,69%"
"26/12/2014","54,68","54,88","56,14","54,66","","-0,36%"
"29/12/2014","53,63","54,68","56,96","53,56","","-1,92%"
"30/12/2014","51,17","52,73","52,75","50,45","","-4,59%"
"31/12/2014","50,24","51,17","52,60","49,39","","-1,82%"
"02/01/2015","54,25","50,24","54,25","50,24","","7,98%"
"05/01/2015","57,67","54,25","59,25","54,25","","6,30%"
"06/01/2015","56,45","57,67","59,89","55,51","","-2,12%"
"07/01/2015","53,25","55,41","55,69","51,84","","-5,67%"
"08/01/2015","50,96","53,25","53,25","49,89","","-4,30%"
"09/01/2015","50,07","50,96","52,42","49,81","","-1,75%"
"12/01/2015","53,13","50,07","54,85","50,07","","6,11%"
"13/01/2015","53,78","51,81","54,59","51,06","","1,22%"
"14/01/2015","53,17","53,87","53,87","49,92","","-1,13%"
"15/01/2015","57,77","53,41","58,29","51,92","","8,65%"
"16/01/2015","56,44","57,77","59,03","56,07","","-2,30%"
"20/01/2015","57,99","59,81","60,16","57,77","","2,75%"
"21/01/2015","55,09","56,58","57,75","54,07","","-5,00%"
"22/01/2015","56,40","54,74","58,10","54,42","","2,38%"
"23/01/2015","57,62","57,42","57,77","55,31","","2,16%"
"26/01/2015","56,65","57,62","59,40","56,49","","-1,68%"
"27/01/2015","54,23","55,25","56,23","54,05","","-4,27%"
"28/01/2015","55,18","54,23","56,87","52,53","","1,75%"
"29/01/2015","54,69","54,65","56,72","54,60","","-0,89%"
"30/01/2015","58,62","54,69","58,80","53,98","","7,19%"
"02/02/2015","57,84","59,80","59,80","57,51","","-1,33%"
"03/02/2015","59,68","57,84","62,07","56,55","","3,18%"
"04/02/2015","62,73","59,68","63,39","59,68","","5,11%"
"05/02/2015","63,14","62,73","63,46","60,73","","0,65%"
"06/02/2015","60,83","62,34","63,69","59,65","","-3,66%"
"09/02/2015","56,00","60,83","60,83","55,77","","-7,94%"
"10/02/2015","59,29","57,18","59,64","54,95","","5,88%"
"11/02/2015","60,23","59,29","64,41","59,29","","1,59%"
"12/02/2015","58,69","60,23","60,23","57,17","","-2,56%"
"13/02/2015","55,53","58,69","58,69","55,53","","-5,38%"
"17/02/2015","56,33","58,29","58,36","55,38","","1,44%"
"18/02/2015","55,97","56,85","56,98","54,25","","-0,64%"
"19/02/2015","55,75","55,97","61,57","54,89","","-0,39%"
"20/02/2015","54,00","55,75","55,90","52,91","","-3,14%"
"23/02/2015","58,67","54,00","59,27","54,00","","8,65%"
"24/02/2015","56,27","58,67","58,85","55,42","","-4,09%"
"25/02/2015","54,93","56,27","60,57","54,78","","-2,38%"
"26/02/2015","56,46","55,86","57,82","54,41","","2,79%"
"27/02/2015","55,85","56,46","57,03","55,53","","-1,08%"
"02/03/2015","54,92","55,85","57,26","54,34","","-1,67%"
"03/03/2015","53,05","54,92","55,27","52,84","","-3,40%"
"04/03/2015","48,92","52,42","52,74","48,71","","-7,79%"
"05/03/2015","47,09","47,92","48,68","46,01","","-3,74%"
"06/03/2015","48,96","47,64","50,05","46,54","","3,97%"
"09/03/2015","48,99","48,96","50,48","47,89","","0,06%"
"10/03/2015","50,92","50,26","51,54","49,67","","3,94%"
"11/03/2015","49,17","50,92","54,72","49,17","","-3,44%"
"12/03/2015","49,59","48,53","50,86","47,92","","0,85%"
"13/03/2015","54,56","50,72","55,21","50,51","","10,02%"
"16/03/2015","56,93","56,81","60,87","56,34","","4,34%"
"17/03/2015","59,85","56,93","60,72","56,93","","5,13%"
"18/03/2015","53,65","59,23","59,97","52,75","","-10,36%"
"19/03/2015","53,82","53,65","56,93","53,45","","0,32%"
"20/03/2015","50,84","53,82","53,82","49,73","","-5,54%"
"23/03/2015","49,32","51,61","51,65","49,06","","-2,99%"
"24/03/2015","47,94","49,32","49,32","47,33","","-2,80%"
"25/03/2015","47,03","47,94","63,02","46,86","","-1,90%"
"26/03/2015","49,58","47,69","50,31","47,69","","5,42%"
"27/03/2015","52,84","49,58","52,84","49,28","","6,58%"
"30/03/2015","51,98","52,84","53,68","51,64","","-1,63%"
"31/03/2015","53,72","51,98","54,56","51,98","","3,35%"
"01/04/2015","50,90","53,04","53,04","49,22","","-5,25%"
"02/04/2015","49,84","50,90","52,78","49,81","","-2,08%"
"06/04/2015","48,33","49,84","50,93","48,11","","-3,03%"
"07/04/2015","46,25","48,49","48,62","45,82","","-4,30%"
"08/04/2015","48,10","46,25","50,36","44,18","","4,00%"
"09/04/2015","46,65","47,64","47,82","44,26","","-3,01%"
"10/04/2015","43,04","46,65","46,65","43,01","","-7,74%"
"13/04/2015","44,20","43,04","44,86","42,92","","2,70%"
"14/04/2015","44,65","43,97","45,63","43,83","","1,02%"
"15/04/2015","46,14","44,60","46,37","43,76","","3,34%"
"16/04/2015","43,48","45,66","45,76","43,48","","-5,77%"
"17/04/2015","42,00","43,29","43,32","41,86","","-3,40%"
"20/04/2015","42,06","42,00","43,65","41,41","","0,14%"
"21/04/2015","41,04","42,10","42,39","39,91","","-2,43%"
"22/04/2015","39,01","41,04","41,11","39,00","","-4,95%"
"23/04/2015","37,98","39,01","39,20","37,62","","-2,64%"
"24/04/2015","36,61","37,98","38,66","36,61","","-3,61%"
"27/04/2015","37,46","37,72","37,77","36,72","","2,32%"
"28/04/2015","37,31","37,46","38,63","37,11","","-0,40%"
"29/04/2015","36,68","37,45","39,19","36,54","","-1,69%"
"30/04/2015","36,28","37,14","37,89","36,23","","-1,09%"
"01/05/2015","35,62","36,09","36,24","35,48","","-1,82%"
"04/05/2015","36,20","37,03","37,27","36,15","","1,63%"
"05/05/2015","36,24","35,99","36,30","35,48","","0,11%"
"06/05/2015","36,88","36,24","37,07","35,73","","1,77%"
"07/05/2015","38,13","36,98","38,58","36,91","","3,39%"
"08/05/2015","35,09","37,48","38,02","35,06","","-7,97%"
"11/05/2015","34,86","35,09","36,04","34,56","","-0,66%"
"12/05/2015","33,74","34,86","34,92","33,44","","-3,21%"
"13/05/2015","34,33","33,53","45,77","31,20","","1,75%"
"14/05/2015","32,63","34,33","34,33","32,59","","-4,95%"
"15/05/2015","29,95","32,63","33,84","29,72","","-8,21%"
"18/05/2015","30,63","29,95","31,54","29,95","","2,27%"
"19/05/2015","34,82","30,63","34,97","30,63","","13,68%"
"20/05/2015","33,70","34,23","34,58","33,27","","-3,22%"
"21/05/2015","31,61","33,70","33,70","31,49","","-6,20%"
"22/05/2015","31,29","31,61","32,34","31,02","","-1,01%"
"26/05/2015","34,66","31,29","35,59","31,29","","10,77%"
"27/05/2015","35,29","34,66","35,61","34,44","","1,82%"
"28/05/2015","34,20","36,19","36,38","34,10","","-3,09%"
"29/05/2015","33,74","34,07","34,09","32,41","","-1,35%"
"01/06/2015","35,30","35,41","36,42","35,28","","4,62%"
"02/06/2015","35,74","35,30","36,81","35,30","","1,25%"
"03/06/2015","37,40","36,29","45,67","36,29","","4,64%"
"04/06/2015","38,42","37,40","39,27","37,40","","2,73%"
"05/06/2015","33,54","38,42","38,42","33,19","","-12,70%"
"08/06/2015","34,04","34,50","34,73","33,59","","1,49%"
"09/06/2015","33,01","34,04","34,04","32,86","","-3,03%"
"10/06/2015","31,79","33,05","33,19","31,78","","-3,70%"
"11/06/2015","31,76","32,12","32,54","31,60","","-0,09%"
"12/06/2015","31,51","32,12","32,21","31,44","","-0,79%"
"15/06/2015","32,55","31,51","32,94","31,51","","3,30%"
"16/06/2015","32,39","32,55","33,06","31,93","","-0,49%"
"17/06/2015","32,83","33,30","51,34","32,60","","1,36%"
"18/06/2015","31,59","32,79","32,79","31,31","","-3,78%"
"19/06/2015","30,40","32,02","32,05","30,14","","-3,77%"
"22/06/2015","30,06","30,40","31,54","29,97","","-1,12%"
"23/06/2015","29,69","30,06","30,85","29,22","","-1,23%"
"24/06/2015","29,60","30,13","30,95","29,44","","-0,30%"
"25/06/2015","29,26","29,60","30,24","29,09","","-1,15%"
"26/06/2015","29,01","29,26","29,77","28,81","","-0,85%"
"29/06/2015","33,64","29,01","33,73","29,01","","15,96%"
"30/06/2015","32,43","33,64","33,64","32,32","","-3,60%"
"01/07/2015","34,11","33,09","35,06","33,07","","5,18%"
"02/07/2015","33,80","34,11","34,11","32,15","","-0,91%"
"06/07/2015","40,01","36,45","40,94","36,20","","18,37%"
"07/07/2015","40,54","39,84","44,08","39,81","","1,32%"
"08/07/2015","42,20","40,86","43,21","40,36","","4,09%"
"09/07/2015","42,04","43,05","43,05","41,89","","-0,38%"
"10/07/2015","41,22","42,04","42,41","41,14","","-1,95%"
"13/07/2015","38,08","41,22","42,55","38,01","","-7,62%"
"14/07/2015","36,31","38,08","38,58","35,79","","-4,65%"
"15/07/2015","37,25","37,63","38,51","36,41","","2,59%"
"16/07/2015","35,92","37,07","37,85","35,88","","-3,57%"
"17/07/2015","34,68","36,32","37,69","34,12","","-3,45%"
"20/07/2015","36,39","34,68","36,80","34,68","","4,93%"
"21/07/2015","34,97","36,39","36,54","34,62","","-3,90%"
"22/07/2015","37,66","35,86","37,68","35,14","","7,69%"
"23/07/2015","38,46","37,57","39,70","37,41","","2,12%"
"24/07/2015","39,00","38,46","39,80","38,46","","1,40%"
"27/07/2015","41,15","40,73","41,86","40,44","","5,51%"
"28/07/2015","39,94","40,42","41,02","39,01","","-2,94%"
"29/07/2015","38,59","39,94","42,51","38,07","","-3,38%"
"30/07/2015","37,33","38,59","38,59","37,25","","-3,27%"
"31/07/2015","38,82","37,33","38,92","37,33","","3,99%"
"03/08/2015","40,91","38,82","41,83","38,82","","5,38%"
"04/08/2015","40,12","40,91","40,91","39,70","","-1,93%"
"05/08/2015","40,18","40,00","40,98","39,30","","0,15%"
"06/08/2015","41,54","40,18","43,06","40,18","","3,38%"
"07/08/2015","41,17","42,27","42,46","41,05","","-0,89%"
"10/08/2015","40,99","41,17","42,78","40,82","","-0,44%"
"11/08/2015","42,16","42,78","42,97","42,05","","2,85%"
"12/08/2015","42,40","42,83","43,99","41,20","","0,57%"
"13/08/2015","43,23","43,10","43,91","42,91","","1,96%"
"14/08/2015","40,92","43,23","43,23","40,79","","-5,34%"
"17/08/2015","40,35","40,92","42,18","40,17","","-1,39%"
"18/08/2015","39,48","40,35","40,35","38,04","","-2,16%"
"19/08/2015","41,29","39,48","41,98","37,51","","4,58%"
"20/08/2015","42,58","41,35","43,04","41,35","","3,12%"
"21/08/2015","44,66","42,58","45,15","42,34","","4,88%"
"24/08/2015","50,11","52,15","53,48","48,42","","12,20%"
"25/08/2015","49,00","50,11","50,11","47,36","","-2,22%"
"26/08/2015","46,87","49,00","50,16","46,38","","-4,35%"
"27/08/2015","49,03","46,87","49,06","44,21","","4,61%"
"28/08/2015","51,56","48,68","52,74","48,48","","5,16%"
"31/08/2015","54,37","52,30","55,09","50,91","","5,45%"
"01/09/2015","57,51","54,37","60,62","54,37","","5,78%"
"02/09/2015","53,75","57,51","74,29","52,75","","-6,54%"
"03/09/2015","50,44","50,54","52,13","50,30","","-6,16%"
"04/09/2015","49,29","50,44","50,49","49,20","","-2,28%"
"08/09/2015","50,14","51,93","51,93","49,97","","1,72%"
"09/09/2015","49,50","49,58","50,23","49,19","","-1,28%"
"10/09/2015","50,05","49,93","56,54","49,88","","1,11%"
"11/09/2015","49,63","50,84","51,01","49,55","","-0,84%"
"14/09/2015","49,81","49,63","50,93","49,63","","0,36%"
"15/09/2015","51,14","49,81","51,18","49,35","","2,67%"
"16/09/2015","50,24","51,14","51,68","48,92","","-1,76%"
"17/09/2015","45,34","50,24","52,15","45,09","","-9,75%"
"18/09/2015","45,84","45,09","46,50","44,68","","1,10%"
"21/09/2015","47,51","46,84","47,59","45,99","","3,64%"
"22/09/2015","48,90","47,51","49,57","47,51","","2,93%"
"23/09/2015","51,12","48,42","52,18","48,27","","4,54%"
"24/09/2015","49,44","51,69","51,69","49,31","","-3,29%"
"25/09/2015","47,71","49,44","49,44","47,50","","-3,50%"
"28/09/2015","49,46","49,14","49,58","47,70","","3,67%"
"29/09/2015","49,32","49,09","49,53","48,87","","-0,28%"
"30/09/2015","45,52","48,37","48,42","45,39","","-7,70%"
"01/10/2015","44,61","45,52","47,37","44,51","","-2,00%"
"02/10/2015","42,86","46,07","46,07","42,86","","-3,92%"
"05/10/2015","43,03","42,86","44,75","42,86","","0,40%"
"06/10/2015","44,14","43,39","45,28","43,22","","2,58%"
"07/10/2015","43,26","44,03","45,25","43,23","","-1,99%"
"08/10/2015","43,28","43,02","43,92","42,34","","0,05%"
"09/10/2015","42,80","42,96","43,35","42,69","","-1,11%"
"12/10/2015","44,90","42,80","46,51","42,80","","4,91%"
"13/10/2015","45,37","44,90","45,71","43,85","","1,05%"
"14/10/2015","42,70","45,05","45,38","42,58","","-5,88%"
"15/10/2015","41,99","42,70","43,53","40,47","","-1,66%"
"16/10/2015","39,58","41,99","42,38","39,22","","-5,74%"
"19/10/2015","40,74","39,58","41,97","39,58","","2,93%"
"20/10/2015","41,72","40,74","42,62","40,66","","2,41%"
"21/10/2015","41,77","42,41","43,93","41,47","","0,12%"
"22/10/2015","40,22","41,49","41,49","40,16","","-3,71%"
"23/10/2015","41,51","41,18","41,77","40,48","","3,21%"
"26/10/2015","42,99","41,51","43,59","41,51","","3,57%"
"27/10/2015","44,77","44,00","44,98","43,82","","4,14%"
"28/10/2015","44,29","44,77","45,58","43,69","","-1,07%"
"29/10/2015","43,63","44,77","45,89","43,62","","-1,49%"
"30/10/2015","41,95","43,57","43,78","41,75","","-3,85%"
"02/11/2015","41,88","41,95","42,96","41,52","","-0,17%"
"03/11/2015","41,27","41,83","42,38","41,20","","-1,46%"
"04/11/2015","41,54","41,27","41,92","40,42","","0,65%"
"05/11/2015","39,29","41,74","41,76","39,04","","-5,42%"
"06/11/2015","39,85","40,04","40,04","39,24","","1,43%"
"09/11/2015","41,34","41,58","42,50","40,79","","3,74%"
"10/11/2015","39,34","42,21","42,21","39,23","","-4,84%"
"11/11/2015","41,92","39,34","42,46","39,34","","6,56%"
"12/11/2015","43,93","45,12","45,44","43,15","","4,79%"
"13/11/2015","46,26","44,41","47,04","44,20","","5,30%"
"16/11/2015","47,44","48,34","48,97","47,20","","2,55%"
"17/11/2015","46,63","47,73","47,75","45,48","","-1,71%"
"18/11/2015","43,53","46,28","46,58","42,99","","-6,65%"
"19/11/2015","43,75","43,53","44,19","42,82","","0,51%"
"20/11/2015","44,93","43,75","45,57","43,75","","2,70%"
"23/11/2015","45,84","46,68","48,25","45,79","","2,03%"
"24/11/2015","47,17","46,46","48,00","46,29","","2,90%"
"25/11/2015","48,46","47,17","48,47","46,58","","2,73%"
"27/11/2015","48,28","48,30","48,92","48,04","","-0,37%"
"30/11/2015","48,14","49,43","49,68","48,14","","-0,29%"
"01/12/2015","49,28","48,14","49,55","48,03","","2,37%"
"02/12/2015","51,96","49,69","52,09","49,09","","5,44%"
"03/12/2015","50,65","51,96","52,08","49,82","","-2,52%"
"04/12/2015","45,44","50,65","50,65","45,43","","-10,29%"
"07/12/2015","49,00","45,44","50,08","45,44","","7,83%"
"08/12/2015","50,34","51,41","52,64","50,31","","2,73%"
"09/12/2015","51,53","50,34","51,88","49,12","","2,36%"
"10/12/2015","51,23","52,87","53,17","50,67","","-0,58%"
"11/12/2015","54,29","51,23","54,69","51,23","","5,97%"
"14/12/2015","55,36","56,10","56,99","54,64","","1,97%"
"15/12/2015","50,03","54,69","54,88","49,71","","-9,63%"
"16/12/2015","47,64","50,42","50,75","44,57","","-4,78%"
"17/12/2015","47,45","47,38","49,47","46,78","","-0,40%"
"18/12/2015","49,43","47,75","50,66","47,62","","4,17%"
"21/12/2015","49,18","51,15","51,44","49,04","","-0,51%"
"22/12/2015","48,84","49,18","49,53","48,15","","-0,69%"
"23/12/2015","47,39","50,06","50,16","45,63","","-2,97%"
"24/12/2015","44,81","47,39","47,39","44,62","","-5,44%"
"28/12/2015","47,00","44,81","48,04","44,81","","4,89%"
"29/12/2015","45,27","46,62","47,22","45,06","","-3,68%"
"30/12/2015","46,01","45,27","46,38","45,21","","1,63%"
"31/12/2015","46,57","46,71","47,31","45,71","","1,22%"
"04/01/2016","49,79","46,57","51,29","46,57","","6,91%"
"05/01/2016","49,68","50,73","50,92","49,12","","-0,22%"
"06/01/2016","52,36","49,68","53,38","49,68","","5,39%"
"07/01/2016","56,15","52,36","56,22","52,36","","7,24%"
"08/01/2016","56,10","56,15","57,32","55,01","","-0,09%"
"11/01/2016","62,98","56,10","64,99","56,10","","12,26%"
"12/01/2016","65,27","62,98","67,02","61,84","","3,64%"
"13/01/2016","60,67","62,34","63,77","58,91","","-7,05%"
"14/01/2016","57,56","62,32","62,54","56,10","","-5,13%"
"15/01/2016","62,09","61,00","63,43","59,02","","7,87%"
"19/01/2016","64,04","62,09","64,88","62,09","","3,14%"
"20/01/2016","67,93","65,00","72,70","65,00","","6,07%"
"21/01/2016","65,79","67,94","68,50","64,91","","-3,15%"
"22/01/2016","61,86","65,79","65,79","61,63","","-5,97%"
"25/01/2016","65,74","64,99","65,83","63,77","","6,27%"
"26/01/2016","65,89","65,40","67,18","64,72","","0,23%"
"27/01/2016","65,62","65,89","67,48","65,21","","-0,41%"
"28/01/2016","65,99","68,47","69,45","65,95","","0,56%"
"29/01/2016","61,86","64,29","64,56","60,96","","-6,26%"
"01/02/2016","66,63","61,86","66,98","61,86","","7,71%"
"02/02/2016","68,59","66,63","69,47","66,63","","2,94%"
"03/02/2016","67,71","67,54","68,35","64,33","","-1,28%"
"04/02/2016","66,78","67,71","67,71","65,33","","-1,37%"
"05/02/2016","66,67","65,45","67,26","65,29","","-0,16%"
"08/02/2016","68,38","66,67","70,47","66,67","","2,56%"
"09/02/2016","72,29","70,01","73,52","68,47","","5,72%"
"10/02/2016","72,50","74,73","75,06","70,86","","0,29%"
"11/02/2016","77,79","72,50","79,34","72,50","","7,30%"
"12/02/2016","78,97","77,38","80,78","75,23","","1,52%"
"16/02/2016","71,53","78,97","81,12","71,46","","-9,42%"
"17/02/2016","69,47","71,53","71,53","68,97","","-2,88%"
"18/02/2016","67,49","69,47","78,69","67,07","","-2,85%"
"19/02/2016","62,46","67,49","68,18","62,46","","-7,45%"
"22/02/2016","62,84","62,46","63,97","62,43","","0,61%"
"23/02/2016","65,03","63,71","65,46","63,28","","3,49%"
"24/02/2016","66,09","68,49","69,70","65,55","","1,63%"
"25/02/2016","63,74","66,09","66,09","62,21","","-3,56%"
"26/02/2016","59,96","63,74","63,74","59,82","","-5,93%"
"29/02/2016","60,01","59,61","60,96","58,09","","0,08%"
"01/03/2016","56,84","60,01","60,01","55,89","","-5,28%"
"02/03/2016","53,37","57,64","58,47","53,37","","-6,10%"
"03/03/2016","52,57","53,34","54,36","52,19","","-1,50%"
"04/03/2016","51,89","52,57","52,57","50,56","","-1,29%"
"07/03/2016","52,80","51,89","54,03","51,89","","1,75%"
"08/03/2016","54,04","52,80","54,17","51,98","","2,35%"
"09/03/2016","51,74","52,41","53,60","51,46","","-4,26%"
"10/03/2016","51,98","52,48","53,04","51,77","","0,46%"
"11/03/2016","50,25","51,23","51,53","49,78","","-3,33%"
"14/03/2016","50,17","51,50","52,56","49,71","","-0,16%"
"15/03/2016","48,98","49,45","50,57","48,49","","-2,37%"
"16/03/2016","43,98","48,98","49,15","43,98","","-10,21%"
"17/03/2016","46,22","44,64","46,31","44,64","","5,09%"
"18/03/2016","44,98","46,22","46,67","44,98","","-2,68%"
"21/03/2016","45,09","44,98","48,31","44,37","","0,24%"
"22/03/2016","44,12","45,09","45,26","44,08","","-2,15%"
"23/03/2016","44,58","44,12","45,70","44,01","","1,04%"
"24/03/2016","44,96","46,33","47,03","44,44","","0,85%"
"28/03/2016","45,98","44,96","46,93","44,96","","2,27%"
"29/03/2016","46,63","45,98","48,35","45,98","","1,41%"
"30/03/2016","46,38","46,63","46,63","42,77","","-0,54%"
"31/03/2016","45,91","46,49","46,82","45,83","","-1,01%"
"01/04/2016","47,76","47,14","47,91","46,97","","4,03%"
"04/04/2016","50,89","47,76","51,16","47,76","","6,55%"
"05/04/2016","50,16","51,06","51,68","49,87","","-1,43%"
"06/04/2016","46,16","50,16","50,16","45,21","","-7,97%"
"07/04/2016","46,50","46,16","47,08","46,06","","0,74%"
"08/04/2016","47,42","46,50","47,66","45,22","","1,98%"
"11/04/2016","49,04","47,42","49,68","47,42","","3,42%"
"12/04/2016","48,78","49,04","49,67","45,52","","-0,53%"
"13/04/2016","48,79","48,82","49,86","47,73","","0,02%"
"14/04/2016","46,37","48,79","49,47","46,22","","-4,96%"
"15/04/2016","51,27","48,80","51,80","48,02","","10,57%"
"18/04/2016","46,45","51,27","52,03","46,06","","-9,40%"
"19/04/2016","43,93","44,65","44,97","43,68","","-5,43%"
"20/04/2016","43,67","43,93","46,40","42,13","","-0,59%"
"21/04/2016","43,76","44,08","44,66","43,01","","0,21%"
"22/04/2016","41,97","44,23","44,32","41,97","","-4,09%"
"25/04/2016","44,24","43,82","44,29","42,78","","5,41%"
"26/04/2016","43,51","44,24","44,24","43,31","","-1,65%"
"27/04/2016","43,64","43,51","44,76","42,92","","0,30%"
"28/04/2016","42,84","43,64","44,19","42,51","","-1,83%"
"29/04/2016","42,52","42,84","43,92","41,86","","-0,75%"
"02/05/2016","45,15","42,52","45,54","42,52","","6,19%"
"03/05/2016","45,78","45,79","46,05","45,23","","1,40%"
"04/05/2016","44,76","45,78","46,04","41,80","","-2,23%"
"05/05/2016","44,82","44,87","45,46","44,48","","0,13%"
"06/05/2016","42,47","44,82","44,82","42,47","","-5,24%"
"09/05/2016","44,14","43,78","44,63","43,59","","3,93%"
"10/05/2016","42,28","44,14","44,44","42,17","","-4,21%"
"11/05/2016","42,02","42,28","44,73","41,47","","-0,61%"
"12/05/2016","41,50","42,11","42,75","41,50","","-1,24%"
"13/05/2016","41,57","43,30","43,30","40,95","","0,17%"
"16/05/2016","42,03","41,57","43,07","41,57","","1,11%"
"17/05/2016","42,75","42,87","43,24","41,83","","1,71%"
"18/05/2016","42,87","42,75","43,85","41,85","","0,28%"
"19/05/2016","42,40","42,87","46,59","42,31","","-1,10%"
"20/05/2016","40,17","42,18","42,38","40,06","","-5,26%"
"23/05/2016","39,44","40,17","42,03","39,38","","-1,82%"
"24/05/2016","38,02","39,74","39,88","37,96","","-3,60%"
"25/05/2016","35,94","38,02","40,47","35,90","","-5,47%"
"26/05/2016","36,56","37,97","37,97","36,23","","1,73%"
"27/05/2016","35,97","37,37","37,37","35,75","","-1,61%"
"31/05/2016","38,08","35,97","38,29","35,97","","5,87%"
"01/06/2016","40,00","38,62","40,15","38,13","","5,04%"
"02/06/2016","36,64","40,00","40,00","36,12","","-8,40%"
"03/06/2016","34,81","36,17","36,61","34,76","","-4,99%"
"06/06/2016","35,61","34,81","36,34","34,81","","2,30%"
"07/06/2016","36,19","35,61","36,69","35,18","","1,63%"
"08/06/2016","35,17","36,19","37,36","35,14","","-2,82%"
"09/06/2016","35,90","35,17","36,85","35,17","","2,08%"
"10/06/2016","39,95","37,44","40,12","37,02","","11,28%"
"13/06/2016","42,72","39,95","42,72","39,95","","6,93%"
"14/06/2016","43,07","42,72","44,14","42,72","","0,82%"
"15/06/2016","42,58","43,07","44,73","39,92","","-1,14%"
"16/06/2016","44,49","42,58","45,93","42,22","","4,49%"
"17/06/2016","41,35","44,49","44,49","40,69","","-7,06%"
"20/06/2016","38,99","41,35","41,91","38,82","","-5,71%"
"21/06/2016","40,37","38,99","40,84","38,99","","3,54%"
"22/06/2016","43,25","40,37","43,95","39,93","","7,13%"
"23/06/2016","40,10","40,35","41,08","39,94","","-7,28%"
"24/06/2016","43,33","40,10","43,79","40,10","","8,05%"
"27/06/2016","42,85","43,33","44,71","42,73","","-1,11%"
"28/06/2016","40,18","42,46","42,46","39,98","","-6,23%"
"29/06/2016","38,29","40,18","42,57","37,12","","-4,70%"
"30/06/2016","38,09","38,29","39,39","37,70","","-0,52%"
"01/07/2016","36,18","38,09","38,09","36,18","","-5,01%"
"05/07/2016","40,08","36,18","40,83","36,18","","10,78%"
"06/07/2016","41,43","39,32","41,73","39,32","","3,37%"
"07/07/2016","43,24","40,21","58,41","39,05","","4,37%"
"08/07/2016","41,41","43,24","43,44","41,21","","-4,23%"
"11/07/2016","42,51","42,60","43,08","41,54","","2,66%"
"12/07/2016","39,67","42,51","42,51","39,07","","-6,68%"
"13/07/2016","43,10","40,46","43,24","39,74","","8,65%"
"14/07/2016","38,30","41,39","41,39","38,19","","-11,14%"
"15/07/2016","36,66","38,04","38,25","36,50","","-4,28%"
"18/07/2016","38,15","39,09","39,24","37,81","","4,06%"
"19/07/2016","37,20","38,15","38,18","36,56","","-2,49%"
"20/07/2016","37,02","37,94","42,02","36,47","","-0,48%"
"21/07/2016","38,13","37,91","38,38","36,49","","3,00%"
"22/07/2016","38,85","38,13","39,32","37,97","","1,89%"
"25/07/2016","40,97","41,33","41,65","40,71","","5,46%"
"26/07/2016","41,27","41,36","42,20","41,07","","0,73%"
"27/07/2016","41,60","41,27","42,18","37,56","","0,80%"
"28/07/2016","42,93","41,60","43,22","41,56","","3,20%"
"29/07/2016","41,08","42,90","43,76","41,08","","-4,31%"
"01/08/2016","44,22","41,08","44,50","41,08","","7,64%"
"02/08/2016","45,70","44,22","47,03","42,93","","3,35%"
"03/08/2016","44,64","45,70","48,30","44,02","","-2,32%"
"04/08/2016","43,10","44,88","44,95","42,63","","-3,45%"
"05/08/2016","41,50","42,74","43,38","41,25","","-3,71%"
"08/08/2016","41,14","41,75","42,65","40,91","","-0,87%"
"09/08/2016","39,76","41,14","41,18","39,72","","-3,35%"
"10/08/2016","39,32","39,88","40,60","38,58","","-1,11%"
"11/08/2016","39,29","40,28","40,28","38,05","","-0,08%"
"12/08/2016","37,78","39,29","39,29","37,78","","-3,84%"
"15/08/2016","37,28","37,78","39,09","37,03","","-1,32%"
"16/08/2016","37,45","37,28","37,74","36,40","","0,46%"
"17/08/2016","35,12","37,45","37,76","35,03","","-6,22%"
"18/08/2016","36,75","35,12","36,88","34,39","","4,64%"
"19/08/2016","34,88","36,75","36,75","34,78","","-5,09%"
"22/08/2016","36,41","34,88","37,25","34,88","","4,39%"
"23/08/2016","37,53","36,41","37,59","35,98","","3,08%"
"24/08/2016","37,46","37,53","38,33","36,00","","-0,19%"
"25/08/2016","36,76","37,46","38,17","36,63","","-1,87%"
"26/08/2016","36,05","36,26","36,70","35,20","","-1,93%"
"29/08/2016","36,72","36,05","37,97","36,05","","1,86%"
"30/08/2016","38,03","36,72","38,15","36,25","","3,57%"
"31/08/2016","39,50","38,03","39,87","37,28","","3,87%"
"01/09/2016","41,22","39,50","41,89","39,50","","4,35%"
"02/09/2016","38,64","40,38","40,91","38,19","","-6,26%"
"06/09/2016","39,85","38,64","41,56","38,64","","3,13%"
"07/09/2016","38,63","39,85","39,85","38,22","","-3,06%"
"08/09/2016","38,21","38,45","39,33","38,06","","-1,09%"
"09/09/2016","39,72","39,70","40,00","38,64","","3,95%"
"12/09/2016","39,16","41,99","42,45","38,90","","-1,41%"
"13/09/2016","41,10","39,96","41,32","39,44","","4,95%"
"14/09/2016","42,47","41,10","44,57","40,32","","3,33%"
"15/09/2016","40,90","42,47","42,47","39,81","","-3,70%"
"16/09/2016","39,86","41,74","42,14","39,86","","-2,54%"
"19/09/2016","39,66","39,86","40,96","39,23","","-0,50%"
"20/09/2016","40,99","39,66","42,90","39,66","","3,35%"
"21/09/2016","39,85","40,99","43,49","39,34","","-2,78%"
"22/09/2016","41,57","39,70","42,04","38,63","","4,32%"
"23/09/2016","43,89","41,57","44,89","41,57","","5,58%"
"26/09/2016","44,90","46,02","46,51","44,58","","2,30%"
"27/09/2016","43,88","44,90","46,98","43,86","","-2,27%"
"28/09/2016","45,24","43,38","45,31","42,10","","3,10%"
"29/09/2016","42,05","45,24","45,24","41,48","","-7,05%"
"30/09/2016","39,31","42,05","42,05","39,13","","-6,52%"
"03/10/2016","38,04","41,42","41,69","37,47","","-3,23%"
"04/10/2016","37,66","37,45","37,87","36,38","","-1,00%"
"05/10/2016","36,65","37,01","38,85","35,72","","-2,68%"
"06/10/2016","35,92","36,65","39,26","35,92","","-1,99%"
"07/10/2016","36,60","37,89","37,89","36,12","","1,89%"
"10/10/2016","36,57","36,60","37,82","36,35","","-0,08%"
"11/10/2016","38,08","36,57","38,24","36,57","","4,13%"
"12/10/2016","39,05","38,08","39,07","37,71","","2,55%"
"13/10/2016","37,22","40,56","40,56","37,11","","-4,69%"
"14/10/2016","35,55","37,22","37,39","35,12","","-4,49%"
"17/10/2016","34,88","37,67","37,67","34,33","","-1,88%"
"18/10/2016","36,37","34,78","38,39","33,74","","4,27%"
"19/10/2016","32,72","36,37","37,30","29,88","","-10,04%"
"20/10/2016","32,48","32,72","34,10","32,42","","-0,73%"
"21/10/2016","32,51","34,19","34,38","32,37","","0,09%"
"24/10/2016","32,79","32,51","34,59","32,51","","0,86%"
"25/10/2016","33,93","33,79","34,44","33,19","","3,48%"
"26/10/2016","35,39","33,93","37,70","33,18","","4,30%"
"27/10/2016","35,86","35,39","36,37","35,38","","1,33%"
"28/10/2016","37,76","35,86","38,01","35,69","","5,30%"
"31/10/2016","40,96","37,76","41,90","37,76","","8,47%"
"01/11/2016","40,08","40,52","41,00","39,59","","-2,15%"
"02/11/2016","40,86","40,08","45,51","40,08","","1,95%"
"03/11/2016","41,49","40,86","42,12","39,89","","1,54%"
"04/11/2016","43,69","43,99","45,38","43,51","","5,30%"
"07/11/2016","44,20","43,69","45,36","43,30","","1,17%"
"08/11/2016","43,56","44,15","44,72","43,15","","-1,45%"
"09/11/2016","41,25","43,56","43,56","40,96","","-5,30%"
"10/11/2016","42,44","43,47","43,81","40,86","","2,88%"
"11/11/2016","45,31","42,44","45,89","42,44","","6,76%"
"14/11/2016","50,17","45,31","50,92","45,31","","10,73%"
"15/11/2016","49,43","50,28","50,94","47,45","","-1,47%"
"16/11/2016","50,09","49,43","53,82","48,50","","1,34%"
"17/11/2016","47,37","50,09","50,23","47,35","","-5,43%"
"18/11/2016","46,56","47,48","47,97","46,43","","-1,71%"
"21/11/2016","45,71","46,45","47,37","45,61","","-1,83%"
"22/11/2016","46,69","48,40","48,58","45,83","","2,14%"
"23/11/2016","47,54","47,15","47,84","46,73","","1,82%"
"25/11/2016","53,46","47,54","53,71","47,54","","12,45%"
"28/11/2016","52,56","53,46","53,89","51,10","","-1,68%"
"29/11/2016","55,09","55,10","55,70","53,87","","4,81%"
"30/11/2016","44,25","55,09","55,09","42,13","","-19,68%"
"01/12/2016","40,45","42,47","42,55","39,51","","-8,59%"
"02/12/2016","35,51","40,45","40,45","35,18","","-12,21%"
"05/12/2016","37,00","35,51","37,56","35,51","","4,20%"
"06/12/2016","37,11","37,00","43,56","36,22","","0,30%"
"07/12/2016","36,05","37,11","37,79","35,32","","-2,86%"
"08/12/2016","35,03","35,79","36,24","34,90","","-2,83%"
"09/12/2016","35,21","34,34","35,41","33,49","","0,51%"
"12/12/2016","30,30","35,21","35,21","28,94","","-13,94%"
"13/12/2016","31,35","31,30","33,25","30,43","","3,47%"
"14/12/2016","33,97","31,35","36,70","29,55","","8,36%"
"15/12/2016","33,58","33,10","34,76","32,43","","-1,15%"
"16/12/2016","29,18","34,54","34,54","28,99","","-13,10%"
"19/12/2016","29,23","31,61","31,76","28,32","","0,17%"
"20/12/2016","27,43","30,16","30,53","27,33","","-6,16%"
"21/12/2016","28,39","29,04","33,39","28,15","","3,50%"
"22/12/2016","30,29","28,39","39,61","28,39","","6,69%"
"23/12/2016","29,90","30,87","30,98","29,20","","-1,29%"
"27/12/2016","30,00","29,90","31,34","29,50","","0,33%"
"28/12/2016","29,91","30,00","30,29","29,61","","-0,30%"
"29/12/2016","30,01","30,47","30,83","29,44","","0,33%"
"30/12/2016","30,83","34,28","38,54","30,00","","2,73%"
"03/01/2017","32,88","33,09","33,98","30,15","","6,65%"
"04/01/2017","32,36","34,16","34,16","31,93","","-1,58%"
"05/01/2017","31,56","32,36","32,67","31,01","","-2,47%"
"06/01/2017","30,47","31,63","32,86","30,32","","-3,45%"
"09/01/2017","33,73","31,99","33,92","31,73","","10,70%"
"10/01/2017","33,61","33,73","34,33","32,61","","-0,36%"
"11/01/2017","32,95","33,61","35,52","32,74","","-1,96%"
"12/01/2017","32,37","41,82","42,41","32,14","","-1,76%"
"13/01/2017","30,73","32,42","33,29","30,35","","-5,07%"
"17/01/2017","31,25","30,33","31,38","29,47","","1,69%"
"18/01/2017","31,24","31,25","32,26","30,72","","-0,03%"
"19/01/2017","30,88","31,44","32,23","30,88","","-1,15%"
"20/01/2017","29,19","30,88","30,88","29,19","","-5,47%"
"23/01/2017","30,79","29,19","32,31","29,19","","5,48%"
"24/01/2017","29,59","30,79","30,79","29,21","","-3,90%"
"25/01/2017","30,41","35,99","35,99","30,11","","2,77%"
"26/01/2017","29,59","30,59","30,59","29,22","","-2,70%"
"27/01/2017","29,78","29,59","31,38","29,06","","0,64%"
"30/01/2017","30,94","29,78","31,84","29,78","","3,90%"
"31/01/2017","31,33","30,94","31,56","29,98","","1,26%"
"01/02/2017","30,65","31,58","32,49","28,90","","-2,17%"
"02/02/2017","29,39","30,65","32,79","29,23","","-4,11%"
"03/02/2017","28,11","29,39","29,95","28,05","","-4,36%"
"06/02/2017","29,37","28,11","30,12","28,11","","4,48%"
"07/02/2017","29,61","29,37","30,17","29,01","","0,82%"
"08/02/2017","29,09","30,21","30,66","29,03","","-1,76%"
"09/02/2017","28,25","29,25","29,29","28,09","","-2,89%"
"10/02/2017","26,43","28,25","28,25","26,15","","-6,44%"
"13/02/2017","26,99","26,43","27,57","26,43","","2,12%"
"14/02/2017","27,49","27,90","28,04","26,94","","1,85%"
"15/02/2017","27,75","28,59","29,16","26,83","","0,95%"
"16/02/2017","27,37","27,75","28,49","27,15","","-1,37%"
"17/02/2017","25,29","27,53","27,90","24,88","","-7,60%"
"21/02/2017","25,79","25,29","28,21","25,29","","1,98%"
"22/02/2017","27,09","25,79","30,39","25,79","","5,04%"
"23/02/2017","25,79","25,91","27,34","25,36","","-4,80%"
"24/02/2017","25,72","25,79","27,03","25,52","","-0,27%"
"27/02/2017","25,01","25,72","27,55","24,79","","-2,76%"
"28/02/2017","25,46","25,97","26,53","25,34","","1,80%"
"01/03/2017","24,67","27,47","27,70","24,51","","-3,10%"
"02/03/2017","25,94","25,28","26,01","24,88","","5,15%"
"03/03/2017","25,59","25,94","26,30","25,03","","-1,35%"
"06/03/2017","26,96","25,59","27,48","25,59","","5,35%"
"07/03/2017","26,46","26,94","27,00","25,99","","-1,85%"
"08/03/2017","31,74","28,05","33,16","26,59","","19,95%"
"09/03/2017","31,98","32,44","34,48","31,27","","0,76%"
"10/03/2017","33,45","30,77","34,11","30,66","","4,60%"
"13/03/2017","32,39","33,45","36,24","30,18","","-3,17%"
"14/03/2017","33,19","32,39","35,91","31,19","","2,47%"
"15/03/2017","30,08","31,93","33,84","27,38","","-9,37%"
"16/03/2017","28,63","30,08","31,03","27,08","","-4,82%"
"17/03/2017","27,45","28,63","28,92","27,01","","-4,12%"
"20/03/2017","28,11","27,45","30,47","27,45","","2,40%"
"21/03/2017","30,57","28,11","30,85","27,67","","8,75%"
"22/03/2017","30,05","30,57","33,82","29,70","","-1,70%"
"23/03/2017","29,79","30,62","31,55","29,03","","-0,87%"
"24/03/2017","30,99","30,79","31,85","29,62","","4,03%"
"27/03/2017","30,78","30,99","35,19","30,66","","-0,68%"
"28/03/2017","29,92","30,78","32,39","29,62","","-2,79%"
"29/03/2017","28,54","29,92","31,01","27,06","","-4,61%"
"30/03/2017","27,82","28,54","31,44","27,56","","-2,52%"
"31/03/2017","27,59","27,82","30,58","27,15","","-0,83%"
"03/04/2017","26,89","27,59","31,75","26,29","","-2,54%"
"04/04/2017","27,97","26,89","28,14","26,74","","4,02%"
"05/04/2017","27,73","27,97","28,47","26,89","","-0,86%"
"06/04/2017","26,79","27,67","27,89","26,43","","-3,39%"
"07/04/2017","27,46","27,16","27,55","26,68","","2,50%"
"10/04/2017","26,71","27,79","28,21","26,60","","-2,73%"
"11/04/2017","27,27","26,71","27,41","25,52","","2,10%"
"12/04/2017","26,92","27,27","27,86","25,88","","-1,28%"
"13/04/2017","26,02","25,84","26,99","25,46","","-3,34%"
"17/04/2017","25,80","25,69","26,35","25,39","","-0,85%"
"18/04/2017","26,88","25,80","27,51","25,25","","4,19%"
"19/04/2017","29,81","27,51","31,32","27,08","","10,90%"
"20/04/2017","27,96","29,81","30,92","27,33","","-6,21%"
"21/04/2017","30,06","27,96","30,64","27,77","","7,51%"
"24/04/2017","29,88","34,39","35,17","29,59","","-0,60%"
"25/04/2017","29,39","30,37","30,66","28,66","","-1,64%"
"26/04/2017","29,32","30,45","30,96","27,97","","-0,24%"
"27/04/2017","29,88","30,75","31,15","29,68","","1,91%"
"28/04/2017","28,55","29,67","29,67","28,21","","-4,45%"
"01/05/2017","29,42","28,55","30,16","28,55","","3,05%"
"02/05/2017","32,23","29,42","32,33","29,35","","9,55%"
"03/05/2017","32,80","32,23","35,49","31,11","","1,77%"
"04/05/2017","34,67","33,34","34,67","32,67","","5,70%"
"05/05/2017","33,83","34,67","36,07","33,78","","-2,42%"
"08/05/2017","33,85","35,19","35,19","33,51","","0,06%"
"09/05/2017","34,21","34,02","34,58","33,59","","1,06%"
"10/05/2017","34,02","34,21","34,86","33,86","","-0,56%"
"11/05/2017","33,72","34,02","35,82","33,44","","-0,88%"
"12/05/2017","33,72","33,72","33,72","33,72","","0,00%"
"15/05/2017","33,10","33,79","34,33","32,53","","-1,84%"
"16/05/2017","33,44","33,10","33,95","32,95","","1,03%"
"17/05/2017","33,90","37,63","38,01","31,07","","1,38%"
"18/05/2017","32,80","34,71","34,99","32,68","","-3,24%"
"19/05/2017","29,76","32,79","33,15","29,40","","-9,27%"
"22/05/2017","30,59","29,76","32,48","29,76","","2,79%"
"23/05/2017","31,77","30,59","34,91","29,67","","3,86%"
"24/05/2017","30,94","31,77","33,69","30,24","","-2,61%"
"25/05/2017","33,03","30,94","33,40","27,29","","6,76%"
"26/05/2017","30,04","31,35","32,42","29,36","","-9,05%"
"30/05/2017","30,30","32,20","32,52","30,17","","0,87%"
"31/05/2017","32,29","34,81","34,91","31,91","","6,57%"
"01/06/2017","31,19","31,81","33,46","30,46","","-3,41%"
"02/06/2017","32,47","32,30","32,91","31,57","","4,10%"
"05/06/2017","33,71","34,16","34,78","33,14","","3,82%"
"06/06/2017","32,12","33,71","33,71","31,87","","-4,72%"
"07/06/2017","34,23","32,12","36,42","32,12","","6,57%"
"08/06/2017","33,84","34,23","34,23","32,98","","-1,14%"
"09/06/2017","32,59","33,84","33,84","32,50","","-3,69%"
"12/06/2017","33,95","32,59","35,13","32,16","","4,17%"
"13/06/2017","32,34","33,31","34,45","31,74","","-4,74%"
"14/06/2017","32,02","33,13","34,34","30,84","","-0,99%"
"15/06/2017","31,90","32,02","32,27","30,07","","-0,37%"
"16/06/2017","27,93","31,90","31,90","27,92","","-12,45%"
"19/06/2017","30,34","30,03","30,60","28,31","","8,63%"
"20/06/2017","32,49","31,35","33,66","31,04","","7,09%"
"21/06/2017","33,32","32,49","49,76","30,91","","2,55%"
"22/06/2017","32,65","33,32","34,69","31,93","","-2,01%"
"23/06/2017","31,92","32,73","33,15","31,36","","-2,24%"
"26/06/2017","31,77","34,43","34,57","31,52","","-0,47%"
"27/06/2017","32,28","33,64","33,64","31,34","","1,61%"
"28/06/2017","30,80","32,28","33,13","30,80","","-4,58%"
"29/06/2017","30,46","30,80","31,25","29,48","","-1,10%"
"30/06/2017","28,70","30,46","30,46","28,52","","-5,78%"
"03/07/2017","30,26","29,25","30,26","27,89","","5,44%"
"05/07/2017","32,61","30,22","32,73","30,22","","7,77%"
"06/07/2017","32,82","32,61","37,43","31,53","","0,64%"
"07/07/2017","33,17","32,82","33,82","32,39","","1,07%"
"10/07/2017","33,23","33,17","34,11","32,58","","0,18%"
"11/07/2017","33,61","34,24","34,37","33,21","","1,14%"
"12/07/2017","32,48","33,61","33,61","30,12","","-3,36%"
"13/07/2017","31,76","32,48","32,48","31,69","","-2,22%"
"14/07/2017","30,28","31,76","31,76","30,03","","-4,66%"
"17/07/2017","30,61","30,28","31,57","30,08","","1,09%"
"18/07/2017","29,96","30,91","32,12","29,80","","-2,12%"
"19/07/2017","29,55","29,96","32,11","28,85","","-1,37%"
"20/07/2017","29,25","29,55","30,50","29,23","","-1,02%"
"21/07/2017","29,25","29,25","30,99","29,06","","0,00%"
"24/07/2017","29,24","29,25","30,84","29,14","","-0,03%"
"25/07/2017","29,18","29,24","30,21","28,76","","-0,21%"
"26/07/2017","29,44","30,16","31,97","29,21","","0,89%"
"27/07/2017","29,81","29,44","30,18","29,20","","1,26%"
"28/07/2017","29,86","29,81","30,74","29,75","","0,17%"
"31/07/2017","30,84","29,86","31,29","29,86","","3,28%"
"01/08/2017","30,54","30,84","31,19","29,88","","-0,97%"
"02/08/2017","30,43","30,54","31,43","29,98","","-0,36%"
"03/08/2017","29,65","30,43","30,46","29,29","","-2,56%"
"04/08/2017","28,53","29,31","29,64","28,28","","-3,78%"
"07/08/2017","28,73","28,53","29,97","28,53","","0,70%"
"08/08/2017","29,44","29,39","29,78","28,87","","2,47%"
"09/08/2017","29,06","29,44","29,72","28,44","","-1,29%"
"10/08/2017","29,27","29,06","29,57","28,65","","0,72%"
"11/08/2017","28,41","29,27","29,27","28,27","","-2,94%"
"14/08/2017","29,16","29,80","29,80","27,77","","2,64%"
"15/08/2017","29,31","29,84","30,05","28,99","","0,51%"
"16/08/2017","29,18","29,31","29,65","25,98","","-0,44%"
"17/08/2017","29,31","29,34","29,67","28,59","","0,45%"
"18/08/2017","27,53","29,31","29,77","27,27","","-6,07%"
"21/08/2017","28,77","28,18","29,47","27,95","","4,50%"
"22/08/2017","27,97","28,77","28,90","27,93","","-2,78%"
"23/08/2017","27,80","28,15","28,90","27,21","","-0,61%"
"24/08/2017","28,37","27,80","29,85","27,80","","2,05%"
"25/08/2017","28,88","28,37","29,37","28,37","","1,80%"
"28/08/2017","30,39","28,88","31,44","28,88","","5,23%"
"29/08/2017","30,49","30,39","31,48","30,24","","0,33%"
"30/08/2017","29,78","30,49","31,06","29,20","","-2,33%"
"31/08/2017","29,10","29,78","29,78","28,55","","-2,28%"
"01/09/2017","28,97","29,03","29,20","28,48","","-0,45%"
"05/09/2017","29,58","28,97","30,28","28,97","","2,11%"
"06/09/2017","30,07","29,74","30,30","29,53","","1,66%"
"07/09/2017","29,73","30,07","30,18","29,41","","-1,13%"
"08/09/2017","29,49","30,10","30,10","29,25","","-0,81%"
"11/09/2017","27,73","28,56","29,51","27,37","","-5,97%"
"12/09/2017","27,59","27,73","28,14","26,68","","-0,50%"
"13/09/2017","26,62","27,82","28,69","26,43","","-3,52%"
"14/09/2017","26,09","25,53","27,65","25,31","","-1,99%"
"15/09/2017","26,65","26,09","27,51","25,64","","2,15%"
"18/09/2017","27,53","27,35","27,93","26,67","","3,30%"
"19/09/2017","25,76","26,68","26,68","25,48","","-6,43%"
"20/09/2017","26,99","25,76","27,83","25,45","","4,77%"
"21/09/2017","26,30","26,99","27,60","25,90","","-2,56%"
"22/09/2017","26,39","26,30","27,17","26,17","","0,34%"
"25/09/2017","26,93","26,39","27,87","26,39","","2,05%"
"26/09/2017","27,80","26,93","27,98","26,93","","3,23%"
"27/09/2017","27,29","27,23","28,12","25,82","","-1,83%"
"28/09/2017","27,18","27,29","27,35","26,49","","-0,40%"
"29/09/2017","26,83","27,18","27,54","26,45","","-1,29%"
"02/10/2017","27,72","28,52","29,08","27,64","","3,32%"
"03/10/2017","27,95","27,72","28,08","27,33","","0,83%"
"04/10/2017","27,04","27,95","29,16","27,01","","-3,26%"
"05/10/2017","26,45","26,93","26,99","25,67","","-2,18%"
"06/10/2017","27,59","27,12","27,82","27,12","","4,31%"
"09/10/2017","27,32","27,59","27,92","26,92","","-0,98%"
"10/10/2017","26,54","26,60","26,96","25,96","","-2,86%"
"11/10/2017","26,43","26,54","26,54","26,43","","-0,41%"
"12/10/2017","25,85","26,69","27,02","25,55","","-2,19%"
"13/10/2017","25,73","25,85","26,11","25,16","","-0,46%"
"16/10/2017","26,32","25,73","27,29","25,00","","2,29%"
"17/10/2017","25,87","26,40","27,21","25,65","","-1,71%"
"18/10/2017","26,41","25,87","26,89","24,52","","2,09%"
"19/10/2017","26,30","26,79","27,01","25,90","","-0,42%"
"20/10/2017","24,51","26,65","26,65","24,48","","-6,81%"
"23/10/2017","25,08","26,33","26,33","25,01","","2,33%"
"24/10/2017","25,60","26,41","26,50","25,33","","2,07%"
"25/10/2017","25,44","25,60","26,17","24,56","","-0,62%"
"26/10/2017","25,22","25,44","26,23","24,50","","-0,86%"
"27/10/2017","25,18","25,46","26,50","24,42","","-0,16%"
"30/10/2017","25,33","25,18","26,12","24,93","","0,60%"
"31/10/2017","25,31","25,33","25,37","25,28","","-0,08%"
"01/11/2017","25,65","25,31","25,82","24,50","","1,34%"
"02/11/2017","25,65","25,65","25,65","25,65","","0,00%"
"03/11/2017","24,82","25,65","25,65","24,09","","-3,24%"
"06/11/2017","26,85","26,58","28,29","25,15","","8,18%"
"07/11/2017","28,75","26,85","28,76","26,85","","7,08%"
"08/11/2017","27,99","28,75","28,75","26,68","","-2,64%"
"09/11/2017","28,37","27,99","29,20","27,10","","1,36%"
"10/11/2017","29,40","28,37","29,53","28,37","","3,63%"
"13/11/2017","30,22","30,99","30,99","29,35","","2,79%"
"14/11/2017","30,08","30,22","31,45","28,83","","-0,46%"
"15/11/2017","29,84","30,48","80,38","29,09","","-0,80%"
"16/11/2017","28,42","29,84","30,17","27,75","","-4,76%"
"17/11/2017","26,96","28,42","28,93","26,49","","-5,14%"
"20/11/2017","27,18","26,96","28,29","25,67","","0,82%"
"21/11/2017","26,64","26,98","27,50","26,15","","-1,99%"
"22/11/2017","26,83","26,87","32,99","25,51","","0,71%"
"24/11/2017","26,88","27,78","28,25","26,21","","0,19%"
"27/11/2017","28,36","29,17","29,21","27,26","","5,51%"
"28/11/2017","28,13","29,33","29,65","27,92","","-0,81%"
"29/11/2017","28,02","27,98","28,99","27,31","","-0,39%"
"30/11/2017","25,95","26,71","27,81","25,31","","-7,39%"
"01/12/2017","23,73","25,95","25,95","23,70","","-8,55%"
"04/12/2017","23,68","26,44","26,44","23,68","","-0,21%"
"05/12/2017","23,13","23,68","24,12","23,03","","-2,32%"
"06/12/2017","23,13","23,13","23,13","23,13","","0,00%"
"07/12/2017","23,13","23,13","23,13","23,13","","0,00%"
"08/12/2017","23,85","23,13","24,88","23,13","","3,11%"
"11/12/2017","22,96","20,21","24,51","18,19","","-3,73%"
"12/12/2017","22,84","23,82","25,38","21,89","","-0,52%"
"13/12/2017","23,49","27,45","27,65","21,23","","2,85%"
"14/12/2017","23,00","23,49","24,05","22,17","","-2,09%"
"15/12/2017","21,25","23,00","23,56","17,99","","-7,61%"
"18/12/2017","18,43","21,25","22,47","18,23","","-13,27%"
"19/12/2017","18,88","18,43","19,50","17,96","","2,44%"
"20/12/2017","19,46","18,42","19,93","17,61","","3,07%"
"21/12/2017","17,86","17,90","18,96","17,24","","-8,22%"
"22/12/2017","19,26","20,08","20,13","18,81","","7,84%"
"26/12/2017","20,99","20,39","21,29","19,49","","8,98%"
"27/12/2017","20,64","21,78","21,78","20,29","","-1,67%"
"28/12/2017","20,71","20,64","21,80","20,51","","0,34%"
"29/12/2017","21,32","21,18","22,40","20,55","","2,95%"
"02/01/2018","22,73","23,03","23,18","22,08","","6,61%"
"03/01/2018","22,75","22,73","24,15","22,64","","0,09%"
"04/01/2018","22,12","23,90","25,72","21,89","","-2,77%"
"05/01/2018","22,30","22,30","22,48","20,23","","0,81%"
"08/01/2018","21,90","22,29","22,93","21,48","","-1,79%"
"09/01/2018","22,96","21,90","23,66","20,67","","4,84%"
"10/01/2018","23,52","22,96","26,70","22,96","","2,44%"
"11/01/2018","23,52","23,52","23,52","23,52","","0,00%"
"12/01/2018","23,52","23,52","23,52","23,52","","0,00%"
"16/01/2018","26,41","23,52","27,23","23,52","","12,29%"
"17/01/2018","24,70","25,98","27,38","24,60","","-6,47%"
"18/01/2018","24,38","24,70","26,60","23,70","","-1,30%"
"19/01/2018","21,20","24,38","25,42","21,20","","-13,04%"
"22/01/2018","22,03","22,09","22,22","21,20","","3,92%"
"23/01/2018","22,34","22,03","22,84","21,78","","1,41%"
"24/01/2018","23,93","22,34","24,05","22,00","","7,12%"
"25/01/2018","22,35","23,93","24,86","21,98","","-6,60%"
"26/01/2018","22,29","22,35","22,60","21,43","","-0,27%"
"29/01/2018","22,73","22,64","23,14","22,39","","1,97%"
"30/01/2018","22,90","22,73","25,07","22,31","","0,75%"
"31/01/2018","22,23","22,90","23,22","21,98","","-2,93%"
"01/02/2018","22,24","22,23","22,81","21,25","","0,04%"
"02/02/2018","23,80","22,24","24,13","21,89","","7,01%"
"05/02/2018","25,91","23,80","26,16","23,80","","8,87%"
"06/02/2018","26,59","25,91","27,98","24,43","","2,62%"
"07/02/2018","26,79","26,59","28,95","24,57","","0,75%"
"08/02/2018","29,50","26,79","29,73","26,61","","10,12%"
"09/02/2018","29,85","28,45","51,70","27,43","","1,19%"
"12/02/2018","29,42","30,37","30,68","27,96","","-1,44%"
"13/02/2018","30,39","29,42","77,56","27,72","","3,30%"
"14/02/2018","27,73","30,39","39,25","26,20","","-8,75%"
"15/02/2018","27,57","27,73","29,34","26,63","","-0,58%"
"16/02/2018","26,97","27,29","28,55","26,55","","-2,18%"
"20/02/2018","27,58","26,97","28,14","26,89","","2,26%"
"21/02/2018","26,93","27,58","27,58","25,37","","-2,36%"
"22/02/2018","24,98","26,80","26,88","24,85","","-7,24%"
"23/02/2018","24,37","24,98","25,11","23,40","","-2,44%"
"26/02/2018","24,36","24,37","25,87","24,23","","-0,04%"
"27/02/2018","25,29","24,36","25,62","23,80","","3,82%"
"28/02/2018","26,92","25,29","27,22","24,30","","6,45%"
"01/03/2018","26,98","26,92","28,58","25,84","","0,22%"
"02/03/2018","26,15","26,98","28,09","25,84","","-3,08%"
"05/03/2018","26,30","27,60","28,19","25,89","","0,57%"
"06/03/2018","25,55","26,67","26,67","25,38","","-2,85%"
"07/03/2018","26,94","25,55","27,04","24,93","","5,44%"
"08/03/2018","26,16","26,91","27,16","25,80","","-2,90%"
"09/03/2018","26,23","26,16","26,23","26,16","","0,27%"
"12/03/2018","24,02","22,61","24,91","22,61","","-8,43%"
"13/03/2018","25,50","24,02","25,96","22,50","","6,16%"
"14/03/2018","25,21","23,55","26,38","19,96","","-1,14%"
"15/03/2018","25,07","25,21","26,54","22,35","","-0,56%"
"16/03/2018","24,53","22,27","25,55","22,27","","-2,15%"
"19/03/2018","25,28","22,91","25,78","22,91","","3,06%"
"20/03/2018","25,30","25,28","25,77","24,58","","0,08%"
"21/03/2018","25,95","25,30","26,40","22,94","","2,57%"
"22/03/2018","26,47","26,14","26,55","25,16","","2,00%"
"23/03/2018","27,56","26,47","28,00","26,28","","4,12%"
"26/03/2018","27,71","27,56","28,59","27,56","","0,54%"
"27/03/2018","27,38","27,06","28,01","27,02","","-1,19%"
"28/03/2018","26,67","27,38","35,61","26,37","","-2,59%"
"29/03/2018","25,07","26,67","26,67","24,75","","-6,00%"
"02/04/2018","27,53","25,04","27,86","25,04","","9,81%"
"03/04/2018","26,89","27,53","27,82","26,68","","-2,32%"
"04/04/2018","26,17","26,71","28,36","25,95","","-2,68%"
"05/04/2018","24,38","26,17","26,94","24,38","","-6,84%"
"06/04/2018","24,99","24,57","25,18","24,05","","2,50%"
"09/04/2018","25,64","25,39","25,79","24,95","","2,60%"
"10/04/2018","28,05","25,64","28,11","25,64","","9,40%"
"11/04/2018","29,42","28,05","30,21","28,05","","4,88%"
"12/04/2018","28,73","29,43","29,43","28,48","","-2,35%"
"13/04/2018","28,52","28,73","29,76","27,85","","-0,73%"
"16/04/2018","28,84","28,52","30,70","27,97","","1,12%"
"17/04/2018","27,88","26,62","29,43","26,62","","-3,33%"
"18/04/2018","29,42","27,88","31,51","26,27","","5,52%"
"19/04/2018","29,36","30,39","30,42","29,15","","-0,20%"
"20/04/2018","28,99","28,17","29,51","28,17","","-1,26%"
"23/04/2018","28,97","28,18","29,84","28,18","","-0,07%"
"24/04/2018","29,15","27,53","29,54","27,53","","0,62%"
"25/04/2018","28,16","29,15","29,32","27,61","","-3,40%"
"26/04/2018","26,86","28,16","28,23","26,62","","-4,62%"
"27/04/2018","25,59","25,40","26,36","25,40","","-4,73%"
"30/04/2018","28,28","25,59","28,28","25,59","","10,51%"
"01/05/2018","28,07","28,28","28,30","27,57","","-0,74%"
"02/05/2018","27,32","28,12","28,50","27,05","","-2,67%"
"03/05/2018","26,69","26,71","27,47","26,46","","-2,31%"
"04/05/2018","26,17","26,69","27,12","25,76","","-1,95%"
"07/05/2018","28,86","27,29","28,98","26,34","","10,28%"
"08/05/2018","26,76","28,86","29,39","26,41","","-7,28%"
"09/05/2018","26,71","26,79","27,38","26,41","","-0,19%"
"10/05/2018","26,61","26,71","27,27","26,37","","-0,37%"
"11/05/2018","25,74","26,61","26,61","25,37","","-3,27%"
"14/05/2018","25,93","25,12","26,39","25,12","","0,74%"
"15/05/2018","26,61","25,93","26,88","25,10","","2,62%"
"16/05/2018","25,73","25,89","32,62","25,57","","-3,31%"
"17/05/2018","25,11","26,38","26,38","24,99","","-2,41%"
"18/05/2018","25,23","25,11","25,53","23,79","","0,48%"
"21/05/2018","25,79","25,32","26,08","25,32","","2,22%"
"22/05/2018","25,89","24,24","25,96","24,24","","0,39%"
"23/05/2018","26,04","25,99","26,39","25,12","","0,58%"
"24/05/2018","25,37","26,04","26,04","25,15","","-2,57%"
"25/05/2018","27,76","25,37","28,02","24,55","","9,42%"
"29/05/2018","29,04","27,76","29,19","26,99","","4,61%"
"30/05/2018","27,90","27,79","28,51","27,47","","-3,93%"
"31/05/2018","27,61","27,90","28,77","27,40","","-1,04%"
"01/06/2018","28,65","27,62","28,84","27,33","","3,77%"
"04/06/2018","29,49","28,65","29,62","28,65","","2,93%"
"05/06/2018","29,30","29,49","29,85","28,54","","-0,64%"
"06/06/2018","29,14","29,30","29,81","28,34","","-0,55%"
"07/06/2018","28,05","29,14","29,14","27,52","","-3,74%"
"08/06/2018","27,59","28,05","28,16","26,70","","-1,64%"
"11/06/2018","26,86","27,59","28,81","25,33","","-2,65%"
"12/06/2018","26,58","26,86","27,24","25,00","","-1,04%"
"13/06/2018","27,08","26,58","27,60","23,89","","1,88%"
"14/06/2018","26,69","27,08","27,24","25,85","","-1,44%"
"15/06/2018","27,64","24,62","28,37","24,62","","3,56%"
"18/06/2018","27,58","27,64","28,80","27,16","","-0,22%"
"19/06/2018","28,01","27,58","29,09","27,02","","1,56%"
"20/06/2018","28,06","27,63","29,50","27,42","","0,18%"
"21/06/2018","27,78","28,06","28,57","27,00","","-1,00%"
"22/06/2018","25,52","27,78","27,78","23,38","","-8,14%"
"25/06/2018","26,10","25,30","26,47","25,30","","2,27%"
"26/06/2018","25,67","26,10","26,52","24,90","","-1,65%"
"27/06/2018","27,69","26,28","47,19","25,97","","7,87%"
"28/06/2018","27,35","27,69","28,64","26,98","","-1,23%"
"29/06/2018","27,18","26,62","27,44","26,50","","-0,62%"
"02/07/2018","28,65","27,66","28,71","27,66","","5,41%"
"03/07/2018","28,58","28,65","29,21","28,21","","-0,24%"
"05/07/2018","28,77","28,73","34,31","28,13","","0,66%"
"06/07/2018","28,13","28,77","28,77","27,94","","-2,22%"
"09/07/2018","28,12","28,13","28,84","27,94","","-0,04%"
"10/07/2018","26,90","27,65","28,04","26,49","","-4,34%"
"11/07/2018","28,56","26,90","28,90","26,43","","6,17%"
"12/07/2018","27,81","28,56","28,88","27,51","","-2,63%"
"13/07/2018","27,54","27,81","27,81","26,70","","-0,97%"
"16/07/2018","29,01","27,88","29,89","27,72","","5,34%"
"17/07/2018","28,00","28,66","29,52","27,42","","-3,48%"
"18/07/2018","27,24","26,68","27,92","26,52","","-2,71%"
"19/07/2018","26,84","27,21","27,83","26,28","","-1,47%"
"20/07/2018","26,01","26,07","26,91","25,44","","-3,09%"
"23/07/2018","26,15","26,01","26,68","25,98","","0,54%"
"24/07/2018","25,65","26,15","26,37","25,26","","-1,91%"
"25/07/2018","25,34","25,65","25,82","24,55","","-1,21%"
"26/07/2018","24,88","24,66","25,20","24,48","","-1,82%"
"27/07/2018","24,97","24,44","25,28","24,43","","0,36%"
"30/07/2018","25,83","25,44","26,09","25,36","","3,44%"
"31/07/2018","26,52","25,83","26,80","25,67","","2,67%"
"01/08/2018","26,45","26,52","26,96","25,89","","-0,26%"
"02/08/2018","25,73","25,94","26,38","25,37","","-2,72%"
"03/08/2018","25,61","25,73","26,10","25,47","","-0,47%"
"06/08/2018","25,42","25,71","26,20","25,14","","-0,74%"
"07/08/2018","25,22","25,47","25,56","25,13","","-0,79%"
"08/08/2018","26,41","25,22","26,93","25,19","","4,72%"
"09/08/2018","25,40","25,82","25,93","25,30","","-3,82%"
"10/08/2018","25,45","25,45","25,66","25,19","","0,20%"
"13/08/2018","25,31","25,45","26,98","24,71","","-0,55%"
"14/08/2018","26,18","24,06","26,25","24,06","","3,44%"
"15/08/2018","27,26","25,47","32,43","25,11","","4,13%"
"16/08/2018","26,33","25,94","27,07","25,82","","-3,41%"
"17/08/2018","25,71","26,03","26,39","24,87","","-2,35%"
"20/08/2018","25,26","26,08","26,89","25,11","","-1,75%"
"21/08/2018","25,08","25,26","25,72","24,73","","-0,71%"
"22/08/2018","24,72","25,08","27,96","24,31","","-1,44%"
"23/08/2018","24,35","25,24","25,24","24,23","","-1,50%"
"24/08/2018","23,31","24,23","24,23","23,28","","-4,27%"
"27/08/2018","23,68","24,11","24,12","23,58","","1,59%"
"28/08/2018","24,50","23,61","24,63","23,33","","3,46%"
"29/08/2018","24,32","23,77","24,75","23,70","","-0,73%"
"30/08/2018","24,89","24,32","25,02","24,26","","2,34%"
"31/08/2018","25,02","24,07","25,13","23,97","","0,52%"
"04/09/2018","26,70","25,65","26,85","25,65","","6,71%"
"05/09/2018","26,62","25,90","27,07","25,90","","-0,30%"
"06/09/2018","26,16","26,62","27,64","26,04","","-1,73%"
"07/09/2018","26,07","26,16","26,41","25,39","","-0,34%"
"10/09/2018","26,13","26,24","26,40","25,36","","0,23%"
"11/09/2018","27,14","26,13","27,30","25,71","","3,87%"
"12/09/2018","26,94","27,14","28,21","26,51","","-0,74%"
"13/09/2018","26,70","26,01","27,30","26,01","","-0,89%"
"14/09/2018","26,40","26,70","27,02","25,47","","-1,12%"
"17/09/2018","26,49","26,47","27,40","26,04","","0,34%"
"18/09/2018","26,80","26,43","27,53","26,40","","1,17%"
"19/09/2018","26,35","25,84","27,15","25,84","","-1,68%"
"20/09/2018","26,07","25,78","26,46","25,06","","-1,06%"
"21/09/2018","26,15","26,07","26,60","25,04","","0,31%"
"24/09/2018","26,97","26,15","27,53","26,15","","3,14%"
"25/09/2018","26,83","26,72","27,32","26,18","","-0,52%"
"26/09/2018","26,53","26,55","26,88","25,96","","-1,12%"
"27/09/2018","26,45","27,05","27,10","26,06","","-0,30%"
"28/09/2018","26,73","26,20","26,84","26,20","","1,06%"
"01/10/2018","27,95","27,08","27,95","26,67","","4,56%"
"02/10/2018","27,68","27,09","27,84","27,09","","-0,97%"
"03/10/2018","28,04","26,91","35,21","24,15","","1,30%"
"04/10/2018","28,90","27,11","29,68","27,05","","3,07%"
"05/10/2018","28,84","28,72","29,08","28,34","","-0,21%"
"08/10/2018","28,86","28,84","29,49","28,74","","0,07%"
"09/10/2018","27,90","28,86","28,86","27,90","","-3,33%"
"10/10/2018","28,81","27,90","43,08","27,83","","3,26%"
"11/10/2018","29,29","28,81","56,90","28,41","","1,67%"
"12/10/2018","27,73","28,91","28,91","27,59","","-5,33%"
"15/10/2018","28,59","28,45","29,30","28,29","","3,10%"
"16/10/2018","28,59","27,54","29,40","27,54","","0,00%"
"17/10/2018","28,13","28,59","28,95","25,20","","-1,61%"
"18/10/2018","28,53","28,38","29,84","28,13","","1,42%"
"19/10/2018","27,42","28,53","33,28","26,93","","-3,89%"
"22/10/2018","27,76","28,03","28,94","27,35","","1,24%"
"23/10/2018","29,38","28,09","30,21","28,09","","5,84%"
"24/10/2018","29,80","29,38","29,93","28,48","","1,43%"
"25/10/2018","28,50","28,97","29,56","27,90","","-4,36%"
"26/10/2018","29,09","28,14","29,51","28,14","","2,07%"
"29/10/2018","29,46","29,09","29,90","28,54","","1,27%"
"30/10/2018","29,90","28,98","30,24","28,98","","1,49%"
"31/10/2018","30,12","29,15","36,86","27,11","","0,74%"
"01/11/2018","31,54","28,95","31,98","28,95","","4,71%"
"02/11/2018","32,21","31,54","32,43","30,96","","2,12%"
"05/11/2018","32,68","32,72","33,02","32,02","","1,46%"
"06/11/2018","34,15","32,33","34,34","32,27","","4,50%"
"07/11/2018","33,05","34,36","34,57","32,67","","-3,22%"
"08/11/2018","32,23","33,30","33,68","32,06","","-2,48%"
"09/11/2018","35,10","33,49","35,16","33,23","","8,90%"
"12/11/2018","40,14","35,22","40,21","33,58","","14,36%"
"13/11/2018","55,71","39,78","96,24","37,50","","38,79%"
"14/11/2018","47,07","50,29","51,56","43,45","","-15,51%"
"15/11/2018","43,87","46,98","50,83","5,93","","-6,80%"
"16/11/2018","40,56","41,39","44,96","38,94","","-7,55%"
"19/11/2018","43,45","42,35","46,57","42,35","","7,13%"
"20/11/2018","56,56","45,41","58,67","44,92","","30,17%"
"21/11/2018","51,79","51,82","53,71","48,94","","-8,43%"
"23/11/2018","65,17","59,04","65,26","58,88","","25,84%"
"26/11/2018","57,87","65,17","65,17","57,43","","-11,20%"
"27/11/2018","54,64","57,87","57,87","53,31","","-5,58%"
"28/11/2018","53,99","54,64","97,92","52,15","","-1,19%"
"29/11/2018","53,96","52,94","54,73","52,48","","-0,06%"
"30/11/2018","56,04","53,96","58,00","53,96","","3,85%"
"03/12/2018","49,61","52,55","52,55","49,06","","-11,47%"
"04/12/2018","49,84","49,45","50,09","47,72","","0,46%"
"06/12/2018","50,13","48,39","65,36","48,39","","0,58%"
"07/12/2018","41,83","50,13","50,13","39,69","","-16,56%"
"10/12/2018","45,06","43,48","45,19","41,52","","7,72%"
"11/12/2018","41,46","42,06","42,34","41,01","","-7,99%"
"12/12/2018","39,90","40,64","83,62","37,01","","-3,76%"
"13/12/2018","39,25","39,67","40,92","38,55","","-1,63%"
"14/12/2018","42,38","39,25","43,58","39,12","","7,97%"
"17/12/2018","46,59","41,86","46,82","41,86","","9,93%"
"18/12/2018","53,35","45,78","55,59","45,78","","14,51%"
"19/12/2018","50,86","52,05","72,51","48,93","","-4,67%"
"20/12/2018","52,89","50,27","53,44","50,27","","3,99%"
"21/12/2018","51,76","51,75","53,06","50,76","","-2,14%"
"24/12/2018","56,73","53,72","56,73","53,43","","9,60%"
"26/12/2018","54,07","55,38","57,33","53,79","","-4,69%"
"27/12/2018","57,16","55,78","110,48","55,78","","5,71%"
"28/12/2018","53,11","57,16","57,38","52,80","","-7,09%"
"31/12/2018","51,87","54,53","54,90","51,78","","-2,33%"
"02/01/2019","54,72","53,57","55,62","52,56","","5,49%"
"03/01/2019","53,57","52,38","55,11","52,38","","-2,10%"
"04/01/2019","51,52","52,37","56,09","50,09","","-3,83%"
"07/01/2019","50,42","52,56","53,20","49,79","","-2,14%"
"08/01/2019","46,08","49,18","49,39","45,85","","-8,61%"
"09/01/2019","44,36","45,07","64,80","43,97","","-3,73%"
"10/01/2019","42,99","44,36","45,26","42,67","","-3,09%"
"11/01/2019","40,99","42,11","43,29","40,62","","-4,65%"
"14/01/2019","40,81","41,51","43,22","40,25","","-0,44%"
"15/01/2019","39,75","39,99","41,37","39,69","","-2,60%"
"16/01/2019","38,77","39,75","42,17","38,71","","-2,47%"
"17/01/2019","37,03","38,02","39,43","36,42","","-4,49%"
"18/01/2019","35,63","36,06","39,05","35,16","","-3,78%"
"22/01/2019","38,26","36,81","38,93","36,37","","7,38%"
"23/01/2019","37,69","38,26","38,56","37,23","","-1,49%"
"24/01/2019","36,75","36,45","57,43","36,40","","-2,49%"
"25/01/2019","35,21","36,75","36,75","34,91","","-4,19%"
"28/01/2019","37,61","35,21","38,55","35,21","","6,82%"
"29/01/2019","37,13","37,61","38,78","36,54","","-1,28%"
"30/01/2019","35,59","37,13","53,81","34,07","","-4,15%"
"31/01/2019","34,97","34,91","35,64","34,29","","-1,74%"
"01/02/2019","33,40","34,97","35,89","32,83","","-4,49%"
"04/02/2019","33,70","33,40","35,77","33,40","","0,90%"
"05/02/2019","34,57","33,52","34,80","33,40","","2,58%"
"06/02/2019","33,02","34,57","35,06","31,96","","-4,48%"
"07/02/2019","34,34","33,02","36,78","32,35","","4,00%"
"08/02/2019","32,56","34,34","34,49","32,23","","-5,18%"
"11/02/2019","33,34","32,56","35,27","32,56","","2,40%"
"12/02/2019","32,69","33,34","33,63","31,74","","-1,95%"
"13/02/2019","32,26","32,69","47,56","30,60","","-1,32%"
"14/02/2019","32,10","32,26","33,97","31,65","","-0,50%"
"15/02/2019","29,46","32,10","32,10","29,46","","-8,22%"
"19/02/2019","31,00","29,46","32,44","29,46","","5,23%"
"20/02/2019","30,76","31,00","44,76","30,40","","-0,77%"
"21/02/2019","30,16","30,76","31,26","29,89","","-1,95%"
"22/02/2019","29,85","28,15","30,47","28,15","","-1,03%"
"25/02/2019","32,69","31,19","32,73","31,15","","9,51%"
"26/02/2019","31,57","32,69","32,92","30,84","","-3,43%"
"27/02/2019","31,01","31,57","36,49","30,14","","-1,77%"
"28/02/2019","30,27","31,01","31,60","30,15","","-2,39%"
"01/03/2019","30,31","30,35","31,64","29,53","","0,13%"
"04/03/2019","30,20","30,31","31,22","29,49","","-0,36%"
"05/03/2019","29,79","30,20","30,37","29,31","","-1,36%"
"06/03/2019","29,69","29,79","31,27","29,25","","-0,34%"
"07/03/2019","30,43","29,69","30,47","29,65","","2,49%"
"08/03/2019","29,77","30,43","31,17","29,25","","-2,17%"
"11/03/2019","29,18","29,77","31,27","26,87","","-1,98%"
"12/03/2019","28,56","29,18","29,91","27,79","","-2,12%"
"13/03/2019","28,13","27,63","29,44","26,40","","-1,51%"
"14/03/2019","27,22","28,13","28,60","26,51","","-3,23%"
"15/03/2019","26,27","27,22","28,39","25,68","","-3,49%"
"18/03/2019","26,48","26,27","27,87","25,37","","0,80%"
"19/03/2019","28,44","26,48","29,12","25,71","","7,40%"
"20/03/2019","27,21","28,44","29,46","26,66","","-4,32%"
"21/03/2019","27,14","26,47","28,02","25,90","","-0,26%"
"22/03/2019","27,78","27,14","29,73","26,58","","2,36%"
"25/03/2019","29,32","27,78","30,55","27,78","","5,54%"
"26/03/2019","27,92","29,32","29,32","27,05","","-4,77%"
"27/03/2019","28,11","27,92","56,99","27,31","","0,68%"
"28/03/2019","28,52","28,11","29,48","28,11","","1,46%"
"29/03/2019","26,75","28,52","28,52","26,39","","-6,21%"
"01/04/2019","26,23","26,79","27,36","25,65","","-1,94%"
"02/04/2019","26,28","26,23","26,69","25,21","","0,19%"
"03/04/2019","25,57","26,28","26,40","25,33","","-2,70%"
"04/04/2019","25,22","25,57","25,78","24,77","","-1,37%"
"05/04/2019","24,00","25,27","25,27","23,61","","-4,84%"
"08/04/2019","24,33","24,00","25,88","24,00","","1,37%"
"09/04/2019","24,66","24,33","25,30","23,95","","1,36%"
"10/04/2019","24,68","24,66","24,68","24,66","","0,08%"
"11/04/2019","25,70","24,68","26,06","24,68","","4,13%"
"12/04/2019","25,70","25,70","25,70","25,70","","0,00%"
"15/04/2019","25,51","26,59","26,59","25,04","","-0,74%"
"16/04/2019","25,57","25,51","26,27","24,99","","0,24%"
"17/04/2019","25,19","25,57","38,99","23,97","","-1,49%"
"18/04/2019","24,45","24,77","25,11","24,44","","-2,94%"
"22/04/2019","26,07","24,14","27,94","24,08","","6,63%"
"23/04/2019","26,56","24,37","26,66","24,37","","1,88%"
"24/04/2019","25,28","26,24","32,63","25,23","","-4,82%"
"25/04/2019","25,57","25,28","25,76","24,86","","1,15%"
"26/04/2019","31,24","25,62","31,90","25,16","","22,17%"
"29/04/2019","29,04","31,24","31,24","28,16","","-7,04%"
"30/04/2019","29,31","29,04","29,85","28,83","","0,93%"
"01/05/2019","29,41","28,08","39,44","28,08","","0,34%"
"02/05/2019","30,49","33,25","33,66","30,44","","3,67%"
"03/05/2019","29,88","30,49","30,49","28,42","","-2,00%"
"06/05/2019","30,91","29,88","32,14","29,88","","3,45%"
"07/05/2019","34,07","32,79","34,34","32,55","","10,22%"
"08/05/2019","32,23","34,07","34,60","30,11","","-5,40%"
"09/05/2019","32,48","32,99","45,35","32,18","","0,78%"
"10/05/2019","32,80","32,87","33,06","32,14","","0,99%"
"13/05/2019","34,60","35,01","35,55","31,87","","5,49%"
"14/05/2019","32,13","33,49","33,49","31,40","","-7,14%"
"15/05/2019","29,26","32,18","33,37","29,04","","-8,93%"
"16/05/2019","29,42","29,83","30,90","29,26","","0,55%"
"17/05/2019","29,44","28,43","29,92","27,71","","0,07%"
"20/05/2019","27,63","27,74","28,38","26,96","","-6,15%"
"21/05/2019","26,93","26,43","27,73","26,43","","-2,53%"
"22/05/2019","28,19","26,41","28,41","25,63","","4,68%"
"23/05/2019","33,79","30,92","37,17","30,92","","19,87%"
"24/05/2019","33,19","31,93","34,32","31,76","","-1,78%"
"28/05/2019","34,36","33,72","34,46","33,08","","3,53%"
"29/05/2019","36,43","34,74","37,97","34,74","","6,02%"
"30/05/2019","39,62","35,26","39,84","35,10","","8,76%"
"31/05/2019","46,91","41,18","47,49","41,18","","18,40%"
"03/06/2019","46,78","45,29","47,00","43,88","","-0,28%"
"04/06/2019","43,46","44,30","46,49","43,42","","-7,10%"
"05/06/2019","45,19","44,10","0,00","43,41","","3,98%"
"06/06/2019","40,66","45,19","45,19","40,52","","-10,02%"
"07/06/2019","38,75","40,17","40,62","38,71","","-4,70%"
"10/06/2019","39,12","38,75","39,74","38,19","","0,95%"
"11/06/2019","38,69","37,55","39,13","37,53","","-1,10%"
"12/06/2019","43,06","39,99","44,42","39,68","","11,29%"
"13/06/2019","41,56","40,35","41,77","39,68","","-3,48%"
"14/06/2019","42,89","41,37","42,89","41,37","","3,20%"
"17/06/2019","46,15","42,89","60,42","42,89","","7,60%"
"18/06/2019","43,43","43,73","44,13","42,70","","-5,89%"
"19/06/2019","40,79","43,47","43,91","40,27","","-6,08%"
"20/06/2019","41,66","39,90","43,33","39,53","","2,13%"
"21/06/2019","42,13","40,93","43,31","40,93","","1,13%"
"24/06/2019","41,00","41,89","42,79","40,87","","-2,68%"
"25/06/2019","40,26","41,00","41,00","39,17","","-1,80%"
"26/06/2019","38,45","38,49","39,71","38,06","","-4,50%"
"27/06/2019","37,84","38,75","38,75","36,93","","-1,59%"
"28/06/2019","39,46","37,84","39,72","36,91","","4,28%"
"01/07/2019","35,92","42,85","42,85","33,64","","-8,97%"
"02/07/2019","37,77","35,11","38,63","34,63","","5,15%"
"03/07/2019","36,72","36,82","38,31","35,93","","-2,78%"
"05/07/2019","34,70","36,72","37,51","34,54","","-5,50%"
"08/07/2019","34,00","35,56","35,87","33,89","","-2,02%"
"09/07/2019","30,30","30,71","31,31","30,14","","-10,88%"
"10/07/2019","30,76","29,32","42,54","29,08","","1,52%"
"11/07/2019","29,86","29,37","30,38","29,37","","-2,93%"
"12/07/2019","30,39","29,86","30,68","29,38","","1,77%"
"15/07/2019","30,83","29,48","31,63","29,48","","1,45%"
"16/07/2019","32,06","29,40","33,65","29,40","","3,99%"
"17/07/2019","34,94","32,88","35,01","29,16","","8,98%"
"18/07/2019","33,07","31,39","35,36","31,39","","-5,35%"
"19/07/2019","34,84","32,04","34,93","32,04","","5,35%"
"22/07/2019","33,63","33,88","34,87","32,54","","-3,47%"
"23/07/2019","32,25","32,34","33,55","32,17","","-4,10%"
"24/07/2019","32,86","32,25","33,60","29,52","","1,89%"
"25/07/2019","31,95","31,85","32,50","31,69","","-2,77%"
"26/07/2019","32,29","31,95","33,05","31,57","","1,06%"
"29/07/2019","31,63","30,71","32,87","30,71","","-2,04%"
"30/07/2019","30,07","31,00","31,28","29,88","","-4,93%"
"31/07/2019","30,77","29,12","30,86","29,12","","2,33%"
"01/08/2019","36,43","30,24","38,64","30,24","","18,39%"
"02/08/2019","35,56","33,87","38,32","33,79","","-2,39%"
"05/08/2019","37,04","38,08","39,26","36,62","","4,16%"
"06/08/2019","36,43","37,04","37,04","34,75","","-1,65%"
"07/08/2019","38,10","36,43","40,81","36,43","","4,58%"
"08/08/2019","35,98","38,10","38,18","35,79","","-5,56%"
"09/08/2019","35,14","35,99","35,99","34,31","","-2,33%"
"12/08/2019","34,43","35,14","35,52","32,87","","-2,02%"
"13/08/2019","33,19","34,43","35,06","32,24","","-3,60%"
"14/08/2019","35,83","34,62","39,25","34,62","","7,95%"
"15/08/2019","36,20","37,59","38,13","36,01","","1,03%"
"16/08/2019","35,02","35,70","36,83","34,18","","-3,26%"
"19/08/2019","32,99","35,02","35,02","32,68","","-5,80%"
"20/08/2019","32,34","32,99","34,07","31,90","","-1,97%"
"21/08/2019","32,39","31,65","44,77","31,18","","0,15%"
"22/08/2019","32,39","31,27","33,36","31,27","","0,00%"
"23/08/2019","35,20","32,39","36,26","32,39","","8,68%"
"26/08/2019","35,42","35,20","41,49","30,98","","0,62%"
"27/08/2019","33,73","33,92","35,04","33,45","","-4,77%"
"28/08/2019","32,72","32,69","49,37","31,92","","-2,99%"
"29/08/2019","31,82","33,06","33,32","31,69","","-2,75%"
"30/08/2019","32,16","31,78","35,72","30,84","","1,07%"
"03/09/2019","35,73","36,16","37,30","35,20","","11,10%"
"04/09/2019","34,56","33,74","34,94","33,67","","-3,27%"
"05/09/2019","33,50","33,27","47,88","32,80","","-3,07%"
"06/09/2019","33,21","33,50","35,00","32,51","","-0,87%"
"09/09/2019","33,28","32,70","33,55","32,70","","0,21%"
"10/09/2019","33,55","33,20","34,06","32,88","","0,81%"
"11/09/2019","34,94","32,70","35,90","32,53","","4,14%"
"12/09/2019","35,58","34,94","38,15","34,84","","1,83%"
"13/09/2019","35,48","35,84","36,57","35,40","","-0,28%"
"16/09/2019","48,58","39,37","77,17","37,63","","36,92%"
"17/09/2019","44,89","48,58","48,58","42,82","","-7,60%"
"18/09/2019","40,44","44,89","48,84","36,29","","-9,91%"
"19/09/2019","41,15","40,76","41,18","39,56","","1,76%"
"20/09/2019","38,99","40,35","40,94","38,77","","-5,25%"
"23/09/2019","39,52","39,36","44,76","38,31","","1,36%"
"24/09/2019","38,74","36,96","39,00","36,90","","-1,97%"
"25/09/2019","38,37","38,74","41,19","35,88","","-0,96%"
"26/09/2019","37,52","37,56","38,36","37,03","","-2,22%"
"27/09/2019","38,90","37,07","40,22","36,99","","3,68%"
"30/09/2019","38,75","38,90","39,59","38,62","","-0,39%"
"01/10/2019","38,88","38,08","39,36","37,34","","0,34%"
"02/10/2019","39,62","37,51","41,61","35,97","","1,90%"
"03/10/2019","40,40","39,58","41,62","38,67","","1,97%"
"04/10/2019","39,31","40,40","40,40","37,97","","-2,70%"
"07/10/2019","39,42","39,31","40,37","37,61","","0,28%"
"08/10/2019","39,49","40,97","40,97","38,09","","0,18%"
"09/10/2019","38,00","39,05","39,05","37,96","","-3,77%"
"10/10/2019","39,52","39,05","39,84","38,26","","4,00%"
"11/10/2019","39,65","39,91","40,40","39,16","","0,33%"
"14/10/2019","40,21","40,00","41,79","40,00","","1,41%"
"15/10/2019","39,47","39,44","39,70","38,57","","-1,84%"
"16/10/2019","39,47","38,42","39,61","36,81","","0,00%"
"17/10/2019","37,71","39,47","39,47","37,71","","-4,46%"
"18/10/2019","36,43","37,18","37,32","35,73","","-3,39%"
"21/10/2019","36,66","38,20","38,20","36,61","","0,63%"
"22/10/2019","35,52","35,32","35,83","34,70","","-3,11%"
"23/10/2019","35,66","37,18","37,18","35,66","","0,39%"
"24/10/2019","35,95","35,66","35,99","34,21","","0,81%"
"25/10/2019","34,64","34,29","35,25","33,97","","-3,64%"
"28/10/2019","35,64","34,64","35,83","34,27","","2,89%"
"29/10/2019","35,70","36,66","36,66","35,23","","0,17%"
"30/10/2019","34,36","35,70","35,70","33,90","","-3,75%"
"31/10/2019","35,84","34,80","36,15","34,52","","4,31%"
"01/11/2019","34,37","33,92","35,36","33,48","","-4,10%"
"04/11/2019","35,63","34,37","36,02","34,37","","3,67%"
"05/11/2019","33,77","35,63","35,63","33,77","","-5,22%"
"06/11/2019","33,22","33,77","33,77","32,72","","-1,63%"
"07/11/2019","31,45","33,22","33,24","31,41","","-5,33%"
"08/11/2019","31,45","31,45","31,45","31,45","","0,00%"
"11/11/2019","34,22","34,15","35,13","33,52","","8,81%"
"12/11/2019","33,74","35,10","35,15","32,25","","-1,40%"
"13/11/2019","35,15","34,95","35,96","33,51","","4,18%"
"14/11/2019","33,94","35,15","36,22","31,93","","-3,44%"
"15/11/2019","32,42","33,90","33,90","30,97","","-4,48%"
"18/11/2019","33,68","36,08","36,60","33,05","","3,89%"
"19/11/2019","32,94","33,68","33,75","32,94","","-2,20%"
"20/11/2019","32,20","31,91","34,97","29,62","","-2,25%"
"21/11/2019","31,59","32,20","32,75","29,64","","-1,89%"
"22/11/2019","32,38","34,14","34,14","31,22","","2,50%"
"25/11/2019","31,90","32,38","32,38","31,42","","-1,48%"
"26/11/2019","31,25","31,31","31,49","30,54","","-2,04%"
"27/11/2019","30,82","31,25","31,25","30,40","","-1,38%"
"29/11/2019","36,73","29,73","36,83","29,73","","19,18%"
"02/12/2019","34,97","34,64","35,21","33,66","","-4,79%"
"03/12/2019","35,05","34,97","36,39","34,58","","0,23%"
"04/12/2019","32,21","31,54","32,31","31,09","","-8,10%"
"05/12/2019","30,41","30,90","31,63","29,68","","-5,59%"
"06/12/2019","30,02","30,41","30,97","27,22","","-1,28%"
"09/12/2019","30,02","30,02","30,02","30,02","","0,00%"
"10/12/2019","27,94","30,02","30,02","27,75","","-6,93%"
"11/12/2019","27,81","27,94","30,19","27,59","","-0,47%"
"12/12/2019","27,44","27,78","28,44","27,42","","-1,33%"
"13/12/2019","26,76","27,44","29,00","25,99","","-2,48%"
"16/12/2019","26,51","25,49","27,63","24,85","","-0,93%"
"17/12/2019","26,33","26,51","27,28","25,60","","-0,68%"
"18/12/2019","26,77","25,69","26,94","25,69","","1,67%"
"19/12/2019","24,80","26,77","26,77","23,16","","-7,36%"
"20/12/2019","25,54","25,31","26,05","23,82","","2,98%"
"23/12/2019","25,11","25,54","26,90","24,31","","-1,68%"
"24/12/2019","25,46","25,11","25,54","24,77","","1,39%"
"26/12/2019","24,08","25,46","26,30","24,08","","-5,42%"
"27/12/2019","25,16","24,08","25,79","24,08","","4,49%"
"30/12/2019","25,86","25,16","27,51","24,96","","2,78%"
"31/12/2019","28,30","25,86","28,91","25,86","","9,44%"
"02/01/2020","28,75","28,30","29,28","28,30","","1,59%"
"03/01/2020","31,92","29,33","32,28","27,90","","11,03%"
"06/01/2020","32,32","31,92","32,96","30,52","","1,25%"
"07/01/2020","31,80","33,06","33,06","30,60","","-1,61%"
"08/01/2020","32,60","31,80","34,42","30,93","","2,52%"
"09/01/2020","33,22","33,84","33,84","32,28","","1,90%"
"10/01/2020","30,38","33,22","33,22","29,88","","-8,55%"
"13/01/2020","34,25","30,38","37,14","30,38","","12,74%"
"14/01/2020","33,62","28,47","35,42","28,00","","-1,84%"
"15/01/2020","33,38","33,62","34,43","28,58","","-0,71%"
"16/01/2020","29,79","33,38","33,38","27,65","","-10,75%"
"17/01/2020","28,60","27,37","28,90","27,11","","-3,99%"
"21/01/2020","27,66","28,60","30,55","25,88","","-3,29%"
"22/01/2020","30,70","27,66","32,98","27,10","","10,99%"
"23/01/2020","31,95","29,67","35,93","29,67","","4,07%"
"24/01/2020","34,55","31,95","35,34","31,95","","8,14%"
"27/01/2020","37,72","39,29","40,58","36,50","","9,18%"
"28/01/2020","36,42","37,72","37,72","34,51","","-3,45%"
"29/01/2020","35,73","36,42","36,48","34,33","","-1,89%"
"30/01/2020","37,49","35,73","41,20","35,73","","4,93%"
"31/01/2020","40,35","38,90","41,54","38,33","","7,63%"
"03/02/2020","41,81","40,35","42,35","39,91","","3,62%"
"04/02/2020","39,44","41,81","41,81","38,37","","-5,67%"
"05/02/2020","37,88","39,44","57,15","36,69","","-3,96%"
"06/02/2020","36,44","37,68","38,57","36,05","","-3,80%"
"07/02/2020","37,51","36,44","38,11","36,42","","2,94%"
"10/02/2020","39,01","38,18","39,03","37,50","","4,00%"
"11/02/2020","37,52","39,01","39,01","36,91","","-3,82%"
"12/02/2020","35,58","37,52","37,52","34,72","","-5,17%"
"13/02/2020","35,84","35,58","37,81","34,55","","0,73%"
"14/02/2020","35,93","35,84","35,93","35,84","","0,25%"
"18/02/2020","33,47","35,93","36,36","33,46","","-6,85%"
"19/02/2020","32,27","33,47","33,47","31,08","","-3,59%"
"20/02/2020","33,16","32,27","34,08","31,25","","2,76%"
"21/02/2020","35,87","34,99","36,85","34,87","","8,17%"
"24/02/2020","39,53","35,87","42,16","35,87","","10,20%"
"25/02/2020","42,50","39,53","44,35","38,73","","7,51%"
"26/02/2020","43,40","42,50","45,35","40,52","","2,12%"
"27/02/2020","49,42","43,40","61,98","43,40","","13,87%"
"28/02/2020","51,25","49,42","57,26","44,81","","3,70%"
"02/03/2020","48,33","45,06","54,73","44,29","","-5,70%"
"03/03/2020","50,80","48,33","69,36","45,01","","5,11%"
"04/03/2020","50,59","50,80","52,56","43,73","","-0,41%"
"05/03/2020","52,58","50,23","53,26","45,79","","3,93%"
"06/03/2020","65,02","56,04","66,41","56,04","","23,66%"
"09/03/2020","115,92","134,62","270,45","107,85","","78,28%"
"10/03/2020","92,93","115,92","282,45","92,48","","-19,83%"
"11/03/2020","105,25","92,93","139,64","92,93","","13,26%"
"12/03/2020","123,45","105,25","140,73","96,40","","17,29%"
"13/03/2020","118,48","123,45","334,40","92,54","","-4,03%"
"16/03/2020","128,50","118,29","254,79","118,29","","8,46%"
"17/03/2020","133,32","138,74","138,74","119,33","","3,75%"
"18/03/2020","166,79","135,76","312,19","135,76","","25,10%"
"19/03/2020","164,06","157,00","178,88","147,20","","-1,64%"
"20/03/2020","190,08","161,67","212,51","155,05","","15,86%"
"23/03/2020","185,68","190,08","222,83","182,05","","-2,31%"
"24/03/2020","170,86","167,26","202,63","162,11","","-7,98%"
"25/03/2020","144,03","154,71","177,07","138,66","","-15,70%"
"26/03/2020","150,06","149,78","155,43","134,28","","4,19%"
"27/03/2020","175,88","158,67","175,88","140,68","","17,21%"
"30/03/2020","174,22","145,08","182,20","141,18","","-0,94%"
"31/03/2020","170,55","162,22","205,46","146,66","","-2,11%"
"01/04/2020","158,98","156,11","174,69","142,38","","-6,78%"
"02/04/2020","162,65","165,48","189,12","113,08","","2,31%"
"03/04/2020","141,68","148,69","152,81","134,45","","-12,89%"
"06/04/2020","144,19","141,68","153,86","131,03","","1,77%"
"07/04/2020","139,13","130,53","141,93","124,93","","-3,51%"
"08/04/2020","141,46","133,63","148,15","125,01","","1,67%"
"09/04/2020","129,88","139,33","251,24","111,80","","-8,19%"
"13/04/2020","114,44","129,88","141,63","110,15","","-11,89%"
"14/04/2020","115,48","108,06","130,77","106,37","","0,91%"
"15/04/2020","120,38","113,11","142,15","98,34","","4,24%"
"16/04/2020","115,10","129,25","129,25","105,59","","-4,39%"
"17/04/2020","95,91","115,10","121,94","90,56","","-16,67%"
"20/04/2020","226,13","95,91","237,87","95,91","","135,77%"
"21/04/2020","325,15","226,13","517,19","213,59","","43,79%"
"22/04/2020","236,80","234,66","320,31","176,72","","-27,17%"
"23/04/2020","211,00","205,71","289,43","205,64","","-10,90%"
"24/04/2020","173,53","211,00","216,23","137,18","","-17,76%"
"27/04/2020","185,47","173,53","227,40","173,53","","6,88%"
"28/04/2020","198,77","185,74","326,73","144,55","","7,17%"
"29/04/2020","195,59","198,77","198,77","195,59","","-1,60%"
"30/04/2020","104,98","97,07","107,80","93,80","","-46,33%"
"01/05/2020","110,18","104,98","112,45","104,88","","4,95%"
"04/05/2020","97,42","110,18","112,03","96,61","","-11,58%"
"05/05/2020","97,27","97,42","103,74","89,67","","-0,15%"
"06/05/2020","115,39","101,85","122,17","99,03","","18,63%"
"07/05/2020","110,62","115,39","115,70","103,40","","-4,13%"
"08/05/2020","98,70","110,62","116,47","97,50","","-10,78%"
"11/05/2020","109,72","98,70","116,17","90,67","","11,17%"
"12/05/2020","86,86","95,57","96,14","82,98","","-20,83%"
"13/05/2020","82,83","86,86","88,73","79,61","","-4,64%"
"14/05/2020","80,05","82,83","84,08","73,41","","-3,36%"
"15/05/2020","76,39","80,26","82,38","73,30","","-4,57%"
"18/05/2020","76,14","76,39","76,80","70,11","","-0,33%"
"19/05/2020","73,22","76,14","76,14","71,10","","-3,84%"
"20/05/2020","73,62","73,22","77,41","69,37","","0,55%"
"21/05/2020","89,06","73,62","92,45","70,34","","20,97%"
"22/05/2020","84,98","89,06","89,06","82,74","","-4,58%"
"26/05/2020","75,47","84,98","86,81","73,91","","-11,19%"
"27/05/2020","73,89","75,47","76,42","71,62","","-2,09%"
"28/05/2020","72,98","73,89","75,30","71,33","","-1,23%"
"29/05/2020","69,23","72,48","73,12","67,14","","-5,14%"
"01/06/2020","64,38","72,40","72,48","64,38","","-7,01%"
"02/06/2020","64,71","64,38","66,30","62,29","","0,51%"
"03/06/2020","65,73","65,69","66,77","61,48","","1,58%"
"04/06/2020","65,13","66,46","66,93","63,07","","-0,91%"
"05/06/2020","64,20","60,39","64,89","57,72","","-1,43%"
"08/06/2020","67,24","64,20","71,29","63,88","","4,74%"
"09/06/2020","67,76","67,24","69,14","64,27","","0,77%"
"10/06/2020","63,06","67,28","69,36","62,48","","-6,94%"
"11/06/2020","69,96","76,84","76,84","64,60","","10,94%"
"12/06/2020","70,22","70,88","71,93","62,78","","0,37%"
"15/06/2020","68,11","70,22","81,38","66,22","","-3,00%"
"16/06/2020","66,63","75,40","75,40","57,83","","-2,17%"
"17/06/2020","61,45","68,42","69,46","60,70","","-7,77%"
"18/06/2020","61,35","61,45","63,48","59,86","","-0,16%"
"19/06/2020","58,73","61,35","61,35","55,42","","-4,27%"
"22/06/2020","56,76","59,66","60,27","55,93","","-3,35%"
"23/06/2020","58,83","56,76","59,15","53,76","","3,65%"
"24/06/2020","64,96","58,83","64,96","57,86","","10,42%"
"25/06/2020","62,69","64,96","70,13","61,78","","-3,49%"
"26/06/2020","63,69","62,69","66,13","61,19","","1,60%"
"29/06/2020","60,04","63,69","64,23","59,95","","-5,73%"
"30/06/2020","57,66","60,04","61,16","52,33","","-3,96%"
"01/07/2020","53,43","57,66","57,66","53,33","","-7,34%"
"02/07/2020","51,29","53,43","53,43","46,62","","-4,01%"
"06/07/2020","50,73","51,29","54,08","49,64","","-1,09%"
"07/07/2020","51,39","50,73","51,91","50,04","","1,30%"
"08/07/2020","48,85","51,39","51,39","48,30","","-4,94%"
"09/07/2020","53,77","48,85","54,33","48,85","","10,07%"
"10/07/2020","49,71","53,77","55,59","48,62","","-7,55%"
"13/07/2020","53,41","50,68","54,97","49,46","","7,44%"
"14/07/2020","53,04","53,41","55,49","51,27","","-0,69%"
"15/07/2020","47,05","53,04","53,04","46,10","","-11,29%"
"16/07/2020","46,12","47,05","51,04","45,09","","-1,98%"
"17/07/2020","40,22","46,12","46,12","38,67","","-12,79%"
"20/07/2020","42,59","40,22","42,70","39,53","","5,89%"
"21/07/2020","41,10","42,59","42,59","38,60","","-3,50%"
"22/07/2020","41,30","41,10","44,24","39,87","","0,49%"
"23/07/2020","43,83","41,30","44,19","40,10","","6,13%"
"24/07/2020","42,35","43,83","44,75","42,03","","-3,38%"
"27/07/2020","41,37","42,35","43,33","41,20","","-2,31%"
"28/07/2020","41,09","41,37","41,96","40,13","","-0,68%"
"29/07/2020","39,58","41,09","44,80","36,58","","-3,67%"
"30/07/2020","42,06","40,44","43,31","39,99","","6,27%"
"31/07/2020","44,43","42,08","45,36","40,31","","5,63%"
"03/08/2020","41,56","44,43","44,43","39,17","","-6,46%"
"04/08/2020","40,28","41,56","43,18","39,89","","-3,08%"
"05/08/2020","37,12","40,10","40,50","37,00","","-7,85%"
"06/08/2020","37,59","37,12","38,39","36,93","","1,27%"
"07/08/2020","37,43","37,59","39,51","35,44","","-0,43%"
"10/08/2020","35,74","39,06","39,25","35,74","","-4,52%"
"11/08/2020","37,50","35,74","37,84","33,77","","4,92%"
"12/08/2020","34,74","37,50","37,50","31,76","","-7,36%"
"13/08/2020","34,87","34,74","34,93","32,26","","0,37%"
"14/08/2020","35,10","34,87","35,30","33,12","","0,66%"
"17/08/2020","32,43","35,10","40,78","32,18","","-7,61%"
"18/08/2020","31,70","32,43","36,80","30,53","","-2,25%"
"19/08/2020","32,85","31,70","33,16","30,26","","3,63%"
"20/08/2020","32,83","32,85","36,29","32,43","","-0,06%"
"21/08/2020","33,68","32,83","35,02","32,26","","2,59%"
"24/08/2020","32,25","33,68","33,79","32,17","","-4,25%"
"25/08/2020","33,03","32,25","33,24","31,31","","2,42%"
"26/08/2020","33,79","32,81","33,79","31,66","","2,30%"
"27/08/2020","33,74","33,79","34,45","31,87","","-0,15%"
"28/08/2020","32,06","32,06","33,46","31,35","","-4,98%"
"31/08/2020","32,59","32,06","32,85","31,58","","1,65%"
"01/09/2020","31,74","32,59","34,23","31,25","","-2,61%"
"02/09/2020","35,49","31,74","36,97","31,06","","11,81%"
"03/09/2020","41,28","35,49","42,63","34,17","","16,31%"
"04/09/2020","44,02","36,05","45,19","36,05","","6,64%"
"08/09/2020","55,90","44,02","59,25","44,02","","26,99%"
"09/09/2020","49,42","55,90","55,90","48,51","","-11,59%"
"10/09/2020","52,16","46,73","52,16","45,38","","5,54%"
"11/09/2020","50,13","52,16","52,20","45,54","","-3,89%"
"14/09/2020","49,41","50,13","50,44","48,13","","-1,44%"
"15/09/2020","45,19","45,13","46,92","44,97","","-8,54%"
"16/09/2020","41,13","45,19","45,19","40,80","","-8,98%"
"17/09/2020","38,73","41,13","41,44","36,69","","-5,84%"
"18/09/2020","39,07","38,73","39,55","36,35","","0,88%"
"21/09/2020","42,89","39,07","44,75","39,07","","9,78%"
"22/09/2020","41,28","38,75","42,63","38,67","","-3,75%"
"23/09/2020","44,64","38,06","44,70","38,06","","8,14%"
"24/09/2020","42,88","44,64","44,64","39,12","","-3,94%"
"25/09/2020","41,41","38,65","41,98","38,65","","-3,43%"
"28/09/2020","40,64","40,47","41,98","40,15","","-1,86%"
"29/09/2020","46,13","40,63","49,82","38,26","","13,51%"
"30/09/2020","44,00","46,13","46,13","42,35","","-4,62%"
"01/10/2020","49,35","44,00","52,73","43,07","","12,16%"
"02/10/2020","55,51","55,34","56,19","50,42","","12,48%"
"05/10/2020","49,44","55,51","55,51","48,97","","-10,93%"
"06/10/2020","46,60","49,44","49,44","44,64","","-5,74%"
"07/10/2020","45,50","45,85","47,26","45,46","","-2,36%"
"08/10/2020","41,15","45,50","45,50","38,63","","-9,56%"
"09/10/2020","42,38","41,15","42,55","40,57","","2,99%"
"12/10/2020","44,04","42,38","45,56","41,69","","3,92%"
"13/10/2020","46,07","44,04","46,97","42,55","","4,61%"
"14/10/2020","43,53","46,07","46,07","41,71","","-5,51%"
"15/10/2020","43,83","45,59","46,02","43,39","","0,69%"
"16/10/2020","44,06","44,84","48,79","43,22","","0,52%"
"19/10/2020","43,35","44,06","44,30","42,31","","-1,61%"
"20/10/2020","43,85","43,35","44,21","42,00","","1,15%"
"21/10/2020","47,58","43,85","48,37","43,85","","8,51%"
"22/10/2020","46,61","47,58","47,58","44,94","","-2,04%"
"23/10/2020","46,32","46,61","47,01","44,32","","-0,62%"
"26/10/2020","53,05","46,32","53,48","46,32","","14,53%"
"27/10/2020","50,22","53,05","53,05","48,84","","-5,33%"
"28/10/2020","59,61","50,22","59,84","50,22","","18,70%"
"29/10/2020","63,38","59,61","66,68","59,61","","6,32%"
"30/10/2020","68,84","60,11","69,15","60,04","","8,61%"
"02/11/2020","66,73","68,84","70,66","65,32","","-3,07%"
"03/11/2020","63,63","66,73","68,30","57,89","","-4,65%"
"04/11/2020","54,53","59,85","60,73","53,78","","-14,30%"
"05/11/2020","53,69","54,53","54,53","52,22","","-1,54%"
"06/11/2020","55,75","53,69","57,66","53,69","","3,84%"
"09/11/2020","52,20","52,90","53,31","50,50","","-6,37%"
"10/11/2020","49,64","51,75","51,75","49,13","","-4,90%"
"11/11/2020","49,24","47,55","50,01","47,32","","-0,81%"
"12/11/2020","50,90","50,47","51,42","46,48","","3,37%"
"13/11/2020","48,24","51,18","51,18","47,99","","-5,23%"
"16/11/2020","46,89","46,99","47,54","44,58","","-2,80%"
"17/11/2020","45,08","47,62","49,55","44,67","","-3,86%"
"18/11/2020","46,06","49,28","49,28","43,24","","2,17%"
"19/11/2020","46,34","47,14","48,39","45,13","","0,61%"
"20/11/2020","43,94","46,06","46,15","43,45","","-5,18%"
"23/11/2020","42,79","43,10","43,13","41,20","","-2,62%"
"24/11/2020","42,84","41,19","43,34","40,97","","0,12%"
"25/11/2020","43,56","41,88","43,59","41,23","","1,68%"
"27/11/2020","46,21","44,95","46,68","44,39","","6,08%"
"30/11/2020","47,37","46,61","48,38","41,05","","2,51%"
"01/12/2020","47,81","46,74","48,43","45,91","","0,93%"
"02/12/2020","45,68","46,59","47,29","44,47","","-4,46%"
"03/12/2020","40,95","43,51","44,17","37,84","","-10,35%"
"04/12/2020","38,34","38,71","39,45","37,13","","-6,37%"
"07/12/2020","37,68","38,26","39,06","37,18","","-1,72%"
"08/12/2020","37,70","37,08","38,83","36,34","","0,05%"
"09/12/2020","39,52","36,79","40,95","36,06","","4,83%"
"10/12/2020","39,70","36,54","39,70","35,77","","0,46%"
"11/12/2020","39,51","39,65","40,10","38,62","","-0,48%"
"14/12/2020","39,96","39,81","41,46","36,88","","1,14%"
"15/12/2020","39,34","39,13","41,25","38,32","","-1,55%"
"16/12/2020","38,68","37,45","40,83","37,42","","-1,68%"
"17/12/2020","36,86","36,76","39,09","36,21","","-4,71%"
"18/12/2020","37,15","35,07","37,90","35,06","","0,79%"
"21/12/2020","41,56","43,71","44,77","40,97","","11,87%"
"22/12/2020","42,06","41,88","43,54","40,32","","1,20%"
"23/12/2020","39,89","39,86","43,16","39,25","","-5,16%"
"24/12/2020","39,41","39,62","40,66","39,21","","-1,20%"
"28/12/2020","39,67","40,73","42,92","39,40","","0,66%"
"29/12/2020","38,64","38,71","40,30","38,63","","-2,60%"
"30/12/2020","38,01","38,39","38,47","37,46","","-1,63%"
"31/12/2020","37,83","37,86","38,66","37,57","","-0,47%"
"04/01/2021","42,12","41,03","43,51","40,35","","11,34%"
"05/01/2021","40,39","41,83","41,88","36,21","","-4,11%"
"06/01/2021","39,31","41,28","41,28","36,72","","-2,67%"
"07/01/2021","36,06","38,13","38,13","35,40","","-8,27%"
"08/01/2021","36,65","36,76","38,10","34,67","","1,64%"
"11/01/2021","35,31","35,31","38,91","34,76","","-3,66%"
"12/01/2021","33,85","32,01","36,71","32,01","","-4,13%"
"13/01/2021","36,79","35,14","38,82","33,69","","8,69%"
"14/01/2021","37,95","34,29","40,44","34,29","","3,15%"
"15/01/2021","40,39","34,45","41,81","34,45","","6,43%"
"19/01/2021","35,37","32,64","38,08","32,64","","-12,43%"
"20/01/2021","35,67","32,85","37,03","32,85","","0,85%"
"21/01/2021","35,05","31,52","36,36","31,17","","-1,74%"
"22/01/2021","36,25","33,00","38,09","33,00","","3,42%"
"25/01/2021","38,02","37,19","38,23","36,80","","4,88%"
"26/01/2021","37,13","36,18","39,24","35,90","","-2,34%"
"27/01/2021","40,21","37,20","40,51","37,11","","8,30%"
"28/01/2021","40,45","38,06","46,55","37,57","","0,60%"
"29/01/2021","40,20","40,13","41,43","39,07","","-0,62%"
"01/02/2021","39,16","45,87","45,87","39,12","","-2,59%"
"02/02/2021","38,62","39,00","40,43","37,63","","-1,38%"
"03/02/2021","37,11","36,69","38,28","35,39","","-3,91%"
"04/02/2021","35,37","35,39","37,02","34,64","","-4,69%"
"05/02/2021","34,94","34,80","35,40","33,79","","-1,22%"
"08/02/2021","34,48","34,36","35,15","33,52","","-1,32%"
"09/02/2021","33,54","34,14","34,49","33,01","","-2,73%"
"10/02/2021","33,77","32,62","34,05","32,24","","0,69%"
"11/02/2021","34,33","32,29","34,96","32,21","","1,66%"
"12/02/2021","34,25","33,39","34,81","32,79","","-0,23%"
"16/02/2021","35,13","34,77","36,45","33,75","","2,57%"
"17/02/2021","36,90","35,04","37,83","34,85","","5,04%"
"18/02/2021","37,90","36,82","39,30","36,82","","2,71%"
"19/02/2021","37,76","36,48","40,21","36,48","","-0,37%"
"22/02/2021","38,57","37,64","38,57","36,20","","2,15%"
"23/02/2021","39,75","40,39","41,80","37,35","","3,06%"
"24/02/2021","39,58","37,61","40,68","36,90","","-0,43%"
"25/02/2021","40,58","38,36","41,47","37,27","","2,53%"
"26/02/2021","42,49","41,63","42,70","40,40","","4,71%"
"01/03/2021","42,56","42,36","47,35","41,51","","0,16%"
"02/03/2021","40,96","40,44","41,86","38,98","","-3,76%"
"03/03/2021","39,83","38,40","42,02","38,29","","-2,76%"
"04/03/2021","37,27","37,35","40,41","30,19","","-6,43%"
"05/03/2021","36,61","38,66","38,80","32,78","","-1,77%"
"08/03/2021","38,89","37,73","39,73","37,53","","6,23%"
"09/03/2021","37,97","37,55","38,24","37,11","","-2,37%"
"10/03/2021","37,56","37,59","38,06","36,50","","-1,08%"
"11/03/2021","37,86","36,19","37,88","36,16","","0,80%"
"12/03/2021","37,51","37,83","39,07","36,91","","-0,92%"
"15/03/2021","39,38","39,30","43,61","38,47","","4,99%"
"16/03/2021","39,10","39,68","43,15","37,96","","-0,71%"
"17/03/2021","37,40","39,08","39,10","36,91","","-4,35%"
"18/03/2021","48,44","36,69","52,83","36,67","","29,52%"
"19/03/2021","44,38","46,31","48,22","41,99","","-8,38%"
"22/03/2021","40,28","39,52","41,07","38,95","","-9,24%"
"23/03/2021","48,62","40,28","49,99","40,28","","20,71%"
"24/03/2021","64,91","45,92","64,91","38,59","","33,50%"
"25/03/2021","49,88","45,74","54,40","45,74","","-23,16%"
"26/03/2021","44,93","43,99","46,68","43,99","","-9,92%"
"29/03/2021","44,16","44,33","50,43","41,68","","-1,71%"
"30/03/2021","41,46","44,16","44,16","41,10","","-6,11%"
"31/03/2021","45,65","42,78","45,65","41,32","","10,11%"
"01/04/2021","40,15","43,85","45,81","40,03","","-12,05%"
"05/04/2021","42,00","39,27","44,98","39,25","","4,61%"
"06/04/2021","42,41","41,27","42,46","41,21","","0,98%"
"07/04/2021","41,27","42,46","42,88","39,94","","-2,69%"
"08/04/2021","40,70","41,83","43,03","40,40","","-1,38%"
"09/04/2021","39,19","40,70","40,70","38,30","","-3,71%"
"12/04/2021","37,04","38,72","39,16","33,22","","-5,49%"
"13/04/2021","35,20","38,15","38,37","35,05","","-4,97%"
"14/04/2021","35,70","35,54","37,18","32,33","","1,42%"
"15/04/2021","34,20","34,81","35,40","31,18","","-4,20%"
"16/04/2021","32,79","34,20","44,90","31,32","","-4,12%"
"19/04/2021","35,07","34,88","37,54","32,80","","6,95%"
"20/04/2021","35,68","41,00","54,91","34,97","","1,74%"
"21/04/2021","42,44","42,32","52,56","35,43","","18,95%"
"22/04/2021","39,39","40,95","49,88","38,64","","-7,19%"
"23/04/2021","38,70","47,01","47,01","37,94","","-1,75%"
"26/04/2021","41,23","52,91","52,91","35,52","","6,54%"
"27/04/2021","38,44","47,30","47,47","38,02","","-6,77%"
"28/04/2021","36,42","54,43","54,43","34,87","","-5,25%"
"29/04/2021","36,37","36,73","42,81","36,20","","-0,14%"
"30/04/2021","38,39","40,06","40,32","37,56","","5,55%"
"03/05/2021","40,15","41,15","42,92","38,30","","4,58%"
"04/05/2021","37,15","36,93","40,14","35,40","","-7,47%"
"05/05/2021","38,33","37,21","39,89","33,93","","3,18%"
"06/05/2021","37,74","41,27","46,80","37,74","","-1,54%"
"07/05/2021","37,63","38,02","40,04","33,55","","-0,29%"
"08/05/2021","37,63","37,63","37,63","37,63","","0,00%"
"10/05/2021","37,99","39,30","39,49","37,18","","0,96%"
"11/05/2021","37,93","39,90","41,41","37,53","","-0,16%"
"12/05/2021","36,94","37,37","38,17","36,44","","-2,61%"
"13/05/2021","37,94","37,37","47,13","36,69","","2,71%"
"14/05/2021","36,46","40,88","40,88","35,59","","-3,90%"
"17/05/2021","36,42","38,63","38,63","36,11","","-0,11%"
"18/05/2021","37,01","37,63","45,44","35,32","","1,62%"
"19/05/2021","38,82","39,49","50,94","38,24","","4,89%"
"20/05/2021","39,43","39,01","42,12","37,29","","1,57%"
"21/05/2021","39,34","37,84","47,76","36,03","","-0,23%"
"22/05/2021","39,34","39,34","39,34","39,34","","0,00%"
"24/05/2021","35,54","37,38","44,10","34,01","","-9,66%"
"25/05/2021","36,23","32,77","36,82","32,77","","1,94%"
"26/05/2021","33,89","34,92","37,15","33,51","","-6,46%"
"27/05/2021","33,63","33,71","35,35","33,38","","-0,77%"
"28/05/2021","33,54","33,27","33,93","32,46","","-0,27%"
"01/06/2021","33,43","41,82","43,57","31,98","","-0,33%"
"02/06/2021","32,77","33,43","40,81","31,14","","-1,97%"
"03/06/2021","33,89","32,05","36,05","32,05","","3,42%"
"04/06/2021","31,76","33,72","34,74","31,47","","-6,29%"
"07/06/2021","31,70","33,97","34,57","31,24","","-0,19%"
"08/06/2021","31,95","34,08","36,82","31,79","","0,79%"
"09/06/2021","31,79","34,52","39,45","31,41","","-0,50%"
"10/06/2021","33,03","33,19","33,19","31,23","","3,90%"
"11/06/2021","32,55","33,03","37,16","30,99","","-1,45%"
"14/06/2021","33,13","30,11","35,00","29,12","","1,78%"
"15/06/2021","31,56","33,92","34,41","31,56","","-4,74%"
"16/06/2021","33,83","33,27","38,57","29,91","","7,19%"
"17/06/2021","36,84","35,00","53,08","32,99","","8,90%"
"18/06/2021","33,95","31,97","37,90","31,96","","-7,84%"
"21/06/2021","35,01","36,99","40,25","32,78","","3,12%"
"22/06/2021","34,28","35,51","42,96","33,59","","-2,09%"
"23/06/2021","34,68","34,61","40,34","31,33","","1,17%"
"24/06/2021","32,05","34,68","36,94","29,59","","-7,58%"
"25/06/2021","31,30","32,05","33,98","28,66","","-2,34%"
"28/06/2021","31,86","32,77","33,68","30,65","","1,79%"
"29/06/2021","31,99","31,86","34,11","31,84","","0,41%"
"30/06/2021","32,74","31,99","33,49","27,56","","2,34%"
"01/07/2021","32,47","30,50","39,00","26,54","","-0,82%"
"02/07/2021","32,87","33,19","39,25","29,82","","1,23%"
"06/07/2021","37,59","36,69","40,23","35,14","","14,36%"
"07/07/2021","42,01","37,59","48,50","37,59","","11,76%"
"08/07/2021","38,80","42,01","43,37","38,58","","-7,64%"
"09/07/2021","37,02","40,41","40,41","34,56","","-4,59%"
"12/07/2021","38,73","38,89","41,03","35,57","","4,62%"
"13/07/2021","35,40","35,86","38,35","33,78","","-8,60%"
"14/07/2021","38,20","35,12","39,10","30,07","","7,91%"
"15/07/2021","38,04","38,20","40,23","34,33","","-0,42%"
"16/07/2021","37,15","34,78","42,83","34,78","","-2,34%"
"19/07/2021","46,36","37,11","71,52","37,11","","24,79%"
"20/07/2021","52,26","49,77","53,31","38,73","","12,73%"
"21/07/2021","42,91","40,69","47,91","36,31","","-17,89%"
"22/07/2021","36,44","42,91","42,91","36,44","","-15,08%"
"23/07/2021","34,05","35,16","37,29","32,28","","-6,56%"
"26/07/2021","35,59","35,93","36,63","32,79","","4,52%"
"27/07/2021","35,14","35,88","36,37","35,07","","-1,26%"
"28/07/2021","34,62","37,38","39,46","30,66","","-1,48%"
"29/07/2021","33,36","34,66","35,95","30,07","","-3,64%"
"30/07/2021","32,85","33,36","34,78","31,00","","-1,53%"
"02/08/2021","36,23","33,94","40,01","33,94","","10,29%"
"03/08/2021","37,55","36,23","47,27","36,23","","3,64%"
"04/08/2021","42,27","37,55","44,54","34,42","","12,57%"
"05/08/2021","39,09","42,27","42,27","37,05","","-7,52%"
"06/08/2021","39,31","39,09","43,63","37,69","","0,56%"
"09/08/2021","43,28","42,24","45,29","40,22","","10,10%"
"10/08/2021","39,28","41,97","42,82","36,92","","-9,24%"
"11/08/2021","38,32","39,28","40,89","35,33","","-2,44%"
"12/08/2021","36,50","38,32","38,57","33,91","","-4,75%"
"13/08/2021","35,91","37,02","37,99","33,00","","-1,62%"
"16/08/2021","38,84","37,59","42,50","36,67","","8,16%"
"17/08/2021","39,50","37,99","42,00","36,46","","1,70%"
"18/08/2021","40,86","39,50","43,68","36,80","","3,44%"
"19/08/2021","40,98","41,88","43,05","38,29","","0,29%"
"20/08/2021","40,67","40,98","41,91","38,64","","-0,76%"
"23/08/2021","38,67","40,94","41,09","37,91","","-4,92%"
"24/08/2021","36,79","38,67","38,67","34,68","","-4,86%"
"25/08/2021","35,60","36,79","37,02","34,64","","-3,23%"
"26/08/2021","36,33","35,60","38,20","33,23","","2,05%"
"27/08/2021","34,93","36,33","40,35","33,88","","-3,85%"
"30/08/2021","35,27","35,17","39,24","31,72","","0,97%"
"31/08/2021","34,28","35,27","40,75","34,27","","-2,81%"
"01/09/2021","36,13","34,28","36,32","32,55","","5,40%"
"02/09/2021","31,35","36,13","36,13","31,01","","-13,23%"
"03/09/2021","36,91","32,28","36,91","31,12","","17,74%"
"07/09/2021","32,91","33,94","38,92","32,71","","-10,84%"
"08/09/2021","31,91","32,91","36,29","30,79","","-3,04%"
"09/09/2021","33,87","34,09","38,25","32,90","","6,14%"
"10/09/2021","33,54","33,87","36,79","32,69","","-0,97%"
"13/09/2021","32,74","33,63","35,87","31,83","","-2,39%"
"14/09/2021","33,63","32,74","35,57","32,66","","2,72%"
"15/09/2021","32,38","33,63","36,20","32,04","","-3,72%"
"16/09/2021","33,16","32,38","34,95","31,45","","2,41%"
"17/09/2021","32,32","33,16","34,80","31,48","","-2,53%"
"20/09/2021","35,23","39,39","39,39","34,37","","9,00%"
"21/09/2021","34,45","35,23","38,35","33,84","","-2,21%"
"22/09/2021","32,43","34,45","39,31","31,96","","-5,86%"
"23/09/2021","32,30","32,43","37,26","32,06","","-0,40%"
"24/09/2021","34,01","32,30","34,59","31,82","","5,29%"
"27/09/2021","34,98","34,66","35,08","34,10","","2,85%"
"28/09/2021","36,10","34,98","39,55","34,98","","3,20%"
"29/09/2021","35,26","36,10","38,12","33,29","","-2,33%"
"30/09/2021","38,68","35,26","42,01","31,91","","9,70%"
"01/10/2021","37,38","38,68","41,88","33,39","","-3,36%"
"04/10/2021","37,27","39,60","43,13","34,59","","-0,29%"
"05/10/2021","37,20","37,27","40,09","37,03","","-0,19%"
"06/10/2021","41,02","37,20","42,32","35,99","","10,27%"
"07/10/2021","46,15","41,02","49,79","38,64","","12,51%"
"08/10/2021","38,00","46,15","46,15","37,80","","-17,66%"
"11/10/2021","38,51","40,80","45,82","38,09","","1,34%"
"12/10/2021","37,10","38,51","39,69","36,92","","-3,66%"
"13/10/2021","36,05","37,10","39,27","34,16","","-2,83%"
"14/10/2021","36,98","36,05","40,98","34,27","","2,58%"
"15/10/2021","34,05","36,98","38,45","33,69","","-7,92%"
"18/10/2021","35,02","40,61","41,04","34,58","","2,85%"
"19/10/2021","35,14","35,02","40,77","34,42","","0,34%"
"20/10/2021","35,16","35,14","37,29","33,22","","0,06%"
"21/10/2021","36,55","35,16","36,99","34,01","","3,95%"
"22/10/2021","36,87","36,55","39,16","36,35","","0,88%"
"25/10/2021","36,07","39,10","39,65","35,90","","-2,17%"
"26/10/2021","35,50","36,07","39,07","34,76","","-1,58%"
"27/10/2021","37,63","35,50","38,58","34,98","","6,00%"
"28/10/2021","37,23","37,63","39,98","36,91","","-1,06%"
"29/10/2021","37,92","37,23","41,85","36,76","","1,85%"
"01/11/2021","36,74","41,85","41,85","36,20","","-3,11%"
"02/11/2021","35,56","36,74","36,91","35,34","","-3,21%"
"03/11/2021","39,44","35,56","39,52","35,56","","10,91%"
"04/11/2021","38,56","39,44","39,44","34,42","","-2,23%"
"05/11/2021","37,84","38,56","39,27","37,35","","-1,87%"
"08/11/2021","37,71","39,27","39,47","37,67","","-0,34%"
"09/11/2021","36,33","37,71","40,13","36,33","","-3,66%"
"10/11/2021","37,09","36,33","37,19","34,58","","2,09%"
"11/11/2021","36,20","37,09","37,31","36,13","","-2,40%"
"12/11/2021","36,10","36,20","39,35","35,33","","-0,28%"
"15/11/2021","36,42","40,51","40,51","36,31","","0,89%"
"16/11/2021","34,69","36,42","39,46","34,63","","-4,75%"
"17/11/2021","33,75","34,69","35,95","33,18","","-2,71%"
"18/11/2021","37,68","33,75","37,68","33,75","","11,64%"
"19/11/2021","37,13","37,68","44,15","34,96","","-1,46%"
"22/11/2021","36,61","37,82","39,81","36,21","","-1,40%"
"23/11/2021","35,10","36,61","37,18","33,88","","-4,12%"
"24/11/2021","34,79","35,10","37,83","29,74","","-0,88%"
"26/11/2021","65,72","34,79","76,76","34,79","","88,90%"
"29/11/2021","63,34","57,40","63,47","52,04","","-3,62%"
"30/11/2021","75,23","63,34","93,73","58,66","","18,77%"
"01/12/2021","78,18","75,23","80,50","68,86","","3,92%"
"02/12/2021","57,27","78,18","102,01","57,27","","-26,75%"
"03/12/2021","64,55","57,27","66,76","50,35","","12,71%"
"06/12/2021","56,21","65,42","68,28","54,38","","-12,92%"
"07/12/2021","48,15","56,21","56,21","47,12","","-14,34%"
"08/12/2021","45,22","48,15","54,41","43,69","","-6,09%"
"09/12/2021","47,43","45,22","53,55","43,61","","4,89%"
"10/12/2021","46,23","47,43","53,87","39,94","","-2,53%"
"13/12/2021","45,88","53,30","61,12","44,69","","-0,76%"
"14/12/2021","54,76","45,88","61,31","45,88","","19,35%"
"15/12/2021","56,53","54,76","67,21","47,22","","3,23%"
"16/12/2021","49,97","56,53","64,18","44,87","","-11,60%"
"17/12/2021","48,31","49,97","59,94","44,56","","-3,32%"
"20/12/2021","60,24","60,04","65,80","49,87","","24,69%"
"21/12/2021","52,31","60,24","61,99","48,89","","-13,16%"
"22/12/2021","46,00","52,31","70,41","44,96","","-12,06%"
"23/12/2021","43,71","46,00","49,00","42,55","","-4,98%"
"24/12/2021","43,71","43,71","43,71","43,71","","0,00%"
"27/12/2021","43,58","50,85","52,52","43,58","","-0,30%"
"28/12/2021","41,23","43,58","46,92","36,29","","-5,39%"
"29/12/2021","40,24","41,23","44,55","40,07","","-2,40%"
"30/12/2021","40,20","40,24","44,82","39,84","","-0,10%"
"31/12/2021","42,62","40,20","45,69","40,20","","6,02%"
"03/01/2022","37,57","42,62","44,56","36,50","","-11,85%"
"04/01/2022","39,48","37,57","43,13","33,75","","5,08%"
"05/01/2022","44,49","39,48","46,95","33,54","","12,69%"
"06/01/2022","36,86","44,49","44,49","34,76","","-17,15%"
"07/01/2022","37,00","36,86","37,68","33,63","","0,38%"
"10/01/2022","37,65","42,67","42,67","36,70","","1,76%"
"11/01/2022","34,31","37,65","41,23","33,79","","-8,87%"
"12/01/2022","34,39","34,31","39,49","31,77","","0,23%"
"13/01/2022","37,11","34,39","43,85","33,53","","7,91%"
"14/01/2022","41,18","37,11","43,47","37,11","","10,97%"
"18/01/2022","42,28","47,82","51,16","38,93","","2,67%"
"19/01/2022","42,75","42,28","48,33","38,80","","1,11%"
"20/01/2022","41,15","42,75","46,84","36,31","","-3,74%"
"21/01/2022","42,57","41,15","52,13","38,31","","3,45%"
"24/01/2022","47,84","50,82","53,37","43,52","","12,38%"
"25/01/2022","47,63","47,84","53,07","45,60","","-0,44%"
"26/01/2022","45,67","47,63","59,17","42,55","","-4,12%"
"27/01/2022","46,90","45,67","51,50","41,63","","2,69%"
"28/01/2022","47,74","46,90","48,60","41,07","","1,79%"
"31/01/2022","42,35","47,74","50,04","42,08","","-11,29%"
"01/02/2022","41,31","42,35","50,36","39,60","","-2,46%"
"02/02/2022","41,86","41,31","58,40","41,31","","1,33%"
"03/02/2022","42,15","41,86","47,06","37,37","","0,69%"
"04/02/2022","43,88","42,15","47,35","40,51","","4,10%"
"07/02/2022","43,34","47,17","47,18","42,02","","-1,23%"
"08/02/2022","41,26","43,34","47,52","37,57","","-4,80%"
"09/02/2022","39,40","41,26","45,47","33,33","","-4,51%"
"10/02/2022","43,81","39,40","46,43","36,46","","11,19%"
"11/02/2022","47,44","43,81","50,53","37,79","","8,29%"
"14/02/2022","48,83","50,67","52,95","46,11","","2,93%"
"15/02/2022","48,36","48,83","50,97","47,27","","-0,96%"
"16/02/2022","49,38","48,36","50,98","45,47","","2,11%"
"17/02/2022","53,14","49,38","58,35","48,12","","7,61%"
"18/02/2022","52,01","53,14","54,93","48,68","","-2,13%"
"22/02/2022","50,11","53,39","54,02","47,20","","-3,65%"
"23/02/2022","50,51","50,11","52,52","48,84","","0,80%"
"24/02/2022","49,04","50,51","56,05","48,99","","-2,91%"
"25/02/2022","49,50","49,04","52,91","44,45","","0,94%"
"28/02/2022","52,50","49,73","61,52","47,32","","6,06%"
"01/03/2022","61,43","52,50","63,93","52,50","","17,01%"
"02/03/2022","61,53","61,43","67,38","57,74","","0,16%"
"03/03/2022","64,37","61,53","64,37","61,53","","4,62%"
"04/03/2022","77,29","64,37","78,79","64,37","","20,07%"
"07/03/2022","78,91","77,29","82,14","77,29","","2,10%"
"08/03/2022","75,82","78,91","86,67","75,20","","-3,92%"
"09/03/2022","73,25","75,82","75,82","65,55","","-3,39%"
"10/03/2022","67,34","73,25","74,14","66,76","","-8,07%"
"11/03/2022","68,01","67,34","68,72","61,01","","0,99%"
"14/03/2022","65,42","68,57","68,57","62,58","","-3,81%"
"15/03/2022","63,62","65,42","65,42","62,40","","-2,75%"
"16/03/2022","59,35","63,62","64,53","57,82","","-6,71%"
"17/03/2022","67,78","59,35","69,54","59,35","","14,20%"
"18/03/2022","69,09","67,78","69,49","67,33","","1,93%"
"21/03/2022","70,78","71,81","72,00","68,91","","2,45%"
"22/03/2022","69,56","70,78","72,20","68,11","","-1,72%"
"23/03/2022","72,59","69,56","72,85","69,56","","4,36%"
"24/03/2022","69,14","72,59","72,80","68,84","","-4,75%"
"25/03/2022","68,91","69,14","70,89","68,24","","-0,33%"
"28/03/2022","67,04","70,73","70,73","66,71","","-2,71%"
"29/03/2022","62,46","67,04","67,04","62,31","","-6,83%"
"30/03/2022","61,04","62,46","64,55","60,88","","-2,27%"
"31/03/2022","57,66","61,04","62,43","56,23","","-5,54%"
"01/04/2022","54,36","57,66","57,71","53,58","","-5,72%"
"04/04/2022","54,31","56,29","56,74","53,72","","-0,09%"
"05/04/2022","53,80","54,31","56,59","51,85","","-0,94%"
"06/04/2022","53,15","53,80","55,64","51,96","","-1,21%"
"07/04/2022","54,23","53,15","56,17","52,24","","2,03%"
"08/04/2022","53,14","54,23","55,54","52,73","","-2,01%"
"11/04/2022","54,81","57,38","57,56","52,96","","3,14%"
"12/04/2022","55,25","54,81","57,20","54,55","","0,80%"
"13/04/2022","51,20","55,25","57,38","50,81","","-7,33%"
"14/04/2022","53,38","51,20","54,53","49,24","","4,26%"
"18/04/2022","50,94","55,20","56,23","50,68","","-4,57%"
"19/04/2022","50,34","50,94","53,13","49,67","","-1,18%"
"20/04/2022","52,23","50,34","54,02","50,34","","3,75%"
"21/04/2022","49,86","52,23","52,23","48,99","","-4,54%"
"22/04/2022","51,15","49,86","51,26","49,86","","2,59%"
"25/04/2022","52,86","56,00","56,05","52,69","","3,34%"
"26/04/2022","53,57","52,86","54,13","47,71","","1,34%"
"27/04/2022","53,38","53,57","57,00","52,57","","-0,35%"
"28/04/2022","51,94","53,38","54,79","50,91","","-2,70%"
"29/04/2022","53,10","51,94","54,72","51,71","","2,23%"
"02/05/2022","54,15","56,98","57,07","53,13","","1,98%"
"03/05/2022","54,04","54,15","56,31","53,84","","-0,20%"
"04/05/2022","53,15","54,04","56,90","52,51","","-1,65%"
"05/05/2022","54,72","53,15","55,17","50,57","","2,95%"
"06/05/2022","54,82","54,72","57,33","54,72","","0,18%"
"09/05/2022","57,90","57,92","58,58","55,93","","5,62%"
"10/05/2022","56,06","57,90","58,64","55,92","","-3,18%"
"11/05/2022","53,43","56,06","57,41","51,96","","-4,69%"
"12/05/2022","52,71","53,43","55,48","52,20","","-1,35%"
"13/05/2022","51,22","52,71","53,88","51,09","","-2,83%"
"16/05/2022","51,89","55,96","56,49","51,22","","1,31%"
"17/05/2022","50,34","51,89","54,71","49,85","","-2,99%"
"18/05/2022","51,89","50,34","52,48","50,34","","3,08%"
"19/05/2022","51,16","51,89","54,75","50,39","","-1,41%"
"20/05/2022","50,72","51,16","51,88","50,01","","-0,86%"
"23/05/2022","48,63","53,52","53,57","48,33","","-4,12%"
"24/05/2022","47,04","48,63","50,66","42,78","","-3,27%"
"25/05/2022","46,76","47,04","50,25","46,29","","-0,60%"
"26/05/2022","46,03","46,76","48,25","45,28","","-1,56%"
"27/05/2022","47,92","46,03","50,22","46,03","","4,11%"
"31/05/2022","49,82","51,77","51,94","47,66","","3,96%"
"01/06/2022","49,14","49,82","51,69","48,82","","-1,36%"
"02/06/2022","47,80","49,14","51,38","46,57","","-2,73%"
"03/06/2022","46,23","47,80","50,50","45,60","","-3,28%"
"06/06/2022","47,90","51,30","51,51","47,90","","3,61%"
"07/06/2022","45,88","51,30","51,47","45,67","","-4,22%"
"08/06/2022","44,37","49,48","49,55","44,37","","-3,29%"
"09/06/2022","43,87","47,50","47,50","43,02","","-1,13%"
"10/06/2022","42,92","49,47","49,54","42,84","","-2,17%"
"13/06/2022","47,56","56,33","56,33","46,61","","10,81%"
"14/06/2022","46,63","50,88","50,97","46,63","","-1,96%"
"15/06/2022","47,04","55,60","55,60","45,52","","0,88%"
"16/06/2022","46,27","53,11","53,11","45,90","","-1,64%"
"17/06/2022","49,19","55,31","55,31","44,57","","6,31%"
"21/06/2022","46,56","53,46","53,49","46,56","","-5,35%"
"22/06/2022","48,99","54,52","55,81","47,28","","5,22%"
"23/06/2022","48,58","54,02","54,09","48,06","","-0,84%"
"24/06/2022","46,99","53,54","53,54","46,64","","-3,27%"
"27/06/2022","46,99","52,19","52,19","46,76","","0,00%"
"28/06/2022","46,59","50,52","50,60","46,33","","-0,85%"
"29/06/2022","48,57","49,34","49,34","47,19","","4,25%"
"30/06/2022","48,90","50,82","50,82","48,58","","0,68%"
"01/07/2022","49,40","51,25","51,31","48,84","","1,02%"
"04/07/2022","49,40","49,40","49,40","49,40","","0,00%"
"05/07/2022","52,61","54,91","56,46","52,61","","6,50%"
"06/07/2022","54,67","52,87","55,22","52,62","","3,92%"
"07/07/2022","52,87","53,60","55,40","52,79","","-3,29%"
"08/07/2022","52,10","53,74","54,04","51,64","","-1,46%"
"11/07/2022","53,10","53,43","55,86","52,23","","1,92%"
"12/07/2022","54,40","52,97","54,49","50,92","","2,45%"
"13/07/2022","51,76","53,14","54,52","51,50","","-4,85%"
"14/07/2022","53,03","52,32","55,70","52,12","","2,45%"
"15/07/2022","51,77","53,81","54,05","51,16","","-2,38%"
"18/07/2022","49,66","50,34","50,60","48,81","","-4,08%"
"19/07/2022","48,77","49,33","49,55","48,21","","-1,79%"
"20/07/2022","47,54","48,27","49,08","47,43","","-2,52%"
"21/07/2022","51,10","51,80","52,96","50,80","","7,49%"
"22/07/2022","47,84","49,14","49,14","47,27","","-6,38%"
"25/07/2022","47,96","48,88","48,88","46,96","","0,25%"
"26/07/2022","47,81","46,92","48,31","46,92","","-0,31%"
"27/07/2022","48,99","47,15","52,90","46,96","","2,47%"
"28/07/2022","47,17","47,76","52,74","46,82","","-3,72%"
"29/07/2022","46,19","46,59","47,44","45,37","","-2,08%"
"01/08/2022","49,97","50,69","51,50","49,85","","8,18%"
"02/08/2022","52,77","53,51","55,65","52,07","","5,60%"
"03/08/2022","50,12","52,69","54,02","49,69","","-5,02%"
"04/08/2022","55,14","52,88","55,32","51,06","","10,02%"
"05/08/2022","48,76","53,98","53,98","48,47","","-11,57%"
"08/08/2022","46,40","50,54","50,54","46,40","","-4,84%"
"09/08/2022","46,23","50,32","50,60","46,12","","-0,37%"
"10/08/2022","46,56","46,36","48,17","46,27","","0,71%"
"11/08/2022","45,37","46,51","46,94","44,47","","-2,56%"
"12/08/2022","44,00","44,83","45,21","43,32","","-3,02%"
"15/08/2022","46,63","57,57","57,57","44,99","","5,98%"
"16/08/2022","50,25","51,20","51,70","48,23","","7,76%"
"17/08/2022","51,55","52,32","56,53","50,49","","2,59%"
"18/08/2022","47,41","51,68","51,68","47,36","","-8,03%"
"19/08/2022","50,34","52,53","52,53","48,72","","6,18%"
"22/08/2022","50,64","53,67","55,13","50,51","","0,60%"
"23/08/2022","47,35","53,89","54,21","46,99","","-6,50%"
"24/08/2022","48,33","51,86","51,86","47,17","","2,07%"
"25/08/2022","48,78","50,96","51,08","47,25","","0,93%"
"26/08/2022","47,08","48,62","49,27","46,69","","-3,49%"
"29/08/2022","47,73","45,10","52,97","44,94","","1,38%"
"30/08/2022","49,74","51,45","51,45","48,73","","4,21%"
"31/08/2022","52,11","52,00","52,69","51,06","","4,76%"
"01/09/2022","53,90","53,16","53,98","52,71","","3,44%"
"02/09/2022","53,90","54,55","54,59","52,85","","0,00%"
"06/09/2022","50,00","55,69","55,69","49,54","","-7,24%"
"07/09/2022","53,32","51,92","53,72","51,63","","6,64%"
"08/09/2022","51,29","52,20","52,70","50,70","","-3,81%"
"09/09/2022","48,84","51,38","51,38","48,65","","-4,78%"
"12/09/2022","44,15","41,70","44,91","41,39","","-9,60%"
"13/09/2022","44,81","43,72","46,54","39,33","","1,49%"
"14/09/2022","45,62","43,22","46,19","42,74","","1,81%"
"15/09/2022","46,63","48,77","50,16","40,67","","2,21%"
"16/09/2022","47,44","45,71","49,02","45,59","","1,74%"
"19/09/2022","46,75","48,22","49,28","46,26","","-1,45%"
"20/09/2022","48,23","46,89","49,30","45,64","","3,17%"
"21/09/2022","48,65","49,20","49,69","48,00","","0,87%"
"22/09/2022","47,10","48,73","48,77","47,00","","-3,19%"
"23/09/2022","50,82","49,86","51,12","49,57","","7,90%"
"26/09/2022","56,68","53,37","56,73","52,87","","11,53%"
"27/09/2022","55,89","56,47","56,61","55,49","","-1,39%"
"28/09/2022","55,02","56,42","56,78","54,84","","-1,56%"
"29/09/2022","54,41","55,52","55,84","54,14","","-1,11%"
"30/09/2022","55,69","56,34","56,56","54,64","","2,35%"
"03/10/2022","56,24","60,48","60,48","55,36","","0,99%"
"04/10/2022","59,51","58,50","59,52","55,08","","5,81%"
"05/10/2022","54,20","58,51","58,59","53,99","","-8,92%"
"06/10/2022","53,39","56,38","56,42","53,13","","-1,49%"
"07/10/2022","53,64","54,42","56,27","53,54","","0,47%"
"10/10/2022","51,42","50,79","54,66","50,73","","-4,14%"
"11/10/2022","51,92","54,56","54,62","51,01","","0,97%"
"12/10/2022","51,52","53,67","55,11","50,44","","-0,77%"
"13/10/2022","50,52","59,41","59,47","49,59","","-1,94%"
"14/10/2022","50,30","53,83","53,94","50,16","","-0,44%"
"17/10/2022","50,27","56,51","56,55","49,76","","-0,06%"
"18/10/2022","49,12","53,62","53,63","48,66","","-2,29%"
"19/10/2022","47,78","52,25","52,25","47,48","","-2,73%"
"20/10/2022","47,98","50,43","51,16","47,94","","0,42%"
"21/10/2022","47,19","50,45","50,45","46,47","","-1,65%"
"24/10/2022","47,78","47,65","51,02","47,45","","1,25%"
"25/10/2022","47,30","47,16","47,77","46,59","","-1,00%"
"26/10/2022","48,58","47,08","48,64","46,58","","2,71%"
"27/10/2022","49,02","48,05","51,12","47,79","","0,91%"
"28/10/2022","47,81","48,92","51,99","47,62","","-2,47%"
"31/10/2022","47,41","49,62","49,77","47,29","","-0,84%"
"01/11/2022","47,04","47,79","48,18","46,18","","-0,78%"
"02/11/2022","47,75","47,10","50,93","47,03","","1,51%"
"03/11/2022","46,47","47,83","48,10","46,47","","-2,68%"
"04/11/2022","47,50","46,77","47,63","45,92","","2,22%"
"07/11/2022","45,11","45,88","48,26","45,07","","-5,03%"
"08/11/2022","45,04","45,76","46,41","43,94","","-0,16%"
"09/11/2022","45,38","45,91","45,91","44,20","","0,75%"
"10/11/2022","43,48","46,46","46,70","43,19","","-4,19%"
"11/11/2022","42,06","44,47","44,81","41,74","","-3,27%"
"14/11/2022","44,42","45,43","45,43","42,25","","5,61%"
"15/11/2022","46,72","47,52","47,53","44,38","","5,18%"
"16/11/2022","45,12","46,87","46,87","44,82","","-3,42%"
"17/11/2022","45,34","45,77","46,26","44,60","","0,49%"
"18/11/2022","45,93","46,44","47,71","45,63","","1,30%"
"19/11/2022","45,93","45,93","45,93","45,93","","0,00%"
"20/11/2022","45,93","45,93","45,93","45,93","","0,00%"
"21/11/2022","47,11","47,56","54,81","47,10","","2,57%"
"22/11/2022","46,30","46,78","46,91","45,54","","-1,72%"
"23/11/2022","51,56","47,89","51,56","47,32","","11,36%"
"24/11/2022","51,56","51,56","51,56","51,56","","0,00%"
"25/11/2022","50,16","51,87","52,81","49,70","","-2,72%"
"28/11/2022","50,53","53,39","53,44","50,08","","0,74%"
"29/11/2022","47,91","49,81","49,94","47,56","","-5,19%"
"30/11/2022","46,15","49,87","49,87","46,03","","-3,67%"
"01/12/2022","45,61","50,03","50,03","45,17","","-1,17%"
"02/12/2022","45,76","46,00","46,16","45,15","","0,33%"
"05/12/2022","45,41","47,34","47,64","44,71","","-0,76%"
"06/12/2022","46,36","45,85","47,30","44,29","","2,09%"
"07/12/2022","47,91","45,91","48,25","45,41","","3,34%"
"08/12/2022","47,17","46,46","48,01","45,92","","-1,54%"
"09/12/2022","46,93","47,13","47,72","46,16","","-0,51%"
"12/12/2022","44,99","45,66","46,43","44,58","","-4,13%"
"13/12/2022","43,37","44,85","45,43","42,53","","-3,60%"
"14/12/2022","41,82","43,02","43,73","41,44","","-3,57%"
"15/12/2022","43,70","44,80","45,02","43,44","","4,50%"
"16/12/2022","42,29","44,72","45,29","42,02","","-3,23%"
"19/12/2022","42,47","44,86","45,55","42,34","","0,43%"
"20/12/2022","41,79","43,83","44,04","41,33","","-1,60%"
"21/12/2022","41,18","43,15","43,90","41,00","","-1,46%"
"22/12/2022","41,80","42,39","42,57","41,17","","1,51%"
"23/12/2022","41,21","43,87","43,91","41,10","","-1,41%"
"27/12/2022","43,50","44,70","44,90","42,90","","5,56%"
"28/12/2022","43,95","42,58","44,78","42,58","","1,03%"
"29/12/2022","42,60","44,04","45,50","42,03","","-3,07%"
"30/12/2022","41,26","42,83","43,39","41,20","","-3,15%"
"03/01/2023","44,14","42,74","44,73","42,74","","6,98%"
"04/01/2023","45,83","46,19","46,19","44,50","","3,83%"
"05/01/2023","43,93","46,88","46,88","43,68","","-4,15%"
"06/01/2023","42,94","44,76","45,52","42,75","","-2,25%"
"09/01/2023","42,75","43,97","45,17","42,25","","-0,44%"
"10/01/2023","41,60","42,39","42,39","41,39","","-2,69%"
"11/01/2023","41,19","41,38","42,22","40,79","","-0,99%"
"12/01/2023","39,28","40,60","40,65","39,13","","-4,64%"
"13/01/2023","38,19","38,85","39,11","37,48","","-2,77%"
"17/01/2023","40,10","40,13","40,79","39,09","","5,00%"
"18/01/2023","39,25","40,45","40,52","38,59","","-2,12%"
"19/01/2023","39,02","41,83","41,83","38,90","","-0,59%"
"20/01/2023","37,81","40,56","40,56","37,53","","-3,10%"
"23/01/2023","37,30","40,50","40,50","37,08","","-1,35%"
"24/01/2023","38,26","38,33","38,80","37,50","","2,57%"
"25/01/2023","38,54","39,88","39,92","38,26","","0,73%"
"26/01/2023","38,12","38,96","39,01","37,61","","-1,09%"
"27/01/2023","38,60","38,89","38,92","36,90","","1,26%"
"30/01/2023","40,18","39,76","40,81","39,76","","4,09%"
"31/01/2023","38,55","40,36","40,99","38,55","","-4,06%"
"01/02/2023","37,99","37,53","39,16","37,18","","-1,45%"
"02/02/2023","38,49","39,07","39,18","38,01","","1,32%"
"03/02/2023","39,48","39,37","40,11","37,54","","2,57%"
"06/02/2023","38,92","39,81","40,10","38,87","","-1,42%"
"07/02/2023","37,31","38,95","39,72","37,22","","-4,14%"
"08/02/2023","37,02","36,31","37,10","35,79","","-0,78%"
"09/02/2023","35,75","35,24","36,77","35,06","","-3,43%"
"10/02/2023","35,89","35,81","36,18","34,97","","0,39%"
"13/02/2023","37,77","36,06","37,82","35,21","","5,24%"
"14/02/2023","36,67","39,15","39,18","36,54","","-2,91%"
"15/02/2023","35,70","37,40","38,19","35,42","","-2,65%"
"16/02/2023","35,03","36,43","36,49","34,68","","-1,88%"
"17/02/2023","36,04","36,08","38,58","35,95","","2,88%"
"21/02/2023","37,05","37,88","38,05","36,92","","2,80%"
"22/02/2023","38,36","37,56","38,62","37,41","","3,54%"
"23/02/2023","36,69","39,40","39,51","36,67","","-4,35%"
"24/02/2023","37,25","37,63","38,62","36,99","","1,53%"
"27/02/2023","37,55","39,70","39,70","37,45","","0,81%"
"28/02/2023","35,42","38,15","38,36","35,38","","-5,67%"
"01/03/2023","36,63","36,58","37,95","36,34","","3,42%"
"02/03/2023","35,61","37,25","39,17","35,59","","-2,78%"
"03/03/2023","35,20","37,21","38,51","35,19","","-1,15%"
"06/03/2023","33,03","35,92","36,56","33,01","","-6,16%"
"07/03/2023","33,76","32,83","33,82","32,25","","2,21%"
"08/03/2023","33,39","33,82","34,54","33,35","","-1,10%"
"09/03/2023","34,86","32,81","34,92","31,96","","4,40%"
"10/03/2023","36,76","36,14","36,98","35,42","","5,45%"
"13/03/2023","38,13","39,29","46,28","34,33","","3,73%"
"14/03/2023","47,41","42,03","47,68","35,69","","24,34%"
"15/03/2023","49,78","54,15","57,89","45,39","","5,00%"
"16/03/2023","48,65","49,02","54,12","48,39","","-2,27%"
"17/03/2023","51,48","47,97","54,19","47,08","","5,82%"
"20/03/2023","51,14","51,82","52,55","50,46","","-0,66%"
"21/03/2023","48,12","51,17","51,17","46,45","","-5,91%"
"22/03/2023","46,97","47,59","47,79","45,18","","-2,39%"
"23/03/2023","46,90","48,20","48,20","44,92","","-0,15%"
"24/03/2023","48,36","53,47","53,49","48,28","","3,11%"
"25/03/2023","48,36","48,36","48,36","48,36","","0,00%"
"27/03/2023","45,41","48,61","48,61","45,36","","-6,10%"
"28/03/2023","44,31","47,06","47,29","44,30","","-2,42%"
"29/03/2023","43,33","50,10","50,10","43,19","","-2,21%"
"30/03/2023","42,02","45,78","45,84","42,02","","-3,02%"
"31/03/2023","40,34","43,33","43,39","40,34","","-4,00%"
"03/04/2023","39,49","43,16","43,16","38,45","","-2,11%"
"04/04/2023","39,42","38,26","40,04","37,44","","-0,18%"
"05/04/2023","39,14","39,35","40,41","38,56","","-0,71%"
"06/04/2023","34,76","38,72","38,72","34,42","","-11,19%"
"10/04/2023","34,31","37,59","37,61","34,29","","-1,29%"
"11/04/2023","34,23","38,43","38,88","33,88","","-0,23%"
"12/04/2023","33,74","34,13","34,43","33,31","","-1,43%"
"13/04/2023","32,78","34,65","34,65","32,62","","-2,85%"
"14/04/2023","32,51","34,07","34,14","31,83","","-0,82%"
"17/04/2023","32,93","34,85","34,86","32,52","","1,29%"
"18/04/2023","33,69","34,68","34,75","32,92","","2,31%"
"19/04/2023","34,44","36,17","36,33","34,14","","2,23%"
"20/04/2023","36,41","36,43","37,55","36,09","","5,72%"
"21/04/2023","35,17","35,20","36,24","34,93","","-3,41%"
"24/04/2023","34,28","36,14","36,51","34,24","","-2,53%"
"25/04/2023","36,64","33,85","36,69","33,76","","6,88%"
"26/04/2023","39,25","36,96","39,26","36,01","","7,12%"
"27/04/2023","37,76","40,67","40,72","37,62","","-3,80%"
"28/04/2023","35,63","38,27","38,27","35,58","","-5,64%"
"01/05/2023","35,94","37,12","37,26","35,86","","0,87%"
"02/05/2023","39,48","36,90","40,76","36,63","","9,85%"
"03/05/2023","43,23","42,10","44,44","41,28","","9,50%"
"04/05/2023","43,75","43,16","44,67","42,70","","1,20%"
"05/05/2023","37,35","41,27","42,69","37,02","","-14,63%"
"08/05/2023","35,54","36,00","37,33","35,50","","-4,85%"
"09/05/2023","35,13","34,59","36,82","34,59","","-1,15%"
"10/05/2023","34,13","34,64","35,74","33,68","","-2,85%"
"11/05/2023","35,74","34,40","36,15","34,40","","4,72%"
"12/05/2023","37,32","36,69","37,32","35,29","","4,42%"
"15/05/2023","35,16","38,05","38,05","35,02","","-5,79%"
"16/05/2023","35,98","37,75","37,75","35,28","","2,33%"
"17/05/2023","36,44","35,59","37,43","35,59","","1,28%"
"18/05/2023","36,02","36,34","37,05","35,89","","-1,15%"
"19/05/2023","35,85","34,64","36,83","34,64","","-0,47%"
"22/05/2023","35,52","36,93","37,69","34,85","","-0,92%"
"23/05/2023","35,11","35,48","35,49","34,52","","-1,15%"
"24/05/2023","35,86","35,42","36,17","35,01","","2,14%"
"25/05/2023","36,74","37,29","37,60","36,39","","2,45%"
"26/05/2023","35,95","37,44","37,44","35,52","","-2,15%"
"30/05/2023","39,68","39,67","40,02","39,00","","10,38%"
"31/05/2023","40,68","41,14","41,74","40,48","","2,52%"
"01/06/2023","40,50","42,05","42,07","40,03","","-0,44%"
"02/06/2023","39,60","39,53","41,47","38,89","","-2,22%"
"05/06/2023","37,45","42,33","42,33","37,05","","-5,43%"
"06/06/2023","36,07","38,58","38,58","35,70","","-3,68%"
"07/06/2023","34,13","35,33","35,84","34,07","","-5,38%"
"08/06/2023","35,18","36,83","36,83","33,92","","3,08%"
"09/06/2023","33,70","34,04","34,76","33,16","","-4,21%"
"12/06/2023","36,35","33,27","36,78","32,42","","7,86%"
"13/06/2023","32,38","35,31","36,30","31,66","","-10,92%"
"14/06/2023","33,66","32,14","38,30","32,14","","3,95%"
"15/06/2023","33,07","37,64","37,64","32,08","","-1,75%"
"16/06/2023","32,99","35,17","35,17","31,74","","-0,24%"
"20/06/2023","34,75","34,32","35,15","33,62","","5,33%"
"21/06/2023","33,26","36,71","36,71","32,81","","-4,29%"
"22/06/2023","34,93","36,86","37,45","34,43","","5,02%"
"23/06/2023","35,36","38,12","38,12","35,10","","1,23%"
"26/06/2023","36,67","38,69","38,69","36,56","","3,70%"
"27/06/2023","39,30","39,65","39,67","37,53","","7,17%"
"28/06/2023","36,86","38,95","40,10","36,80","","-6,21%"
"29/06/2023","35,42","38,49","39,11","35,39","","-3,91%"
"30/06/2023","33,28","39,40","39,40","33,25","","-6,04%"
"03/07/2023","33,88","35,18","35,18","32,92","","1,80%"
"05/07/2023","33,91","34,98","34,98","33,62","","0,09%"
"06/07/2023","35,13","34,11","36,26","32,91","","3,60%"
"07/07/2023","34,55","34,69","37,55","31,79","","-1,65%"
"10/07/2023","38,35","34,57","38,67","32,48","","11,00%"
"11/07/2023","32,43","39,85","39,85","32,23","","-15,44%"
"12/07/2023","32,69","34,68","34,84","32,66","","0,80%"
"13/07/2023","30,04","32,16","32,30","29,71","","-8,11%"
"14/07/2023","30,00","30,03","30,48","29,39","","-0,13%"
"17/07/2023","31,34","32,30","33,38","30,89","","4,47%"
"18/07/2023","30,66","30,91","31,54","30,24","","-2,17%"
"19/07/2023","31,06","30,80","31,84","29,90","","1,30%"
"20/07/2023","30,15","31,67","31,77","30,00","","-2,93%"
"21/07/2023","29,65","31,21","31,40","29,48","","-1,66%"
"24/07/2023","30,11","31,45","31,45","30,05","","1,55%"
"25/07/2023","30,63","30,93","32,31","30,41","","1,73%"
"26/07/2023","29,97","29,89","31,92","29,89","","-2,15%"
"27/07/2023","29,12","28,62","30,24","28,52","","-2,84%"
"28/07/2023","29,41","27,80","29,71","27,79","","1,00%"
"31/07/2023","28,48","29,06","29,26","28,43","","-3,16%"
"01/08/2023","28,35","27,74","28,83","27,72","","-0,46%"
"02/08/2023","28,74","27,27","29,58","27,27","","1,38%"
"03/08/2023","28,54","28,85","29,19","28,26","","-0,70%"
"04/08/2023","28,06","27,51","28,72","27,51","","-1,68%"
"07/08/2023","27,73","28,34","28,66","27,30","","-1,18%"
"08/08/2023","27,14","28,76","29,39","27,10","","-2,13%"
"09/08/2023","28,56","27,42","29,14","26,44","","5,23%"
"10/08/2023","27,27","28,19","28,19","26,82","","-4,52%"
"11/08/2023","28,04","27,81","28,23","27,09","","2,82%"
"14/08/2023","27,55","28,14","28,51","26,70","","-1,75%"
"15/08/2023","28,30","27,58","29,53","26,90","","2,72%"
"16/08/2023","28,54","29,59","29,78","27,55","","0,85%"
"17/08/2023","29,30","29,21","29,69","28,54","","2,66%"
"18/08/2023","28,43","30,32","30,46","28,38","","-2,97%"
"21/08/2023","28,90","29,70","29,93","28,75","","1,65%"
"22/08/2023","28,56","29,27","29,37","28,12","","-1,18%"
"23/08/2023","28,47","29,19","30,81","28,08","","-0,32%"
"24/08/2023","28,88","29,07","29,79","28,39","","1,44%"
"25/08/2023","28,81","27,31","28,95","27,31","","-0,24%"
"28/08/2023","28,66","27,62","29,28","27,62","","-0,52%"
"29/08/2023","27,63","29,06","29,36","27,53","","-3,59%"
"30/08/2023","26,63","27,15","28,18","25,58","","-3,62%"
"31/08/2023","26,56","27,13","28,06","26,18","","-0,26%"
"01/09/2023","27,48","26,93","27,58","26,06","","3,46%"
"05/09/2023","28,65","31,93","31,95","27,46","","4,26%"
"06/09/2023","28,33","29,61","29,69","28,06","","-1,12%"
"07/09/2023","27,59","29,90","30,27","27,47","","-2,61%"
"08/09/2023","27,16","28,75","28,75","27,11","","-1,56%"
"11/09/2023","24,37","27,03","27,46","24,01","","-10,27%"
"12/09/2023","24,23","26,96","26,96","23,78","","-0,57%"
"13/09/2023","25,06","23,58","26,43","23,58","","3,43%"
"14/09/2023","26,56","29,79","29,79","25,52","","5,99%"
"15/09/2023","27,16","25,97","27,57","25,48","","2,26%"
"18/09/2023","27,91","27,89","28,08","26,64","","2,76%"
"19/09/2023","30,32","27,31","30,57","26,61","","8,63%"
"20/09/2023","30,38","31,79","31,88","28,83","","0,20%"
"21/09/2023","31,35","30,02","31,95","29,74","","3,19%"
"22/09/2023","30,61","32,31","32,31","30,07","","-2,36%"
"25/09/2023","30,96","30,50","31,48","30,50","","1,14%"
"26/09/2023","31,30","30,38","32,42","29,70","","1,10%"
"27/09/2023","32,48","30,38","32,52","29,76","","3,77%"
"28/09/2023","31,62","32,08","32,08","30,74","","-2,65%"
"29/09/2023","32,24","32,26","32,58","30,59","","1,96%"
"02/10/2023","32,00","31,04","33,83","31,04","","-0,74%"
"03/10/2023","33,25","31,32","33,52","31,20","","3,91%"
"04/10/2023","35,35","32,92","35,78","32,92","","6,32%"
"05/10/2023","36,59","33,78","37,14","33,78","","3,51%"
"06/10/2023","35,68","35,77","36,53","35,31","","-2,49%"
"09/10/2023","39,85","37,19","39,85","37,06","","11,69%"
"10/10/2023","39,54","41,87","42,09","38,66","","-0,78%"
"11/10/2023","38,94","37,92","40,10","37,92","","-1,52%"
"12/10/2023","38,52","38,68","38,88","37,50","","-1,08%"
"13/10/2023","44,24","42,60","44,48","40,31","","14,85%"
"16/10/2023","40,70","38,65","44,26","38,65","","-8,00%"
"17/10/2023","41,37","40,69","41,76","40,30","","1,65%"
"18/10/2023","44,40","43,94","44,83","42,12","","7,32%"
"19/10/2023","45,70","43,55","45,80","41,54","","2,93%"
"20/10/2023","43,79","48,57","48,57","43,57","","-4,18%"
"23/10/2023","41,74","44,11","44,11","40,20","","-4,68%"
"24/10/2023","41,08","38,69","41,62","38,59","","-1,58%"
"25/10/2023","44,91","39,18","44,91","39,18","","9,32%"
"26/10/2023","43,93","42,63","44,84","42,63","","-2,18%"
"27/10/2023","46,64","43,77","46,68","41,50","","6,17%"
"30/10/2023","44,01","45,33","45,54","43,41","","-5,64%"
"31/10/2023","41,99","41,51","43,64","41,38","","-4,59%"
"01/11/2023","40,52","40,27","41,89","39,99","","-3,50%"
"02/11/2023","39,79","37,80","39,85","37,80","","-1,80%"
"03/11/2023","38,53","39,74","40,72","38,13","","-3,17%"
"06/11/2023","36,31","39,93","39,93","35,92","","-5,76%"
"07/11/2023","38,72","36,09","38,95","36,09","","6,64%"
"08/11/2023","40,44","38,78","41,00","38,33","","4,44%"
"09/11/2023","41,23","41,03","41,32","39,36","","1,95%"
"10/11/2023","39,29","41,96","41,96","39,27","","-4,71%"
"13/11/2023","39,40","41,31","41,31","39,00","","0,28%"
"14/11/2023","38,29","43,59","43,59","38,02","","-2,82%"
"15/11/2023","39,51","39,00","39,67","38,07","","3,19%"
"16/11/2023","42,53","40,77","43,03","39,92","","7,64%"
"17/11/2023","40,43","42,37","42,40","39,81","","-4,94%"
"20/11/2023","39,00","41,55","41,55","38,69","","-3,54%"
"21/11/2023","38,52","40,39","40,39","38,26","","-1,23%"
"22/11/2023","42,76","42,49","45,81","41,12","","11,01%"
"24/11/2023","43,38","44,07","44,07","41,48","","1,45%"
"27/11/2023","43,90","45,02","45,02","42,38","","1,20%"
"28/11/2023","43,14","43,93","43,93","41,61","","-1,73%"
"29/11/2023","42,90","42,63","46,10","41,50","","-0,56%"
"30/11/2023","39,40","41,63","42,22","38,18","","-8,16%"
"01/12/2023","35,70","37,93","37,93","34,86","","-9,39%"
"04/12/2023","38,08","37,91","39,95","37,18","","6,67%"
"05/12/2023","36,36","39,01","39,08","36,09","","-4,52%"
"06/12/2023","39,72","39,64","40,19","36,96","","9,24%"
"07/12/2023","37,82","38,89","38,89","37,23","","-4,78%"
"08/12/2023","36,24","38,89","38,89","36,16","","-4,18%"
"11/12/2023","35,30","38,74","38,74","34,61","","-2,59%"
"12/12/2023","36,38","38,66","38,69","35,98","","3,06%"
"13/12/2023","36,60","37,22","40,30","33,47","","0,60%"
"14/12/2023","33,98","39,28","39,28","33,08","","-7,16%"
"15/12/2023","35,13","40,28","40,28","34,93","","3,38%"
"18/12/2023","37,09","38,65","38,72","36,39","","5,58%"
"19/12/2023","35,04","38,46","38,46","34,83","","-5,53%"
"20/12/2023","34,98","37,96","37,96","34,51","","-0,17%"
"21/12/2023","35,44","43,59","43,62","34,84","","1,32%"
"22/12/2023","33,32","37,14","37,14","32,84","","-5,98%"
"26/12/2023","34,53","37,90","37,90","33,73","","3,63%"
"27/12/2023","35,41","37,37","37,37","34,66","","2,55%"
"28/12/2023","36,45","36,28","36,50","34,67","","2,94%"
"29/12/2023","36,22","37,33","37,33","35,20","","-0,63%"
"02/01/2024","39,05","38,81","39,10","37,21","","7,81%"
"03/01/2024","38,22","39,85","39,96","37,99","","-2,13%"
"04/01/2024","37,58","38,80","39,23","37,42","","-1,67%"
"05/01/2024","36,07","38,43","39,54","36,04","","-4,02%"
"08/01/2024","36,79","37,83","38,59","36,77","","2,00%"
"09/01/2024","36,09","37,75","37,75","35,57","","-1,90%"
"10/01/2024","36,35","38,01","38,01","35,54","","0,72%"
"11/01/2024","36,78","38,28","38,28","35,21","","1,18%"
"12/01/2024","40,64","40,38","40,93","36,37","","10,49%"
"16/01/2024","38,34","41,06","41,06","36,71","","-5,66%"
"17/01/2024","37,06","39,70","39,70","36,92","","-3,34%"
"18/01/2024","35,98","39,74","39,87","35,53","","-2,91%"
"19/01/2024","35,79","36,33","36,33","34,58","","-0,53%"
"22/01/2024","35,71","36,78","36,78","34,77","","-0,22%"
"23/01/2024","34,99","37,21","37,21","34,62","","-2,02%"
"24/01/2024","33,99","35,59","35,59","33,92","","-2,86%"
"25/01/2024","35,10","35,18","35,99","33,78","","3,27%"
"26/01/2024","34,78","37,06","37,31","33,84","","-0,91%"
"29/01/2024","36,32","37,38","37,43","36,08","","4,43%"
"30/01/2024","36,19","38,93","38,93","35,96","","-0,36%"
"31/01/2024","37,25","37,34","38,22","36,43","","2,93%"
"01/02/2024","35,38","37,50","37,50","34,81","","-5,02%"
"02/02/2024","34,85","38,49","38,49","34,60","","-1,50%"
"05/02/2024","34,43","37,45","37,76","34,25","","-1,21%"
"06/02/2024","33,01","37,22","37,22","33,01","","-4,12%"
"07/02/2024","31,21","35,55","35,55","31,21","","-5,45%"
"08/02/2024","31,64","33,28","33,28","30,65","","1,38%"
"09/02/2024","32,44","33,60","33,80","31,66","","2,53%"
"12/02/2024","32,69","35,01","35,01","32,56","","0,77%"
"13/02/2024","32,37","34,93","34,93","32,18","","-0,98%"
"14/02/2024","32,76","34,45","34,45","31,86","","1,20%"
"15/02/2024","32,02","34,35","34,35","31,87","","-2,26%"
"16/02/2024","30,84","34,73","34,73","30,76","","-3,69%"
"20/02/2024","31,81","32,38","32,78","31,71","","3,15%"
"21/02/2024","31,05","33,83","33,83","30,87","","-2,39%"
"22/02/2024","30,55","31,45","31,45","30,51","","-1,61%"
"23/02/2024","31,31","31,53","31,53","30,86","","2,49%"
"26/02/2024","31,71","32,55","32,55","31,59","","1,28%"
"27/02/2024","31,35","31,94","31,98","31,25","","-1,14%"
"28/02/2024","31,21","31,32","33,18","30,84","","-0,45%"
"29/02/2024","31,50","31,95","32,42","31,13","","0,93%"
"01/03/2024","31,08","31,14","31,46","30,89","","-1,33%"
"04/03/2024","30,47","32,99","33,03","30,47","","-1,96%"
"05/03/2024","30,19","33,22","33,22","29,60","","-0,92%"
"06/03/2024","29,57","30,12","32,12","29,46","","-2,05%"
"07/03/2024","29,57","30,42","30,42","29,31","","0,00%"
"08/03/2024","29,64","29,78","29,92","29,49","","0,24%"
"11/03/2024","29,11","30,83","31,07","28,91","","-1,79%"
"12/03/2024","29,36","30,46","30,46","28,48","","0,86%"
"13/03/2024","29,52","29,10","29,52","28,78","","0,54%"
"14/03/2024","31,51","31,92","33,39","26,89","","6,74%"
"15/03/2024","29,77","31,99","33,20","29,58","","-5,52%"
"18/03/2024","29,81","30,46","30,46","29,69","","0,13%"
"19/03/2024","29,22","30,09","30,09","29,22","","-1,98%"
"20/03/2024","28,82","29,96","29,96","28,80","","-1,37%"
"21/03/2024","27,53","29,99","30,10","27,51","","-4,48%"
"22/03/2024","26,92","27,49","27,49","26,59","","-2,22%"
"25/03/2024","27,49","27,23","27,76","27,16","","2,12%"
"26/03/2024","27,25","27,51","27,75","27,03","","-0,87%"
"27/03/2024","26,60","26,43","26,66","26,05","","-2,39%"
"28/03/2024","26,27","26,53","26,55","25,86","","-1,24%"
"01/04/2024","27,65","27,24","27,73","25,98","","5,25%"
"02/04/2024","29,04","27,66","29,28","26,43","","5,03%"
"03/04/2024","29,08","28,80","30,05","28,70","","0,14%"
"04/04/2024","32,17","27,49","35,09","27,49","","10,63%"
"05/04/2024","32,36","33,62","33,72","31,81","","0,59%"
"08/04/2024","30,57","31,19","31,46","30,19","","-5,53%"
"09/04/2024","28,96","29,67","29,79","28,40","","-5,27%"
"10/04/2024","30,08","28,33","31,27","27,64","","3,87%"
"11/04/2024","31,27","30,81","31,27","29,79","","3,96%"
"12/04/2024","32,19","34,92","34,92","31,75","","2,94%"
"15/04/2024","35,59","31,20","37,23","30,81","","10,56%"
"16/04/2024","33,61","33,51","34,08","33,33","","-5,56%"
"17/04/2024","33,00","33,79","33,87","32,86","","-1,81%"
"18/04/2024","31,40","31,86","32,27","31,11","","-4,85%"
"19/04/2024","31,86","32,22","32,47","31,20","","1,46%"
"22/04/2024","29,70","30,54","30,74","29,53","","-6,78%"
"23/04/2024","28,86","29,70","30,01","26,79","","-2,83%"
"24/04/2024","29,04","29,20","30,90","28,89","","0,62%"
"25/04/2024","28,34","28,94","29,04","27,66","","-2,41%"
"26/04/2024","27,81","27,91","28,60","27,80","","-1,87%"
"29/04/2024","27,84","28,46","28,73","27,31","","0,11%"
"30/04/2024","27,87","27,55","28,68","27,48","","0,11%"
"01/05/2024","28,70","28,27","29,81","26,62","","2,98%"
"02/05/2024","27,65","29,06","30,33","27,25","","-3,66%"
"07/05/2024","27,83","31,26","31,26","27,32","","0,65%"
"08/05/2024","27,91","28,56","28,90","27,78","","0,29%"
"10/05/2024","27,88","35,47","35,47","27,46","","-0,11%"
"15/05/2024","28,07","29,09","29,42","27,76","","0,68%"
"17/05/2024","28,06","27,27","28,19","26,72","","-0,04%"
"20/05/2024","27,89","28,04","28,54","27,00","","-0,61%"
"21/05/2024","27,38","28,50","28,52","26,81","","-1,83%"
"22/05/2024","27,71","28,64","40,01","27,59","","1,21%"
"23/05/2024","28,66","28,87","31,20","27,31","","3,43%"
"24/05/2024","27,56","29,13","29,13","27,10","","-3,84%"
"28/05/2024","27,53","28,77","28,89","27,47","","-0,11%"
"29/05/2024","26,77","26,28","27,74","24,56","","-2,76%"
"30/05/2024","29,24","27,21","29,58","26,68","","9,23%"
"31/05/2024","30,34","29,32","30,47","28,63","","3,76%"
"03/06/2024","30,84","30,03","30,92","28,68","","1,65%"
"04/06/2024","30,59","30,03","33,13","30,03","","-0,81%"
"05/06/2024","29,18","29,46","30,00","29,14","","-4,61%"
"06/06/2024","27,71","28,38","28,62","27,55","","-5,04%"
"07/06/2024","26,42","27,95","27,98","25,78","","-4,66%"
"10/06/2024","25,69","27,38","27,38","25,15","","-2,76%"
"11/06/2024","25,54","26,47","26,52","25,11","","-0,58%"
"12/06/2024","24,80","24,95","26,38","24,75","","-2,90%"
"13/06/2024","24,45","24,35","24,47","23,03","","-1,41%"
"14/06/2024","24,71","24,51","25,19","23,70","","1,06%"
"17/06/2024","24,17","24,24","26,02","23,27","","-2,19%"
"18/06/2024","23,73","24,07","24,07","23,13","","-1,82%"
"20/06/2024","24,23","24,53","24,63","23,81","","2,11%"
"21/06/2024","24,74","24,64","25,68","24,31","","2,10%"
"24/06/2024","25,42","25,64","25,70","25,20","","2,75%"
"25/06/2024","25,75","25,23","25,85","25,00","","1,30%"
"26/06/2024","26,24","24,61","26,43","23,93","","1,90%"
"27/06/2024","26,28","28,21","28,21","26,24","","0,15%"
"28/06/2024","26,54","26,90","27,12","26,16","","0,99%"
"01/07/2024","27,29","26,67","27,75","25,66","","2,83%"
"02/07/2024","25,82","27,06","27,06","25,75","","-5,39%"
"03/07/2024","24,62","24,95","26,13","24,48","","-4,65%"
"05/07/2024","23,78","24,06","25,31","23,72","","-3,41%"
"08/07/2024","23,81","24,25","24,85","23,72","","0,13%"
"09/07/2024","24,19","23,82","24,24","23,72","","1,60%"
"10/07/2024","24,01","23,29","24,36","23,29","","-0,74%"
"11/07/2024","24,01","22,80","24,60","22,80","","0,00%"
"12/07/2024","24,12","23,69","24,27","22,75","","0,46%"
"15/07/2024","23,83","24,25","24,67","23,60","","-1,20%"
"16/07/2024","24,41","24,67","24,76","24,05","","2,43%"
"17/07/2024","25,28","24,68","25,28","24,49","","3,56%"
"18/07/2024","25,68","24,97","25,77","24,97","","1,58%"
"19/07/2024","26,83","25,36","26,92","25,36","","4,48%"
"22/07/2024","26,83","28,85","28,90","26,69","","0,00%"
"23/07/2024","26,74","26,71","28,15","26,14","","-0,34%"
"24/07/2024","26,85","25,83","27,31","25,83","","0,41%"
"25/07/2024","26,49","27,76","30,12","26,37","","-1,34%"
"26/07/2024","29,77","28,87","30,67","28,52","","12,38%"
"29/07/2024","30,82","29,09","31,43","28,88","","3,53%"
"30/07/2024","31,49","30,72","31,83","28,60","","2,17%"
"31/07/2024","33,69","30,44","34,04","27,54","","6,99%"
"01/08/2024","33,42","33,23","33,53","32,48","","-0,80%"
"02/08/2024","38,83","34,02","38,87","34,02","","16,19%"
"05/08/2024","43,63","43,69","44,18","40,27","","12,36%"
"06/08/2024","40,42","41,96","42,83","39,41","","-7,36%"
"07/08/2024","38,01","39,43","39,56","36,23","","-5,96%"
"08/08/2024","34,77","36,22","36,86","34,56","","-8,52%"
"09/08/2024","33,37","34,26","34,33","32,85","","-4,03%"
"12/08/2024","35,17","33,00","36,19","32,60","","5,39%"
"13/08/2024","33,26","33,82","34,26","32,53","","-5,43%"
"14/08/2024","31,51","31,66","31,95","30,77","","-5,26%"
"15/08/2024","31,14","31,74","31,74","30,59","","-1,17%"
"16/08/2024","31,00","31,07","31,57","30,74","","-0,45%"
"19/08/2024","32,03","30,98","32,97","29,08","","3,32%"
"20/08/2024","32,05","32,00","33,43","31,67","","0,06%"
"21/08/2024","32,70","31,18","32,83","30,49","","2,03%"
"22/08/2024","31,73","32,59","32,59","31,65","","-2,97%"
"23/08/2024","30,54","30,91","31,21","30,46","","-3,75%"
"26/08/2024","30,99","31,60","31,83","30,57","","1,47%"
"27/08/2024","31,25","30,72","33,10","30,57","","0,84%"
"28/08/2024","32,12","31,50","32,29","30,85","","2,78%"
"29/08/2024","31,81","31,87","31,90","31,22","","-0,97%"
"30/08/2024","33,36","32,33","34,19","32,06","","4,87%"
"03/09/2024","35,36","35,16","36,38","34,27","","6,00%"
"04/09/2024","37,95","36,65","38,00","35,14","","7,32%"
"05/09/2024","36,61","36,62","38,69","34,85","","-3,53%"
"06/09/2024","37,58","34,92","38,05","33,81","","2,65%"
"09/09/2024","37,00","37,69","38,90","36,82","","-1,54%"
"10/09/2024","40,23","36,63","41,62","36,51","","8,73%"
"11/09/2024","37,76","39,07","40,09","37,42","","-6,14%"
"12/09/2024","36,07","38,29","42,51","35,86","","-4,48%"
"13/09/2024","35,22","35,16","35,54","34,18","","-2,36%"
"16/09/2024","34,71","35,46","35,71","33,88","","-1,45%"
"17/09/2024","35,29","34,70","35,55","34,13","","1,67%"
"18/09/2024","36,19","35,56","42,22","35,41","","2,55%"
"19/09/2024","33,72","35,05","35,12","33,60","","-6,83%"
"20/09/2024","32,22","33,18","33,76","32,16","","-4,45%"
"23/09/2024","34,39","33,96","36,62","33,43","","6,73%"
"24/09/2024","33,76","33,76","33,77","33,10","","-1,83%"
"25/09/2024","34,40","34,48","34,63","33,26","","1,90%"
"26/09/2024","39,76","38,63","40,44","38,30","","15,58%"
"27/09/2024","39,62","40,03","40,44","37,99","","-0,35%"
"30/09/2024","39,86","40,62","41,42","39,31","","0,61%"
"01/10/2024","42,87","39,62","45,70","39,35","","7,55%"
"02/10/2024","46,52","45,71","47,15","43,71","","8,51%"
"03/10/2024","54,50","48,00","54,50","47,12","","17,15%"
"04/10/2024","46,37","54,59","54,59","44,41","","-14,92%"
"07/10/2024","48,32","45,43","49,65","45,43","","4,21%"
"08/10/2024","52,35","46,09","54,40","44,88","","8,34%"
"09/10/2024","48,80","47,13","49,11","46,47","","-6,78%"
"10/10/2024","52,36","48,36","53,64","48,36","","7,30%"
"11/10/2024","52,68","52,94","53,40","48,87","","0,61%"
"14/10/2024","51,62","50,95","52,93","50,05","","-2,01%"
"15/10/2024","48,64","50,19","50,19","45,33","","-5,77%"
"16/10/2024","47,84","47,92","48,76","45,78","","-1,64%"
"17/10/2024","46,88","46,61","47,73","45,82","","-2,01%"
"18/10/2024","47,22","44,61","47,97","44,14","","0,73%"
"21/10/2024","46,82","48,11","48,77","46,80","","-0,85%"
"22/10/2024","47,69","48,92","49,64","47,05","","1,86%"
"23/10/2024","47,78","49,45","49,45","45,96","","0,19%"
"24/10/2024","46,66","51,08","51,08","45,13","","-2,34%"
"25/10/2024","48,97","50,23","50,23","46,64","","4,95%"
"28/10/2024","42,96","47,51","47,51","40,80","","-12,27%"
"29/10/2024","42,47","41,29","43,06","41,06","","-1,14%"
"30/10/2024","41,13","43,22","43,22","39,97","","-3,16%"
"31/10/2024","48,79","40,65","48,79","39,45","","18,62%"
"01/11/2024","44,14","48,65","48,65","41,71","","-9,53%"
"04/11/2024","45,75","47,01","47,01","43,36","","3,65%"
"05/11/2024","45,61","46,40","46,72","44,04","","-0,31%"
"06/11/2024","44,74","44,61","46,00","43,92","","-1,91%"
"07/11/2024","42,55","43,36","44,38","41,30","","-4,89%"
"08/11/2024","38,76","43,55","43,55","38,60","","-8,91%"
"11/11/2024","37,74","39,81","42,41","33,60","","-2,63%"
"12/11/2024","34,32","34,88","35,91","33,67","","-9,06%"
"13/11/2024","37,12","43,49","43,49","32,43","","8,16%"
"14/11/2024","30,90","36,02","38,94","30,26","","-16,76%"
"15/11/2024","35,07","34,99","37,99","34,00","","13,50%"
"18/11/2024","36,89","41,99","41,99","34,83","","5,19%"
"19/11/2024","37,28","38,16","38,30","36,79","","1,06%"
"20/11/2024","36,74","37,24","39,66","36,24","","-1,45%"
"21/11/2024","36,91","36,99","38,46","34,75","","0,46%"
"22/11/2024","35,74","37,32","37,65","35,36","","-3,17%"
"25/11/2024","37,44","38,75","38,76","36,12","","4,76%"
"26/11/2024","38,74","36,82","41,52","35,55","","3,47%"
"27/11/2024","37,00","39,97","39,97","36,78","","-4,49%"
"29/11/2024","34,95","35,84","36,68","34,09","","-5,54%"
"02/12/2024","34,71","36,65","36,76","34,71","","-0,69%"
"03/12/2024","34,55","38,67","38,67","33,40","","-0,46%"
"04/12/2024","33,82","36,30","37,67","33,34","","-2,11%"
"05/12/2024","29,45","33,32","33,36","29,26","","-12,92%"
"06/12/2024","30,98","34,64","34,64","29,75","","5,20%"
"09/12/2024","27,70","31,12","31,78","27,15","","-10,59%"
"10/12/2024","28,61","26,97","28,83","26,08","","3,29%"
"11/12/2024","31,99","27,97","35,15","27,77","","11,81%"
"12/12/2024","33,64","29,54","34,60","28,46","","5,16%"
"13/12/2024","34,92","35,37","35,37","32,41","","3,80%"
"16/12/2024","33,41","32,45","36,51","29,34","","-4,32%"
"17/12/2024","30,71","33,40","33,50","27,38","","-8,08%"
"18/12/2024","32,60","30,80","33,63","28,50","","6,15%"
"19/12/2024","30,50","29,20","31,12","28,08","","-6,44%"
"20/12/2024","29,27","30,50","30,50","28,60","","-4,03%"
"23/12/2024","30,16","33,10","33,10","28,66","","3,04%"
"24/12/2024","30,35","30,85","30,85","29,73","","0,63%"
"26/12/2024","30,01","31,28","31,79","27,32","","-1,12%"
"27/12/2024","30,21","30,48","34,07","27,41","","0,67%"
"30/12/2024","30,77","30,29","32,18","29,65","","1,85%"
"31/12/2024","30,02","30,69","31,02","29,00","","-2,44%"
"02/01/2025","29,54","31,58","32,14","27,95","","-1,60%"
"03/01/2025","29,98","28,48","30,93","27,28","","1,49%"
"06/01/2025","29,31","30,19","30,19","27,68","","-2,23%"
"07/01/2025","31,09","29,22","31,17","28,29","","6,07%"
"08/01/2025","31,56","31,61","33,33","30,36","","1,51%"
"10/01/2025","33,91","28,79","35,28","28,79","","7,45%"
"13/01/2025","33,98","34,60","36,84","32,40","","0,21%"
"14/01/2025","33,51","34,68","35,15","32,22","","-1,38%"
"15/01/2025","32,93","35,48","35,48","32,49","","-1,73%"
"16/01/2025","33,13","33,20","34,50","32,10","","0,61%"
"17/01/2025","33,52","34,48","34,77","32,80","","1,18%"
"21/01/2025","35,10","31,77","35,10","27,53","","4,71%"
"22/01/2025","34,68","32,42","34,79","31,65","","-1,20%"
"23/01/2025","34,18","36,05","41,58","29,90","","-1,44%"
"24/01/2025","29,98","30,85","31,17","29,05","","-12,29%"
"27/01/2025","35,98","42,04","42,04","30,37","","20,01%"
"28/01/2025","31,95","32,78","32,79","30,76","","-11,20%"
"29/01/2025","33,02","31,94","37,98","30,04","","3,35%"
"30/01/2025","31,05","32,20","32,33","31,00","","-5,97%"
"31/01/2025","29,96","32,27","34,09","28,46","","-3,51%"
"03/02/2025","35,30","33,61","35,30","30,64","","17,82%"
"04/02/2025","33,62","34,56","34,56","29,62","","-4,76%"
"05/02/2025","34,25","33,15","37,22","31,77","","1,87%"
"06/02/2025","36,25","33,60","40,75","30,34","","5,84%"
"07/02/2025","29,66","30,39","30,55","28,37","","-18,18%"
"10/02/2025","32,09","29,44","32,38","28,52","","8,19%"
"11/02/2025","29,76","32,19","32,19","27,23","","-7,26%"
"12/02/2025","31,79","30,58","32,44","25,82","","6,82%"
"13/02/2025","31,47","30,89","31,59","29,68","","-1,01%"
"14/02/2025","28,46","29,15","29,58","26,63","","-9,56%"
"18/02/2025","27,47","30,43","30,53","26,30","","-3,48%"
"19/02/2025","28,36","29,25","29,25","26,64","","3,24%"
"20/02/2025","29,30","32,61","32,61","27,16","","3,31%"
"21/02/2025","35,79","30,48","36,13","27,94","","22,15%"
"24/02/2025","31,30","32,33","32,33","27,89","","-12,55%"
"25/02/2025","32,77","34,65","38,04","32,75","","4,70%"
"26/02/2025","33,36","32,76","33,62","31,51","","1,80%"
"27/02/2025","31,72","30,52","33,77","28,73","","-4,92%"
"28/02/2025","29,97","36,82","36,82","28,30","","-5,52%"
"03/03/2025","38,52","35,05","42,57","30,58","","28,53%"
"04/03/2025","37,52","33,89","38,68","31,02","","-2,60%"
"05/03/2025","35,04","35,70","46,12","30,95","","-6,61%"
"06/03/2025","37,14","33,48","37,97","31,16","","5,99%"
"07/03/2025","29,75","33,00","33,15","28,98","","-19,90%"
"10/03/2025","34,82","34,03","35,30","31,72","","17,04%"
"11/03/2025","31,83","33,92","34,45","31,21","","-8,59%"
"13/03/2025","32,80","34,29","34,29","30,74","","3,05%"
"19/03/2025","33,87","33,75","36,83","29,85","","3,26%"
"20/03/2025","29,72","34,53","34,53","29,03","","-12,25%"
"21/03/2025","28,43","33,73","33,73","28,27","","-4,34%"
"24/03/2025","29,67","30,99","30,99","26,48","","4,36%"
"25/03/2025","28,27","32,38","32,38","27,24","","-4,72%"
"26/03/2025","28,84","27,79","28,84","27,36","","2,02%"
"27/03/2025","28,49","28,47","28,75","27,89","","-1,21%"
"28/03/2025","28,70","28,54","28,95","26,82","","0,74%"
"31/03/2025","30,88","31,30","31,79","30,57","","7,60%"
"11/04/2025","50,88","52,71","53,99","48,55","","64,77%"
"14/04/2025","47,76","47,41","49,09","44,76","","-6,13%"
"15/04/2025","42,31","40,88","43,31","40,88","","-11,41%"
"16/04/2025","43,56","42,75","47,51","42,06","","2,95%"
"17/04/2025","41,27","42,74","42,74","40,60","","-5,26%"
"21/04/2025","41,21","41,20","42,32","41,00","","-0,15%"
"22/04/2025","43,15","44,93","45,97","42,20","","4,71%"
"23/04/2025","43,56","43,64","46,57","41,08","","0,95%"
"24/04/2025","44,37","44,11","45,89","43,22","","1,86%"
"25/04/2025","43,53","44,68","44,82","42,09","","-1,89%"
"28/04/2025","43,55","44,03","44,30","43,35","","0,05%"
"29/04/2025","48,41","46,64","48,46","46,04","","11,16%"
"30/04/2025","54,46","51,00","56,41","49,29","","12,50%"
"01/05/2025","51,96","54,30","54,44","49,01","","-4,59%"
"02/05/2025","50,59","51,51","54,78","50,26","","-2,64%"
"05/05/2025","42,58","45,08","46,16","41,83","","-15,83%"
"06/05/2025","42,14","40,23","42,15","39,81","","-1,03%"
"07/05/2025","42,66","41,11","42,68","39,51","","1,23%"
"08/05/2025","40,60","41,22","41,34","39,93","","-4,83%"
"09/05/2025","39,82","40,93","40,93","39,03","","-1,92%"
"12/05/2025","37,50","36,33","37,72","35,77","","-5,83%"
"13/05/2025","36,71","35,87","38,91","34,84","","-2,11%"
"14/05/2025","36,72","36,86","38,73","36,63","","0,03%"
"15/05/2025","37,40","39,54","40,36","37,37","","1,85%"
"16/05/2025","37,88","37,84","39,70","35,35","","1,28%"
"19/05/2025","38,00","39,83","39,95","36,70","","0,32%"
"20/05/2025","34,62","37,70","37,89","34,50","","-8,89%"
"21/05/2025","39,12","37,21","39,66","35,85","","13,00%"
"22/05/2025","41,44","41,19","42,03","40,72","","5,93%"
"23/05/2025","43,13","43,50","43,83","42,10","","4,08%"
"27/05/2025","41,94","43,47","43,55","41,16","","-2,76%"
"28/05/2025","40,42","44,19","44,19","39,27","","-3,62%"
"29/05/2025","40,26","40,85","40,85","39,04","","-0,40%"
"30/05/2025","40,71","40,37","41,94","39,73","","1,12%"
"02/06/2025","38,70","39,38","40,88","38,01","","-4,94%"
"03/06/2025","37,75","38,95","43,19","37,08","","-2,45%"
"04/06/2025","37,70","38,41","40,98","36,26","","-0,13%"
"05/06/2025","34,89","37,06","37,11","34,74","","-7,45%"
"06/06/2025","35,72","35,61","36,01","33,48","","2,38%"
"09/06/2025","34,42","34,45","34,58","32,63","","-3,64%"
"10/06/2025","35,05","34,18","36,00","32,71","","1,83%"
"11/06/2025","43,24","34,78","43,88","34,68","","23,37%"
"12/06/2025","45,37","44,46","46,43","42,58","","4,93%"
"13/06/2025","57,23","55,40","60,21","50,13","","26,14%"
"16/06/2025","56,60","53,67","58,02","50,63","","-1,10%"
"17/06/2025","71,56","61,50","74,00","60,81","","26,43%"
"18/06/2025","66,86","74,41","74,41","64,19","","-6,57%"
"20/06/2025","64,67","65,48","66,82","63,58","","-3,28%"
"23/06/2025","53,65","62,00","62,79","51,65","","-17,04%"
"24/06/2025","48,80","48,15","49,71","44,78","","-9,04%"
"25/06/2025","42,75","46,20","46,20","42,42","","-12,40%"
"26/06/2025","41,86","43,22","43,60","41,59","","-2,08%"
"27/06/2025","41,23","41,39","46,63","40,82","","-1,51%"
"30/06/2025","38,89","42,99","42,99","38,67","","-5,68%"
"01/07/2025","38,00","43,67","44,55","37,97","","-2,29%"
"02/07/2025","40,24","41,51","43,92","37,01","","5,89%"
"03/07/2025","37,75","39,52","40,82","37,73","","-6,19%"
"07/07/2025","41,23","38,32","41,72","36,64","","9,22%"
"08/07/2025","35,71","36,88","38,94","35,46","","-13,39%"
"09/07/2025","34,17","35,20","38,06","33,74","","-4,31%"
"10/07/2025","32,80","33,65","35,49","32,03","","-4,01%"
"11/07/2025","37,06","34,96","38,30","33,95","","12,99%"
"14/07/2025","33,53","37,30","38,05","33,39","","-9,53%"
"15/07/2025","34,38","37,45","37,57","33,02","","2,54%"
"16/07/2025","33,16","34,81","42,66","33,13","","-3,55%"
"17/07/2025","32,84","34,42","34,91","32,74","","-0,97%"
"18/07/2025","32,17","32,66","33,29","32,14","","-2,04%"
"21/07/2025","31,38","31,36","32,66","30,22","","-2,46%"
"22/07/2025","32,26","34,31","34,31","32,19","","2,80%"
"23/07/2025","32,39","34,16","36,02","31,85","","0,40%"
"24/07/2025","32,37","33,50","33,50","31,22","","-0,06%"
"25/07/2025","32,88","33,30","33,43","31,79","","1,58%"
"28/07/2025","35,37","34,80","35,71","34,54","","7,57%"
"29/07/2025","38,04","36,07","38,08","34,79","","7,55%"
"30/07/2025","37,75","38,72","39,29","32,39","","-0,76%"
"31/07/2025","36,78","36,23","37,63","36,23","","-2,57%"
"01/08/2025","39,37","37,51","40,78","37,23","","7,04%"
"04/08/2025","38,79","39,98","40,28","38,73","","-1,47%"
"05/08/2025","35,30","38,43","43,62","35,27","","-9,00%"
"06/08/2025","36,67","36,23","36,96","33,88","","3,88%"
"07/08/2025","35,01","36,24","37,08","33,53","","-4,53%"
"08/08/2025","34,06","34,72","37,13","32,10","","-2,71%"
"11/08/2025","31,40","32,67","33,12","28,28","","-7,81%"
"12/08/2025","30,31","32,33","32,96","30,07","","-3,47%"
"13/08/2025","33,82","30,75","33,85","23,59","","11,58%"
"14/08/2025","35,96","33,93","37,29","33,28","","6,33%"
"15/08/2025","37,22","36,74","37,49","34,30","","3,50%"
"18/08/2025","32,15","34,87","34,98","31,36","","-13,62%"
"19/08/2025","33,04","33,08","34,65","31,56","","2,77%"
"20/08/2025","32,51","33,21","33,93","32,25","","-1,60%"
"21/08/2025","31,54","32,66","32,71","30,66","","-2,98%"
"22/08/2025","30,35","31,42","31,88","29,69","","-3,77%"
"25/08/2025","31,24","32,16","32,53","31,10","","2,93%"
"26/08/2025","33,73","34,01","34,01","30,94","","7,97%"
"27/08/2025","31,94","33,72","33,72","31,65","","-5,31%"
"28/08/2025","33,98","32,80","34,99","31,99","","6,39%"
"29/08/2025","32,63","32,80","33,47","32,14","","-3,97%"
"02/09/2025","34,28","34,81","35,92","33,17","","5,06%"
"03/09/2025","35,22","34,37","38,96","33,54","","2,74%"
"05/09/2025","33,33","33,56","36,44","32,41","","-5,37%"
"08/09/2025","35,03","34,01","35,08","32,50","","5,10%"
"09/09/2025","33,44","33,88","36,98","32,16","","-4,54%"
"10/09/2025","33,35","34,07","34,53","31,75","","-0,27%"
"11/09/2025","33,96","33,77","34,33","31,09","","1,83%"
"12/09/2025","31,77","32,40","32,72","30,52","","-6,45%"
"15/09/2025","30,98","31,20","32,38","30,79","","-2,49%"
"16/09/2025","33,17","31,10","33,19","30,62","","7,07%"
"17/09/2025","31,05","32,93","38,26","30,06","","-6,39%"
"18/09/2025","31,88","31,87","32,23","31,15","","2,67%"
"19/09/2025","30,53","31,59","31,61","30,08","","-4,23%"
"22/09/2025","30,88","32,59","32,59","30,48","","1,15%"
"23/09/2025","32,58","31,65","32,79","31,52","","5,51%"
"24/09/2025","34,08","33,13","34,83","32,12","","4,60%"
"25/09/2025","36,85","34,72","36,93","33,01","","8,13%"
"26/09/2025","35,85","35,81","38,50","35,64","","-2,71%"
"29/09/2025","35,54","35,86","36,54","35,09","","-0,86%"
"30/09/2025","35,58","36,27","36,80","34,17","","0,11%"
"01/10/2025","36,39","36,95","37,64","35,31","","2,28%"
"02/10/2025","37,62","36,15","37,94","35,48","","3,38%"
"03/10/2025","36,50","37,72","38,09","36,01","","-2,98%"
"08/10/2025","31,53","31,33","32,62","29,60","","-13,62%"
"09/10/2025","32,48","31,44","32,70","30,08","","3,01%"
"10/10/2025","37,73","33,53","37,97","32,90","","16,16%"
"13/10/2025","35,92","35,85","36,83","35,02","","-4,80%"
"14/10/2025","37,90","37,31","40,02","37,13","","5,51%"
"15/10/2025","36,62","31,28","45,40","31,27","","-3,38%"
"16/10/2025","38,26","36,75","39,08","35,97","","4,48%"
"17/10/2025","37,24","37,61","38,73","37,01","","-2,67%"
"20/10/2025","36,77","38,98","38,98","36,66","","-1,26%"
"21/10/2025","35,87","36,86","37,70","35,72","","-2,45%"
"22/10/2025","38,09","36,21","39,05","35,95","","6,19%"
"23/10/2025","40,46","41,05","41,59","38,51","","6,22%"
"24/10/2025","38,70","39,24","49,91","38,56","","-4,35%"
"27/10/2025","38,96","43,07","43,07","38,19","","0,67%"
"28/10/2025","37,18","36,97","37,95","36,95","","-4,57%"
"29/10/2025","37,14","36,91","49,05","36,46","","-0,11%"
"30/10/2025","34,74","35,52","36,06","34,66","","-6,46%"
"31/10/2025","36,20","35,94","37,49","34,98","","4,20%"
"03/11/2025","34,31","35,51","35,60","34,16","","-5,22%"
"04/11/2025","34,27","34,07","34,83","33,88","","-0,12%"
"05/11/2025","33,69","34,02","37,38","33,36","","-1,69%"
"06/11/2025","33,76","33,64","35,06","33,56","","0,21%"
"07/11/2025","33,33","33,65","34,06","33,28","","-1,27%"
"10/11/2025","32,12","33,84","33,87","32,12","","-3,63%"
"11/11/2025","32,02","31,22","33,35","31,17","","-0,31%"
"12/11/2025","33,00","31,90","33,64","31,64","","3,06%"
"13/11/2025","32,63","32,40","33,59","31,38","","-1,12%"
"14/11/2025","33,12","33,06","33,81","32,58","","1,50%"
"17/11/2025","32,38","33,98","33,98","32,10","","-2,23%"
"18/11/2025","33,33","36,85","39,37","32,25","","2,93%"
"19/11/2025","34,12","33,89","35,56","33,87","","2,37%"
"20/11/2025","36,38","33,33","36,67","33,33","","6,62%"
"21/11/2025","35,97","36,92","38,73","35,84","","-1,13%"
"24/11/2025","36,30","37,05","37,05","35,78","","0,92%"
"25/11/2025","37,57","38,12","39,30","37,16","","3,50%"
"26/11/2025","35,70","37,15","37,69","35,10","","-4,98%"
"28/11/2025","35,95","35,64","36,00","34,74","","0,70%"
"01/12/2025","35,82","36,33","36,42","34,90","","-0,36%"
"02/12/2025","35,89","35,60","37,25","34,99","","0,20%"
"03/12/2025","33,72","34,61","34,61","33,59","","-6,05%"
"04/12/2025","33,30","33,29","33,44","31,80","","-1,25%"
"05/12/2025","32,06","32,92","33,28","32,04","","-3,72%"
"08/12/2025","33,03","32,86","33,23","32,54","","3,03%"
"09/12/2025","30,82","31,71","36,18","30,78","","-6,69%"
"10/12/2025","30,78","31,82","34,17","30,74","","-0,13%"
"11/12/2025","31,88","31,61","32,78","31,31","","3,57%"
"12/12/2025","29,93","30,40","31,88","29,87","","-6,12%"
"15/12/2025","32,85","29,27","32,95","29,27","","9,76%"
"16/12/2025","36,23","34,41","36,25","34,31","","10,29%"
"17/12/2025","36,74","35,85","37,18","33,61","","1,41%"
"18/12/2025","33,60","35,16","35,18","33,32","","-8,55%"
"19/12/2025","33,62","33,01","33,74","32,25","","0,06%"
"22/12/2025","33,03","33,43","33,89","31,95","","-1,75%"
"23/12/2025","33,02","32,73","34,19","32,27","","-0,03%"
"24/12/2025","31,71","32,34","32,36","31,66","","-3,97%"
"26/12/2025","32,22","32,61","33,03","32,18","","1,61%"
"29/12/2025","32,16","33,05","33,12","32,07","","-0,19%"
"30/12/2025","30,76","31,42","31,49","30,54","","-4,35%"
"31/12/2025","30,17","30,77","30,92","30,08","","-1,92%"
"02/01/2026","28,40","30,86","30,86","28,40","","-5,87%"
"05/01/2026","29,41","29,95","30,02","29,35","","3,56%"
"06/01/2026","30,06","29,02","30,45","28,93","","2,21%"
"07/01/2026","32,98","32,23","33,74","31,93","","9,71%"
"08/01/2026","35,80","37,65","37,72","32,94","","8,55%"
"09/01/2026","36,80","35,57","36,94","35,01","","2,79%"
"12/01/2026","38,85","34,53","39,16","34,18","","5,57%"
"13/01/2026","40,43","39,33","42,56","39,14","","4,07%"
"14/01/2026","44,19","45,50","55,45","40,79","","9,30%"
"15/01/2026","42,06","43,17","44,95","41,78","","-4,82%"
"16/01/2026","43,19","43,23","43,80","42,43","","2,69%"
"20/01/2026","42,78","45,32","45,76","42,53","","-0,95%"
"21/01/2026","45,45","43,95","45,96","42,88","","6,24%"
"22/01/2026","44,70","43,44","44,70","42,67","","-1,65%"
"23/01/2026","47,64","47,98","48,83","46,19","","6,58%"
"26/01/2026","47,78","47,54","47,87","46,47","","0,29%"
"27/01/2026","49,61","46,66","49,65","46,57","","3,83%"
"28/01/2026","50,39","51,79","51,79","49,28","","1,57%"
"29/01/2026","55,37","53,11","56,07","52,87","","9,88%"
"30/01/2026","55,91","55,38","56,50","52,16","","0,98%"
"02/02/2026","48,70","52,64","52,64","47,71","","-12,90%"
"03/02/2026","52,34","47,64","54,00","46,29","","7,47%"
"04/02/2026","55,13","50,48","57,63","50,35","","5,33%"
"05/02/2026","54,97","54,43","55,22","51,43","","-0,29%"
"06/02/2026","53,18","53,90","53,90","51,53","","-3,26%"
"09/02/2026","50,79","51,80","51,80","50,31","","-4,49%"
"10/02/2026","48,02","51,07","51,11","47,51","","-5,45%"
"11/02/2026","44,33","47,08","47,37","44,08","","-7,68%"
"12/02/2026","42,00","45,10","45,10","41,92","","-5,26%"
"13/02/2026","42,18","40,73","42,85","40,40","","0,43%"
"17/02/2026","42,54","44,44","44,69","41,90","","0,85%"
"18/02/2026","51,49","48,04","52,12","48,04","","21,04%"
"19/02/2026","56,73","55,93","57,20","55,12","","10,18%"
"20/02/2026","56,12","57,43","58,00","55,73","","-1,08%"
"23/02/2026","59,05","58,04","59,86","57,26","","5,22%"
"24/02/2026","58,82","58,15","59,78","56,01","","-0,39%"
"25/02/2026","58,97","56,76","59,26","56,47","","0,26%"
"26/02/2026","59,80","58,04","63,57","57,80","","1,41%"
"27/02/2026","64,68","63,84","65,41","62,85","","8,16%"
"02/03/2026","68,90","73,94","73,94","64,41","","6,52%"
"03/03/2026","73,99","77,55","77,79","72,33","","7,39%"
"04/03/2026","75,20","78,93","78,93","74,33","","1,64%"
"05/03/2026","83,83","78,89","86,90","77,38","","11,48%"
"06/03/2026","103,60","92,51","105,63","91,86","","23,58%"
"09/03/2026","100,53","111,73","118,38","99,62","","-2,96%"
"10/03/2026","108,19","105,52","108,20","92,35","","7,62%"
"11/03/2026","120,91","109,03","121,01","105,55","","11,76%"
"12/03/2026","120,22","123,90","125,99","118,67","","-0,57%"
"13/03/2026","119,02","114,18","119,08","107,62","","-1,00%"
"16/03/2026","101,97","110,58","110,81","101,97","","-14,33%"
"17/03/2026","95,92","102,68","102,68","95,12","","-5,93%"
"18/03/2026","97,28","101,42","102,56","96,47","","1,42%"
"19/03/2026","92,68","97,78","98,89","90,69","","-4,73%"
"20/03/2026","91,85","91,01","92,61","85,68","","-0,90%"
"23/03/2026","89,78","91,08","92,54","86,30","","-2,25%"
"24/03/2026","89,34","90,89","101,12","87,26","","-0,49%"
"25/03/2026","90,16","90,96","90,96","87,70","","0,92%"
"26/03/2026","92,37","91,59","97,23","91,53","","2,45%"
"27/03/2026","96,64","93,36","98,69","92,74","","4,62%"
"30/03/2026","95,84","94,66","97,42","93,74","","-0,83%"
"31/03/2026","89,39","93,33","93,33","89,17","","-6,73%"
"01/04/2026","91,80","88,90","92,38","87,90","","2,70%"
"02/04/2026","93,14","96,20","96,94","92,39","","1,46%"
"06/04/2026","96,14","97,44","97,62","95,39","","3,22%"
"07/04/2026","98,79","97,11","100,67","97,04","","2,76%"
"08/04/2026","83,91","84,15","84,32","75,82","","-15,06%"
"09/04/2026","81,74","85,80","86,11","80,40","","-2,59%"
"10/04/2026","78,01","79,63","79,79","77,19","","-4,56%"
"13/04/2026","80,55","87,79","88,65","80,42","","3,26%"
"14/04/2026","75,35","77,54","77,54","74,53","","-6,46%"
"15/04/2026","72,23","73,33","74,33","72,23","","-4,14%"
"16/04/2026","73,04","72,58","73,81","72,22","","1,12%"
"17/04/2026","69,01","63,76","70,73","63,05","","-5,52%"
"20/04/2026","73,79","72,92","75,63","72,33","","6,93%"
"21/04/2026","85,57","76,50","85,64","75,80","","15,96%"
"22/04/2026","76,77","80,21","83,81","76,74","","-10,28%"
"23/04/2026","78,67","77,06","81,49","74,82","","2,47%"
"24/04/2026","75,83","78,08","78,08","74,06","","-3,61%"
"27/04/2026","73,11","76,16","76,96","73,11","","-3,59%"
"28/04/2026","70,50","74,43","74,44","70,45","","-3,57%"
"29/04/2026","75,96","72,17","75,96","71,80","","7,74%"
"30/04/2026","75,08","75,46","75,66","74,45","","-1,16%"
"01/05/2026","75,40","73,31","75,78","72,22","","0,43%"
"04/05/2026","78,63","77,68","80,88","76,63","","4,28%"
"05/05/2026","74,73","75,92","76,17","74,31","","-4,96%"
"06/05/2026","72,34","73,87","73,87","72,14","","-3,20%"
"07/05/2026","72,25","71,19","74,41","68,86","","-0,12%"
"08/05/2026","72,15","70,64","72,43","70,59","","-0,14%"
"11/05/2026","75,66","75,22","76,16","73,13","","4,86%"
"12/05/2026","75,69","75,45","75,85","73,60","","0,04%"
"13/05/2026","70,94","72,81","74,07","70,35","","-6,28%"
"14/05/2026","68,92","70,77","71,05","68,62","","-2,85%"
"15/05/2026","72,35","72,82","72,82","71,13","","4,98%"
"18/05/2026","72,07","71,32","73,17","70,05","","-0,39%"
"19/05/2026","72,89","72,76","73,00","71,34","","1,14%"
"20/05/2026","72,77","72,28","73,63","70,02","","-0,16%"
"21/05/2026","73,54","75,33","75,68","70,95","","1,06%"
"22/05/2026","75,97","75,02","77,61","73,73","","3,30%"
"26/05/2026","65,06","70,87","70,87","65,03","","-14,36%"
"27/05/2026","59,97","62,99","63,00","59,78","","-7,82%"
"28/05/2026","58,30","60,86","62,23","58,17","","-2,78%"
"29/05/2026","57,84","57,72","60,42","56,24","","-0,79%"
"01/06/2026","61,24","60,39","64,37","60,10","","5,88%"
"02/06/2026","59,53","61,55","61,59","59,43","","-2,79%"
"03/06/2026","60,52","60,81","61,58","59,27","","1,66%"
"04/06/2026","59,79","59,55","60,13","59,28","","-1,21%"
"05/06/2026","57,75","59,06","64,61","56,62","","-3,41%"
"08/06/2026","58,36","60,18","60,18","58,36","","1,06%"
"09/06/2026","57,63","55,97","58,71","53,40","","-1,25%"
"10/06/2026","60,28","59,47","61,68","57,56","","4,60%"
"11/06/2026","56,30","62,98","63,09","56,30","","-6,60%"
"12/06/2026","54,10","54,78","60,58","52,94","","-3,91%"
"15/06/2026","47,75","48,13","48,74","46,08","","-11,74%"
"16/06/2026","53,10","47,19","53,83","46,11","","11,20%"
"17/06/2026","53,65","54,80","54,89","47,64","","1,04%"
"18/06/2026","51,54","52,78","52,78","50,82","","-3,93%"
"22/06/2026","50,70","52,72","52,91","50,69","","-1,63%"
"23/06/2026","46,60","49,71","49,87","46,60","","-8,09%"
"24/06/2026","47,61","46,34","48,52","45,85","","2,17%"
"25/06/2026","46,96","46,81","47,66","46,65","","-1,37%"
"26/06/2026","46,46","46,47","48,84","46,16","","-1,06%"
"29/06/2026","45,07","47,17","47,92","44,83","","-2,99%"
"30/06/2026","43,17","45,74","45,74","43,06","","-4,22%"
"01/07/2026","40,76","42,34","43,01","39,94","","-5,58%"
"02/07/2026","41,62","41,47","41,82","40,02","","2,11%"
"06/07/2026","40,33","42,62","42,77","39,73","","-3,10%"
"07/07/2026","47,59","40,53","47,65","40,38","","18,00%"
"08/07/2026","50,45","50,41","53,08","49,09","","6,01%"
"09/07/2026","45,99","48,84","48,84","45,88","","-8,84%"
"10/07/2026","44,67","45,49","46,29","44,30","","-2,87%"
"13/07/2026","60,25","50,33","63,72","50,33","","34,88%"
"14/07/2026","59,89","62,20","63,76","59,89","","-0,60%"
"15/07/2026","58,96","60,07","61,23","56,46","","-1,55%"
"16/07/2026","55,91","59,34","59,47","55,71","","-5,17%"
"17/07/2026","60,02","60,07","61,92","59,83","","7,35%"
"20/07/2026","62,07","62,80","62,96","61,14","","3,42%"
"21/07/2026","63,78","65,20","65,64","63,36","","2,75%"
"22/07/2026","65,31","66,33","67,36","64,67","","2,40%"
"23/07/2026","68,97","69,51","71,26","67,99","","5,60%"
"24/07/2026","68,00","68,14","68,24","64,74","","-1,41%"
"27/07/2026","60,62","65,64","65,64","60,27","","-10,85%"
"28/07/2026","57,15","59,52","59,52","54,94","","-5,72%"
"29/07/2026","67,59","64,42","67,59","64,18","","18,27%"
"30/07/2026","63,44","65,62","65,62","63,16","","-6,14%"
"31/07/2026","63,04","65,74","70,16","62,77","","-0,63%"
"03/08/2026","57,20","57,45","81,19","56,22","","-9,26%"
"04/08/2026","53,45","56,50","56,50","52,98","","-6,56%"
"05/08/2026","51,48","54,26","54,59","50,62","","-3,69%"
"06/08/2026","57,34","54,89","57,38","53,64","","11,38%"
"07/08/2026","55,80","56,67","57,43","55,74","","-2,69%"
"10/08/2026","56,06","60,49","60,49","55,68","","0,47%"
"11/08/2026","54,99","56,28","56,42","54,69","","-1,91%"
"12/08/2026","52,34","55,36","55,36","51,25","","-4,82%"
"13/08/2026","49,36","51,95","51,96","49,11","","-5,69%"
"14/08/2026","49,52","50,44","50,45","48,04","","0,32%"
"17/08/2026","52,92","53,09","53,19","50,32","","6,87%"
"18/08/2026","47,17","53,93","53,93","47,16","","-10,87%"
"19/08/2026","47,69","47,74","48,71","44,04","","1,10%"
"20/08/2026","49,63","48,75","49,65","47,77","","4,07%"
"21/08/2026","49,62","49,15","50,89","49,08","","-0,02%"
"24/08/2026","46,74","51,86","51,86","46,71","","-5,80%"
"25/08/2026","46,16","47,21","47,32","45,72","","-1,24%"
"26/08/2026","46,83","44,18","46,88","44,18","","1,45%"
"27/08/2026","46,22","47,52","47,61","44,64","","-1,30%"
"28/08/2026","43,49","45,17","45,57","43,38","","-5,91%"
"31/08/2026","44,91","46,52","46,64","44,89","","3,27%"