"Date","Dernier","Ouv."," Plus Haut","Plus Bas","Vol.","Variation %"
"02/01/2014","4,83","4,96","5,00","4,81","4,15K","-2,42%"
"03/01/2014","4,81","4,85","4,85","4,74","6,58K","-0,41%"
"06/01/2014","4,72","4,86","4,88","4,70","7,03K","-1,87%"
"07/01/2014","4,76","4,79","4,81","4,65","14,76K","0,85%"
"08/01/2014","4,65","4,74","4,84","4,63","25,64K","-2,31%"
"09/01/2014","4,58","4,65","4,70","4,57","16,49K","-1,51%"
"10/01/2014","4,60","4,63","4,65","4,53","14,78K","0,44%"
"13/01/2014","4,70","4,57","4,72","4,57","17,11K","2,17%"
"14/01/2014","4,91","4,75","4,97","4,69","27,54K","4,47%"
"15/01/2014","4,90","4,92","5,04","4,85","27,04K","-0,20%"
"16/01/2014","5,15","4,90","5,22","4,90","34,97K","5,10%"
"17/01/2014","5,15","5,17","5,30","5,08","21,06K","0,00%"
"20/01/2014","5,00","5,20","5,20","4,92","25,44K","-2,91%"
"21/01/2014","5,11","5,00","5,13","4,94","12,09K","2,20%"
"22/01/2014","5,20","5,16","5,26","5,11","17,39K","1,76%"
"23/01/2014","5,10","5,22","5,38","5,03","23,10K","-1,92%"
"24/01/2014","5,34","5,09","5,39","5,00","18,30K","4,71%"
"27/01/2014","5,45","5,36","5,58","5,33","32,53K","2,06%"
"28/01/2014","5,60","5,52","5,94","5,45","20,45K","2,75%"
"29/01/2014","5,57","5,61","5,69","5,51","25,10K","-0,54%"
"30/01/2014","5,78","5,64","5,82","5,42","36,11K","3,77%"
"31/01/2014","5,59","5,84","5,85","5,55","22,70K","-3,29%"
"03/02/2014","5,91","5,60","5,99","5,46","32,10K","5,72%"
"04/02/2014","5,91","5,99","6,11","5,86","31,73K","0,00%"
"05/02/2014","6,16","5,89","6,19","5,83","32,24K","4,23%"
"06/02/2014","6,54","6,20","6,74","6,02","49,72K","6,17%"
"07/02/2014","6,52","6,56","6,68","6,45","22,39K","-0,31%"
"10/02/2014","6,49","6,58","6,64","6,40","12,41K","-0,46%"
"11/02/2014","6,33","6,47","6,52","6,23","22,13K","-2,47%"
"12/02/2014","6,44","6,50","6,62","6,41","15,58K","1,74%"
"13/02/2014","6,47","6,40","6,55","6,31","31,80K","0,47%"
"14/02/2014","6,68","6,44","6,72","6,41","21,67K","3,25%"
"17/02/2014","6,90","6,73","6,92","6,67","21,30K","3,29%"
"18/02/2014","6,84","6,92","6,92","6,76","11,26K","-0,87%"
"19/02/2014","7,01","6,87","7,05","6,69","33,66K","2,49%"
"20/02/2014","7,08","7,00","7,14","6,99","20,56K","1,00%"
"21/02/2014","7,23","7,08","7,25","6,93","14,37K","2,12%"
"24/02/2014","7,10","7,24","7,33","7,01","18,26K","-1,80%"
"25/02/2014","6,31","7,14","7,14","6,27","45,89K","-11,13%"
"26/02/2014","6,58","6,29","6,62","6,18","34,03K","4,28%"
"27/02/2014","6,59","6,55","6,67","6,35","23,99K","0,15%"
"28/02/2014","7,15","6,70","7,24","6,70","32,32K","8,50%"
"03/03/2014","6,70","7,15","7,41","6,68","26,64K","-6,29%"
"04/03/2014","6,90","6,65","6,92","6,38","38,91K","2,99%"
"05/03/2014","6,86","6,87","7,06","6,74","19,13K","-0,58%"
"06/03/2014","6,88","6,90","6,97","6,76","14,19K","0,29%"
"07/03/2014","6,98","6,88","7,13","6,76","23,05K","1,45%"
"10/03/2014","6,97","7,00","7,08","6,87","14,15K","-0,14%"
"11/03/2014","6,90","6,95","6,98","6,82","23,66K","-1,00%"
"12/03/2014","6,58","6,89","6,95","6,46","31,93K","-4,64%"
"13/03/2014","6,51","6,57","6,65","6,36","24,64K","-1,06%"
"14/03/2014","6,37","6,59","6,59","6,24","20,65K","-2,15%"
"17/03/2014","5,95","6,42","6,43","5,66","35,09K","-6,59%"
"18/03/2014","5,83","6,03","6,12","5,71","23,86K","-2,02%"
"19/03/2014","6,06","5,88","6,14","5,79","24,20K","3,95%"
"20/03/2014","6,08","6,07","6,20","5,95","18,60K","0,33%"
"21/03/2014","6,25","6,12","6,26","6,12","13,45K","2,80%"
"24/03/2014","5,93","6,22","6,27","5,89","32,19K","-5,12%"
"25/03/2014","5,93","5,87","6,03","5,71","32,31K","0,00%"
"26/03/2014","5,87","5,95","5,99","5,82","20,25K","-1,01%"
"27/03/2014","5,24","5,88","5,90","5,20","76,02K","-10,73%"
"28/03/2014","4,40","5,22","5,29","3,71","84,35K","-16,03%"
"31/03/2014","4,70","4,45","4,75","4,03","43,42K","6,82%"
"01/04/2014","5,10","4,61","5,25","4,60","34,49K","8,51%"
"02/04/2014","4,89","5,10","5,10","4,73","23,59K","-4,12%"
"03/04/2014","4,91","4,91","4,94","4,62","19,17K","0,41%"
"04/04/2014","4,74","4,86","4,93","4,65","13,27K","-3,46%"
"07/04/2014","5,03","4,75","5,06","4,73","31,49K","6,12%"
"08/04/2014","4,91","5,07","5,15","4,87","23,79K","-2,39%"
"09/04/2014","4,99","4,91","5,10","4,82","17,04K","1,63%"
"10/04/2014","5,17","4,97","5,19","4,95","15,29K","3,61%"
"11/04/2014","5,37","5,20","5,42","5,12","20,26K","3,87%"
"14/04/2014","5,29","5,40","5,45","5,28","14,54K","-1,49%"
"15/04/2014","5,59","5,30","5,63","5,19","24,42K","5,67%"
"16/04/2014","5,51","5,59","5,65","5,46","15,55K","-1,43%"
"17/04/2014","5,60","5,48","5,74","5,44","20,56K","1,63%"
"21/04/2014","5,60","5,60","5,60","5,60","","0,00%"
"22/04/2014","5,73","5,52","5,78","5,52","10,72K","2,32%"
"23/04/2014","5,72","5,68","5,78","5,58","11,29K","-0,17%"
"24/04/2014","5,77","5,76","5,92","5,70","15,98K","0,87%"
"25/04/2014","5,12","5,74","5,81","5,04","41,83K","-11,27%"
"28/04/2014","5,26","5,05","5,35","5,04","31,73K","2,73%"
"29/04/2014","5,46","5,28","5,50","5,18","19,59K","3,80%"
"30/04/2014","5,46","5,42","5,54","5,31","12,39K","0,00%"
"01/05/2014","5,46","5,46","5,52","5,39","2,99K","0,00%"
"02/05/2014","5,24","5,46","5,46","5,13","12,43K","-4,03%"
"05/05/2014","5,27","5,30","5,40","5,07","7,78K","0,57%"
"06/05/2014","5,28","5,27","5,41","5,24","11,89K","0,19%"
"07/05/2014","5,18","5,34","5,34","5,11","14,14K","-1,89%"
"08/05/2014","5,19","5,20","5,22","5,10","13,13K","0,19%"
"09/05/2014","5,30","5,25","5,30","5,14","8,70K","2,12%"
"12/05/2014","5,36","5,32","5,39","5,28","9,42K","1,13%"
"13/05/2014","5,34","5,38","5,45","5,30","10,11K","-0,37%"
"14/05/2014","5,16","5,33","5,34","5,15","22,86K","-3,37%"
"15/05/2014","4,83","5,14","5,18","4,72","33,90K","-6,40%"
"16/05/2014","4,85","4,90","4,90","4,74","13,44K","0,41%"
"19/05/2014","4,75","4,88","4,90","4,65","25,12K","-2,06%"
"20/05/2014","4,89","4,75","4,91","4,63","23,41K","2,95%"
"21/05/2014","5,17","4,97","5,23","4,92","20,95K","5,73%"
"22/05/2014","5,21","5,23","5,34","5,12","24,89K","0,77%"
"23/05/2014","5,17","5,28","5,28","5,06","15,78K","-0,77%"
"26/05/2014","5,14","5,10","5,18","5,04","3,76K","-0,58%"
"27/05/2014","5,22","5,19","5,26","5,09","7,57K","1,56%"
"28/05/2014","5,25","5,21","5,29","5,18","9,76K","0,57%"
"29/05/2014","5,25","5,29","5,29","5,20","9,62K","0,00%"
"30/05/2014","5,10","5,22","5,24","5,08","9,54K","-2,86%"
"02/06/2014","5,19","5,07","5,22","4,93","17,96K","1,76%"
"03/06/2014","5,48","5,23","5,49","5,14","17,31K","5,59%"
"04/06/2014","5,44","5,48","5,58","5,36","17,72K","-0,73%"
"05/06/2014","5,58","5,44","5,60","5,35","15,52K","2,57%"
"06/06/2014","5,48","5,56","5,63","5,43","14,37K","-1,79%"
"09/06/2014","5,57","5,43","5,58","5,43","3,81K","1,64%"
"10/06/2014","5,53","5,55","5,57","5,49","8,01K","-0,72%"
"11/06/2014","5,40","5,52","5,62","5,37","22,96K","-2,35%"
"12/06/2014","5,59","5,39","5,59","5,39","13,61K","3,52%"
"13/06/2014","5,71","5,60","5,75","5,56","14,54K","2,15%"
"16/06/2014","5,68","5,72","5,81","5,65","9,65K","-0,53%"
"17/06/2014","5,75","5,66","5,78","5,59","11,32K","1,23%"
"18/06/2014","5,70","5,73","5,82","5,68","9,68K","-0,87%"
"19/06/2014","5,59","5,67","5,74","5,55","9,95K","-1,93%"
"20/06/2014","5,70","5,55","5,71","5,55","7,21K","1,97%"
"23/06/2014","5,84","5,70","5,85","5,67","9,84K","2,46%"
"24/06/2014","5,79","5,88","5,93","5,78","19,13K","-0,86%"
"25/06/2014","5,75","5,80","5,88","5,72","11,19K","-0,69%"
"26/06/2014","5,75","5,73","5,84","5,73","13,63K","0,00%"
"27/06/2014","5,81","5,78","5,83","5,72","7,11K","1,04%"
"30/06/2014","5,86","5,84","5,96","5,76","12,55K","0,86%"
"01/07/2014","6,05","5,89","6,06","5,81","17,59K","3,24%"
"02/07/2014","6,11","6,05","6,13","5,99","15,12K","0,99%"
"03/07/2014","6,03","6,10","6,10","5,95","13,20K","-1,31%"
"04/07/2014","5,69","6,04","6,04","5,62","22,63K","-5,64%"
"07/07/2014","5,58","5,67","5,71","5,45","17,19K","-1,93%"
"08/07/2014","5,77","5,55","5,80","5,55","8,75K","3,41%"
"09/07/2014","5,83","5,78","5,84","5,74","7,56K","1,04%"
"10/07/2014","5,70","5,83","5,84","5,61","10,57K","-2,23%"
"11/07/2014","5,76","5,60","5,80","5,60","8,04K","1,05%"
"14/07/2014","5,90","5,76","5,91","5,73","10,10K","2,43%"
"15/07/2014","5,96","5,90","6,02","5,88","10,23K","1,02%"
"16/07/2014","6,06","5,96","6,09","5,91","16,79K","1,68%"
"17/07/2014","6,17","6,07","6,24","5,90","22,96K","1,82%"
"18/07/2014","6,02","6,24","6,24","5,96","12,52K","-2,43%"
"21/07/2014","6,08","5,95","6,18","5,93","15,79K","1,00%"
"22/07/2014","6,19","6,08","6,20","6,08","23,80K","1,81%"
"23/07/2014","6,19","6,23","6,23","6,13","12,14K","0,00%"
"24/07/2014","6,07","6,20","6,20","5,99","18,69K","-1,94%"
"25/07/2014","6,15","6,05","6,18","5,95","13,96K","1,32%"
"28/07/2014","6,21","6,19","6,29","6,08","13,90K","0,98%"
"29/07/2014","6,05","6,25","6,26","6,00","20,26K","-2,58%"
"30/07/2014","6,15","6,02","6,17","6,02","12,84K","1,65%"
"31/07/2014","6,23","6,18","6,24","6,12","11,76K","1,30%"
"01/08/2014","6,29","6,24","6,36","6,17","14,14K","0,96%"
"04/08/2014","6,25","6,30","6,35","6,13","9,41K","-0,64%"
"05/08/2014","6,22","6,27","6,27","6,13","8,65K","-0,48%"
"06/08/2014","6,23","6,24","6,27","6,19","8,36K","0,16%"
"07/08/2014","5,96","6,24","6,27","5,92","20,42K","-4,33%"
"08/08/2014","5,99","5,92","6,09","5,75","23,39K","0,50%"
"11/08/2014","6,15","5,94","6,17","5,87","10,29K","2,67%"
"12/08/2014","6,13","6,12","6,17","6,07","11,27K","-0,33%"
"13/08/2014","6,25","6,15","6,27","6,06","8,36K","1,96%"
"14/08/2014","6,25","6,23","6,28","6,21","6,22K","0,00%"
"15/08/2014","6,40","6,20","6,42","6,18","11,61K","2,40%"
"18/08/2014","6,36","6,36","6,42","6,34","9,28K","-0,62%"
"19/08/2014","6,46","6,33","6,47","6,26","14,43K","1,57%"
"20/08/2014","6,44","6,48","6,51","6,36","13,43K","-0,31%"
"21/08/2014","6,37","6,45","6,48","6,25","8,93K","-1,09%"
"22/08/2014","6,38","6,38","6,43","6,33","3,43K","0,16%"
"25/08/2014","6,35","6,43","6,45","6,30","2,44K","-0,47%"
"26/08/2014","6,32","6,31","6,35","6,25","4,89K","-0,47%"
"27/08/2014","6,38","6,27","6,39","6,22","8,32K","0,95%"
"28/08/2014","6,46","6,37","6,48","6,37","8,07K","1,25%"
"29/08/2014","6,41","6,47","6,48","6,39","5,19K","-0,77%"
"01/09/2014","6,42","6,42","6,45","6,26","9,73K","0,16%"
"02/09/2014","6,41","6,45","6,45","6,37","6,64K","-0,16%"
"03/09/2014","6,34","6,39","6,39","6,26","9,36K","-1,09%"
"04/09/2014","6,13","6,35","6,36","6,09","24,84K","-3,31%"
"05/09/2014","6,28","6,14","6,30","6,06","13,82K","2,45%"
"08/09/2014","6,29","6,25","6,33","6,24","24,82K","0,16%"
"09/09/2014","6,14","6,24","6,29","6,07","17,25K","-2,38%"
"10/09/2014","6,10","6,14","6,14","6,02","10,78K","-0,65%"
"11/09/2014","6,12","6,11","6,15","6,08","8,07K","0,33%"
"12/09/2014","6,06","6,14","6,15","5,97","9,93K","-0,98%"
"15/09/2014","5,93","6,07","6,08","5,91","10,88K","-2,15%"
"16/09/2014","5,81","5,93","5,96","5,76","21,25K","-2,02%"
"17/09/2014","5,90","5,82","5,92","5,71","16,22K","1,55%"
"18/09/2014","5,99","5,91","6,02","5,82","15,20K","1,53%"
"19/09/2014","6,03","6,01","6,06","5,92","11,56K","0,67%"
"22/09/2014","6,00","6,05","6,07","5,98","8,06K","-0,50%"
"23/09/2014","5,67","5,98","6,01","5,63","26,05K","-5,50%"
"24/09/2014","5,82","5,65","5,82","5,63","12,09K","2,65%"
"25/09/2014","5,82","5,83","5,85","5,73","10,63K","0,00%"
"26/09/2014","5,93","5,82","5,94","5,77","11,03K","1,89%"
"29/09/2014","5,77","5,95","5,95","5,75","19,20K","-2,70%"
"30/09/2014","5,84","5,75","5,85","5,67","18,27K","1,21%"
"01/10/2014","5,81","5,84","5,87","5,75","8,32K","-0,51%"
"02/10/2014","5,69","5,82","5,82","5,65","11,40K","-2,07%"
"03/10/2014","5,68","5,65","5,70","5,48","19,04K","-0,18%"
"06/10/2014","5,68","5,63","5,75","5,56","11,54K","0,00%"
"07/10/2014","5,73","5,61","5,74","5,61","10,15K","0,88%"
"08/10/2014","6,05","5,71","6,09","5,62","27,20K","5,58%"
"09/10/2014","6,12","6,07","6,15","5,98","13,71K","1,16%"
"10/10/2014","6,04","6,09","6,11","5,96","13,19K","-1,31%"
"13/10/2014","6,06","5,97","6,07","5,86","8,92K","0,33%"
"14/10/2014","6,08","6,04","6,18","5,99","10,80K","0,33%"
"15/10/2014","6,15","6,04","6,17","6,01","13,63K","1,15%"
"16/10/2014","6,21","6,17","6,24","6,13","13,65K","0,98%"
"17/10/2014","6,13","6,22","6,27","6,12","11,43K","-1,29%"
"20/10/2014","6,14","6,12","6,17","6,03","10,20K","0,16%"
"21/10/2014","6,18","6,18","6,27","6,12","9,61K","0,65%"
"22/10/2014","6,23","6,15","6,27","6,15","11,71K","0,81%"
"23/10/2014","6,34","6,25","6,35","6,13","16,17K","1,77%"
"24/10/2014","6,41","6,40","6,44","6,28","14,61K","1,10%"
"27/10/2014","6,29","6,37","6,43","6,27","6,15K","-1,87%"
"28/10/2014","6,16","6,31","6,35","6,15","14,28K","-2,07%"
"29/10/2014","6,42","6,18","6,43","6,11","15,19K","4,22%"
"30/10/2014","6,42","6,42","6,47","6,37","12,23K","0,00%"
"31/10/2014","6,35","6,40","6,42","6,30","8,71K","-1,09%"
"03/11/2014","6,58","6,31","6,60","6,28","20,56K","3,62%"
"04/11/2014","6,49","6,60","6,67","6,45","20,22K","-1,37%"
"05/11/2014","6,65","6,47","6,68","6,44","14,50K","2,47%"
"06/11/2014","6,63","6,68","6,70","6,58","11,99K","-0,30%"
"07/11/2014","6,76","6,56","6,77","6,49","16,44K","1,96%"
"10/11/2014","6,72","6,78","6,81","6,67","9,13K","-0,59%"
"11/11/2014","6,80","6,73","6,83","6,68","11,99K","1,19%"
"12/11/2014","6,85","6,83","6,85","6,73","17,85K","0,74%"
"13/11/2014","6,79","6,80","6,86","6,70","16,91K","-0,88%"
"14/11/2014","6,62","6,80","6,82","6,58","18,41K","-2,50%"
"17/11/2014","6,90","6,64","6,94","6,53","16,25K","4,23%"
"18/11/2014","7,02","6,94","7,07","6,89","25,71K","1,74%"
"19/11/2014","7,04","7,01","7,08","6,86","15,38K","0,28%"
"20/11/2014","6,96","7,05","7,05","6,93","10,11K","-1,14%"
"21/11/2014","7,00","6,92","7,04","6,89","14,06K","0,57%"
"24/11/2014","7,05","7,04","7,11","6,97","15,99K","0,71%"
"25/11/2014","7,12","7,08","7,16","6,99","31,21K","0,99%"
"26/11/2014","7,19","7,14","7,21","7,08","13,88K","0,98%"
"27/11/2014","7,09","7,15","7,17","7,05","16,73K","-1,39%"
"28/11/2014","7,04","7,07","7,08","6,99","11,36K","-0,71%"
"01/12/2014","7,07","7,03","7,10","6,93","22,82K","0,43%"
"02/12/2014","6,85","7,09","7,13","6,83","27,57K","-3,11%"
"03/12/2014","6,89","6,82","6,97","6,77","19,84K","0,58%"
"04/12/2014","6,84","6,87","6,89","6,76","23,33K","-0,73%"
"05/12/2014","6,66","6,83","6,85","6,64","25,90K","-2,63%"
"08/12/2014","6,66","6,65","6,69","6,58","11,46K","0,00%"
"09/12/2014","6,74","6,69","6,75","6,58","17,45K","1,20%"
"10/12/2014","6,56","6,70","6,80","6,45","53,15K","-2,67%"
"11/12/2014","6,74","6,51","6,76","6,51","22,02K","2,74%"
"12/12/2014","6,66","6,71","6,72","6,56","22,47K","-1,19%"
"15/12/2014","6,89","6,64","6,89","6,58","16,83K","3,45%"
"16/12/2014","7,00","6,96","7,09","6,90","9,46K","1,60%"
"17/12/2014","7,07","6,97","7,19","6,97","10,37K","1,00%"
"18/12/2014","7,12","7,14","7,15","7,06","6,13K","0,71%"
"19/12/2014","7,16","7,10","7,19","7,07","6,41K","0,56%"
"22/12/2014","7,19","7,16","7,20","7,14","2,37K","0,42%"
"23/12/2014","7,34","7,18","7,36","7,18","4,60K","2,09%"
"24/12/2014","7,46","7,35","7,57","7,35","3,05K","1,63%"
"29/12/2014","7,34","7,52","7,52","7,23","3,49K","-1,61%"
"30/12/2014","7,30","7,33","7,33","7,23","2,66K","-0,54%"
"31/12/2014","7,34","7,28","7,38","7,28","2,27K","0,55%"
"02/01/2015","7,09","7,36","7,36","7,08","6,43K","-3,41%"
"05/01/2015","6,99","7,14","7,14","6,97","10,66K","-1,41%"
"06/01/2015","6,86","6,97","7,04","6,75","15,51K","-1,86%"
"07/01/2015","6,87","6,85","6,89","6,68","13,61K","0,15%"
"08/01/2015","6,90","6,90","6,95","6,76","14,64K","0,44%"
"09/01/2015","6,80","6,91","6,91","6,77","11,83K","-1,45%"
"12/01/2015","6,80","6,78","6,83","6,67","13,88K","0,00%"
"13/01/2015","7,38","6,80","7,43","6,80","33,24K","8,53%"
"14/01/2015","7,25","7,39","7,42","7,21","15,69K","-1,76%"
"15/01/2015","7,21","7,33","7,48","7,13","20,09K","-0,55%"
"16/01/2015","7,22","7,20","7,29","7,12","11,62K","0,14%"
"19/01/2015","7,30","7,20","7,42","7,10","15,55K","1,11%"
"20/01/2015","7,25","7,30","7,42","7,17","19,14K","-0,68%"
"21/01/2015","7,41","7,25","7,45","7,22","27,28K","2,21%"
"22/01/2015","6,84","7,42","7,55","6,81","46,03K","-7,69%"
"23/01/2015","6,88","6,85","7,03","6,80","14,84K","0,58%"
"26/01/2015","6,93","6,81","6,98","6,81","11,64K","0,73%"
"27/01/2015","6,91","6,89","6,98","6,85","10,81K","-0,29%"
"28/01/2015","7,02","6,92","7,06","6,84","15,25K","1,59%"
"29/01/2015","7,12","7,06","7,18","6,99","16,56K","1,42%"
"30/01/2015","7,15","7,10","7,19","7,03","12,37K","0,42%"
"02/02/2015","7,20","7,19","7,25","7,13","10,40K","0,70%"
"03/02/2015","7,13","7,22","7,22","7,12","9,25K","-0,97%"
"04/02/2015","7,00","7,11","7,15","6,91","14,51K","-1,82%"
"05/02/2015","7,07","6,95","7,09","6,87","17,20K","1,00%"
"06/02/2015","7,02","7,07","7,07","6,94","11,56K","-0,71%"
"09/02/2015","6,99","7,03","7,03","6,87","9,37K","-0,43%"
"10/02/2015","7,18","7,01","7,20","6,91","19,91K","2,72%"
"11/02/2015","7,31","7,20","7,33","7,15","20,43K","1,81%"
"12/02/2015","7,47","7,34","7,52","7,22","25,42K","2,19%"
"13/02/2015","7,71","7,50","7,73","7,37","28,13K","3,21%"
"16/02/2015","7,72","7,71","7,90","7,61","18,92K","0,13%"
"17/02/2015","7,54","7,74","7,75","7,50","20,06K","-2,33%"
"18/02/2015","7,56","7,52","7,68","7,40","18,63K","0,27%"
"19/02/2015","7,41","7,52","7,54","7,35","13,02K","-1,98%"
"20/02/2015","7,38","7,45","7,48","7,31","11,39K","-0,40%"
"23/02/2015","7,76","7,37","7,85","7,26","24,53K","5,15%"
"24/02/2015","7,52","7,82","7,88","7,32","22,20K","-3,09%"
"25/02/2015","7,45","7,54","7,76","7,37","34,09K","-0,93%"
"26/02/2015","7,12","7,38","7,54","7,06","28,41K","-4,43%"
"27/02/2015","7,15","7,10","7,19","6,97","19,78K","0,42%"
"02/03/2015","7,00","7,19","7,19","6,91","12,59K","-2,10%"
"03/03/2015","6,78","6,98","6,99","6,76","20,05K","-3,14%"
"04/03/2015","7,08","6,76","7,11","6,66","24,43K","4,42%"
"05/03/2015","6,80","7,08","7,14","6,72","18,26K","-3,95%"
"06/03/2015","6,85","6,78","6,92","6,68","21,77K","0,74%"
"09/03/2015","6,73","6,90","6,90","6,69","10,75K","-1,75%"
"10/03/2015","6,87","6,72","6,89","6,61","17,87K","2,08%"
"11/03/2015","6,81","6,83","6,89","6,76","9,87K","-0,87%"
"12/03/2015","6,46","6,78","6,84","6,43","23,20K","-5,14%"
"13/03/2015","6,51","6,46","6,62","6,28","24,03K","0,77%"
"16/03/2015","6,54","6,51","6,58","6,41","13,47K","0,46%"
"17/03/2015","6,78","6,53","6,82","6,43","18,47K","3,67%"
"18/03/2015","6,79","6,78","6,88","6,66","16,43K","0,15%"
"19/03/2015","6,72","6,80","6,87","6,71","12,63K","-1,03%"
"20/03/2015","7,09","6,75","7,12","6,62","21,47K","5,51%"
"23/03/2015","7,09","7,05","7,17","6,95","19,07K","0,00%"
"24/03/2015","7,08","7,09","7,25","6,99","18,60K","-0,14%"
"25/03/2015","7,01","7,07","7,11","6,77","36,07K","-0,99%"
"26/03/2015","6,99","6,95","7,29","6,89","29,90K","-0,29%"
"27/03/2015","6,81","6,95","7,05","6,80","15,27K","-2,58%"
"30/03/2015","6,93","6,80","6,98","6,79","6,82K","1,76%"
"31/03/2015","6,97","6,88","6,99","6,75","15,79K","0,58%"
"01/04/2015","7,19","7,00","7,26","6,89","23,32K","3,16%"
"02/04/2015","7,19","7,19","7,27","7,10","10,07K","0,00%"
"07/04/2015","7,15","7,24","7,24","7,09","6,73K","-0,56%"
"08/04/2015","7,16","7,13","7,21","7,09","7,26K","0,14%"
"09/04/2015","7,05","7,15","7,18","7,04","9,18K","-1,54%"
"10/04/2015","6,98","7,06","7,06","6,91","17,37K","-0,99%"
"13/04/2015","6,84","7,00","7,00","6,81","18,41K","-2,01%"
"14/04/2015","6,84","6,82","6,92","6,76","12,34K","0,00%"
"15/04/2015","6,89","6,86","6,95","6,79","5,80K","0,73%"
"16/04/2015","6,91","6,87","6,97","6,83","6,39K","0,29%"
"17/04/2015","6,88","6,95","6,95","6,82","7,93K","-0,43%"
"20/04/2015","7,17","6,90","7,18","6,84","14,36K","4,22%"
"21/04/2015","7,12","7,17","7,17","7,06","11,37K","-0,70%"
"22/04/2015","7,12","7,10","7,16","7,05","9,78K","0,00%"
"23/04/2015","7,29","7,10","7,31","7,03","22,03K","2,39%"
"24/04/2015","7,32","7,30","7,40","7,26","14,10K","0,41%"
"27/04/2015","7,19","7,26","7,40","7,16","13,04K","-1,78%"
"28/04/2015","7,39","7,15","7,41","7,15","13,58K","2,78%"
"29/04/2015","7,50","7,37","7,53","7,35","27,44K","1,49%"
"30/04/2015","7,43","7,50","7,64","7,41","17,64K","-0,93%"
"01/05/2015","7,52","7,44","7,55","7,43","4,59K","1,21%"
"04/05/2015","7,62","7,50","7,67","7,46","6,40K","1,33%"
"05/05/2015","7,59","7,67","7,67","7,50","10,57K","-0,39%"
"06/05/2015","7,57","7,65","7,75","7,50","15,40K","-0,26%"
"07/05/2015","7,47","7,56","7,60","7,41","12,59K","-1,32%"
"08/05/2015","7,57","7,48","7,59","7,45","8,86K","1,34%"
"11/05/2015","7,66","7,53","7,67","7,51","11,17K","1,19%"
"12/05/2015","7,63","7,67","7,74","7,61","11,01K","-0,39%"
"13/05/2015","7,68","7,65","7,70","7,52","13,52K","0,66%"
"14/05/2015","7,59","7,70","7,70","7,58","2,36K","-1,17%"
"15/05/2015","7,62","7,58","7,65","7,50","9,87K","0,40%"
"18/05/2015","7,63","7,64","7,67","7,55","7,10K","0,13%"
"19/05/2015","7,40","7,65","7,65","7,36","15,41K","-3,01%"
"20/05/2015","7,38","7,40","7,53","7,36","13,19K","-0,27%"
"21/05/2015","7,33","7,40","7,42","7,32","9,59K","-0,68%"
"22/05/2015","7,34","7,31","7,36","7,25","9,81K","0,14%"
"25/05/2015","7,39","7,34","7,44","7,34","0,75K","0,68%"
"26/05/2015","7,26","7,35","7,39","7,25","8,24K","-1,76%"
"27/05/2015","7,21","7,25","7,27","7,19","7,91K","-0,69%"
"28/05/2015","7,22","7,23","7,27","7,18","11,58K","0,14%"
"29/05/2015","7,36","7,22","7,37","7,18","10,94K","1,94%"
"01/06/2015","7,28","7,37","7,37","7,23","6,41K","-1,09%"
"02/06/2015","7,48","7,28","7,50","7,26","16,40K","2,75%"
"03/06/2015","7,52","7,47","7,58","7,45","11,14K","0,53%"
"04/06/2015","7,43","7,55","7,59","7,42","8,08K","-1,20%"
"05/06/2015","7,44","7,44","7,50","7,40","9,80K","0,13%"
"08/06/2015","7,48","7,42","7,50","7,37","6,54K","0,54%"
"09/06/2015","7,60","7,45","7,63","7,43","15,84K","1,60%"
"10/06/2015","7,62","7,59","7,64","7,56","7,34K","0,26%"
"11/06/2015","7,54","7,60","7,64","7,54","13,78K","-1,05%"
"12/06/2015","7,64","7,55","7,64","7,52","8,67K","1,33%"
"15/06/2015","7,55","7,64","7,64","7,55","6,71K","-1,18%"
"16/06/2015","7,45","7,55","7,57","7,43","11,57K","-1,32%"
"17/06/2015","7,50","7,49","7,54","7,44","7,72K","0,67%"
"18/06/2015","7,48","7,52","7,53","7,47","4,35K","-0,27%"
"19/06/2015","7,44","7,50","7,50","7,42","14,98K","-0,53%"
"22/06/2015","7,50","7,46","7,56","7,43","8,16K","0,81%"
"23/06/2015","7,52","7,50","7,54","7,47","7,88K","0,27%"
"24/06/2015","7,51","7,50","7,56","7,46","10,02K","-0,13%"
"25/06/2015","7,61","7,54","7,62","7,52","8,60K","1,33%"
"26/06/2015","7,55","7,58","7,63","7,54","8,93K","-0,79%"
"29/06/2015","7,37","7,52","7,52","7,25","16,26K","-2,38%"
"30/06/2015","7,46","7,41","7,53","7,36","9,03K","1,22%"
"01/07/2015","7,50","7,46","7,53","7,44","11,72K","0,54%"
"02/07/2015","7,46","7,50","7,50","7,42","8,14K","-0,53%"
"03/07/2015","7,45","7,43","7,48","7,43","11,73K","-0,13%"
"06/07/2015","7,39","7,41","7,43","7,34","6,08K","-0,81%"
"07/07/2015","7,47","7,39","7,51","7,33","13,75K","1,08%"
"08/07/2015","7,46","7,48","7,56","7,44","16,64K","-0,13%"
"09/07/2015","7,49","7,48","7,54","7,44","6,04K","0,40%"
"10/07/2015","7,62","7,54","7,63","7,49","8,18K","1,74%"
"13/07/2015","7,80","7,58","7,82","7,58","15,14K","2,36%"
"14/07/2015","7,74","7,82","7,85","7,71","14,79K","-0,77%"
"15/07/2015","7,77","7,76","7,83","7,74","7,08K","0,39%"
"16/07/2015","7,67","7,78","7,78","7,66","9,59K","-1,29%"
"17/07/2015","7,75","7,74","7,76","7,63","10,30K","1,04%"
"20/07/2015","7,99","7,71","8,01","7,71","19,66K","3,10%"
"21/07/2015","7,97","8,00","8,07","7,92","12,33K","-0,25%"
"22/07/2015","7,97","7,94","7,98","7,88","15,70K","0,00%"
"23/07/2015","8,09","7,95","8,15","7,95","24,11K","1,51%"
"24/07/2015","8,02","8,09","8,11","7,99","8,82K","-0,87%"
"27/07/2015","8,03","8,05","8,08","7,98","6,62K","0,12%"
"28/07/2015","8,03","7,99","8,04","7,95","13,07K","0,00%"
"29/07/2015","8,07","8,01","8,10","7,99","8,00K","0,50%"
"30/07/2015","7,89","8,08","8,08","7,85","13,98K","-2,23%"
"31/07/2015","7,88","7,92","7,95","7,86","7,00K","-0,13%"
"03/08/2015","7,96","7,88","7,98","7,88","6,21K","1,02%"
"04/08/2015","7,91","7,96","8,01","7,91","6,08K","-0,63%"
"05/08/2015","7,84","7,91","7,91","7,83","6,81K","-0,88%"
"06/08/2015","7,85","7,87","7,88","7,83","3,37K","0,13%"
"07/08/2015","7,79","7,85","7,88","7,77","5,26K","-0,76%"
"10/08/2015","7,93","7,92","7,96","7,76","7,15K","1,80%"
"11/08/2015","8,10","7,94","8,12","7,93","10,04K","2,14%"
"12/08/2015","8,20","8,08","8,23","8,03","11,71K","1,23%"
"13/08/2015","8,20","8,16","8,26","8,14","10,52K","0,00%"
"14/08/2015","8,33","8,16","8,36","8,16","8,50K","1,59%"
"17/08/2015","8,25","8,33","8,35","8,23","4,79K","-0,96%"
"18/08/2015","8,28","8,28","8,29","8,19","5,71K","0,36%"
"19/08/2015","8,35","8,24","8,38","8,24","8,94K","0,85%"
"20/08/2015","8,37","8,33","8,43","8,32","12,06K","0,24%"
"21/08/2015","8,21","8,35","8,37","8,13","10,91K","-1,91%"
"24/08/2015","8,18","8,22","8,22","8,06","12,64K","-0,37%"
"25/08/2015","8,26","8,22","8,29","8,14","7,41K","0,98%"
"26/08/2015","8,11","8,27","8,35","8,10","11,59K","-1,82%"
"27/08/2015","8,05","8,10","8,15","8,01","10,68K","-0,74%"
"28/08/2015","8,12","8,07","8,13","8,03","7,43K","0,87%"
"31/08/2015","8,08","8,06","8,15","8,04","2,80K","-0,49%"
"01/09/2015","8,02","8,14","8,15","7,95","17,33K","-0,74%"
"02/09/2015","8,13","7,99","8,13","7,96","15,69K","1,37%"
"03/09/2015","8,18","8,14","8,23","8,05","9,81K","0,62%"
"04/09/2015","8,10","8,16","8,20","8,08","5,80K","-0,98%"
"07/09/2015","8,09","8,07","8,13","8,02","7,32K","-0,12%"
"08/09/2015","8,25","8,11","8,26","8,09","9,70K","1,98%"
"09/09/2015","8,28","8,25","8,32","8,21","13,39K","0,36%"
"10/09/2015","8,29","8,28","8,35","8,23","16,92K","0,12%"
"11/09/2015","8,27","8,33","8,33","8,22","7,00K","-0,24%"
"14/09/2015","8,24","8,27","8,29","8,22","3,77K","-0,36%"
"15/09/2015","8,18","8,26","8,26","8,18","16,52K","-0,73%"
"16/09/2015","8,24","8,17","8,27","8,14","9,88K","0,73%"
"17/09/2015","8,24","8,23","8,27","8,19","4,97K","0,00%"
"18/09/2015","8,12","8,25","8,25","8,11","7,74K","-1,46%"
"21/09/2015","7,99","8,10","8,11","7,98","11,18K","-1,60%"
"22/09/2015","8,03","7,98","8,05","7,98","6,57K","0,50%"
"23/09/2015","8,08","8,04","8,12","8,02","11,28K","0,62%"
"24/09/2015","8,01","8,08","8,09","8,00","16,08K","-0,87%"
"25/09/2015","8,00","8,05","8,05","7,96","23,84K","-0,12%"
"28/09/2015","7,92","8,01","8,01","7,90","24,46K","-1,00%"
"29/09/2015","7,98","7,92","7,99","7,87","9,72K","0,76%"
"30/09/2015","8,15","7,95","8,16","7,95","36,24K","2,13%"
"01/10/2015","8,17","8,16","8,25","8,14","11,09K","0,25%"
"02/10/2015","8,15","8,19","8,21","8,10","10,22K","-0,24%"
"05/10/2015","8,21","8,11","8,24","8,06","8,31K","0,74%"
"06/10/2015","8,22","8,21","8,22","8,15","7,92K","0,12%"
"07/10/2015","8,11","8,23","8,27","8,06","11,51K","-1,34%"
"08/10/2015","8,13","8,13","8,16","8,12","7,18K","0,25%"
"09/10/2015","8,35","8,17","8,38","8,13","15,18K","2,71%"
"12/10/2015","8,30","8,37","8,43","8,28","10,91K","-0,60%"
"13/10/2015","8,33","8,32","8,36","8,30","7,70K","0,36%"
"14/10/2015","8,44","8,34","8,47","8,30","12,66K","1,32%"
"15/10/2015","8,43","8,47","8,51","8,41","11,99K","-0,12%"
"16/10/2015","8,39","8,41","8,45","8,35","9,34K","-0,47%"
"19/10/2015","8,35","8,39","8,44","8,33","7,35K","-0,48%"
"20/10/2015","8,47","8,34","8,48","8,32","43,83K","1,44%"
"21/10/2015","8,45","8,48","8,54","8,44","8,60K","-0,24%"
"22/10/2015","8,48","8,43","8,48","8,42","16,66K","0,36%"
"23/10/2015","8,63","8,47","8,63","8,47","13,87K","1,77%"
"26/10/2015","8,66","8,63","8,67","8,55","7,49K","0,35%"
"27/10/2015","8,61","8,68","8,70","8,55","10,69K","-0,58%"
"28/10/2015","8,57","8,63","8,63","8,53","16,99K","-0,46%"
"29/10/2015","8,68","8,59","8,71","8,55","8,55K","1,28%"
"30/10/2015","8,64","8,67","8,70","8,60","6,04K","-0,46%"
"02/11/2015","8,60","8,65","8,65","8,52","9,46K","-0,46%"
"03/11/2015","8,45","8,57","8,61","8,39","18,93K","-1,74%"
"04/11/2015","8,40","8,48","8,52","8,36","20,35K","-0,59%"
"05/11/2015","8,47","8,38","8,48","8,38","8,58K","0,83%"
"06/11/2015","8,41","8,49","8,58","8,35","10,92K","-0,71%"
"09/11/2015","8,32","8,37","8,39","8,31","9,68K","-1,07%"
"10/11/2015","8,44","8,32","8,45","8,28","15,96K","1,44%"
"11/11/2015","8,44","8,45","8,51","8,37","11,96K","0,00%"
"12/11/2015","8,37","8,44","8,47","8,32","14,33K","-0,83%"
"13/11/2015","8,39","8,42","8,42","8,34","7,60K","0,24%"
"16/11/2015","8,53","8,40","8,54","8,37","12,84K","1,67%"
"17/11/2015","8,61","8,51","8,62","8,48","13,69K","0,94%"
"18/11/2015","8,58","8,60","8,64","8,51","11,78K","-0,35%"
"19/11/2015","8,63","8,58","8,64","8,55","9,44K","0,58%"
"20/11/2015","8,51","8,61","8,63","8,50","10,98K","-1,39%"
"23/11/2015","8,56","8,53","8,58","8,47","15,14K","0,59%"
"24/11/2015","8,65","8,57","8,66","8,57","16,29K","1,05%"
"25/11/2015","8,62","8,65","8,67","8,57","10,37K","-0,35%"
"26/11/2015","8,58","8,60","8,67","8,57","10,99K","-0,46%"
"27/11/2015","8,58","8,55","8,60","8,54","7,46K","0,00%"
"30/11/2015","8,58","8,58","8,62","8,53","15,67K","0,00%"
"01/12/2015","8,56","8,56","8,59","8,49","11,41K","-0,23%"
"02/12/2015","8,48","8,56","8,57","8,47","20,93K","-0,93%"
"03/12/2015","8,59","8,47","8,61","8,42","22,65K","1,30%"
"04/12/2015","8,52","8,55","8,65","8,50","36,04K","-0,81%"
"07/12/2015","8,41","8,52","8,53","8,40","28,90K","-1,29%"
"08/12/2015","8,41","8,44","8,44","8,35","25,72K","0,00%"
"09/12/2015","8,40","8,43","8,44","8,33","17,27K","-0,12%"
"10/12/2015","8,36","8,43","8,43","8,29","35,11K","-0,48%"
"11/12/2015","8,07","8,33","8,34","7,93","24,79K","-3,47%"
"14/12/2015","8,07","7,99","8,08","7,90","23,52K","0,00%"
"15/12/2015","8,26","8,17","8,28","8,08","11,56K","2,35%"
"16/12/2015","8,20","8,26","8,31","8,15","10,81K","-0,73%"
"17/12/2015","8,14","8,17","8,24","8,11","13,67K","-0,73%"
"18/12/2015","8,13","8,15","8,23","8,05","8,23K","-0,12%"
"21/12/2015","8,26","8,15","8,28","8,08","5,77K","1,60%"
"22/12/2015","8,32","8,25","8,36","8,24","6,06K","0,73%"
"23/12/2015","8,29","8,35","8,38","8,26","3,91K","-0,36%"
"24/12/2015","8,26","8,32","8,32","8,21","1,96K","-0,36%"
"28/12/2015","8,38","8,28","8,40","8,28","1,39K","1,45%"
"29/12/2015","8,34","8,40","8,40","8,29","3,12K","-0,48%"
"30/12/2015","8,28","8,33","8,33","8,26","2,75K","-0,72%"
"31/12/2015","8,29","8,33","8,33","8,27","0,63K","0,12%"
"04/01/2016","8,11","8,33","8,33","8,10","6,71K","-2,17%"
"05/01/2016","8,06","8,14","8,15","8,02","6,49K","-0,62%"
"06/01/2016","7,81","8,09","8,17","7,74","17,40K","-3,10%"
"07/01/2016","7,60","7,78","7,82","7,40","26,43K","-2,69%"
"08/01/2016","7,46","7,60","7,70","7,44","16,65K","-1,84%"
"11/01/2016","7,17","7,45","7,60","7,11","20,53K","-3,89%"
"12/01/2016","7,15","7,15","7,29","7,01","27,07K","-0,28%"
"13/01/2016","7,29","7,19","7,38","7,16","22,76K","1,96%"
"14/01/2016","7,13","7,30","7,30","7,06","18,81K","-2,19%"
"15/01/2016","6,72","7,08","7,15","6,63","25,93K","-5,75%"
"18/01/2016","6,76","6,60","6,79","6,56","17,15K","0,60%"
"19/01/2016","6,86","6,80","6,95","6,74","17,65K","1,48%"
"20/01/2016","6,36","6,81","6,81","6,29","30,17K","-7,29%"
"21/01/2016","6,21","6,36","6,43","5,87","38,31K","-2,36%"
"22/01/2016","6,36","6,24","6,55","6,23","19,65K","2,42%"
"25/01/2016","5,91","6,35","6,36","5,72","29,35K","-7,08%"
"26/01/2016","6,10","5,81","6,11","5,61","22,13K","3,21%"
"27/01/2016","5,93","6,08","6,12","5,79","19,88K","-2,79%"
"28/01/2016","6,09","5,85","6,23","5,85","26,89K","2,70%"
"29/01/2016","6,07","6,16","6,28","5,99","23,18K","-0,33%"
"01/02/2016","5,71","6,16","6,16","5,61","16,90K","-5,93%"
"02/02/2016","5,84","5,68","5,85","5,46","23,15K","2,28%"
"03/02/2016","5,64","5,76","5,85","5,52","16,18K","-3,42%"
"04/02/2016","5,62","5,70","5,85","5,55","14,93K","-0,35%"
"05/02/2016","5,57","5,56","5,65","5,47","12,30K","-0,89%"
"08/02/2016","5,25","5,57","5,57","5,15","19,68K","-5,75%"
"09/02/2016","4,97","5,21","5,28","4,95","28,10K","-5,33%"
"10/02/2016","4,89","4,95","4,99","4,69","29,20K","-1,61%"
"11/02/2016","4,75","4,87","4,91","4,62","20,38K","-2,86%"
"12/02/2016","5,07","4,78","5,17","4,70","21,96K","6,74%"
"15/02/2016","4,81","5,06","5,07","4,80","11,58K","-5,13%"
"16/02/2016","4,70","4,87","4,95","4,64","18,42K","-2,29%"
"17/02/2016","5,10","4,65","5,14","4,62","24,14K","8,51%"
"18/02/2016","5,26","5,14","5,39","5,11","26,92K","3,14%"
"19/02/2016","5,17","5,22","5,44","5,05","16,80K","-1,71%"
"22/02/2016","5,42","5,24","5,49","5,19","23,60K","4,84%"
"23/02/2016","4,91","5,40","5,41","4,87","25,53K","-9,41%"
"24/02/2016","4,87","4,90","4,96","4,67","17,89K","-0,81%"
"25/02/2016","5,08","4,90","5,09","4,75","15,27K","4,31%"
"26/02/2016","5,00","5,10","5,24","4,94","13,64K","-1,57%"
"29/02/2016","5,01","4,92","5,05","4,85","8,65K","0,20%"
"01/03/2016","5,00","4,99","5,12","4,92","13,09K","-0,20%"
"02/03/2016","4,97","5,00","5,05","4,83","17,41K","-0,60%"
"03/03/2016","4,90","4,95","4,98","4,77","12,50K","-1,41%"
"04/03/2016","4,93","4,93","4,97","4,77","13,11K","0,61%"
"07/03/2016","5,10","4,94","5,11","4,88","15,66K","3,45%"
"08/03/2016","5,03","5,11","5,23","4,96","29,91K","-1,37%"
"09/03/2016","5,09","5,02","5,15","4,94","13,05K","1,19%"
"10/03/2016","4,92","5,09","5,14","4,85","20,83K","-3,34%"
"11/03/2016","5,00","4,88","5,08","4,88","8,88K","1,63%"
"14/03/2016","4,88","5,04","5,04","4,87","7,83K","-2,40%"
"15/03/2016","4,87","4,87","4,90","4,77","11,31K","-0,20%"
"16/03/2016","4,97","4,90","5,01","4,87","8,27K","2,05%"
"17/03/2016","5,01","4,95","5,04","4,89","14,73K","0,80%"
"18/03/2016","4,95","5,01","5,04","4,91","9,72K","-1,20%"
"21/03/2016","4,88","4,95","4,95","4,83","8,23K","-1,41%"
"22/03/2016","4,83","4,89","4,91","4,75","12,58K","-1,02%"
"23/03/2016","4,81","4,81","4,83","4,70","10,48K","-0,41%"
"24/03/2016","4,86","4,80","4,86","4,73","9,35K","1,04%"
"29/03/2016","4,79","4,80","4,84","4,75","6,18K","-1,44%"
"30/03/2016","4,97","4,77","5,00","4,75","10,17K","3,76%"
"31/03/2016","5,22","4,93","5,24","4,90","11,11K","5,03%"
"01/04/2016","5,18","5,18","5,35","4,91","17,10K","-0,77%"
"04/04/2016","5,33","5,13","5,34","5,07","11,65K","2,90%"
"05/04/2016","5,24","5,30","5,33","5,18","14,60K","-1,69%"
"06/04/2016","5,31","5,26","5,35","5,24","10,83K","1,34%"
"07/04/2016","5,28","5,33","5,37","5,21","8,39K","-0,56%"
"08/04/2016","5,42","5,30","5,46","5,24","9,46K","2,65%"
"11/04/2016","5,58","5,39","5,62","5,36","17,07K","2,95%"
"12/04/2016","5,59","5,60","5,67","5,52","12,08K","0,18%"
"13/04/2016","5,54","5,61","5,63","5,46","8,74K","-0,89%"
"14/04/2016","5,61","5,52","5,62","5,42","13,09K","1,26%"
"15/04/2016","5,48","5,56","5,62","5,44","11,87K","-2,32%"
"18/04/2016","5,47","5,45","5,49","5,36","9,70K","-0,18%"
"19/04/2016","5,57","5,47","5,58","5,46","12,17K","1,83%"
"20/04/2016","5,55","5,53","5,56","5,45","11,15K","-0,36%"
"21/04/2016","5,75","5,57","5,79","5,57","17,72K","3,60%"
"22/04/2016","5,97","5,75","6,03","5,65","22,07K","3,83%"
"25/04/2016","5,90","5,95","6,09","5,88","15,19K","-1,17%"
"26/04/2016","6,62","5,92","6,71","5,87","43,71K","12,20%"
"27/04/2016","6,84","6,66","7,07","6,45","33,83K","3,32%"
"28/04/2016","6,34","6,83","6,90","6,27","30,51K","-7,31%"
"29/04/2016","6,18","6,37","6,50","6,13","38,84K","-2,52%"
"02/05/2016","6,11","6,25","6,28","6,02","5,94K","-1,13%"
"03/05/2016","5,99","6,15","6,15","5,83","22,37K","-1,96%"
"04/05/2016","6,13","5,99","6,29","5,91","20,32K","2,34%"
"05/05/2016","6,20","6,17","6,55","6,11","17,18K","1,14%"
"06/05/2016","5,86","6,17","6,22","5,84","18,42K","-5,48%"
"09/05/2016","5,70","5,94","6,07","5,69","16,44K","-2,73%"
"10/05/2016","5,90","5,69","5,92","5,65","12,64K","3,51%"
"11/05/2016","6,02","5,92","6,04","5,81","11,86K","2,03%"
"12/05/2016","5,81","5,95","6,16","5,81","15,66K","-3,49%"
"13/05/2016","5,85","5,81","5,89","5,72","11,50K","0,69%"
"16/05/2016","6,11","5,91","6,14","5,87","7,63K","4,44%"
"17/05/2016","6,05","6,09","6,23","5,93","15,40K","-0,98%"
"18/05/2016","6,06","6,04","6,10","5,88","15,07K","0,17%"
"19/05/2016","6,00","6,01","6,01","5,85","13,43K","-0,99%"
"20/05/2016","5,97","6,03","6,06","5,93","10,05K","-0,50%"
"23/05/2016","5,74","5,95","5,95","5,70","11,84K","-3,85%"
"24/05/2016","5,80","5,76","5,83","5,70","8,80K","1,05%"
"25/05/2016","5,87","5,82","5,92","5,70","13,47K","1,21%"
"26/05/2016","6,03","5,88","6,15","5,88","9,77K","2,73%"
"27/05/2016","6,04","6,01","6,09","5,91","10,18K","0,17%"
"30/05/2016","6,12","6,07","6,17","6,04","1,86K","1,32%"
"31/05/2016","6,10","6,12","6,18","6,03","11,27K","-0,33%"
"01/06/2016","5,97","6,08","6,09","5,89","10,80K","-2,13%"
"02/06/2016","6,03","5,97","6,08","5,95","9,39K","1,01%"
"03/06/2016","5,95","6,04","6,04","5,93","8,32K","-1,33%"
"06/06/2016","6,21","5,98","6,29","5,94","15,01K","4,37%"
"07/06/2016","6,12","6,22","6,38","6,11","15,56K","-1,45%"
"08/06/2016","6,11","6,14","6,21","6,04","13,55K","-0,16%"
"09/06/2016","6,12","6,10","6,15","5,99","12,41K","0,16%"
"10/06/2016","5,96","6,12","6,12","5,92","13,02K","-2,61%"
"13/06/2016","5,86","5,94","5,94","5,84","8,21K","-1,68%"
"14/06/2016","5,86","5,86","5,90","5,74","12,52K","0,00%"
"15/06/2016","5,91","5,87","5,95","5,84","11,71K","0,85%"
"16/06/2016","5,71","5,87","5,88","5,70","13,86K","-3,38%"
"17/06/2016","5,67","5,73","5,77","5,65","16,71K","-0,70%"
"20/06/2016","5,86","5,68","5,95","5,68","13,61K","3,35%"
"21/06/2016","5,56","5,87","5,87","5,53","18,00K","-5,12%"
"22/06/2016","5,69","5,58","5,72","5,50","13,81K","2,34%"
"23/06/2016","5,65","5,74","5,77","5,56","9,13K","-0,70%"
"24/06/2016","4,96","5,24","5,24","4,69","30,16K","-12,21%"
"27/06/2016","4,77","4,96","5,15","4,76","17,51K","-3,83%"
"28/06/2016","4,69","4,77","4,93","4,67","14,23K","-1,68%"
"29/06/2016","4,52","4,69","4,70","4,34","22,58K","-3,62%"
"30/06/2016","4,47","4,52","4,65","4,46","11,31K","-1,11%"
"01/07/2016","4,62","4,46","4,72","4,28","19,63K","3,36%"
"04/07/2016","4,97","4,64","5,05","4,61","16,25K","7,58%"
"05/07/2016","4,71","4,94","4,95","4,68","14,21K","-5,23%"
"06/07/2016","4,59","4,67","4,76","4,46","12,90K","-2,55%"
"07/07/2016","4,58","4,61","4,74","4,55","15,10K","-0,22%"
"08/07/2016","4,55","4,58","4,59","4,44","11,55K","-0,66%"
"11/07/2016","4,43","4,59","4,62","4,41","14,61K","-2,64%"
"12/07/2016","4,63","4,40","4,67","4,36","16,03K","4,51%"
"13/07/2016","4,79","4,66","4,86","4,54","16,03K","3,46%"
"14/07/2016","4,78","4,80","4,95","4,72","11,39K","-0,21%"
"15/07/2016","4,93","4,78","4,98","4,63","13,09K","3,14%"
"18/07/2016","4,85","4,98","5,08","4,83","12,58K","-1,62%"
"19/07/2016","4,67","4,86","4,90","4,66","9,22K","-3,71%"
"20/07/2016","4,69","4,70","4,75","4,58","11,77K","0,43%"
"21/07/2016","4,66","4,72","4,75","4,65","7,23K","-0,64%"
"22/07/2016","4,57","4,67","4,69","4,54","10,50K","-1,93%"
"25/07/2016","4,60","4,54","4,62","4,52","6,19K","0,66%"
"26/07/2016","4,52","4,60","4,62","4,51","10,72K","-1,74%"
"27/07/2016","4,54","4,52","4,58","4,48","10,88K","0,44%"
"28/07/2016","4,49","4,55","4,65","4,48","14,63K","-1,10%"
"29/07/2016","4,43","4,53","4,53","4,36","10,50K","-1,34%"
"01/08/2016","4,38","4,47","4,49","4,38","4,81K","-1,13%"
"02/08/2016","4,42","4,42","4,43","4,30","6,71K","0,91%"
"03/08/2016","4,64","4,40","4,65","4,37","8,68K","4,98%"
"04/08/2016","4,70","4,63","4,73","4,55","10,90K","1,29%"
"05/08/2016","4,73","4,66","4,85","4,65","11,34K","0,64%"
"08/08/2016","4,95","4,73","4,96","4,67","7,99K","4,65%"
"09/08/2016","4,88","4,92","4,97","4,80","10,98K","-1,41%"
"10/08/2016","4,77","4,87","4,88","4,75","10,47K","-2,25%"
"11/08/2016","4,88","4,80","4,89","4,72","7,27K","2,31%"
"12/08/2016","4,90","4,88","4,93","4,85","4,45K","0,41%"
"15/08/2016","4,81","4,91","4,93","4,75","6,00K","-1,84%"
"16/08/2016","4,70","4,79","4,85","4,69","6,41K","-2,29%"
"17/08/2016","4,49","4,72","4,73","4,47","8,79K","-4,47%"
"18/08/2016","4,69","4,49","4,70","4,46","8,19K","4,45%"
"19/08/2016","4,77","4,69","4,85","4,64","8,40K","1,71%"
"22/08/2016","4,90","4,76","4,91","4,70","5,39K","2,73%"
"23/08/2016","4,71","4,91","4,95","4,65","9,04K","-3,88%"
"24/08/2016","4,61","4,71","4,75","4,55","7,48K","-2,12%"
"25/08/2016","4,71","4,64","4,73","4,58","3,35K","2,17%"
"26/08/2016","4,70","4,73","4,76","4,67","3,07K","-0,21%"
"29/08/2016","4,70","4,73","4,73","4,66","1,07K","0,00%"
"30/08/2016","4,55","4,73","4,78","4,53","7,42K","-3,19%"
"31/08/2016","4,47","4,57","4,62","4,40","11,80K","-1,76%"
"01/09/2016","4,38","4,47","4,53","4,36","6,60K","-2,01%"
"02/09/2016","4,08","4,41","4,41","3,89","18,04K","-6,85%"
"05/09/2016","3,93","4,13","4,15","3,87","11,22K","-3,68%"
"06/09/2016","4,13","3,97","4,17","3,90","9,20K","5,09%"
"07/09/2016","4,01","4,17","4,17","3,95","9,28K","-2,91%"
"08/09/2016","4,08","4,04","4,08","3,96","8,76K","1,75%"
"09/09/2016","4,08","4,08","4,15","4,02","6,48K","0,00%"
"12/09/2016","4,03","4,10","4,12","3,94","6,91K","-1,23%"
"13/09/2016","4,03","4,06","4,07","3,98","6,02K","0,00%"
"14/09/2016","3,98","4,03","4,08","3,96","6,93K","-1,24%"
"15/09/2016","4,14","4,00","4,16","3,95","8,07K","4,02%"
"16/09/2016","4,36","4,13","4,47","4,13","14,01K","5,31%"
"19/09/2016","4,40","4,40","4,45","4,20","12,88K","0,92%"
"20/09/2016","4,16","4,39","4,40","4,15","11,47K","-5,45%"
"21/09/2016","4,21","4,20","4,25","4,08","8,41K","1,20%"
"22/09/2016","4,42","4,23","4,46","4,23","13,78K","4,99%"
"23/09/2016","4,54","4,38","4,69","4,33","13,89K","2,71%"
"26/09/2016","4,62","4,55","4,71","4,48","9,91K","1,76%"
"27/09/2016","4,43","4,61","4,65","4,41","12,30K","-4,11%"
"28/09/2016","4,95","4,46","5,02","4,46","26,24K","11,74%"
"29/09/2016","5,02","4,99","5,37","4,92","21,64K","1,41%"
"30/09/2016","4,96","5,03","5,12","4,82","14,56K","-1,20%"
"03/10/2016","5,31","5,02","5,39","5,02","15,14K","7,06%"
"04/10/2016","5,21","5,36","5,36","5,11","11,73K","-1,88%"
"05/10/2016","5,48","5,33","5,52","5,24","16,40K","5,18%"
"06/10/2016","5,86","5,44","6,09","5,43","28,07K","6,93%"
"07/10/2016","5,69","5,86","5,96","5,52","16,06K","-2,90%"
"10/10/2016","5,66","5,72","5,75","5,47","11,69K","-0,53%"
"11/10/2016","5,43","5,69","5,74","5,39","11,20K","-4,06%"
"12/10/2016","5,52","5,44","5,60","5,38","10,28K","1,66%"
"13/10/2016","5,65","5,56","5,74","5,52","10,03K","2,36%"
"14/10/2016","5,81","5,68","5,85","5,65","9,97K","2,83%"
"17/10/2016","5,87","5,82","6,04","5,82","9,99K","1,03%"
"18/10/2016","5,95","5,91","6,14","5,81","13,43K","1,36%"
"19/10/2016","5,67","5,98","6,06","5,66","16,03K","-4,71%"
"20/10/2016","5,58","5,67","5,78","5,50","10,70K","-1,59%"
"21/10/2016","5,89","5,50","5,95","5,48","9,94K","5,56%"
"24/10/2016","5,81","5,88","5,98","5,79","7,82K","-1,36%"
"25/10/2016","5,81","5,83","5,96","5,62","10,32K","0,00%"
"26/10/2016","5,94","5,84","6,04","5,84","12,30K","2,24%"
"27/10/2016","5,81","5,92","5,97","5,75","12,62K","-2,19%"
"28/10/2016","5,88","5,82","5,91","5,71","7,20K","1,20%"
"31/10/2016","5,90","5,86","5,93","5,76","12,81K","0,34%"
"01/11/2016","6,03","5,91","6,07","5,91","12,63K","2,20%"
"02/11/2016","6,24","6,06","6,27","5,86","17,21K","3,48%"
"03/11/2016","6,50","6,22","6,62","6,16","19,59K","4,17%"
"04/11/2016","6,41","6,47","6,57","6,38","10,08K","-1,38%"
"07/11/2016","6,23","6,39","6,60","6,14","12,74K","-2,81%"
"08/11/2016","6,15","6,23","6,25","5,97","14,38K","-1,28%"
"09/11/2016","6,13","5,94","6,16","5,82","12,13K","-0,33%"
"10/11/2016","5,92","6,15","6,15","5,88","9,60K","-3,43%"
"11/11/2016","5,67","5,99","6,01","5,66","15,17K","-4,22%"
"14/11/2016","5,41","5,67","5,72","5,37","14,93K","-4,59%"
"15/11/2016","5,74","5,44","5,76","5,42","12,57K","6,10%"
"16/11/2016","5,55","5,64","5,86","5,47","12,20K","-3,31%"
"17/11/2016","5,90","5,55","5,93","5,52","20,06K","6,31%"
"18/11/2016","5,58","5,85","5,88","5,52","11,80K","-5,42%"
"21/11/2016","5,48","5,58","5,58","5,31","11,09K","-1,79%"
"22/11/2016","5,51","5,50","5,54","5,43","18,33K","0,55%"
"23/11/2016","5,39","5,48","5,64","5,35","11,26K","-2,18%"
"24/11/2016","5,34","5,41","5,42","5,21","11,29K","-0,93%"
"25/11/2016","5,00","5,28","5,30","4,94","23,78K","-6,37%"
"28/11/2016","4,74","4,94","5,10","4,64","17,19K","-5,20%"
"29/11/2016","4,56","4,71","4,79","4,41","21,13K","-3,80%"
"30/11/2016","4,58","4,49","4,81","4,35","16,82K","0,44%"
"01/12/2016","4,46","4,62","4,65","4,40","15,00K","-2,62%"
"02/12/2016","4,30","4,44","4,50","4,25","23,23K","-3,59%"
"05/12/2016","4,37","4,27","4,45","3,97","23,63K","1,63%"
"06/12/2016","4,50","4,29","4,54","4,03","20,98K","2,97%"
"07/12/2016","4,30","4,49","4,62","4,27","19,14K","-4,44%"
"08/12/2016","4,61","4,27","4,65","4,24","16,37K","7,21%"
"09/12/2016","4,46","4,61","4,78","4,44","16,74K","-3,25%"
"12/12/2016","4,87","4,51","4,89","4,49","20,87K","9,19%"
"13/12/2016","4,79","4,84","4,92","4,70","23,63K","-1,64%"
"14/12/2016","5,01","5,03","5,19","4,88","25,67K","4,59%"
"15/12/2016","4,84","5,01","5,14","4,79","20,36K","-3,39%"
"16/12/2016","4,93","4,93","5,00","4,57","22,51K","1,86%"
"19/12/2016","5,09","4,96","5,22","4,93","16,00K","3,25%"
"20/12/2016","5,25","5,15","5,36","5,10","6,32K","3,14%"
"21/12/2016","5,82","5,30","5,89","5,24","11,07K","10,86%"
"22/12/2016","6,09","5,85","6,27","5,78","11,42K","4,64%"
"23/12/2016","6,24","6,01","6,34","6,01","4,47K","2,46%"
"27/12/2016","6,34","6,27","6,60","6,07","2,30K","1,60%"
"28/12/2016","6,34","6,30","6,52","6,23","4,36K","0,00%"
"29/12/2016","6,37","6,30","6,39","6,30","5,98K","0,47%"
"30/12/2016","6,57","6,31","6,59","6,31","4,42K","3,14%"
"02/01/2017","6,14","6,48","6,50","6,03","3,40K","-6,54%"
"03/01/2017","5,44","6,13","6,18","5,40","16,55K","-11,40%"
"04/01/2017","5,73","5,49","5,79","5,20","16,65K","5,33%"
"05/01/2017","5,30","5,71","5,82","5,28","13,60K","-7,50%"
"06/01/2017","5,05","5,39","5,49","4,98","15,25K","-4,72%"
"09/01/2017","5,28","5,10","5,44","4,92","15,90K","4,55%"
"10/01/2017","5,52","5,28","5,71","5,27","21,82K","4,55%"
"11/01/2017","5,53","5,53","5,66","5,43","15,42K","0,18%"
"12/01/2017","5,05","5,57","5,59","5,04","19,79K","-8,68%"
"13/01/2017","5,05","5,11","5,16","4,96","14,65K","0,00%"
"16/01/2017","4,70","5,05","5,07","4,68","14,49K","-6,93%"
"17/01/2017","5,00","4,75","5,12","4,62","10,99K","6,38%"
"18/01/2017","4,84","5,05","5,05","4,82","11,45K","-3,20%"
"19/01/2017","5,20","4,87","5,22","4,85","13,20K","7,44%"
"20/01/2017","5,43","5,20","5,54","5,11","13,49K","4,42%"
"23/01/2017","5,33","5,46","5,58","5,31","13,40K","-1,84%"
"24/01/2017","5,09","5,33","5,33","5,07","12,15K","-4,50%"
"25/01/2017","4,98","5,07","5,17","4,93","13,53K","-2,16%"
"26/01/2017","5,20","5,01","5,25","4,90","12,03K","4,42%"
"27/01/2017","4,92","5,17","5,22","4,91","9,37K","-5,38%"
"30/01/2017","5,17","4,95","5,21","4,95","10,37K","5,08%"
"31/01/2017","5,36","5,17","5,39","5,16","10,73K","3,68%"
"01/02/2017","5,28","5,40","5,47","5,27","9,28K","-1,49%"
"02/02/2017","5,23","5,32","5,37","5,21","8,64K","-0,95%"
"03/02/2017","5,16","5,24","5,27","5,15","7,56K","-1,34%"
"06/02/2017","5,10","5,19","5,21","5,06","7,53K","-1,16%"
"07/02/2017","5,17","5,10","5,23","5,03","10,79K","1,37%"
"08/02/2017","5,22","5,16","5,28","5,05","9,43K","0,97%"
"09/02/2017","5,29","5,24","5,44","5,22","12,41K","1,34%"
"10/02/2017","5,12","5,32","5,35","5,11","10,98K","-3,21%"
"13/02/2017","4,90","5,14","5,17","4,88","10,56K","-4,30%"
"14/02/2017","5,13","4,97","5,15","4,93","8,58K","4,69%"
"15/02/2017","5,07","5,12","5,26","4,99","11,95K","-1,17%"
"16/02/2017","4,94","5,09","5,12","4,92","9,38K","-2,56%"
"17/02/2017","4,98","4,96","5,07","4,85","11,11K","0,81%"
"20/02/2017","5,09","5,00","5,15","4,97","9,12K","2,21%"
"21/02/2017","5,05","5,09","5,15","5,02","8,67K","-0,79%"
"22/02/2017","5,07","5,07","5,14","4,96","10,00K","0,40%"
"23/02/2017","5,35","5,10","5,37","5,03","14,45K","5,52%"
"24/02/2017","5,39","5,31","5,48","5,24","12,77K","0,75%"
"27/02/2017","5,20","5,43","5,43","5,19","13,83K","-3,53%"
"28/02/2017","5,24","5,24","5,33","5,15","10,38K","0,77%"
"01/03/2017","5,91","5,33","5,94","5,30","30,68K","12,79%"
"02/03/2017","5,47","5,90","6,02","5,43","25,53K","-7,45%"
"03/03/2017","5,60","5,47","5,72","5,42","14,25K","2,38%"
"06/03/2017","5,49","5,55","5,59","5,42","8,97K","-1,96%"
"07/03/2017","5,38","5,47","5,60","5,36","11,54K","-2,00%"
"08/03/2017","5,24","5,37","5,37","5,21","14,93K","-2,60%"
"09/03/2017","5,13","5,20","5,24","5,08","10,84K","-2,10%"
"10/03/2017","5,17","5,10","5,18","5,06","8,32K","0,78%"
"13/03/2017","5,16","5,16","5,19","5,09","8,23K","-0,19%"
"14/03/2017","5,11","5,18","5,23","5,09","10,22K","-0,97%"
"15/03/2017","5,20","5,15","5,25","5,09","8,18K","1,76%"
"16/03/2017","5,15","5,20","5,25","5,09","10,76K","-0,96%"
"17/03/2017","5,14","5,14","5,20","5,10","5,86K","-0,19%"
"20/03/2017","4,99","5,16","5,16","4,96","12,42K","-2,92%"
"21/03/2017","4,94","5,00","5,00","4,93","10,23K","-1,00%"
"22/03/2017","4,97","4,94","5,02","4,85","20,58K","0,61%"
"23/03/2017","4,98","4,97","5,05","4,94","9,86K","0,20%"
"24/03/2017","4,77","5,03","5,03","4,71","13,27K","-4,22%"
"27/03/2017","4,63","4,77","4,80","4,58","13,78K","-2,94%"
"28/03/2017","4,74","4,62","4,82","4,62","10,34K","2,38%"
"29/03/2017","4,76","4,74","4,84","4,66","14,01K","0,42%"
"30/03/2017","4,92","4,81","4,98","4,64","12,97K","3,36%"
"31/03/2017","4,69","4,91","4,95","4,67","8,73K","-4,67%"
"03/04/2017","4,87","4,75","4,91","4,72","15,25K","3,84%"
"04/04/2017","4,65","4,85","4,86","4,64","12,06K","-4,52%"
"05/04/2017","4,82","4,73","4,93","4,66","15,08K","3,66%"
"06/04/2017","5,06","4,82","5,14","4,81","13,88K","4,98%"
"07/04/2017","4,89","5,10","5,19","4,87","11,43K","-3,36%"
"10/04/2017","4,79","4,93","4,97","4,78","9,49K","-2,04%"
"11/04/2017","4,87","4,79","4,92","4,76","11,47K","1,67%"
"12/04/2017","4,93","4,87","5,04","4,86","10,57K","1,23%"
"13/04/2017","4,95","4,93","5,03","4,92","8,36K","0,41%"
"18/04/2017","4,86","4,93","4,95","4,84","7,63K","-1,82%"
"19/04/2017","4,83","4,87","4,98","4,81","13,06K","-0,62%"
"20/04/2017","4,75","4,83","4,83","4,74","10,35K","-1,66%"
"21/04/2017","4,57","4,76","4,78","4,56","12,78K","-3,79%"
"24/04/2017","4,64","4,60","4,74","4,57","11,23K","1,53%"
"25/04/2017","4,50","4,66","4,67","4,45","18,76K","-3,02%"
"26/04/2017","4,61","4,54","4,65","4,47","12,57K","2,44%"
"27/04/2017","4,55","4,59","4,67","4,52","8,70K","-1,30%"
"28/04/2017","4,57","4,55","4,60","4,53","27,24K","0,44%"
"02/05/2017","4,45","4,55","4,56","4,37","12,62K","-2,63%"
"03/05/2017","4,40","4,42","4,48","4,34","9,66K","-1,12%"
"04/05/2017","4,52","4,44","4,59","4,30","12,34K","2,73%"
"05/05/2017","4,58","4,52","4,70","4,45","16,55K","1,33%"
"08/05/2017","4,42","4,60","4,63","4,41","9,46K","-3,49%"
"09/05/2017","4,52","4,44","4,58","4,39","9,50K","2,26%"
"10/05/2017","4,45","4,53","4,57","4,42","12,13K","-1,55%"
"11/05/2017","4,35","4,52","4,52","4,31","15,06K","-2,25%"
"12/05/2017","4,46","4,35","4,47","4,29","9,55K","2,53%"
"15/05/2017","4,39","4,48","4,50","4,37","7,95K","-1,57%"
"16/05/2017","4,54","4,42","4,57","4,34","12,57K","3,42%"
"17/05/2017","4,58","4,56","4,64","4,49","14,76K","0,88%"
"18/05/2017","4,76","4,63","4,82","4,55","13,71K","3,93%"
"19/05/2017","4,85","4,76","4,92","4,75","10,30K","1,89%"
"22/05/2017","4,91","4,91","5,00","4,79","11,14K","1,24%"
"23/05/2017","4,75","4,87","4,96","4,72","18,34K","-3,26%"
"24/05/2017","4,91","4,75","4,94","4,74","12,49K","3,37%"
"25/05/2017","4,98","4,93","5,00","4,88","5,57K","1,43%"
"26/05/2017","5,19","5,00","5,19","4,95","11,80K","4,22%"
"29/05/2017","5,17","5,20","5,22","5,13","3,84K","-0,39%"
"30/05/2017","5,14","5,17","5,22","5,09","11,44K","-0,58%"
"31/05/2017","4,98","5,15","5,17","4,97","12,39K","-3,11%"
"01/06/2017","5,08","4,98","5,14","4,98","10,92K","2,01%"
"02/06/2017","5,16","5,05","5,20","4,99","9,27K","1,57%"
"05/06/2017","5,17","5,20","5,28","5,11","5,27K","0,19%"
"06/06/2017","4,97","5,16","5,20","4,93","12,05K","-3,87%"
"07/06/2017","4,88","4,96","5,04","4,87","10,92K","-1,81%"
"08/06/2017","5,05","4,90","5,18","4,90","11,36K","3,48%"
"09/06/2017","5,04","5,05","5,10","5,00","6,39K","-0,20%"
"12/06/2017","4,92","5,03","5,10","4,91","10,63K","-2,38%"
"13/06/2017","5,01","4,95","5,03","4,91","6,93K","1,83%"
"14/06/2017","4,94","5,03","5,06","4,90","8,79K","-1,40%"
"15/06/2017","4,96","4,95","4,97","4,90","6,14K","0,40%"
"16/06/2017","4,88","4,94","4,99","4,88","8,17K","-1,61%"
"19/06/2017","4,93","4,91","5,01","4,85","10,17K","1,02%"
"20/06/2017","4,95","4,96","5,05","4,91","9,28K","0,41%"
"21/06/2017","4,88","4,89","5,01","4,87","11,75K","-1,41%"
"22/06/2017","4,86","4,92","4,93","4,83","7,15K","-0,41%"
"23/06/2017","4,87","4,85","4,93","4,85","5,16K","0,21%"
"26/06/2017","4,78","4,87","4,89","4,77","8,58K","-1,85%"
"27/06/2017","4,94","4,84","4,99","4,80","6,85K","3,35%"
"28/06/2017","4,94","4,94","4,98","4,88","7,74K","0,00%"
"29/06/2017","5,07","4,98","5,14","4,98","15,06K","2,63%"
"30/06/2017","5,03","5,09","5,12","5,01","10,91K","-0,79%"
"03/07/2017","5,14","5,00","5,16","4,99","7,71K","2,19%"
"04/07/2017","5,12","5,13","5,20","5,08","7,96K","-0,39%"
"05/07/2017","5,04","5,12","5,21","5,03","14,16K","-1,56%"
"06/07/2017","5,24","5,07","5,28","5,06","12,65K","3,97%"
"07/07/2017","5,34","5,19","5,43","5,19","15,50K","1,91%"
"10/07/2017","5,40","5,40","5,56","5,35","14,20K","1,12%"
"11/07/2017","5,33","5,37","5,49","5,27","11,83K","-1,30%"
"12/07/2017","5,48","5,34","5,49","5,32","10,03K","2,81%"
"13/07/2017","5,36","5,49","5,62","5,33","18,49K","-2,19%"
"14/07/2017","5,42","5,37","5,47","5,29","9,53K","1,12%"
"17/07/2017","5,44","5,46","5,49","5,39","7,65K","0,37%"
"18/07/2017","5,46","5,45","5,58","5,43","9,60K","0,37%"
"19/07/2017","5,39","5,44","5,47","5,37","11,63K","-1,28%"
"20/07/2017","5,30","5,40","5,44","5,30","11,03K","-1,67%"
"21/07/2017","5,09","5,33","5,35","5,07","13,24K","-3,96%"
"24/07/2017","5,14","5,18","5,19","5,05","7,84K","0,98%"
"25/07/2017","5,16","5,16","5,21","5,09","14,24K","0,39%"
"26/07/2017","5,25","5,19","5,28","5,13","7,73K","1,74%"
"27/07/2017","5,14","5,22","5,27","5,13","9,60K","-2,10%"
"28/07/2017","5,18","5,14","5,20","5,07","10,83K","0,78%"
"31/07/2017","5,23","5,23","5,29","5,10","5,68K","0,97%"
"01/08/2017","5,30","5,25","5,38","5,21","7,15K","1,34%"
"02/08/2017","5,43","5,30","5,44","5,25","13,29K","2,45%"
"03/08/2017","5,43","5,41","5,45","5,37","6,30K","0,00%"
"04/08/2017","5,35","5,43","5,46","5,32","6,33K","-1,47%"
"07/08/2017","5,27","5,34","5,38","5,27","3,74K","-1,50%"
"08/08/2017","5,27","5,32","5,34","5,25","6,92K","0,00%"
"09/08/2017","5,37","5,26","5,41","5,26","8,83K","1,90%"
"10/08/2017","5,37","5,39","5,47","5,36","7,19K","0,00%"
"11/08/2017","5,39","5,37","5,46","5,34","5,95K","0,37%"
"14/08/2017","5,52","5,35","5,54","5,32","10,21K","2,41%"
"15/08/2017","5,53","5,50","5,64","5,47","11,04K","0,18%"
"16/08/2017","5,80","5,55","5,83","5,49","21,80K","4,88%"
"17/08/2017","5,81","5,83","5,96","5,70","12,26K","0,17%"
"18/08/2017","5,82","5,79","5,88","5,73","8,81K","0,17%"
"21/08/2017","5,75","5,79","5,91","5,73","5,42K","-1,20%"
"22/08/2017","5,78","5,76","5,81","5,66","7,44K","0,52%"
"23/08/2017","5,95","5,74","5,98","5,73","31,90K","2,94%"
"24/08/2017","5,95","5,94","6,12","5,90","11,78K","0,00%"
"25/08/2017","6,09","5,97","6,10","5,93","6,75K","2,35%"
"28/08/2017","6,10","6,12","6,20","6,08","2,54K","0,16%"
"29/08/2017","6,04","6,13","6,18","5,96","8,45K","-0,98%"
"30/08/2017","6,03","5,99","6,12","5,99","10,62K","-0,17%"
"31/08/2017","5,94","6,02","6,02","5,87","8,01K","-1,49%"
"01/09/2017","5,83","5,94","5,98","5,82","13,62K","-1,85%"
"04/09/2017","5,92","5,83","5,95","5,82","7,05K","1,54%"
"05/09/2017","6,50","5,94","6,53","5,91","18,86K","9,80%"
"06/09/2017","6,70","6,49","6,93","6,36","29,29K","3,08%"
"07/09/2017","6,90","6,75","7,02","6,64","15,68K","2,99%"
"08/09/2017","7,07","6,96","7,13","6,91","16,07K","2,46%"
"11/09/2017","6,88","7,11","7,20","6,71","20,43K","-2,69%"
"12/09/2017","6,87","6,90","6,90","6,52","14,54K","-0,15%"
"13/09/2017","7,10","6,82","7,22","6,78","14,19K","3,35%"
"14/09/2017","7,10","7,15","7,72","7,04","29,65K","0,00%"
"15/09/2017","6,95","7,09","7,11","6,67","21,39K","-2,11%"
"18/09/2017","6,73","6,97","7,05","6,71","11,85K","-3,17%"
"19/09/2017","7,03","6,74","7,20","6,70","34,28K","4,46%"
"20/09/2017","6,91","7,09","7,09","6,79","11,28K","-1,71%"
"21/09/2017","6,56","6,92","6,92","6,47","19,54K","-5,07%"
"22/09/2017","6,65","6,59","6,74","6,51","11,63K","1,37%"
"25/09/2017","7,28","6,70","7,36","6,67","37,92K","9,47%"
"26/09/2017","6,98","7,30","7,36","6,88","30,62K","-4,12%"
"27/09/2017","6,93","6,95","6,98","6,72","16,24K","-0,72%"
"28/09/2017","6,96","6,95","7,33","6,78","26,58K","0,43%"
"29/09/2017","7,07","6,87","7,29","6,87","12,70K","1,58%"
"02/10/2017","6,94","7,12","7,12","6,83","14,23K","-1,84%"
"03/10/2017","7,00","6,91","7,13","6,88","7,72K","0,86%"
"04/10/2017","6,90","7,02","7,05","6,88","13,85K","-1,43%"
"05/10/2017","6,89","6,88","7,00","6,79","10,73K","-0,14%"
"06/10/2017","7,00","6,85","7,05","6,77","13,15K","1,60%"
"09/10/2017","6,96","7,05","7,07","6,83","9,77K","-0,57%"
"10/10/2017","7,39","6,93","7,43","6,89","18,90K","6,18%"
"11/10/2017","7,38","7,43","7,54","7,31","17,27K","-0,14%"
"12/10/2017","7,41","7,35","7,59","7,20","14,72K","0,41%"
"13/10/2017","7,32","7,25","7,43","7,08","16,00K","-1,21%"
"16/10/2017","7,36","7,32","7,45","7,24","8,08K","0,55%"
"17/10/2017","7,42","7,34","7,54","7,34","11,61K","0,82%"
"18/10/2017","7,81","7,43","7,83","7,40","19,01K","5,26%"
"19/10/2017","7,65","7,85","8,05","7,60","17,82K","-2,05%"
"20/10/2017","7,57","7,65","7,80","7,45","14,14K","-1,05%"
"23/10/2017","7,44","7,60","7,62","7,40","8,61K","-1,72%"
"24/10/2017","7,47","7,47","7,63","7,32","14,80K","0,40%"
"25/10/2017","7,40","7,52","7,59","7,36","17,71K","-0,94%"
"26/10/2017","7,20","7,44","7,49","7,16","15,83K","-2,70%"
"27/10/2017","7,17","7,20","7,32","7,13","24,09K","-0,42%"
"30/10/2017","7,14","7,22","7,28","7,13","16,41K","-0,42%"
"31/10/2017","7,37","7,15","7,42","7,09","13,30K","3,22%"
"01/11/2017","7,51","7,39","7,57","7,33","13,72K","1,90%"
"02/11/2017","7,66","7,47","7,76","7,43","12,87K","2,00%"
"03/11/2017","7,88","7,65","7,91","7,57","12,05K","2,87%"
"06/11/2017","7,92","7,92","7,98","7,87","10,39K","0,51%"
"07/11/2017","7,75","7,96","8,02","7,66","14,01K","-2,15%"
"08/11/2017","7,72","7,72","7,80","7,60","11,05K","-0,39%"
"09/11/2017","7,55","7,85","7,98","7,46","23,61K","-2,20%"
"10/11/2017","7,40","7,52","7,55","7,37","17,86K","-1,99%"
"13/11/2017","7,35","7,40","7,46","7,25","9,15K","-0,68%"
"14/11/2017","7,39","7,33","7,45","7,24","15,80K","0,54%"
"15/11/2017","7,69","7,34","7,80","7,29","13,16K","4,06%"
"16/11/2017","7,50","7,68","7,77","7,50","13,53K","-2,47%"
"17/11/2017","7,48","7,49","7,59","7,42","10,05K","-0,27%"
"20/11/2017","7,44","7,45","7,46","7,20","13,73K","-0,53%"
"21/11/2017","7,39","7,47","7,59","7,37","9,11K","-0,67%"
"22/11/2017","7,37","7,35","7,57","7,28","21,48K","-0,27%"
"23/11/2017","7,66","7,33","7,70","7,32","23,00K","3,93%"
"24/11/2017","7,77","7,68","7,82","7,64","13,92K","1,44%"
"27/11/2017","7,70","7,74","7,82","7,68","11,53K","-0,90%"
"28/11/2017","7,59","7,71","7,74","7,52","14,59K","-1,43%"
"29/11/2017","7,70","7,57","7,74","7,50","20,67K","1,45%"
"30/11/2017","7,53","7,68","7,72","7,52","11,55K","-2,21%"
"01/12/2017","7,68","7,55","7,72","7,45","16,01K","1,99%"
"04/12/2017","7,55","7,71","7,72","7,46","17,61K","-1,69%"
"05/12/2017","7,43","7,55","7,56","7,41","12,93K","-1,59%"
"06/12/2017","7,27","7,43","7,43","7,26","17,03K","-2,15%"
"07/12/2017","7,35","7,26","7,37","7,21","12,37K","1,10%"
"08/12/2017","7,14","7,34","7,37","7,11","15,53K","-2,86%"
"11/12/2017","7,20","7,12","7,26","7,08","22,33K","0,84%"
"12/12/2017","7,14","7,24","7,46","7,12","32,79K","-0,83%"
"13/12/2017","7,07","7,13","7,20","7,02","42,02K","-0,98%"
"14/12/2017","7,09","7,13","7,17","6,94","40,99K","0,28%"
"15/12/2017","7,18","7,09","7,22","6,96","33,62K","1,27%"
"18/12/2017","7,39","7,20","7,44","7,09","13,04K","2,92%"
"19/12/2017","7,54","7,49","7,64","7,37","11,01K","2,03%"
"20/12/2017","7,81","7,59","7,82","7,53","14,03K","3,58%"
"21/12/2017","8,02","7,82","8,06","7,71","12,57K","2,69%"
"22/12/2017","8,19","8,05","8,30","7,97","7,69K","2,12%"
"27/12/2017","8,17","8,10","8,24","8,08","2,92K","-0,24%"
"28/12/2017","8,21","8,18","8,25","8,16","2,55K","0,49%"
"29/12/2017","8,18","8,16","8,28","8,02","5,51K","-0,37%"
"02/01/2018","7,81","8,05","8,13","7,73","9,63K","-4,52%"
"03/01/2018","7,83","7,75","7,97","7,73","7,96K","0,26%"
"04/01/2018","7,77","7,89","7,92","7,74","10,38K","-0,77%"
"05/01/2018","7,78","7,75","7,84","7,74","5,56K","0,13%"
"08/01/2018","7,66","7,76","7,92","7,60","14,25K","-1,54%"
"09/01/2018","7,78","7,66","7,84","7,66","8,97K","1,57%"
"10/01/2018","7,89","7,77","7,91","7,75","9,21K","1,41%"
"11/01/2018","7,82","7,89","7,95","7,66","17,69K","-0,89%"
"12/01/2018","7,86","7,80","7,87","7,76","8,32K","0,51%"
"15/01/2018","7,80","7,80","7,85","7,74","8,77K","-0,76%"
"16/01/2018","8,05","7,81","8,07","7,77","16,51K","3,21%"
"17/01/2018","8,18","8,08","8,25","7,96","12,75K","1,61%"
"18/01/2018","8,49","8,15","8,55","8,11","17,73K","3,79%"
"19/01/2018","8,76","8,49","8,85","8,49","17,88K","3,18%"
"22/01/2018","8,75","8,76","8,90","8,55","15,82K","-0,11%"
"23/01/2018","9,01","8,75","9,05","8,74","19,82K","2,97%"
"24/01/2018","9,46","9,03","9,56","8,97","27,57K","4,99%"
"25/01/2018","9,24","9,45","9,54","9,09","24,31K","-2,33%"
"26/01/2018","9,09","9,20","9,39","8,97","20,43K","-1,62%"
"29/01/2018","9,00","9,05","9,26","8,92","10,64K","-0,99%"
"30/01/2018","8,88","8,96","9,02","8,80","13,10K","-1,33%"
"31/01/2018","9,28","8,90","9,31","8,79","17,39K","4,50%"
"01/02/2018","9,27","9,29","9,48","9,09","17,17K","-0,11%"
"02/02/2018","8,96","9,32","9,39","8,83","12,46K","-3,34%"
"05/02/2018","9,07","8,90","9,15","8,62","14,68K","1,23%"
"06/02/2018","8,80","9,07","9,07","8,67","15,39K","-2,98%"
"07/02/2018","8,99","8,80","9,21","8,68","14,97K","2,16%"
"08/02/2018","9,12","8,93","9,16","8,85","16,77K","1,45%"
"09/02/2018","9,23","9,05","9,36","8,97","13,28K","1,21%"
"12/02/2018","9,48","9,17","9,50","9,08","12,29K","2,71%"
"13/02/2018","9,90","9,50","9,98","9,45","30,67K","4,43%"
"14/02/2018","9,60","9,90","10,02","9,54","20,56K","-3,03%"
"15/02/2018","9,54","9,61","9,72","9,50","11,34K","-0,63%"
"16/02/2018","9,52","9,58","9,69","9,37","16,67K","-0,21%"
"19/02/2018","9,88","9,62","9,93","9,57","12,85K","3,78%"
"20/02/2018","9,72","9,94","9,97","9,64","18,26K","-1,62%"
"21/02/2018","9,56","9,67","9,74","9,49","10,68K","-1,65%"
"22/02/2018","9,72","9,51","9,77","9,41","16,64K","1,67%"
"23/02/2018","9,81","9,75","9,90","9,65","23,70K","0,93%"
"26/02/2018","9,63","9,81","9,81","9,52","8,14K","-1,83%"
"27/02/2018","10,15","9,60","10,18","9,56","23,50K","5,40%"
"28/02/2018","10,10","10,13","10,29","9,97","16,08K","-0,49%"
"01/03/2018","9,99","10,05","10,12","9,94","13,30K","-1,09%"
"02/03/2018","10,14","9,96","10,16","9,92","11,16K","1,50%"
"05/03/2018","10,36","10,10","10,40","9,98","13,57K","2,17%"
"06/03/2018","10,47","10,30","10,60","10,26","12,22K","1,06%"
"07/03/2018","10,64","10,45","10,65","10,32","14,22K","1,62%"
"08/03/2018","11,12","10,61","11,13","10,61","21,73K","4,51%"
"09/03/2018","11,12","11,05","11,26","10,84","16,17K","0,00%"
"12/03/2018","11,08","11,12","11,38","11,06","22,21K","-0,36%"
"13/03/2018","11,40","11,10","11,50","10,93","17,55K","2,89%"
"14/03/2018","11,18","11,40","11,41","11,07","24,59K","-1,93%"
"15/03/2018","11,19","11,17","11,30","11,08","19,96K","0,09%"
"16/03/2018","11,17","11,15","11,27","10,99","14,00K","-0,18%"
"19/03/2018","11,06","11,13","11,23","10,89","16,40K","-0,98%"
"20/03/2018","11,55","11,09","11,57","10,97","26,82K","4,43%"
"21/03/2018","12,65","11,57","12,73","11,46","43,50K","9,52%"
"22/03/2018","12,34","12,69","13,04","12,27","34,46K","-2,45%"
"23/03/2018","12,61","12,27","12,64","12,21","24,11K","2,19%"
"26/03/2018","12,99","12,59","13,11","12,45","30,91K","3,01%"
"27/03/2018","13,68","13,08","13,74","12,87","29,35K","5,31%"
"28/03/2018","12,99","13,73","14,17","12,70","41,61K","-5,04%"
"29/03/2018","13,28","12,96","13,50","12,90","26,02K","2,23%"
"03/04/2018","13,30","13,25","13,34","12,51","18,80K","0,15%"
"04/04/2018","13,06","13,30","13,59","12,84","17,63K","-1,80%"
"05/04/2018","12,64","13,06","13,13","12,58","26,56K","-3,22%"
"06/04/2018","12,99","12,67","13,22","12,53","20,77K","2,77%"
"09/04/2018","13,33","12,94","13,42","12,86","17,92K","2,62%"
"10/04/2018","13,38","13,29","13,47","13,10","19,37K","0,38%"
"11/04/2018","13,43","13,36","13,59","13,24","34,41K","0,37%"
"12/04/2018","13,59","13,35","13,82","13,17","17,56K","1,19%"
"13/04/2018","13,94","13,59","14,08","13,57","29,32K","2,58%"
"16/04/2018","14,00","13,90","14,22","13,77","20,36K","0,43%"
"17/04/2018","13,74","13,96","14,06","13,71","14,54K","-1,86%"
"18/04/2018","13,89","13,74","13,92","13,59","20,32K","1,09%"
"19/04/2018","13,46","13,94","14,08","13,23","55,74K","-3,10%"
"20/04/2018","13,05","13,50","13,50","12,67","26,96K","-3,05%"
"23/04/2018","12,89","12,85","13,15","12,59","16,86K","-1,23%"
"24/04/2018","13,23","12,90","13,26","12,72","18,56K","2,64%"
"25/04/2018","13,26","13,13","13,44","13,04","23,37K","0,23%"
"26/04/2018","13,49","13,30","13,63","13,18","29,97K","1,73%"
"27/04/2018","13,56","13,45","13,64","13,29","14,13K","0,52%"
"30/04/2018","13,59","13,50","13,66","13,41","12,37K","0,22%"
"01/05/2018","13,39","13,58","13,79","13,36","9,97K","-1,47%"
"02/05/2018","13,06","13,39","13,41","12,99","22,73K","-2,46%"
"03/05/2018","12,96","13,07","13,09","12,75","14,23K","-0,77%"
"04/05/2018","13,02","12,96","13,07","12,82","10,41K","0,46%"
"07/05/2018","13,62","13,01","13,68","13,01","18,94K","4,61%"
"08/05/2018","13,60","13,65","13,68","13,38","12,14K","-0,15%"
"09/05/2018","14,00","13,65","14,13","13,61","21,15K","2,94%"
"10/05/2018","14,61","14,00","14,63","13,96","22,11K","4,36%"
"11/05/2018","14,63","14,60","14,79","14,52","14,02K","0,14%"
"14/05/2018","14,64","14,53","14,69","14,24","18,46K","0,07%"
"15/05/2018","14,32","14,54","14,96","14,30","24,47K","-2,19%"
"16/05/2018","15,18","14,30","15,25","14,14","30,08K","6,01%"
"17/05/2018","15,30","15,26","15,42","15,03","27,84K","0,79%"
"18/05/2018","15,25","15,10","15,40","14,85","13,35K","-0,33%"
"21/05/2018","15,56","15,34","15,63","15,09","9,15K","2,03%"
"22/05/2018","15,95","15,50","16,09","15,50","24,52K","2,51%"
"23/05/2018","16,01","15,89","16,04","15,65","20,34K","0,38%"
"24/05/2018","16,29","16,04","16,40","15,91","30,10K","1,75%"
"25/05/2018","16,00","16,33","16,33","15,85","16,80K","-1,78%"
"28/05/2018","16,31","15,82","16,54","15,75","8,56K","1,94%"
"29/05/2018","16,30","16,39","16,59","16,06","24,20K","-0,06%"
"30/05/2018","15,84","16,27","16,45","15,78","32,99K","-2,82%"
"31/05/2018","14,91","15,95","15,95","14,82","26,98K","-5,87%"
"01/06/2018","15,29","14,99","15,37","14,77","20,48K","2,55%"
"04/06/2018","16,13","15,25","16,20","15,19","23,47K","5,49%"
"05/06/2018","15,77","16,13","16,70","15,67","28,76K","-2,23%"
"06/06/2018","15,93","15,80","16,15","15,57","20,76K","1,01%"
"07/06/2018","16,00","16,00","16,22","15,72","25,25K","0,44%"
"08/06/2018","15,82","15,98","16,12","15,77","13,36K","-1,13%"
"11/06/2018","15,49","15,85","15,87","15,23","19,25K","-2,09%"
"12/06/2018","15,15","15,50","15,70","14,97","20,39K","-2,19%"
"13/06/2018","15,31","15,07","15,57","15,06","19,68K","1,06%"
"14/06/2018","14,91","15,34","15,60","14,89","21,53K","-2,61%"
"15/06/2018","14,53","14,88","15,07","14,47","23,17K","-2,55%"
"18/06/2018","14,60","14,51","14,97","14,34","17,34K","0,48%"
"19/06/2018","14,24","14,50","14,69","14,22","22,15K","-2,47%"
"20/06/2018","14,50","14,24","14,55","14,18","27,77K","1,83%"
"21/06/2018","14,81","14,45","14,95","14,22","26,03K","2,14%"
"22/06/2018","15,12","14,85","15,20","14,70","17,16K","2,09%"
"25/06/2018","15,03","15,15","15,30","15,00","16,90K","-0,60%"
"26/06/2018","15,03","15,02","15,12","14,75","12,91K","0,00%"
"27/06/2018","15,26","15,05","15,32","15,02","20,61K","1,53%"
"28/06/2018","15,00","15,30","15,38","14,95","15,91K","-1,70%"
"29/06/2018","14,99","14,95","15,20","14,88","10,33K","-0,07%"
"02/07/2018","15,07","14,97","15,23","14,82","14,30K","0,53%"
"03/07/2018","15,10","14,99","15,31","14,99","10,77K","0,20%"
"04/07/2018","15,52","15,08","15,55","15,06","13,30K","2,78%"
"05/07/2018","15,68","15,54","15,77","15,34","13,45K","1,03%"
"06/07/2018","15,70","15,62","15,76","15,49","19,59K","0,13%"
"09/07/2018","16,00","15,70","16,11","15,59","20,75K","1,91%"
"10/07/2018","16,05","16,03","16,26","15,96","15,39K","0,31%"
"11/07/2018","16,32","16,02","16,53","15,80","16,82K","1,68%"
"12/07/2018","16,09","16,27","16,55","15,89","14,27K","-1,41%"
"13/07/2018","16,06","16,23","16,23","15,83","7,37K","-0,19%"
"16/07/2018","15,93","16,15","16,37","15,88","9,71K","-0,81%"
"17/07/2018","16,08","15,89","16,11","15,80","10,48K","0,94%"
"18/07/2018","16,41","15,95","16,50","15,95","13,77K","2,05%"
"19/07/2018","16,86","16,37","17,06","16,37","19,02K","2,74%"
"20/07/2018","17,07","16,87","17,24","16,81","11,29K","1,25%"
"23/07/2018","17,39","17,15","17,52","17,04","15,92K","1,87%"
"24/07/2018","17,10","17,39","17,59","17,07","17,82K","-1,67%"
"25/07/2018","17,34","17,19","17,45","17,04","19,18K","1,40%"
"26/07/2018","17,29","17,29","17,37","16,94","13,64K","-0,29%"
"27/07/2018","17,12","17,35","17,35","16,97","13,53K","-0,98%"
"30/07/2018","17,05","17,12","17,28","16,94","9,05K","-0,41%"
"31/07/2018","17,40","17,02","17,44","16,76","19,57K","2,05%"
"01/08/2018","17,78","17,40","17,84","17,37","13,46K","2,18%"
"02/08/2018","17,64","17,84","17,85","17,52","7,12K","-0,79%"
"03/08/2018","17,68","17,70","17,83","17,61","10,41K","0,23%"
"06/08/2018","17,57","17,74","17,78","17,54","7,70K","-0,62%"
"07/08/2018","17,51","17,60","17,65","17,31","14,04K","-0,34%"
"08/08/2018","17,40","17,45","17,64","17,36","17,46K","-0,63%"
"09/08/2018","17,60","17,39","17,62","17,36","9,49K","1,15%"
"10/08/2018","17,89","17,62","17,92","17,49","11,18K","1,65%"
"13/08/2018","18,06","17,89","18,10","17,86","8,71K","0,95%"
"14/08/2018","18,16","18,08","18,18","17,87","12,08K","0,55%"
"15/08/2018","18,09","18,17","18,28","17,91","9,63K","-0,39%"
"16/08/2018","17,99","17,97","18,22","17,95","14,07K","-0,55%"
"17/08/2018","18,14","17,98","18,25","17,98","15,27K","0,83%"
"20/08/2018","18,49","18,11","18,52","18,11","20,38K","1,93%"
"21/08/2018","19,31","18,53","19,41","18,48","29,02K","4,43%"
"22/08/2018","19,80","19,39","19,95","19,11","20,74K","2,54%"
"23/08/2018","20,38","19,76","20,70","19,76","34,74K","2,93%"
"24/08/2018","20,69","20,47","20,84","19,96","22,49K","1,52%"
"27/08/2018","21,30","20,80","21,79","20,72","10,69K","2,95%"
"28/08/2018","20,69","21,47","21,54","20,60","21,83K","-2,86%"
"29/08/2018","21,06","20,67","21,30","20,24","20,88K","1,79%"
"30/08/2018","21,16","21,24","21,62","20,96","17,83K","0,47%"
"31/08/2018","21,09","21,25","21,57","20,94","14,52K","-0,33%"
"03/09/2018","20,17","21,09","21,17","19,95","19,88K","-4,36%"
"04/09/2018","20,18","20,25","20,69","20,03","30,33K","0,05%"
"05/09/2018","20,37","20,18","20,48","19,75","21,04K","0,94%"
"06/09/2018","21,47","20,35","21,62","20,30","21,80K","5,40%"
"07/09/2018","23,22","21,42","23,35","21,28","33,41K","8,15%"
"10/09/2018","25,23","23,23","25,79","23,03","45,39K","8,66%"
"11/09/2018","24,18","25,28","25,30","23,96","36,06K","-4,16%"
"12/09/2018","22,95","24,08","24,35","22,75","33,63K","-5,09%"
"13/09/2018","18,90","22,91","23,00","18,83","61,47K","-17,65%"
"14/09/2018","19,97","18,86","20,65","17,90","48,54K","5,66%"
"17/09/2018","20,94","19,93","21,38","19,30","26,71K","4,86%"
"18/09/2018","20,23","20,87","21,71","19,92","30,78K","-3,39%"
"19/09/2018","21,47","20,21","21,59","19,60","31,99K","6,13%"
"20/09/2018","22,03","21,45","23,00","21,38","33,00K","2,61%"
"21/09/2018","22,13","22,00","22,74","21,30","34,09K","0,45%"
"24/09/2018","22,43","22,31","23,00","22,19","24,17K","1,36%"
"25/09/2018","21,25","22,36","22,65","20,68","43,65K","-5,26%"
"26/09/2018","20,24","21,15","21,37","19,60","53,89K","-4,75%"
"27/09/2018","20,83","20,30","21,10","19,62","40,51K","2,92%"
"28/09/2018","21,21","20,84","21,27","20,30","32,38K","1,82%"
"01/10/2018","21,37","21,18","21,50","20,50","26,89K","0,75%"
"02/10/2018","20,98","21,49","21,80","20,87","25,41K","-1,82%"
"03/10/2018","21,18","20,91","21,26","20,42","31,02K","0,95%"
"04/10/2018","21,34","21,27","21,51","20,98","23,45K","0,76%"
"05/10/2018","22,16","21,26","22,19","21,00","23,41K","3,84%"
"08/10/2018","21,94","22,23","22,54","21,68","27,17K","-0,99%"
"09/10/2018","20,79","21,93","22,00","20,78","35,14K","-5,24%"
"10/10/2018","19,46","20,78","21,00","19,33","56,20K","-6,40%"
"11/10/2018","19,87","19,15","20,18","18,28","47,12K","2,11%"
"12/10/2018","20,37","19,82","20,55","19,79","38,82K","2,52%"
"15/10/2018","18,58","20,30","20,61","18,42","36,35K","-8,79%"
"16/10/2018","19,29","18,75","19,50","17,82","43,63K","3,82%"
"17/10/2018","19,27","19,26","19,39","18,70","36,72K","-0,10%"
"18/10/2018","19,74","19,19","19,80","18,12","39,41K","2,44%"
"19/10/2018","19,71","19,80","20,02","19,15","22,44K","-0,15%"
"22/10/2018","19,00","19,89","19,90","18,80","24,83K","-3,60%"
"23/10/2018","19,23","18,97","19,28","18,32","26,02K","1,21%"
"24/10/2018","19,61","19,20","19,63","19,03","24,87K","1,98%"
"25/10/2018","19,08","19,53","19,53","18,56","27,78K","-2,70%"
"26/10/2018","18,28","18,98","19,28","18,18","24,65K","-4,19%"
"29/10/2018","16,68","18,26","18,31","16,64","40,67K","-8,75%"
"30/10/2018","16,02","16,79","17,15","15,30","50,04K","-3,96%"
"31/10/2018","16,36","16,10","16,52","15,72","34,14K","2,12%"
"01/11/2018","15,62","16,33","16,33","15,10","28,39K","-4,52%"
"02/11/2018","17,08","15,79","17,49","15,65","26,44K","9,35%"
"05/11/2018","17,23","16,90","17,36","16,37","19,03K","0,88%"
"06/11/2018","17,57","17,17","17,86","16,83","25,76K","1,97%"
"07/11/2018","18,62","17,64","18,66","17,64","32,26K","5,98%"
"08/11/2018","19,56","18,65","19,78","18,60","42,27K","5,05%"
"09/11/2018","19,50","19,40","19,92","18,74","29,57K","-0,31%"
"12/11/2018","20,50","19,70","20,65","19,70","28,04K","5,13%"
"13/11/2018","20,14","20,60","20,60","19,18","38,14K","-1,76%"
"14/11/2018","19,73","19,90","20,05","19,26","24,70K","-2,04%"
"15/11/2018","19,00","19,80","19,90","18,25","36,17K","-3,70%"
"16/11/2018","19,11","18,91","19,74","18,91","22,80K","0,58%"
"19/11/2018","18,93","19,05","19,08","18,40","21,40K","-0,94%"
"20/11/2018","19,46","18,88","19,60","18,73","29,51K","2,80%"
"21/11/2018","20,49","19,45","20,55","19,30","24,02K","5,29%"
"22/11/2018","20,92","20,49","21,17","20,14","26,53K","2,10%"
"23/11/2018","20,21","20,84","21,39","20,02","48,83K","-3,39%"
"26/11/2018","19,83","20,21","20,35","19,20","21,75K","-1,88%"
"27/11/2018","19,60","19,80","19,97","19,54","16,24K","-1,16%"
"28/11/2018","19,29","19,71","19,72","18,94","24,60K","-1,58%"
"29/11/2018","20,02","19,21","20,08","19,21","24,47K","3,78%"
"30/11/2018","20,50","20,08","20,62","19,92","13,45K","2,40%"
"03/12/2018","20,63","20,59","21,11","20,45","20,57K","0,63%"
"04/12/2018","20,73","20,60","20,79","20,18","20,02K","0,48%"
"05/12/2018","19,67","20,66","20,69","19,44","29,38K","-5,11%"
"06/12/2018","19,99","19,40","20,05","17,99","45,44K","1,63%"
"07/12/2018","20,29","20,02","20,45","19,71","17,42K","1,50%"
"10/12/2018","20,86","20,20","20,99","19,75","28,93K","2,81%"
"11/12/2018","20,16","20,90","21,17","19,95","32,50K","-3,36%"
"12/12/2018","21,47","20,04","21,95","19,86","36,74K","6,50%"
"13/12/2018","22,32","21,55","22,40","21,32","46,76K","3,96%"
"14/12/2018","23,37","22,26","23,82","22,22","24,19K","4,70%"
"17/12/2018","24,26","23,34","24,32","23,12","9,93K","3,81%"
"18/12/2018","24,33","24,60","24,60","23,60","26,10K","0,29%"
"19/12/2018","24,62","24,40","24,99","24,40","17,74K","1,19%"
"20/12/2018","24,47","24,80","24,80","23,80","18,12K","-0,61%"
"21/12/2018","24,92","24,52","25,01","24,20","9,24K","1,84%"
"24/12/2018","25,18","25,09","25,48","24,56","4,52K","1,04%"
"26/12/2018","25,18","25,18","25,18","25,18","","0,00%"
"27/12/2018","25,01","25,46","25,50","24,71","8,34K","-0,68%"
"28/12/2018","24,98","24,65","25,20","24,65","7,72K","-0,12%"
"31/12/2018","25,01","24,92","25,47","24,37","3,97K","0,12%"
"02/01/2019","25,31","24,80","25,73","24,59","20,18K","1,20%"
"03/01/2019","23,32","25,14","25,15","23,24","27,07K","-7,86%"
"04/01/2019","23,73","23,25","23,96","23,00","23,50K","1,76%"
"07/01/2019","22,25","23,69","23,69","21,86","32,42K","-6,24%"
"08/01/2019","22,84","22,21","23,11","22,16","17,29K","2,65%"
"09/01/2019","22,03","22,96","23,29","21,98","31,18K","-3,55%"
"10/01/2019","22,11","21,96","22,34","21,36","24,97K","0,36%"
"11/01/2019","22,74","22,22","22,90","22,22","14,78K","2,85%"
"14/01/2019","22,55","22,93","22,93","21,78","17,95K","-0,84%"
"15/01/2019","22,62","22,73","22,92","22,40","21,99K","0,31%"
"16/01/2019","23,40","22,38","23,45","22,30","35,10K","3,45%"
"17/01/2019","23,67","23,42","23,97","23,38","31,92K","1,15%"
"18/01/2019","24,86","23,72","24,95","23,45","28,05K","5,03%"
"21/01/2019","24,47","24,85","24,85","23,93","16,62K","-1,57%"
"22/01/2019","25,21","24,47","25,35","24,25","20,10K","3,02%"
"23/01/2019","24,72","25,34","25,48","24,63","23,00K","-1,94%"
"24/01/2019","24,07","24,88","24,90","24,04","19,74K","-2,63%"
"25/01/2019","23,93","24,04","24,14","23,45","18,74K","-0,58%"
"28/01/2019","22,77","23,95","24,40","22,55","31,82K","-4,85%"
"29/01/2019","23,39","22,75","23,47","22,07","26,34K","2,72%"
"30/01/2019","23,06","23,23","23,59","22,75","24,32K","-1,41%"
"31/01/2019","22,30","23,04","23,10","22,09","24,36K","-3,30%"
"01/02/2019","21,99","22,29","22,32","21,55","23,00K","-1,39%"
"04/02/2019","23,06","21,80","23,15","21,34","24,87K","4,87%"
"05/02/2019","23,17","23,19","23,50","22,70","22,14K","0,48%"
"06/02/2019","23,70","23,02","24,05","22,85","26,60K","2,29%"
"07/02/2019","23,48","23,80","24,18","23,20","20,15K","-0,93%"
"08/02/2019","22,37","23,48","23,75","22,23","27,99K","-4,73%"
"11/02/2019","22,40","22,20","22,44","21,49","31,43K","0,13%"
"12/02/2019","20,70","22,40","22,59","20,57","36,34K","-7,59%"
"13/02/2019","20,94","20,49","21,15","19,75","54,17K","1,16%"
"14/02/2019","19,78","20,91","21,22","19,69","38,20K","-5,54%"
"15/02/2019","20,42","19,65","20,66","19,45","27,29K","3,24%"
"18/02/2019","20,01","20,50","20,84","19,82","20,59K","-2,01%"
"19/02/2019","20,21","20,06","20,59","19,87","20,24K","1,00%"
"20/02/2019","20,48","20,26","20,54","19,90","18,80K","1,34%"
"21/02/2019","18,80","20,30","20,44","18,71","41,53K","-8,20%"
"22/02/2019","18,94","18,80","19,09","18,40","27,58K","0,74%"
"25/02/2019","19,24","18,74","19,50","18,45","29,86K","1,58%"
"26/02/2019","19,66","19,24","19,89","19,12","28,43K","2,18%"
"27/02/2019","21,27","19,81","21,35","19,74","35,66K","8,19%"
"28/02/2019","21,69","21,37","22,01","20,75","30,46K","1,97%"
"01/03/2019","22,28","21,62","22,35","21,12","24,98K","2,72%"
"04/03/2019","23,13","22,20","23,25","21,88","23,27K","3,82%"
"05/03/2019","22,94","23,01","23,52","22,57","18,42K","-0,82%"
"06/03/2019","22,13","23,02","23,25","22,10","24,00K","-3,53%"
"07/03/2019","23,27","22,15","23,31","21,91","24,14K","5,15%"
"08/03/2019","23,02","23,19","23,54","22,61","21,48K","-1,07%"
"11/03/2019","22,28","22,99","23,13","22,09","19,78K","-3,21%"
"12/03/2019","22,33","22,49","23,19","22,25","26,54K","0,22%"
"13/03/2019","22,28","22,06","22,50","21,95","19,79K","-0,22%"
"14/03/2019","22,74","22,50","22,88","22,21","20,39K","2,06%"
"15/03/2019","22,47","22,95","23,10","22,21","19,27K","-1,19%"
"18/03/2019","21,82","22,25","22,40","21,10","22,46K","-2,89%"
"19/03/2019","21,12","21,87","22,00","21,05","20,53K","-3,21%"
"20/03/2019","21,64","21,05","21,92","20,60","54,91K","2,46%"
"21/03/2019","20,94","21,52","21,75","20,86","30,75K","-3,23%"
"22/03/2019","20,67","21,01","21,30","20,51","26,26K","-1,29%"
"25/03/2019","20,94","20,50","21,14","20,50","30,24K","1,31%"
"26/03/2019","21,54","21,00","21,56","20,99","31,94K","2,87%"
"27/03/2019","21,85","21,56","22,08","21,50","29,10K","1,44%"
"28/03/2019","22,26","21,89","22,53","21,53","19,86K","1,88%"
"29/03/2019","21,54","22,44","22,48","21,29","18,68K","-3,23%"
"01/04/2019","21,91","21,61","21,94","21,00","17,29K","1,72%"
"02/04/2019","22,01","21,64","22,22","21,33","18,32K","0,46%"
"03/04/2019","23,16","22,12","23,24","22,12","22,76K","5,22%"
"04/04/2019","24,44","23,20","24,47","23,20","30,79K","5,53%"
"05/04/2019","24,60","24,40","24,95","24,06","33,38K","0,65%"
"08/04/2019","24,31","24,42","24,72","23,72","24,90K","-1,18%"
"09/04/2019","25,53","24,50","25,58","24,33","31,09K","5,02%"
"10/04/2019","26,13","25,66","26,89","25,66","48,33K","2,35%"
"11/04/2019","27,32","26,38","27,41","25,83","34,21K","4,55%"
"12/04/2019","26,58","27,60","27,85","26,31","23,19K","-2,71%"
"15/04/2019","26,81","26,59","27,34","26,05","19,61K","0,87%"
"16/04/2019","27,00","26,69","27,13","26,26","21,86K","0,71%"
"17/04/2019","27,46","27,00","27,75","27,00","18,51K","1,70%"
"18/04/2019","26,89","27,30","27,59","26,64","15,15K","-2,08%"
"22/04/2019","26,89","26,89","26,89","26,89","","0,00%"
"23/04/2019","27,53","26,98","27,69","26,56","21,11K","2,38%"
"24/04/2019","27,40","27,45","27,67","26,77","23,75K","-0,47%"
"25/04/2019","27,28","27,20","27,69","26,86","22,93K","-0,44%"
"26/04/2019","25,85","27,18","27,28","25,70","26,52K","-5,24%"
"29/04/2019","26,38","26,01","26,56","25,72","15,42K","2,05%"
"30/04/2019","26,29","26,31","26,51","25,84","13,71K","-0,34%"
"01/05/2019","25,78","26,20","26,26","25,71","7,44K","-1,94%"
"02/05/2019","24,70","25,72","26,04","24,54","28,05K","-4,19%"
"03/05/2019","25,20","24,80","25,25","24,35","17,32K","2,02%"
"06/05/2019","25,33","25,25","25,50","24,50","5,77K","0,52%"
"07/05/2019","26,40","25,16","26,45","25,12","19,29K","4,22%"
"08/05/2019","26,91","26,45","26,95","25,88","20,83K","1,93%"
"09/05/2019","26,50","26,70","27,21","26,42","19,34K","-1,52%"
"10/05/2019","25,62","26,50","26,69","25,31","25,62K","-3,32%"
"13/05/2019","25,03","25,72","26,30","24,95","20,21K","-2,30%"
"14/05/2019","25,89","24,94","25,95","24,83","18,23K","3,44%"
"15/05/2019","25,97","25,89","26,14","25,24","18,25K","0,31%"
"16/05/2019","25,57","26,12","26,44","25,38","19,27K","-1,54%"
"17/05/2019","25,00","25,36","25,62","24,81","21,89K","-2,23%"
"20/05/2019","25,20","24,84","25,59","24,76","15,66K","0,80%"
"21/05/2019","25,38","25,12","25,46","24,81","17,49K","0,71%"
"22/05/2019","26,37","25,40","26,43","25,16","23,52K","3,90%"
"23/05/2019","26,06","26,47","26,49","25,60","22,61K","-1,18%"
"24/05/2019","25,47","26,05","26,16","25,25","20,46K","-2,26%"
"27/05/2019","25,59","25,66","25,74","24,96","4,01K","0,47%"
"28/05/2019","25,48","25,62","25,64","25,06","19,14K","-0,43%"
"29/05/2019","25,53","25,31","25,93","25,31","13,20K","0,20%"
"30/05/2019","25,30","25,62","25,82","25,10","11,71K","-0,90%"
"31/05/2019","24,46","25,24","25,24","24,28","20,24K","-3,32%"
"03/06/2019","23,74","24,34","24,43","23,71","22,32K","-2,94%"
"04/06/2019","24,56","23,80","24,66","23,66","23,63K","3,45%"
"05/06/2019","24,25","24,55","24,75","24,20","22,40K","-1,26%"
"06/06/2019","23,98","24,20","24,35","23,80","23,00K","-1,11%"
"07/06/2019","24,51","24,09","24,57","24,06","18,20K","2,21%"
"10/06/2019","25,20","24,58","25,23","24,40","11,00K","2,82%"
"11/06/2019","24,98","25,12","25,38","24,89","19,68K","-0,87%"
"12/06/2019","24,82","24,99","24,99","24,57","13,99K","-0,64%"
"13/06/2019","24,96","24,85","25,17","24,75","18,68K","0,56%"
"14/06/2019","25,05","25,05","25,10","24,68","14,13K","0,36%"
"17/06/2019","25,02","25,00","25,13","24,81","11,68K","-0,12%"
"18/06/2019","25,12","25,05","25,38","24,85","17,87K","0,40%"
"19/06/2019","24,96","25,03","25,35","24,92","22,70K","-0,64%"
"20/06/2019","25,10","25,00","25,15","24,70","15,74K","0,56%"
"21/06/2019","25,30","25,05","25,34","24,91","15,33K","0,80%"
"24/06/2019","26,37","25,35","26,42","25,21","29,52K","4,23%"
"25/06/2019","26,41","26,23","26,80","25,97","33,34K","0,15%"
"26/06/2019","27,39","26,38","27,48","26,37","22,35K","3,71%"
"27/06/2019","26,89","27,39","27,44","26,78","21,77K","-1,83%"
"28/06/2019","26,28","26,95","26,95","26,23","20,81K","-2,27%"
"01/07/2019","26,92","26,18","27,19","26,11","18,70K","2,44%"
"02/07/2019","26,72","26,82","27,36","26,55","21,07K","-0,74%"
"03/07/2019","26,51","26,65","26,88","26,24","17,48K","-0,79%"
"04/07/2019","26,01","26,55","26,65","25,86","16,59K","-1,89%"
"05/07/2019","26,38","26,00","26,56","25,72","16,26K","1,42%"
"08/07/2019","26,81","26,16","26,92","26,16","15,69K","1,63%"
"09/07/2019","26,56","26,83","26,98","26,53","14,95K","-0,93%"
"10/07/2019","28,19","26,53","28,31","26,45","36,87K","6,14%"
"11/07/2019","28,29","28,15","28,72","27,90","27,09K","0,35%"
"12/07/2019","28,79","28,39","28,84","27,90","20,72K","1,77%"
"15/07/2019","29,05","28,91","29,50","28,62","25,55K","0,90%"
"16/07/2019","28,47","29,05","29,40","28,39","22,38K","-2,00%"
"17/07/2019","28,47","28,51","28,74","28,05","20,47K","0,00%"
"18/07/2019","27,78","28,36","28,50","27,66","20,78K","-2,42%"
"19/07/2019","28,89","27,67","29,04","27,67","21,45K","4,00%"
"22/07/2019","28,99","28,87","29,27","28,54","22,50K","0,35%"
"23/07/2019","29,81","28,99","29,84","28,75","22,32K","2,83%"
"24/07/2019","29,19","29,72","29,95","29,10","16,64K","-2,08%"
"25/07/2019","29,02","29,19","29,74","28,95","21,77K","-0,58%"
"26/07/2019","28,29","28,97","29,20","28,07","19,55K","-2,52%"
"29/07/2019","28,42","28,27","29,28","28,15","19,08K","0,46%"
"30/07/2019","27,90","28,40","28,61","27,80","22,81K","-1,83%"
"31/07/2019","27,98","27,80","28,37","27,69","20,80K","0,29%"
"01/08/2019","29,45","28,06","29,49","27,88","17,80K","5,25%"
"02/08/2019","29,26","29,37","29,46","28,93","15,34K","-0,65%"
"05/08/2019","28,70","29,17","29,35","28,51","13,31K","-1,91%"
"06/08/2019","28,41","28,58","28,95","28,24","14,65K","-1,01%"
"07/08/2019","28,28","28,47","28,86","27,76","18,49K","-0,46%"
"08/08/2019","28,53","28,35","28,74","27,91","17,93K","0,88%"
"09/08/2019","28,12","28,54","28,79","27,92","16,42K","-1,44%"
"12/08/2019","26,70","28,08","28,27","26,66","26,95K","-5,05%"
"13/08/2019","27,10","26,67","27,29","26,19","22,55K","1,50%"
"14/08/2019","26,91","27,10","27,50","26,36","23,13K","-0,70%"
"15/08/2019","25,98","26,87","27,25","25,89","27,94K","-3,46%"
"16/08/2019","25,96","26,00","26,50","25,87","18,54K","-0,08%"
"19/08/2019","26,56","25,96","26,78","25,92","17,11K","2,31%"
"20/08/2019","26,25","26,51","27,04","26,07","16,62K","-1,17%"
"21/08/2019","26,02","26,15","26,72","25,99","18,21K","-0,88%"
"22/08/2019","25,66","26,01","26,45","25,58","25,13K","-1,38%"
"23/08/2019","25,10","25,58","25,69","24,81","23,77K","-2,18%"
"26/08/2019","25,83","25,14","25,91","24,96","10,36K","2,91%"
"27/08/2019","25,41","25,77","25,89","25,24","16,18K","-1,63%"
"28/08/2019","26,01","25,50","26,21","25,35","26,13K","2,36%"
"29/08/2019","26,46","26,20","26,52","25,75","39,44K","1,73%"
"30/08/2019","26,32","26,60","26,97","26,11","21,10K","-0,53%"
"02/09/2019","25,19","26,16","26,24","24,90","26,28K","-4,29%"
"03/09/2019","25,23","25,16","25,34","24,67","32,72K","0,16%"
"04/09/2019","25,52","25,41","25,99","25,40","24,75K","1,15%"
"05/09/2019","25,53","25,70","25,84","25,30","25,34K","0,04%"
"06/09/2019","25,08","25,51","25,74","24,85","22,84K","-1,76%"
"09/09/2019","25,02","24,94","25,42","24,90","24,16K","-0,24%"
"10/09/2019","26,72","25,03","26,93","24,90","44,95K","6,79%"
"11/09/2019","26,27","26,86","27,35","26,12","41,09K","-1,68%"
"12/09/2019","26,43","26,20","26,90","26,16","23,73K","0,61%"
"13/09/2019","26,38","26,43","26,81","26,17","22,88K","-0,19%"
"16/09/2019","27,04","26,83","27,25","26,56","17,55K","2,50%"
"17/09/2019","26,22","26,95","27,12","25,96","21,75K","-3,03%"
"18/09/2019","25,45","26,20","26,27","25,21","23,95K","-2,94%"
"19/09/2019","25,95","25,35","26,07","25,16","21,82K","1,96%"
"20/09/2019","26,53","26,00","26,76","26,00","24,22K","2,24%"
"23/09/2019","25,80","26,51","26,68","25,59","17,53K","-2,75%"
"24/09/2019","25,54","25,89","25,98","25,50","17,96K","-1,01%"
"25/09/2019","25,21","25,59","25,60","25,07","22,36K","-1,29%"
"26/09/2019","25,64","25,21","25,73","25,11","17,18K","1,71%"
"27/09/2019","25,30","25,64","25,72","24,93","16,80K","-1,33%"
"30/09/2019","24,72","25,46","25,49","24,60","19,07K","-2,29%"
"01/10/2019","25,04","24,67","25,18","24,30","23,72K","1,29%"
"02/10/2019","24,19","25,09","25,14","24,15","20,12K","-3,39%"
"03/10/2019","23,24","24,21","24,37","23,02","41,37K","-3,93%"
"04/10/2019","22,94","23,18","23,60","22,85","21,85K","-1,29%"
"07/10/2019","23,41","22,87","23,46","22,78","20,06K","2,05%"
"08/10/2019","22,53","23,50","23,60","22,42","25,76K","-3,76%"
"09/10/2019","22,65","22,44","22,77","22,03","30,13K","0,53%"
"10/10/2019","23,26","22,81","23,40","22,46","25,63K","2,69%"
"11/10/2019","24,44","23,50","24,53","23,50","32,42K","5,07%"
"14/10/2019","24,15","24,34","24,34","23,51","15,87K","-1,19%"
"15/10/2019","25,71","24,06","25,83","24,05","26,59K","6,46%"
"16/10/2019","26,30","25,73","26,45","25,14","28,57K","2,29%"
"17/10/2019","26,06","26,02","26,47","25,48","29,38K","-0,91%"
"18/10/2019","25,88","26,20","26,20","25,31","15,52K","-0,69%"
"21/10/2019","25,93","25,70","26,29","25,38","12,66K","0,19%"
"22/10/2019","25,66","25,88","26,09","25,56","16,47K","-1,04%"
"23/10/2019","24,75","25,39","25,44","24,70","22,86K","-3,55%"
"24/10/2019","25,44","24,70","25,56","24,30","17,75K","2,79%"
"25/10/2019","24,97","25,39","25,40","24,82","17,01K","-1,85%"
"28/10/2019","25,12","24,80","25,17","24,61","14,25K","0,60%"
"29/10/2019","25,45","25,15","25,87","25,15","23,71K","1,31%"
"30/10/2019","26,00","25,36","26,05","25,36","19,64K","2,16%"
"31/10/2019","25,61","26,10","26,27","25,54","16,79K","-1,50%"
"01/11/2019","25,29","25,73","26,03","24,92","16,32K","-1,25%"
"04/11/2019","25,63","25,33","25,74","24,90","17,79K","1,34%"
"05/11/2019","25,51","25,68","25,97","25,36","16,97K","-0,47%"
"06/11/2019","24,79","25,50","25,53","24,75","20,20K","-2,82%"
"07/11/2019","24,94","24,77","25,30","24,72","14,74K","0,61%"
"08/11/2019","24,84","24,89","25,06","24,56","17,92K","-0,40%"
"11/11/2019","24,93","24,88","25,38","24,84","15,80K","0,36%"
"12/11/2019","24,12","25,07","25,43","23,85","31,88K","-3,25%"
"13/11/2019","24,39","24,26","24,50","23,96","19,39K","1,12%"
"14/11/2019","23,96","24,36","24,75","23,57","29,04K","-1,76%"
"15/11/2019","23,85","23,91","24,11","23,40","20,35K","-0,46%"
"18/11/2019","23,39","23,76","23,76","23,33","19,38K","-1,93%"
"19/11/2019","23,44","23,35","23,83","23,16","25,73K","0,21%"
"20/11/2019","24,03","23,44","24,09","23,24","21,06K","2,52%"
"21/11/2019","23,94","24,06","24,23","23,81","15,66K","-0,37%"
"22/11/2019","24,58","24,04","24,66","23,97","17,33K","2,67%"
"25/11/2019","24,44","24,79","24,95","24,26","14,28K","-0,57%"
"26/11/2019","24,38","24,31","24,47","24,08","17,04K","-0,25%"
"27/11/2019","25,11","24,34","25,20","24,32","21,49K","2,99%"
"28/11/2019","25,01","25,13","25,30","24,82","15,95K","-0,40%"
"29/11/2019","25,22","25,13","25,25","24,74","24,14K","0,84%"
"02/12/2019","24,33","25,23","25,25","24,13","27,55K","-3,53%"
"03/12/2019","24,00","24,30","24,63","23,95","28,67K","-1,36%"
"04/12/2019","24,74","23,95","24,90","23,81","29,76K","3,08%"
"05/12/2019","24,69","24,80","24,80","24,21","31,92K","-0,20%"
"06/12/2019","24,94","24,60","25,04","24,51","24,73K","1,01%"
"09/12/2019","25,13","24,93","25,30","24,32","21,54K","0,76%"
"10/12/2019","24,94","25,10","25,26","24,81","27,59K","-0,76%"
"11/12/2019","24,48","24,90","25,13","24,37","24,79K","-1,84%"
"12/12/2019","25,07","24,37","25,22","24,15","31,53K","2,41%"
"13/12/2019","24,02","25,40","25,92","23,90","16,88K","-4,19%"
"16/12/2019","24,86","24,09","24,98","23,55","10,47K","3,50%"
"17/12/2019","26,07","25,16","26,35","24,97","19,70K","4,87%"
"18/12/2019","26,58","25,92","26,76","25,92","16,15K","1,96%"
"19/12/2019","26,85","26,72","27,00","26,37","11,95K","1,02%"
"20/12/2019","26,67","26,60","26,78","25,95","17,67K","-0,67%"
"23/12/2019","26,54","26,75","27,14","26,51","11,50K","-0,49%"
"24/12/2019","26,08","26,40","26,75","25,76","5,95K","-1,73%"
"26/12/2019","26,08","26,08","26,08","26,08","","0,00%"
"27/12/2019","26,70","26,04","26,87","26,04","7,26K","2,38%"
"30/12/2019","25,09","26,85","26,85","25,04","13,57K","-6,03%"
"31/12/2019","24,64","25,06","25,48","24,47","7,80K","-1,79%"
"02/01/2020","24,39","24,63","24,97","24,20","14,42K","-1,01%"
"03/01/2020","24,98","24,63","25,08","24,48","11,73K","2,42%"
"06/01/2020","24,23","25,19","25,35","24,06","18,44K","-3,00%"
"07/01/2020","24,55","24,06","24,60","23,85","19,94K","1,32%"
"08/01/2020","24,08","24,50","24,75","24,03","20,58K","-1,91%"
"09/01/2020","24,67","24,02","24,85","23,88","25,65K","2,45%"
"10/01/2020","24,21","24,70","25,05","24,02","22,27K","-1,86%"
"13/01/2020","24,14","24,05","24,49","23,93","19,90K","-0,29%"
"14/01/2020","23,84","24,06","24,06","23,60","24,75K","-1,24%"
"15/01/2020","24,51","23,90","24,61","23,72","45,48K","2,81%"
"16/01/2020","24,85","24,46","25,14","24,46","29,19K","1,39%"
"17/01/2020","25,44","24,95","25,69","24,62","27,72K","2,37%"
"20/01/2020","25,17","25,47","25,90","25,05","22,48K","-1,06%"
"21/01/2020","24,92","25,18","25,52","24,83","22,01K","-0,99%"
"22/01/2020","25,01","24,99","25,56","24,84","25,50K","0,36%"
"23/01/2020","24,70","25,12","25,14","24,32","23,60K","-1,24%"
"24/01/2020","24,38","24,79","24,89","24,18","21,32K","-1,30%"
"27/01/2020","24,59","24,55","24,63","24,06","17,44K","0,86%"
"28/01/2020","24,65","24,69","24,76","24,32","22,28K","0,24%"
"29/01/2020","23,99","24,64","24,67","23,88","33,70K","-2,68%"
"30/01/2020","23,74","23,95","23,95","23,45","32,25K","-1,04%"
"31/01/2020","23,88","23,76","24,03","23,46","20,49K","0,59%"
"03/02/2020","23,21","23,69","23,80","23,00","28,84K","-2,81%"
"04/02/2020","23,36","23,25","23,44","22,90","31,51K","0,65%"
"05/02/2020","23,77","23,44","23,90","23,09","25,35K","1,76%"
"06/02/2020","23,56","23,90","24,08","23,18","27,19K","-0,88%"
"07/02/2020","23,32","23,62","23,67","23,21","19,11K","-1,02%"
"10/02/2020","23,16","23,25","23,44","22,95","17,56K","-0,69%"
"11/02/2020","23,30","23,21","23,63","23,11","22,20K","0,60%"
"12/02/2020","23,88","23,29","23,97","23,12","28,21K","2,49%"
"13/02/2020","24,40","23,85","24,46","23,58","26,45K","2,18%"
"14/02/2020","24,29","24,43","24,67","24,13","22,57K","-0,45%"
"17/02/2020","25,05","24,21","25,08","24,04","22,22K","3,13%"
"18/02/2020","25,14","24,99","25,31","24,75","27,11K","0,36%"
"19/02/2020","25,71","25,20","25,79","25,00","24,86K","2,27%"
"20/02/2020","25,64","25,80","25,86","25,43","26,43K","-0,27%"
"21/02/2020","25,61","25,55","25,67","25,16","27,23K","-0,12%"
"24/02/2020","24,57","25,35","25,35","24,36","26,88K","-4,06%"
"25/02/2020","24,18","24,72","24,83","24,14","20,74K","-1,59%"
"26/02/2020","24,26","24,15","24,45","23,66","32,63K","0,33%"
"27/02/2020","23,60","24,00","24,05","23,47","27,47K","-2,72%"
"28/02/2020","23,61","23,41","23,71","23,18","21,20K","0,04%"
"02/03/2020","23,52","23,73","24,23","23,27","25,51K","-0,38%"
"03/03/2020","23,36","23,70","23,79","23,24","25,85K","-0,68%"
"04/03/2020","23,83","23,39","24,09","23,23","32,14K","2,01%"
"05/03/2020","23,81","23,83","24,21","23,54","20,76K","-0,08%"
"06/03/2020","23,42","23,51","23,75","23,37","20,70K","-1,64%"
"09/03/2020","23,28","23,01","23,31","22,33","39,35K","-0,60%"
"10/03/2020","24,10","23,44","24,15","23,32","37,65K","3,52%"
"11/03/2020","23,92","24,10","24,14","23,52","30,99K","-0,75%"
"12/03/2020","22,52","23,65","23,70","22,43","44,39K","-5,85%"
"13/03/2020","21,94","22,58","23,08","21,75","33,93K","-2,58%"
"16/03/2020","19,47","21,50","21,50","19,09","61,82K","-11,26%"
"17/03/2020","18,31","19,40","20,20","17,80","84,22K","-5,96%"
"18/03/2020","15,30","17,80","17,80","15,05","89,86K","-16,44%"
"19/03/2020","16,39","15,55","16,65","15,30","54,83K","7,12%"
"20/03/2020","16,11","16,66","16,92","15,69","39,02K","-1,71%"
"23/03/2020","15,54","15,21","15,64","14,34","49,50K","-3,54%"
"24/03/2020","16,78","15,96","17,27","15,70","39,06K","7,98%"
"25/03/2020","17,51","17,00","17,80","16,00","39,32K","4,35%"
"26/03/2020","17,35","17,30","17,78","16,37","30,52K","-0,91%"
"27/03/2020","16,39","17,17","17,22","16,25","29,33K","-5,53%"
"30/03/2020","17,06","16,35","17,27","16,13","27,12K","4,09%"
"31/03/2020","17,68","17,25","18,10","17,25","28,85K","3,63%"
"01/04/2020","17,08","17,24","17,34","16,70","23,01K","-3,39%"
"02/04/2020","18,06","17,40","18,24","17,17","41,32K","5,74%"
"03/04/2020","17,96","17,81","18,45","17,72","20,99K","-0,55%"
"06/04/2020","20,40","18,50","20,50","18,32","34,10K","13,59%"
"07/04/2020","20,51","21,00","21,74","20,40","38,88K","0,54%"
"08/04/2020","21,14","20,39","21,25","19,98","30,91K","3,07%"
"09/04/2020","21,08","21,31","21,77","20,86","20,87K","-0,28%"
"14/04/2020","19,81","20,95","21,27","19,65","21,82K","-6,02%"
"15/04/2020","19,25","19,64","19,75","18,86","33,24K","-2,83%"
"16/04/2020","20,94","19,20","21,11","19,16","40,29K","8,78%"
"17/04/2020","21,70","21,40","22,55","21,12","33,80K","3,63%"
"20/04/2020","21,38","21,25","21,66","20,77","22,75K","-1,47%"
"21/04/2020","19,85","21,06","21,06","19,82","34,59K","-7,16%"
"22/04/2020","20,66","19,52","21,35","19,38","43,55K","4,08%"
"23/04/2020","21,03","20,93","21,14","20,16","23,90K","1,79%"
"24/04/2020","20,74","20,73","21,35","20,39","23,22K","-1,38%"
"27/04/2020","20,28","20,98","21,18","19,90","20,74K","-2,22%"
"28/04/2020","20,21","20,15","20,77","19,86","25,40K","-0,35%"
"29/04/2020","20,19","20,42","20,68","19,92","23,54K","-0,10%"
"30/04/2020","19,57","20,30","20,50","19,27","28,07K","-3,07%"
"01/05/2020","18,97","19,45","19,63","18,86","10,42K","-3,07%"
"04/05/2020","19,35","18,91","19,40","18,62","15,95K","2,00%"
"05/05/2020","19,09","19,53","19,79","18,85","20,47K","-1,34%"
"06/05/2020","19,00","18,99","19,39","18,72","25,59K","-0,47%"
"07/05/2020","19,54","18,94","19,69","18,72","18,95K","2,84%"
"08/05/2020","19,35","19,69","19,88","19,13","13,02K","-0,97%"
"11/05/2020","19,07","19,50","19,68","18,85","19,84K","-1,45%"
"12/05/2020","18,52","18,95","19,12","18,44","27,08K","-2,88%"
"13/05/2020","18,67","18,45","18,81","18,35","23,02K","0,81%"
"14/05/2020","18,84","18,58","18,90","18,38","19,53K","0,91%"
"15/05/2020","19,17","19,02","19,35","18,95","19,82K","1,75%"
"18/05/2020","20,34","19,43","20,38","19,31","25,44K","6,10%"
"19/05/2020","19,97","20,38","20,45","19,90","20,30K","-1,82%"
"20/05/2020","21,26","19,98","21,27","19,90","30,90K","6,46%"
"21/05/2020","21,18","21,27","21,63","21,10","13,43K","-0,38%"
"22/05/2020","21,40","21,16","21,45","20,52","22,01K","1,04%"
"25/05/2020","21,59","21,40","21,70","21,23","8,17K","0,89%"
"26/05/2020","21,60","21,72","22,16","21,36","29,09K","0,05%"
"27/05/2020","21,33","21,55","21,69","21,20","23,15K","-1,25%"
"28/05/2020","21,26","21,39","21,40","20,86","21,96K","-0,33%"
"29/05/2020","21,40","21,32","21,84","21,11","16,52K","0,66%"
"01/06/2020","20,97","21,40","21,63","20,94","10,85K","-2,01%"
"02/06/2020","22,07","20,92","22,11","20,80","26,66K","5,25%"
"03/06/2020","22,08","22,15","22,40","21,67","24,34K","0,05%"
"04/06/2020","22,21","22,02","22,34","21,78","19,68K","0,59%"
"05/06/2020","23,24","22,22","23,27","22,03","26,77K","4,64%"
"08/06/2020","22,71","23,30","23,33","22,60","27,89K","-2,28%"
"09/06/2020","22,48","22,72","22,77","22,30","18,71K","-1,01%"
"10/06/2020","22,91","22,48","22,95","22,15","24,67K","1,91%"
"11/06/2020","22,27","22,69","22,74","22,12","20,08K","-2,79%"
"12/06/2020","22,00","21,99","22,45","21,77","23,83K","-1,21%"
"15/06/2020","22,16","21,74","22,22","21,57","17,57K","0,73%"
"16/06/2020","22,78","22,39","23,25","22,39","31,65K","2,80%"
"17/06/2020","22,75","22,95","23,15","22,35","27,59K","-0,13%"
"18/06/2020","24,47","22,58","24,55","22,52","42,00K","7,56%"
"19/06/2020","24,16","24,58","24,68","24,03","24,73K","-1,27%"
"22/06/2020","24,53","24,09","24,67","23,77","23,34K","1,53%"
"23/06/2020","25,41","24,53","25,50","24,39","26,01K","3,59%"
"24/06/2020","25,40","25,20","25,75","24,70","34,27K","-0,04%"
"25/06/2020","25,18","25,46","25,46","24,76","24,72K","-0,87%"
"26/06/2020","24,73","25,27","25,44","24,65","21,95K","-1,79%"
"29/06/2020","26,63","24,55","26,80","24,44","29,44K","7,68%"
"30/06/2020","26,97","26,62","27,23","26,06","33,45K","1,28%"
"01/07/2020","27,71","26,80","28,33","26,68","40,81K","2,74%"
"02/07/2020","27,37","27,10","27,97","26,70","29,87K","-1,23%"
"03/07/2020","27,91","26,90","28,02","26,58","26,16K","1,97%"
"06/07/2020","29,70","28,09","29,72","28,03","32,85K","6,41%"
"07/07/2020","29,39","29,85","29,93","29,10","27,51K","-1,04%"
"08/07/2020","29,32","29,05","29,42","28,15","35,75K","-0,24%"
"09/07/2020","28,61","29,31","29,70","28,25","19,51K","-2,42%"
"10/07/2020","29,02","28,50","29,16","27,75","26,78K","1,43%"
"13/07/2020","29,35","29,10","30,80","29,02","34,31K","1,14%"
"14/07/2020","29,64","28,84","29,87","28,71","25,48K","0,99%"
"15/07/2020","28,85","29,80","30,46","28,75","33,91K","-2,67%"
"16/07/2020","26,61","28,83","29,33","26,37","55,80K","-7,76%"
"17/07/2020","27,82","26,57","27,95","26,57","28,01K","4,55%"
"20/07/2020","26,17","27,60","27,74","25,93","25,07K","-5,93%"
"21/07/2020","26,61","26,45","27,05","25,87","29,36K","1,68%"
"22/07/2020","26,63","26,59","26,76","25,65","30,16K","0,08%"
"23/07/2020","27,33","26,69","27,45","26,54","22,55K","2,63%"
"24/07/2020","26,37","27,09","27,09","26,17","19,86K","-3,51%"
"27/07/2020","25,01","26,34","26,53","24,82","26,35K","-5,16%"
"28/07/2020","25,74","25,10","25,91","24,98","21,99K","2,92%"
"29/07/2020","26,19","25,79","26,36","25,40","21,81K","1,75%"
"30/07/2020","25,54","26,29","26,30","25,13","21,24K","-2,48%"
"31/07/2020","26,28","25,54","26,72","25,52","19,34K","2,90%"
"03/08/2020","26,13","26,28","26,50","25,52","13,78K","-0,57%"
"04/08/2020","26,83","26,38","26,90","26,05","14,92K","2,68%"
"05/08/2020","26,77","26,75","26,94","26,50","14,07K","-0,22%"
"06/08/2020","26,39","26,69","27,44","26,26","19,55K","-1,42%"
"07/08/2020","26,42","26,35","26,75","25,95","13,52K","0,11%"
"10/08/2020","26,71","26,55","27,30","26,29","16,86K","1,10%"
"11/08/2020","26,19","26,88","27,17","26,10","14,89K","-1,95%"
"12/08/2020","25,97","26,00","26,07","25,58","16,16K","-0,84%"
"13/08/2020","25,43","26,09","26,27","25,26","22,29K","-2,08%"
"14/08/2020","25,48","25,45","25,57","24,94","14,62K","0,20%"
"17/08/2020","26,30","25,74","26,38","25,06","21,70K","3,22%"
"18/08/2020","26,55","26,23","26,83","26,00","17,47K","0,95%"
"19/08/2020","26,23","26,50","26,84","26,05","15,50K","-1,21%"
"20/08/2020","25,90","26,16","26,28","25,66","15,25K","-1,26%"
"21/08/2020","25,65","25,80","25,95","25,29","11,90K","-0,97%"
"24/08/2020","27,48","25,80","27,68","25,80","19,53K","7,13%"
"25/08/2020","28,61","27,67","28,78","27,40","22,84K","4,11%"
"26/08/2020","28,62","28,66","29,21","28,31","18,77K","0,03%"
"27/08/2020","28,37","28,52","29,08","28,06","22,86K","-0,87%"
"28/08/2020","29,52","28,50","29,92","28,45","26,64K","4,05%"
"31/08/2020","28,66","29,51","30,16","28,30","15,34K","-2,91%"
"01/09/2020","27,74","28,75","28,91","27,64","25,52K","-3,21%"
"02/09/2020","28,23","27,79","28,56","27,63","25,48K","1,77%"
"03/09/2020","28,74","28,20","29,13","28,02","20,12K","1,81%"
"04/09/2020","27,36","28,54","28,96","27,21","24,23K","-4,80%"
"07/09/2020","27,05","27,36","27,61","26,66","22,81K","-1,13%"
"08/09/2020","26,79","27,36","27,97","26,75","28,21K","-0,96%"
"09/09/2020","27,20","26,66","27,29","26,09","30,27K","1,53%"
"10/09/2020","28,42","27,41","28,52","27,27","28,98K","4,49%"
"11/09/2020","28,26","28,35","28,59","27,52","17,93K","-0,56%"
"14/09/2020","30,47","28,40","30,53","28,34","38,60K","7,82%"
"15/09/2020","29,79","30,53","30,78","29,51","39,47K","-2,23%"
"16/09/2020","29,99","29,71","30,23","29,05","32,00K","0,67%"
"17/09/2020","28,43","29,84","29,84","28,35","28,65K","-5,20%"
"18/09/2020","27,99","28,43","28,87","27,80","22,42K","-1,55%"
"21/09/2020","26,40","27,75","27,85","26,09","41,19K","-5,68%"
"22/09/2020","27,85","26,48","28,06","25,70","39,87K","5,49%"
"23/09/2020","26,50","28,01","28,33","26,43","35,35K","-4,85%"
"24/09/2020","26,79","26,40","26,90","25,94","27,06K","1,09%"
"25/09/2020","26,17","26,90","26,90","25,96","19,06K","-2,31%"
"28/09/2020","27,71","26,18","27,80","25,94","26,73K","5,88%"
"29/09/2020","26,79","27,52","27,70","26,67","21,02K","-3,32%"
"30/09/2020","26,93","26,69","27,24","26,43","24,77K","0,52%"
"01/10/2020","26,51","27,35","27,35","26,25","22,67K","-1,56%"
"02/10/2020","27,03","26,25","27,44","25,92","28,57K","1,96%"
"05/10/2020","26,94","27,17","27,61","26,55","19,03K","-0,33%"
"06/10/2020","26,79","26,95","27,11","26,42","20,49K","-0,56%"
"07/10/2020","26,90","26,70","27,89","26,51","29,28K","0,41%"
"08/10/2020","26,34","27,00","27,01","26,20","30,06K","-2,08%"
"09/10/2020","25,71","26,25","26,58","25,51","25,42K","-2,39%"
"12/10/2020","25,87","25,50","25,93","25,20","20,90K","0,62%"
"13/10/2020","25,22","25,79","25,85","25,10","23,14K","-2,51%"
"14/10/2020","25,75","25,19","25,85","25,08","23,85K","2,10%"
"15/10/2020","24,96","25,78","25,78","24,61","33,61K","-3,07%"
"16/10/2020","24,89","25,01","25,57","24,76","21,93K","-0,28%"
"19/10/2020","24,98","24,81","25,20","24,57","22,97K","0,36%"
"20/10/2020","24,41","24,75","24,86","24,20","28,53K","-2,28%"
"21/10/2020","23,56","24,32","24,44","23,35","39,38K","-3,48%"
"22/10/2020","24,18","23,47","24,26","23,09","28,14K","2,63%"
"23/10/2020","25,49","24,02","25,72","24,00","31,14K","5,42%"
"26/10/2020","23,85","25,23","25,23","23,72","23,91K","-6,43%"
"27/10/2020","24,07","23,91","24,30","23,41","25,53K","0,92%"
"28/10/2020","23,03","23,80","23,80","22,88","35,92K","-4,32%"
"29/10/2020","23,67","22,90","24,08","22,90","29,85K","2,78%"
"30/10/2020","23,71","23,30","24,23","23,17","23,23K","0,17%"
"02/11/2020","23,67","23,39","23,79","22,79","28,63K","-0,17%"
"03/11/2020","24,39","23,61","24,67","23,60","29,13K","3,04%"
"04/11/2020","25,11","24,30","25,26","23,83","31,11K","2,95%"
"05/11/2020","25,98","25,18","26,18","24,84","28,68K","3,46%"
"06/11/2020","25,42","25,80","26,03","25,13","31,55K","-2,16%"
"09/11/2020","26,55","25,70","27,13","25,32","36,88K","4,45%"
"10/11/2020","26,23","26,40","26,66","26,13","25,30K","-1,21%"
"11/11/2020","26,13","26,04","27,12","26,04","30,18K","-0,38%"
"12/11/2020","25,92","26,05","26,20","25,60","24,81K","-0,80%"
"13/11/2020","26,28","25,83","26,53","25,55","19,87K","1,39%"
"16/11/2020","27,39","26,58","27,45","26,55","28,22K","4,22%"
"17/11/2020","26,64","27,38","27,48","26,55","25,24K","-2,74%"
"18/11/2020","27,19","27,50","28,14","27,10","33,45K","2,06%"
"19/11/2020","26,35","27,06","27,15","26,31","31,61K","-3,09%"
"20/11/2020","26,74","26,27","27,00","26,20","25,86K","1,48%"
"23/11/2020","27,25","27,35","27,55","27,08","31,90K","1,91%"
"24/11/2020","27,63","27,25","27,70","26,86","26,47K","1,39%"
"25/11/2020","27,62","27,75","28,12","27,53","34,85K","-0,04%"
"26/11/2020","28,10","27,68","28,32","27,32","30,30K","1,74%"
"27/11/2020","28,13","28,15","28,67","27,88","31,25K","0,11%"
"30/11/2020","29,14","28,35","29,40","28,04","41,22K","3,59%"
"01/12/2020","28,86","29,30","30,00","28,71","51,67K","-0,96%"
"02/12/2020","29,55","28,99","29,65","28,55","46,19K","2,39%"
"03/12/2020","29,00","29,60","29,75","28,90","40,03K","-1,86%"
"04/12/2020","30,11","28,90","30,32","28,90","35,35K","3,83%"
"07/12/2020","29,62","29,92","29,96","29,44","25,36K","-1,63%"
"08/12/2020","29,57","29,55","30,00","29,47","49,60K","-0,17%"
"09/12/2020","29,70","29,53","30,16","29,53","38,58K","0,44%"
"10/12/2020","30,90","29,69","31,00","29,62","41,91K","4,04%"
"11/12/2020","30,52","30,79","31,30","30,30","22,11K","-1,23%"
"14/12/2020","30,81","30,52","31,42","30,36","10,40K","0,95%"
"15/12/2020","32,18","31,00","32,40","30,92","23,87K","4,45%"
"16/12/2020","31,78","32,41","32,50","31,42","24,03K","-1,24%"
"17/12/2020","31,96","31,90","32,40","31,49","24,61K","0,57%"
"18/12/2020","31,10","32,00","32,00","30,78","14,85K","-2,69%"
"21/12/2020","30,89","30,80","30,97","29,71","22,09K","-0,68%"
"22/12/2020","31,15","30,65","31,37","30,43","11,71K","0,84%"
"23/12/2020","31,92","31,00","31,98","31,00","8,54K","2,47%"
"24/12/2020","32,19","31,97","32,40","31,79","3,41K","0,85%"
"28/12/2020","33,44","32,50","33,50","32,33","8,05K","3,88%"
"29/12/2020","33,02","33,31","33,42","32,60","9,51K","-1,26%"
"30/12/2020","32,19","33,14","33,41","32,01","10,51K","-2,51%"
"31/12/2020","32,72","32,05","32,98","32,03","5,31K","1,65%"
"04/01/2021","33,69","32,70","34,25","32,70","19,31K","2,96%"
"05/01/2021","32,96","33,75","33,75","32,75","19,37K","-2,17%"
"06/01/2021","33,63","33,14","33,71","32,83","17,36K","2,03%"
"07/01/2021","34,76","33,82","34,86","33,82","22,69K","3,36%"
"08/01/2021","34,92","35,00","35,20","34,29","20,91K","0,46%"
"11/01/2021","34,53","35,16","35,20","34,15","15,24K","-1,12%"
"12/01/2021","34,66","34,35","35,42","34,08","25,73K","0,38%"
"13/01/2021","33,65","34,57","34,66","33,07","27,14K","-2,91%"
"14/01/2021","33,53","33,49","33,92","32,76","22,87K","-0,36%"
"15/01/2021","31,74","33,49","33,49","31,62","32,23K","-5,34%"
"18/01/2021","31,62","31,62","32,32","31,29","22,73K","-0,38%"
"19/01/2021","33,09","31,71","33,12","31,71","25,22K","4,65%"
"20/01/2021","32,91","33,33","33,70","32,68","19,67K","-0,54%"
"21/01/2021","34,11","32,95","34,20","32,56","21,93K","3,65%"
"22/01/2021","34,24","34,25","34,29","33,54","16,73K","0,38%"
"25/01/2021","33,16","34,50","34,69","33,08","22,72K","-3,15%"
"26/01/2021","33,35","33,05","33,60","32,81","21,86K","0,57%"
"27/01/2021","33,28","33,34","33,45","32,22","24,87K","-0,21%"
"28/01/2021","33,95","33,56","33,97","32,89","20,57K","2,01%"
"29/01/2021","32,95","33,95","33,95","32,91","25,43K","-2,95%"
"01/02/2021","32,85","32,95","33,40","32,56","25,78K","-0,30%"
"02/02/2021","34,97","33,01","35,20","33,00","37,71K","6,45%"
"03/02/2021","37,43","35,05","37,85","34,78","50,38K","7,03%"
"04/02/2021","37,27","37,55","38,25","36,57","34,50K","-0,43%"
"05/02/2021","38,20","37,40","38,73","37,20","32,16K","2,50%"
"08/02/2021","38,61","39,20","39,80","38,46","27,55K","1,07%"
"09/02/2021","38,26","38,10","38,73","37,55","36,92K","-0,91%"
"10/02/2021","39,33","38,20","39,72","37,56","38,79K","2,80%"
"11/02/2021","38,76","39,23","40,12","38,30","55,64K","-1,45%"
"12/02/2021","40,02","37,69","40,25","37,06","46,08K","3,25%"
"15/02/2021","39,52","40,19","40,64","39,43","30,68K","-1,25%"
"16/02/2021","38,86","39,54","40,53","38,75","43,86K","-1,67%"
"17/02/2021","38,09","38,90","39,42","38,04","34,28K","-1,98%"
"18/02/2021","38,32","38,18","38,86","37,75","31,94K","0,60%"
"19/02/2021","37,40","38,27","38,69","37,35","24,61K","-2,40%"
"22/02/2021","37,96","37,40","38,15","36,50","34,48K","1,50%"
"23/02/2021","38,67","37,97","38,75","37,41","26,55K","1,87%"
"24/02/2021","39,15","38,50","39,36","38,20","21,70K","1,24%"
"25/02/2021","38,26","39,51","39,68","38,13","23,31K","-2,27%"
"26/02/2021","37,28","37,85","38,10","37,22","27,10K","-2,56%"
"01/03/2021","37,13","37,44","38,21","37,05","20,94K","-0,40%"
"02/03/2021","38,35","36,97","38,45","36,83","26,16K","3,29%"
"03/03/2021","37,47","38,39","38,45","37,11","24,90K","-2,29%"
"04/03/2021","38,16","37,54","38,43","36,65","31,66K","1,84%"
"05/03/2021","39,02","38,17","39,12","37,75","28,97K","2,25%"
"08/03/2021","39,13","39,20","39,44","38,31","21,70K","0,28%"
"09/03/2021","40,65","39,13","40,83","39,01","37,08K","3,88%"
"10/03/2021","41,54","40,83","41,85","40,50","39,05K","2,19%"
"11/03/2021","41,93","41,69","42,67","41,02","46,04K","0,94%"
"12/03/2021","42,85","41,80","42,90","41,50","27,84K","2,19%"
"15/03/2021","42,39","42,85","43,36","42,06","39,35K","-1,07%"
"16/03/2021","41,60","42,43","42,64","41,53","40,97K","-1,86%"
"17/03/2021","42,99","42,00","43,07","41,65","37,67K","3,34%"
"18/03/2021","42,40","43,00","43,77","42,20","34,12K","-1,37%"
"19/03/2021","41,97","41,87","42,32","41,20","27,04K","-1,01%"
"22/03/2021","42,84","41,80","43,00","41,69","25,82K","2,07%"
"23/03/2021","41,43","42,72","42,85","41,32","47,39K","-3,29%"
"24/03/2021","41,60","41,50","41,69","40,73","33,97K","0,41%"
"25/03/2021","40,35","41,50","41,69","39,63","45,02K","-3,00%"
"26/03/2021","41,73","40,49","41,85","40,18","24,20K","3,42%"
"29/03/2021","41,85","41,59","42,31","40,80","20,25K","0,29%"
"30/03/2021","42,05","41,99","42,51","41,45","26,18K","0,48%"
"31/03/2021","42,55","42,13","42,78","41,95","18,13K","1,19%"
"01/04/2021","42,47","42,50","42,88","42,10","17,08K","-0,19%"
"05/04/2021","42,47","42,47","42,47","42,47","","0,00%"
"06/04/2021","44,24","42,65","44,35","42,65","29,17K","4,17%"
"07/04/2021","43,86","44,35","44,35","43,54","24,15K","-0,86%"
"08/04/2021","43,48","43,86","44,05","43,32","30,53K","-0,87%"
"09/04/2021","43,64","43,57","43,80","43,16","17,46K","0,37%"
"12/04/2021","44,48","43,56","44,62","43,53","22,16K","1,92%"
"13/04/2021","43,85","44,58","44,69","43,72","23,14K","-1,42%"
"14/04/2021","43,82","43,94","44,18","43,45","23,01K","-0,07%"
"15/04/2021","44,16","43,78","44,55","43,78","18,92K","0,78%"
"16/04/2021","44,42","44,40","44,90","44,30","21,21K","0,59%"
"19/04/2021","44,35","44,38","44,95","43,85","25,10K","-0,16%"
"20/04/2021","44,89","44,15","45,19","43,89","30,81K","1,22%"
"21/04/2021","45,91","45,00","46,50","44,78","38,58K","2,27%"
"22/04/2021","47,09","46,30","47,36","46,15","38,21K","2,57%"
"23/04/2021","46,95","46,95","47,29","46,10","32,01K","-0,30%"
"26/04/2021","47,20","47,15","47,73","46,88","24,34K","0,53%"
"27/04/2021","47,30","47,40","47,89","46,35","28,97K","0,21%"
"28/04/2021","47,79","47,31","48,40","47,28","32,44K","1,04%"
"29/04/2021","48,02","47,87","48,18","47,12","23,55K","0,48%"
"30/04/2021","48,84","47,88","49,41","47,65","32,30K","1,71%"
"03/05/2021","49,42","48,95","49,90","48,86","12,70K","1,19%"
"04/05/2021","48,61","49,60","50,05","48,40","29,29K","-1,64%"
"05/05/2021","49,45","48,77","49,50","48,55","30,86K","1,73%"
"06/05/2021","49,94","49,58","50,48","49,19","37,28K","0,99%"
"07/05/2021","50,45","49,94","51,10","49,41","29,23K","1,02%"
"10/05/2021","52,22","50,90","52,77","50,90","37,30K","3,51%"
"11/05/2021","53,04","52,10","53,45","51,37","41,05K","1,57%"
"12/05/2021","55,32","53,15","55,47","53,05","50,66K","4,30%"
"13/05/2021","54,49","55,17","55,17","53,21","38,48K","-1,50%"
"14/05/2021","56,65","54,65","56,90","54,57","36,88K","3,96%"
"17/05/2021","56,34","56,65","56,74","55,30","36,82K","-0,55%"
"18/05/2021","53,07","55,84","56,50","52,41","52,67K","-5,80%"
"19/05/2021","49,68","52,25","53,01","48,61","80,53K","-6,39%"
"20/05/2021","52,70","49,75","52,81","49,60","51,14K","6,08%"
"21/05/2021","51,75","52,10","53,64","50,90","39,01K","-1,80%"
"24/05/2021","52,77","51,69","52,90","50,65","20,29K","1,97%"
"25/05/2021","53,32","52,90","53,80","52,23","36,86K","1,04%"
"26/05/2021","53,67","53,30","54,70","52,61","31,83K","0,66%"
"27/05/2021","51,84","53,00","53,64","50,95","32,83K","-3,41%"
"28/05/2021","51,03","51,60","52,40","50,22","31,52K","-1,56%"
"31/05/2021","51,70","51,63","52,03","51,25","","1,31%"
"01/06/2021","52,41","51,90","53,30","51,70","22,67K","1,37%"
"02/06/2021","51,40","52,00","52,25","50,83","28,69K","-1,93%"
"03/06/2021","50,24","51,64","52,66","50,13","32,46K","-2,26%"
"04/06/2021","49,97","50,72","51,50","49,26","34,11K","-0,54%"
"07/06/2021","51,47","49,39","52,00","49,30","13,72K","3,00%"
"08/06/2021","52,17","51,78","52,63","51,54","29,76K","1,36%"
"09/06/2021","53,51","52,47","54,19","52,35","36,08K","2,57%"
"10/06/2021","53,78","53,25","53,97","52,64","27,19K","0,50%"
"11/06/2021","52,67","52,80","53,85","52,38","23,51K","-2,06%"
"14/06/2021","52,90","52,90","53,99","52,37","28,33K","0,44%"
"15/06/2021","51,40","52,63","52,65","51,05","37,15K","-2,84%"
"16/06/2021","51,34","51,40","52,42","50,75","35,08K","-0,12%"
"17/06/2021","50,91","51,09","51,40","50,35","23,75K","-0,84%"
"18/06/2021","51,90","51,31","52,09","51,20","19,35K","1,94%"
"21/06/2021","52,42","51,78","52,99","51,61","24,94K","1,00%"
"22/06/2021","53,41","52,57","53,49","52,24","26,74K","1,89%"
"23/06/2021","54,67","53,60","54,85","53,50","36,67K","2,36%"
"24/06/2021","55,09","54,65","55,35","54,28","28,89K","0,77%"
"25/06/2021","55,05","55,19","55,82","54,86","30,71K","-0,07%"
"28/06/2021","55,50","55,25","55,94","54,58","29,64K","0,82%"
"29/06/2021","55,64","55,60","56,20","55,10","25,75K","0,25%"
"30/06/2021","56,37","55,40","56,68","55,22","29,56K","1,31%"
"01/07/2021","57,65","56,60","58,64","56,58","42,84K","2,27%"
"02/07/2021","57,35","57,89","58,41","57,00","23,29K","-0,52%"
"05/07/2021","57,87","57,53","58,40","57,41","20,98K","0,91%"
"06/07/2021","54,02","58,02","58,31","52,20","58,43K","-6,65%"
"07/07/2021","52,62","53,50","54,99","52,39","45,10K","-2,59%"
"08/07/2021","52,35","52,70","53,25","50,87","47,09K","-0,51%"
"09/07/2021","54,26","52,68","54,45","52,59","29,53K","3,65%"
"12/07/2021","51,71","54,23","54,25","51,50","31,62K","-4,70%"
"13/07/2021","52,85","51,83","53,30","51,25","26,50K","2,20%"
"14/07/2021","53,37","53,09","55,46","51,64","35,71K","0,98%"
"15/07/2021","52,97","52,48","53,57","51,88","26,93K","-0,75%"
"16/07/2021","52,89","52,88","53,65","52,29","20,24K","-0,15%"
"19/07/2021","52,41","52,69","53,97","51,97","26,15K","-0,91%"
"20/07/2021","51,21","52,42","52,58","50,50","39,36K","-2,29%"
"21/07/2021","52,14","51,17","52,30","50,89","27,70K","1,82%"
"22/07/2021","50,79","52,05","52,29","50,05","32,73K","-2,59%"
"23/07/2021","50,89","50,14","50,97","49,99","19,73K","0,20%"
"26/07/2021","53,20","50,98","53,36","50,56","25,86K","4,54%"
"27/07/2021","52,91","53,25","53,78","52,79","24,44K","-0,55%"
"28/07/2021","53,84","53,11","54,28","52,92","25,35K","1,76%"
"29/07/2021","54,05","54,14","54,35","53,02","21,81K","0,39%"
"30/07/2021","53,33","53,96","54,00","52,80","24,64K","-1,33%"
"02/08/2021","54,43","53,19","55,21","53,08","29,06K","2,06%"
"03/08/2021","54,19","54,42","55,17","54,00","19,91K","-0,44%"
"04/08/2021","55,46","54,50","55,63","54,15","21,28K","2,34%"
"05/08/2021","55,98","55,45","56,20","54,63","21,42K","0,94%"
"06/08/2021","56,66","56,10","56,97","56,10","17,05K","1,21%"
"09/08/2021","56,62","56,90","57,42","55,88","19,66K","-0,07%"
"10/08/2021","57,41","56,83","57,60","56,59","22,31K","1,40%"
"11/08/2021","57,78","57,25","58,20","55,95","26,62K","0,64%"
"12/08/2021","56,26","58,07","58,18","55,90","21,23K","-2,63%"
"13/08/2021","55,38","56,32","56,41","55,15","21,57K","-1,56%"
"16/08/2021","58,16","55,25","58,25","55,00","23,25K","5,02%"
"17/08/2021","57,23","58,19","58,25","56,98","24,35K","-1,60%"
"18/08/2021","57,13","57,33","58,08","55,34","27,62K","-0,17%"
"19/08/2021","53,50","56,44","57,10","52,51","46,83K","-6,35%"
"20/08/2021","54,38","53,90","54,88","53,45","25,32K","1,64%"
"23/08/2021","55,34","54,14","56,39","54,14","23,11K","1,77%"
"24/08/2021","56,64","55,54","56,86","55,27","17,12K","2,35%"
"25/08/2021","56,54","56,78","57,12","55,81","18,47K","-0,18%"
"26/08/2021","56,86","56,33","57,60","55,64","17,91K","0,57%"
"27/08/2021","59,00","57,03","59,95","56,87","29,69K","3,76%"
"30/08/2021","60,76","60,00","61,01","59,87","17,05K","2,98%"
"31/08/2021","60,76","60,95","60,95","59,90","21,71K","0,00%"
"01/09/2021","60,12","60,60","61,90","59,60","35,21K","-1,05%"
"02/09/2021","61,52","60,35","61,75","59,55","21,20K","2,33%"
"03/09/2021","61,32","61,32","62,45","61,12","22,86K","-0,33%"
"06/09/2021","62,31","61,40","63,19","61,40","26,37K","1,61%"
"07/09/2021","61,99","62,55","62,88","61,61","25,42K","-0,51%"
"08/09/2021","62,45","62,30","63,35","61,94","30,44K","0,74%"
"09/09/2021","62,75","62,75","63,12","61,88","29,44K","0,48%"
"10/09/2021","60,92","63,13","63,15","60,60","31,35K","-2,92%"
"13/09/2021","61,07","61,00","62,69","60,86","31,77K","0,25%"
"14/09/2021","59,85","61,50","61,98","59,28","45,86K","-2,00%"
"15/09/2021","59,86","59,64","61,44","58,74","44,79K","0,02%"
"16/09/2021","59,31","59,29","60,84","58,31","43,27K","-0,92%"
"17/09/2021","59,48","59,35","60,20","59,02","31,01K","0,29%"
"20/09/2021","60,68","59,10","61,05","58,50","38,47K","2,02%"
"21/09/2021","60,16","60,63","61,40","59,85","26,73K","-0,86%"
"22/09/2021","60,60","60,36","60,75","59,81","30,57K","0,73%"
"23/09/2021","60,54","60,50","61,16","59,13","35,64K","-0,10%"
"24/09/2021","62,94","60,74","64,16","59,92","37,08K","3,96%"
"27/09/2021","64,37","64,10","65,06","63,60","40,28K","2,27%"
"28/09/2021","61,92","65,26","65,77","61,63","45,09K","-3,81%"
"29/09/2021","62,88","62,50","63,20","61,34","35,37K","1,55%"
"30/09/2021","61,74","62,90","62,92","60,30","48,94K","-1,81%"
"01/10/2021","62,04","61,85","63,84","61,10","26,78K","0,49%"
"04/10/2021","63,40","62,98","64,49","62,31","33,25K","2,19%"
"05/10/2021","64,72","63,65","65,40","63,62","46,69K","2,08%"
"06/10/2021","59,12","65,05","65,05","58,89","73,08K","-8,65%"
"07/10/2021","60,37","59,90","60,74","57,75","49,17K","2,11%"
"08/10/2021","58,33","59,90","60,78","57,86","29,80K","-3,38%"
"11/10/2021","59,15","58,07","60,25","58,05","24,23K","1,41%"
"12/10/2021","58,93","59,00","59,50","58,49","19,74K","-0,37%"
"13/10/2021","59,07","59,40","60,24","58,25","28,58K","0,24%"
"14/10/2021","61,44","59,09","61,80","59,09","35,61K","4,01%"
"15/10/2021","59,44","61,59","61,96","58,25","28,77K","-3,26%"
"18/10/2021","58,56","58,75","59,68","57,24","31,10K","-1,48%"
"19/10/2021","54,55","57,75","58,35","54,01","48,14K","-6,85%"
"20/10/2021","57,78","54,75","58,13","54,61","33,36K","5,92%"
"21/10/2021","57,98","57,35","58,62","56,47","30,43K","0,35%"
"22/10/2021","58,27","58,04","60,20","57,90","22,04K","0,50%"
"25/10/2021","58,99","58,80","59,77","58,55","18,87K","1,24%"
"26/10/2021","59,81","59,10","60,20","58,74","22,19K","1,39%"
"27/10/2021","59,90","59,61","60,16","58,84","23,99K","0,15%"
"28/10/2021","58,57","59,50","59,65","57,92","21,53K","-2,22%"
"29/10/2021","58,71","58,71","59,55","58,11","24,79K","0,24%"
"01/11/2021","56,94","59,00","60,45","56,65","30,27K","-3,01%"
"02/11/2021","59,46","56,90","59,70","56,90","36,73K","4,43%"
"03/11/2021","59,82","59,43","60,37","59,08","22,79K","0,61%"
"04/11/2021","59,86","59,58","61,45","58,92","52,40K","0,07%"
"05/11/2021","59,39","59,70","61,23","59,29","28,40K","-0,79%"
"08/11/2021","60,63","59,84","61,12","59,80","26,37K","2,09%"
"09/11/2021","60,41","60,48","61,40","59,89","29,81K","-0,36%"
"10/11/2021","63,16","60,14","63,28","59,81","33,67K","4,55%"
"11/11/2021","63,70","63,09","63,92","62,07","24,47K","0,85%"
"12/11/2021","63,27","63,77","64,49","63,10","23,12K","-0,68%"
"15/11/2021","65,93","63,55","66,97","63,55","32,87K","4,20%"
"16/11/2021","67,55","66,50","67,89","66,17","33,18K","2,46%"
"17/11/2021","67,16","67,80","68,45","66,75","28,26K","-0,58%"
"18/11/2021","69,10","67,31","69,27","66,26","31,44K","2,89%"
"19/11/2021","69,36","69,20","69,88","68,61","26,90K","0,38%"
"22/11/2021","69,91","69,89","71,21","69,25","33,26K","0,79%"
"23/11/2021","69,17","69,70","70,64","68,75","32,43K","-1,06%"
"24/11/2021","72,91","69,52","73,18","68,93","39,16K","5,41%"
"25/11/2021","74,46","73,02","75,05","72,11","32,12K","2,13%"
"26/11/2021","72,78","74,06","74,24","70,37","39,80K","-2,26%"
"29/11/2021","74,21","73,52","75,76","73,52","30,97K","1,96%"
"30/11/2021","75,37","73,80","75,48","73,12","31,38K","1,56%"
"01/12/2021","76,81","75,67","78,43","75,23","45,15K","1,91%"
"02/12/2021","79,86","76,36","79,98","76,10","58,35K","3,97%"
"03/12/2021","78,25","79,97","80,42","78,00","24,52K","-2,02%"
"06/12/2021","81,25","78,23","81,80","78,23","30,84K","3,83%"
"07/12/2021","84,91","82,50","85,50","82,00","45,70K","4,50%"
"08/12/2021","88,88","85,20","90,75","85,07","63,62K","4,68%"
"09/12/2021","80,20","89,24","90,20","79,71","64,57K","-9,77%"
"10/12/2021","83,73","80,32","83,89","79,80","54,23K","4,40%"
"13/12/2021","82,12","84,31","86,76","81,63","36,49K","-1,92%"
"14/12/2021","79,48","81,90","83,25","78,25","56,57K","-3,21%"
"15/12/2021","80,50","79,85","81,56","79,41","59,67K","1,28%"
"16/12/2021","84,77","80,87","85,23","80,35","44,95K","5,30%"
"17/12/2021","73,28","84,25","84,50","72,58","40,24K","-13,55%"
"20/12/2021","79,38","72,91","81,01","72,91","13,73K","8,32%"
"21/12/2021","80,94","80,52","82,85","78,09","18,01K","1,97%"
"22/12/2021","76,83","80,07","80,17","75,45","31,50K","-5,08%"
"23/12/2021","74,46","77,50","77,75","74,25","19,47K","-3,08%"
"24/12/2021","76,31","74,70","76,87","74,51","2,38K","2,48%"
"27/12/2021","76,92","75,87","77,13","75,04","3,63K","0,80%"
"28/12/2021","79,29","76,80","79,69","76,21","4,61K","3,08%"
"29/12/2021","80,36","79,13","80,87","78,11","13,84K","1,35%"
"30/12/2021","80,16","80,50","80,65","79,25","8,54K","-0,25%"
"31/12/2021","80,65","79,98","81,25","79,55","3,69K","0,61%"
"03/01/2022","84,01","79,80","84,40","79,80","9,98K","4,17%"
"04/01/2022","84,91","83,95","86,80","83,81","17,53K","1,07%"
"05/01/2022","87,58","85,90","88,55","85,27","20,64K","3,14%"
"06/01/2022","86,74","87,47","87,80","85,33","13,39K","-0,96%"
"07/01/2022","85,42","86,80","87,61","85,21","15,83K","-1,52%"
"10/01/2022","80,09","86,12","87,00","79,80","30,95K","-6,24%"
"11/01/2022","81,30","81,40","84,45","80,12","23,49K","1,51%"
"12/01/2022","80,01","82,70","83,24","79,15","20,17K","-1,59%"
"13/01/2022","80,56","80,20","81,43","77,55","25,06K","0,69%"
"14/01/2022","82,08","82,05","83,75","81,50","24,95K","1,89%"
"17/01/2022","80,58","82,70","82,75","79,88","15,80K","-1,83%"
"18/01/2022","82,67","80,40","82,97","79,00","46,23K","2,59%"
"19/01/2022","82,09","82,80","82,80","80,80","31,78K","-0,70%"
"20/01/2022","85,59","81,34","85,97","80,53","31,23K","4,26%"
"21/01/2022","84,47","85,21","85,65","83,28","20,16K","-1,31%"
"24/01/2022","84,02","84,40","86,45","83,02","26,65K","-0,53%"
"25/01/2022","87,45","84,30","88,10","83,61","28,18K","4,08%"
"26/01/2022","88,66","87,37","90,00","86,63","28,00K","1,38%"
"27/01/2022","89,76","87,90","89,95","87,90","21,72K","1,24%"
"28/01/2022","89,22","89,40","90,63","88,88","19,66K","-0,60%"
"31/01/2022","89,24","89,37","89,95","88,10","17,72K","0,02%"
"01/02/2022","89,52","89,74","89,94","87,16","22,35K","0,31%"
"02/02/2022","94,21","90,00","94,62","89,60","40,36K","5,24%"
"03/02/2022","94,81","94,25","94,94","93,10","22,09K","0,64%"
"04/02/2022","96,45","94,89","97,50","94,44","27,89K","1,73%"
"07/02/2022","96,70","96,62","96,80","93,70","24,30K","0,26%"
"08/02/2022","96,93","97,00","98,49","95,25","30,32K","0,24%"
"09/02/2022","90,79","96,29","97,60","90,26","35,63K","-6,33%"
"10/02/2022","90,78","91,45","93,42","89,25","28,87K","-0,01%"
"11/02/2022","92,87","90,50","93,38","88,50","24,98K","2,30%"
"14/02/2022","91,76","93,70","94,00","89,90","23,37K","-1,20%"
"15/02/2022","91,14","91,48","92,75","90,31","26,15K","-0,68%"
"16/02/2022","89,86","90,29","91,21","87,77","31,05K","-1,40%"
"17/02/2022","86,44","89,84","90,45","85,80","31,59K","-3,81%"
"18/02/2022","89,47","86,16","89,66","86,16","21,37K","3,51%"
"21/02/2022","89,68","89,07","90,95","88,02","19,95K","0,23%"
"22/02/2022","89,77","89,90","90,28","88,10","22,31K","0,10%"
"23/02/2022","95,07","89,79","95,56","89,54","30,15K","5,90%"
"24/02/2022","87,03","95,00","95,00","86,15","49,74K","-8,46%"
"25/02/2022","88,14","88,24","89,70","87,06","20,87K","1,28%"
"28/02/2022","82,21","85,94","86,00","80,12","36,02K","-6,73%"
"01/03/2022","68,85","82,60","84,43","66,00","78,66K","-16,25%"
"02/03/2022","68,49","70,55","70,96","55,00","78,46K","-0,52%"
"03/03/2022","67,35","68,70","69,49","63,49","40,64K","-1,66%"
"04/03/2022","65,10","66,00","68,74","64,30","35,93K","-3,34%"
"07/03/2022","58,30","64,29","64,29","56,82","47,75K","-10,45%"
"08/03/2022","68,51","57,40","69,29","56,50","38,50K","17,51%"
"09/03/2022","73,18","68,02","74,67","67,22","36,12K","6,82%"
"10/03/2022","76,41","72,53","76,68","69,52","32,70K","4,41%"
"11/03/2022","76,76","75,93","78,00","73,71","22,27K","0,46%"
"14/03/2022","78,28","76,00","81,50","75,81","19,37K","1,98%"
"15/03/2022","77,43","77,00","79,15","75,01","24,73K","-1,09%"
"16/03/2022","78,16","77,51","79,11","75,25","22,57K","0,94%"
"17/03/2022","79,89","79,18","80,19","76,32","23,82K","2,21%"
"18/03/2022","78,89","80,00","80,00","78,32","19,04K","-1,25%"
"21/03/2022","78,39","78,72","79,74","77,52","13,94K","-0,63%"
"22/03/2022","80,67","79,05","81,40","78,61","18,47K","2,91%"
"23/03/2022","76,60","80,90","81,30","75,85","30,57K","-5,05%"
"24/03/2022","78,24","76,62","79,24","75,90","16,43K","2,14%"
"25/03/2022","78,60","78,26","79,06","77,23","18,50K","0,46%"
"28/03/2022","80,81","78,70","81,99","77,87","22,02K","2,81%"
"29/03/2022","81,70","80,90","81,99","80,17","25,58K","1,10%"
"30/03/2022","78,31","81,05","81,62","76,80","37,77K","-4,15%"
"31/03/2022","76,48","78,51","80,50","75,35","35,66K","-2,34%"
"01/04/2022","78,49","77,00","79,88","76,34","16,91K","2,63%"
"04/04/2022","78,50","78,22","79,40","77,14","15,61K","0,01%"
"05/04/2022","78,05","78,76","78,94","77,44","17,90K","-0,57%"
"06/04/2022","77,18","78,01","79,56","76,71","19,74K","-1,11%"
"07/04/2022","79,94","77,17","80,40","76,34","19,50K","3,58%"
"08/04/2022","80,09","79,63","80,98","79,51","13,93K","0,19%"
"11/04/2022","77,95","79,75","80,16","77,55","16,22K","-2,67%"
"12/04/2022","79,01","77,65","79,29","76,85","16,03K","1,36%"
"13/04/2022","77,44","79,17","79,17","77,23","15,19K","-1,99%"
"14/04/2022","79,97","77,38","80,25","77,38","15,28K","3,27%"
"19/04/2022","80,20","80,14","80,95","79,52","18,38K","0,29%"
"20/04/2022","87,82","80,44","88,50","79,79","30,56K","9,50%"
"21/04/2022","86,44","86,50","87,69","85,58","14,75K","-1,57%"
"22/04/2022","88,99","85,99","89,89","85,75","22,33K","2,95%"
"25/04/2022","83,46","88,09","88,32","82,30","24,04K","-6,21%"
"26/04/2022","82,71","84,58","85,25","81,95","22,85K","-0,90%"
"27/04/2022","81,01","81,25","81,94","78,80","22,30K","-2,06%"
"28/04/2022","82,68","81,48","83,67","79,90","20,23K","2,06%"
"29/04/2022","84,45","82,97","85,84","82,29","16,07K","2,14%"
"02/05/2022","83,04","83,59","84,90","82,44","10,84K","-1,67%"
"03/05/2022","88,19","83,30","89,06","82,72","23,53K","6,20%"
"04/05/2022","88,31","88,15","89,32","85,97","24,45K","0,14%"
"05/05/2022","88,91","88,70","91,99","86,82","27,93K","0,68%"
"06/05/2022","91,54","89,27","92,45","88,40","23,56K","2,96%"
"09/05/2022","87,02","91,37","92,22","86,52","29,90K","-4,94%"
"10/05/2022","87,34","87,00","88,69","85,75","20,37K","0,37%"
"11/05/2022","88,83","87,51","90,04","81,90","30,32K","1,71%"
"12/05/2022","88,26","88,58","89,05","86,71","22,74K","-0,64%"
"13/05/2022","88,48","88,07","90,50","87,60","13,90K","0,25%"
"16/05/2022","89,56","87,70","90,35","87,63","14,99K","1,22%"
"17/05/2022","91,72","90,40","92,75","89,61","19,89K","2,41%"
"18/05/2022","84,64","88,92","90,00","82,77","32,16K","-7,72%"
"19/05/2022","83,18","84,57","85,55","80,16","28,70K","-1,72%"
"20/05/2022","80,39","83,50","84,20","80,16","19,00K","-3,35%"
"23/05/2022","78,15","80,16","82,67","77,80","19,32K","-2,79%"
"24/05/2022","81,32","78,12","82,66","77,38","19,83K","4,06%"
"25/05/2022","81,40","80,84","82,63","80,29","13,83K","0,10%"
"26/05/2022","84,76","81,15","85,21","81,11","23,61K","4,13%"
"27/05/2022","84,20","84,87","85,33","83,45","12,45K","-0,66%"
"30/05/2022","83,97","84,36","85,05","83,09","11,27K","-0,27%"
"31/05/2022","84,02","84,00","85,00","83,50","12,54K","0,06%"
"01/06/2022","86,08","84,22","87,64","83,81","13,34K","2,45%"
"02/06/2022","86,34","86,15","88,64","85,62","8,33K","0,30%"
"03/06/2022","86,87","86,34","87,33","85,99","4,57K","0,61%"
"06/06/2022","81,43","87,21","87,21","81,23","16,41K","-6,26%"
"07/06/2022","81,31","82,25","82,93","80,63","18,47K","-0,15%"
"08/06/2022","79,81","80,92","81,98","79,10","27,95K","-1,84%"
"09/06/2022","81,01","80,25","82,20","79,41","19,64K","1,50%"
"10/06/2022","81,86","81,09","82,80","80,15","14,89K","1,05%"
"13/06/2022","81,54","82,10","82,24","79,81","16,78K","-0,39%"
"14/06/2022","84,15","81,82","84,50","81,25","16,34K","3,20%"
"15/06/2022","86,20","83,76","86,98","83,16","18,14K","2,44%"
"16/06/2022","83,00","86,20","86,90","82,15","17,93K","-3,71%"
"17/06/2022","82,37","82,90","84,18","81,80","14,47K","-0,76%"
"20/06/2022","84,00","83,50","85,33","82,90","14,28K","1,98%"
"21/06/2022","84,73","84,33","85,43","83,54","14,00K","0,87%"
"22/06/2022","81,88","84,50","84,83","81,20","21,27K","-3,36%"
"23/06/2022","84,13","81,75","84,25","81,55","16,81K","2,75%"
"24/06/2022","83,43","84,28","84,50","83,01","14,64K","-0,83%"
"27/06/2022","85,05","84,00","85,74","83,00","15,67K","1,94%"
"28/06/2022","87,40","84,32","88,06","83,75","15,77K","2,76%"
"29/06/2022","88,35","87,42","90,13","87,11","20,82K","1,09%"
"30/06/2022","90,16","88,10","90,33","87,30","19,04K","2,05%"
"01/07/2022","85,58","89,32","90,35","85,01","18,26K","-5,08%"
"04/07/2022","84,55","85,58","87,17","83,50","14,03K","-1,20%"
"05/07/2022","83,19","84,99","84,99","82,52","14,76K","-1,61%"
"06/07/2022","83,22","82,98","84,64","82,70","13,82K","0,04%"
"07/07/2022","84,92","83,50","85,46","82,76","14,93K","2,04%"
"08/07/2022","82,79","84,92","85,00","82,60","13,96K","-2,51%"
"11/07/2022","84,36","82,77","84,62","82,70","11,90K","1,90%"
"12/07/2022","85,65","84,60","86,06","83,33","16,96K","1,53%"
"13/07/2022","83,86","86,01","86,57","83,56","14,30K","-2,09%"
"14/07/2022","83,97","84,10","84,79","83,26","14,52K","0,13%"
"15/07/2022","85,38","83,53","85,74","83,51","14,30K","1,68%"
"18/07/2022","84,94","85,50","85,50","83,70","12,22K","-0,52%"
"19/07/2022","83,65","85,20","85,20","82,80","20,97K","-1,52%"
"20/07/2022","78,84","83,60","83,64","78,70","38,18K","-5,75%"
"21/07/2022","78,11","79,20","79,80","77,65","31,89K","-0,93%"
"22/07/2022","76,30","78,20","79,80","76,00","28,56K","-2,32%"
"25/07/2022","76,37","76,12","78,42","75,49","22,15K","0,09%"
"26/07/2022","76,68","76,69","77,50","75,85","19,52K","0,41%"
"27/07/2022","76,14","76,61","77,79","75,78","14,50K","-0,70%"
"28/07/2022","78,96","76,25","80,12","76,07","16,57K","3,70%"
"29/07/2022","78,55","78,96","79,50","77,54","18,60K","-0,52%"
"01/08/2022","80,58","78,50","80,87","78,10","11,87K","2,58%"
"02/08/2022","81,95","80,15","82,25","79,64","19,58K","1,70%"
"03/08/2022","83,99","81,83","84,10","81,65","14,09K","2,49%"
"04/08/2022","84,19","83,60","84,85","83,28","17,59K","0,24%"
"05/08/2022","84,76","84,31","85,45","83,50","12,35K","0,68%"
"08/08/2022","83,81","85,00","85,50","83,65","12,98K","-1,12%"
"09/08/2022","85,93","84,18","86,08","83,95","12,99K","2,53%"
"10/08/2022","85,92","85,50","86,30","84,25","14,48K","-0,01%"
"11/08/2022","87,55","85,98","88,03","85,35","15,57K","1,90%"
"12/08/2022","88,87","86,90","89,25","86,82","16,55K","1,51%"
"15/08/2022","90,78","89,35","90,87","88,50","14,70K","2,15%"
"16/08/2022","92,08","90,07","92,66","90,07","18,19K","1,43%"
"17/08/2022","95,80","92,35","96,44","92,23","18,64K","4,04%"
"18/08/2022","96,04","96,25","97,49","92,70","19,87K","0,25%"
"19/08/2022","98,01","96,30","99,22","95,60","14,81K","2,05%"
"22/08/2022","92,17","98,50","98,69","90,85","20,61K","-5,96%"
"23/08/2022","89,29","92,51","94,19","88,85","20,11K","-3,12%"
"24/08/2022","89,24","90,00","91,39","88,37","16,69K","-0,06%"
"25/08/2022","89,31","89,20","90,66","87,20","15,31K","0,08%"
"26/08/2022","90,31","89,04","90,49","88,06","12,41K","1,12%"
"29/08/2022","86,66","90,50","90,50","85,69","13,82K","-4,04%"
"30/08/2022","80,81","86,28","86,89","79,92","30,59K","-6,75%"
"31/08/2022","80,03","81,06","81,61","79,00","22,95K","-0,97%"
"01/09/2022","80,79","80,41","81,35","77,45","28,26K","0,95%"
"02/09/2022","77,89","80,75","81,22","77,45","19,11K","-3,59%"
"05/09/2022","74,45","77,49","77,49","73,70","29,61K","-4,42%"
"06/09/2022","69,88","74,00","74,71","69,20","36,85K","-6,14%"
"07/09/2022","69,03","69,51","71,11","68,00","28,87K","-1,22%"
"08/09/2022","67,24","69,31","69,31","66,00","24,73K","-2,59%"
"09/09/2022","66,08","67,05","67,95","65,55","19,89K","-1,73%"
"12/09/2022","71,82","65,99","72,62","65,73","22,24K","8,69%"
"13/09/2022","69,75","71,99","72,44","68,01","24,20K","-2,88%"
"14/09/2022","72,54","70,49","73,80","68,41","21,27K","4,00%"
"15/09/2022","71,85","72,38","72,55","70,00","27,11K","-0,95%"
"16/09/2022","73,27","71,85","73,93","71,11","15,44K","1,98%"
"19/09/2022","71,10","73,32","73,80","70,15","18,64K","-2,96%"
"20/09/2022","71,14","70,55","73,00","70,26","14,61K","0,06%"
"21/09/2022","69,79","71,79","71,79","69,10","16,73K","-1,90%"
"22/09/2022","70,44","69,90","71,12","69,01","12,49K","0,93%"
"23/09/2022","65,77","70,01","70,30","65,35","22,61K","-6,63%"
"26/09/2022","70,33","65,15","71,95","64,10","20,57K","6,93%"
"27/09/2022","67,96","70,33","71,10","67,37","16,53K","-3,37%"
"28/09/2022","65,15","67,80","68,27","64,37","24,12K","-4,13%"
"29/09/2022","65,73","65,53","66,86","64,14","19,93K","0,89%"
"30/09/2022","66,73","64,86","68,66","64,86","16,14K","1,52%"
"03/10/2022","65,94","66,55","66,73","64,25","14,31K","-1,18%"
"04/10/2022","66,92","66,62","68,35","65,40","19,88K","1,49%"
"05/10/2022","67,07","67,72","71,36","66,54","19,79K","0,22%"
"06/10/2022","68,96","66,89","69,49","65,50","15,70K","2,82%"
"07/10/2022","69,85","69,20","70,39","67,63","15,42K","1,29%"
"10/10/2022","66,77","68,98","69,40","65,71","17,06K","-4,41%"
"11/10/2022","66,34","66,90","67,40","65,65","16,72K","-0,64%"
"12/10/2022","66,71","66,40","68,64","65,01","21,02K","0,56%"
"13/10/2022","68,84","66,37","69,50","65,75","26,08K","3,19%"
"14/10/2022","68,02","68,72","69,00","67,12","13,34K","-1,19%"
"17/10/2022","67,51","68,01","68,63","66,26","16,57K","-0,75%"
"18/10/2022","67,77","67,29","68,39","66,51","18,00K","0,39%"
"19/10/2022","67,29","67,25","69,69","66,99","19,13K","-0,71%"
"20/10/2022","66,87","67,23","67,88","66,54","18,01K","-0,62%"
"21/10/2022","68,72","66,71","69,42","66,66","12,84K","2,77%"
"24/10/2022","72,32","69,00","72,66","67,64","23,32K","5,24%"
"25/10/2022","77,11","72,41","77,80","71,99","31,49K","6,62%"
"26/10/2022","75,79","77,25","78,87","74,90","22,98K","-1,71%"
"27/10/2022","80,21","75,26","81,00","74,90","26,46K","5,83%"
"28/10/2022","81,21","80,27","82,58","80,01","18,87K","1,25%"
"31/10/2022","79,97","81,77","82,00","78,15","13,80K","-1,53%"
"01/11/2022","76,72","79,78","80,69","75,69","20,00K","-4,06%"
"02/11/2022","76,70","77,16","78,57","76,08","13,91K","-0,03%"
"03/11/2022","76,28","76,63","78,20","75,36","26,29K","-0,55%"
"04/11/2022","76,36","76,50","79,50","76,17","20,66K","0,10%"
"07/11/2022","77,49","76,36","78,20","75,54","17,48K","1,48%"
"08/11/2022","76,06","77,75","77,79","75,55","22,83K","-1,85%"
"09/11/2022","72,76","76,06","76,94","72,55","37,96K","-4,34%"
"10/11/2022","73,05","72,50","74,29","70,50","27,27K","0,40%"
"11/11/2022","75,84","73,33","76,54","73,05","20,33K","3,82%"
"14/11/2022","75,23","75,69","76,00","74,59","20,13K","-0,80%"
"15/11/2022","76,65","75,03","77,25","74,00","20,44K","1,89%"
"16/11/2022","73,41","77,00","77,41","73,08","30,68K","-4,23%"
"17/11/2022","72,40","73,55","74,71","71,89","21,45K","-1,38%"
"18/11/2022","72,47","72,38","73,99","71,95","19,32K","0,10%"
"21/11/2022","74,61","72,54","75,20","71,68","18,75K","2,95%"
"22/11/2022","73,89","74,70","74,70","73,30","17,41K","-0,97%"
"23/11/2022","75,87","75,18","76,88","75,09","14,45K","2,68%"
"24/11/2022","78,69","76,05","78,75","75,64","14,09K","3,72%"
"25/11/2022","78,97","78,71","79,76","78,10","11,48K","0,36%"
"28/11/2022","78,59","78,92","79,00","76,92","17,25K","-0,48%"
"29/11/2022","81,39","78,86","81,50","78,05","13,53K","3,56%"
"30/11/2022","84,90","81,12","85,25","80,81","26,55K","4,31%"
"01/12/2022","84,88","84,63","88,69","83,91","22,09K","-0,02%"
"02/12/2022","87,98","85,03","87,98","84,45","16,95K","3,65%"
"05/12/2022","87,17","87,85","88,28","85,40","18,11K","-0,92%"
"06/12/2022","88,61","87,13","89,48","86,00","19,77K","1,65%"
"07/12/2022","88,19","88,29","88,67","86,13","20,68K","-0,47%"
"08/12/2022","88,93","88,15","89,54","87,62","17,00K","0,84%"
"09/12/2022","87,73","88,65","89,16","86,75","15,17K","-1,35%"
"12/12/2022","89,81","87,50","90,41","87,40","17,50K","2,37%"
"13/12/2022","88,99","90,15","90,15","87,16","21,22K","-0,91%"
"14/12/2022","86,19","88,44","89,40","84,76","24,19K","-3,15%"
"15/12/2022","85,20","86,19","87,64","85,00","19,65K","-1,15%"
"16/12/2022","83,68","85,24","86,33","83,07","14,70K","-1,78%"
"19/12/2022","87,32","85,77","87,32","83,04","10,99K","4,35%"
"20/12/2022","89,30","87,49","90,68","85,90","9,72K","2,27%"
"21/12/2022","87,70","90,02","90,02","86,66","8,00K","-1,79%"
"22/12/2022","89,16","87,59","90,55","87,22","7,55K","1,66%"
"23/12/2022","89,37","89,26","90,63","88,52","4,67K","0,24%"
"27/12/2022","88,40","89,92","91,18","87,89","3,73K","-1,09%"
"28/12/2022","86,19","88,00","88,84","86,00","6,92K","-2,50%"
"29/12/2022","84,21","86,24","86,63","84,21","6,54K","-2,30%"
"30/12/2022","82,26","84,03","85,97","80,59","7,83K","-2,32%"
"02/01/2023","85,32","82,45","86,87","82,40","2,19K","3,72%"
"03/01/2023","82,94","85,12","86,17","81,87","11,74K","-2,79%"
"04/01/2023","77,50","82,71","84,12","77,25","18,11K","-6,56%"
"05/01/2023","78,53","77,52","79,75","77,00","15,42K","1,33%"
"06/01/2023","77,62","78,61","79,64","77,08","9,40K","-1,16%"
"09/01/2023","81,00","77,64","81,88","77,01","16,09K","4,35%"
"10/01/2023","80,80","81,78","82,51","80,07","11,72K","-0,25%"
"11/01/2023","79,03","80,54","81,64","78,51","15,43K","-2,19%"
"12/01/2023","80,17","78,77","80,86","78,50","11,81K","1,44%"
"13/01/2023","79,63","80,50","80,56","78,21","13,86K","-0,67%"
"16/01/2023","77,52","79,72","79,75","77,37","16,42K","-2,65%"
"17/01/2023","79,42","77,55","80,20","77,07","17,15K","2,45%"
"18/01/2023","83,82","79,29","83,86","78,31","18,73K","5,54%"
"19/01/2023","84,26","83,32","85,35","83,13","16,89K","0,52%"
"20/01/2023","85,09","84,05","85,30","83,43","12,87K","0,99%"
"23/01/2023","84,46","84,95","85,92","83,75","12,76K","-0,74%"
"24/01/2023","81,97","84,80","84,85","81,53","19,16K","-2,95%"
"25/01/2023","84,70","81,71","85,00","81,00","17,93K","3,33%"
"26/01/2023","89,39","84,55","89,60","84,01","22,43K","5,54%"
"27/01/2023","89,55","89,30","90,70","88,63","19,01K","0,18%"
"30/01/2023","89,81","89,54","90,32","87,52","16,64K","0,29%"
"31/01/2023","93,00","89,80","93,64","88,99","23,08K","3,55%"
"01/02/2023","95,60","93,36","97,55","92,25","24,51K","2,80%"
"02/02/2023","93,59","95,45","97,13","91,81","20,71K","-2,10%"
"03/02/2023","93,67","94,24","96,00","93,06","14,01K","0,09%"
"06/02/2023","91,18","93,85","95,98","90,54","16,67K","-2,66%"
"07/02/2023","90,50","91,29","92,35","89,18","15,95K","-0,75%"
"08/02/2023","90,39","90,60","92,05","89,18","12,91K","-0,12%"
"09/02/2023","91,32","90,40","92,98","89,95","14,59K","1,03%"
"10/02/2023","93,32","91,29","93,32","90,63","12,27K","2,19%"
"13/02/2023","92,44","93,13","93,99","91,68","11,31K","-0,94%"
"14/02/2023","91,39","92,28","93,50","89,91","16,66K","-1,14%"
"15/02/2023","94,59","91,77","94,94","90,50","15,40K","3,50%"
"16/02/2023","97,85","94,51","98,31","94,21","18,74K","3,45%"
"17/02/2023","96,03","98,15","98,45","95,53","13,93K","-1,86%"
"20/02/2023","98,30","96,30","99,99","95,90","16,18K","2,36%"
"21/02/2023","100,12","98,05","101,18","96,63","19,56K","1,85%"
"22/02/2023","96,30","99,98","100,60","95,95","16,52K","-3,82%"
"23/02/2023","96,69","96,07","98,17","95,91","12,71K","0,40%"
"24/02/2023","97,85","97,09","100,15","96,83","14,91K","1,20%"
"27/02/2023","100,29","97,40","100,64","97,36","15,56K","2,49%"
"28/02/2023","99,54","100,06","100,65","99,03","15,07K","-0,75%"
"01/03/2023","97,11","99,73","99,76","96,42","16,95K","-2,44%"
"02/03/2023","93,00","96,93","98,39","92,90","21,15K","-4,23%"
"03/03/2023","92,27","93,00","93,51","91,55","16,75K","-0,78%"
"06/03/2023","92,95","92,36","94,63","92,10","13,20K","0,74%"
"07/03/2023","95,94","93,23","96,80","92,80","16,95K","3,22%"
"08/03/2023","97,83","95,98","99,00","95,90","16,93K","1,97%"
"09/03/2023","99,30","97,80","99,83","96,59","19,43K","1,50%"
"10/03/2023","100,17","99,00","100,34","98,28","16,23K","0,88%"
"13/03/2023","95,51","100,16","100,16","95,24","26,21K","-4,65%"
"14/03/2023","92,87","95,66","96,85","92,40","21,47K","-2,76%"
"15/03/2023","89,23","92,98","95,43","89,00","30,85K","-3,92%"
"16/03/2023","87,86","89,77","91,79","86,25","29,12K","-1,54%"
"17/03/2023","88,40","88,25","89,95","86,01","19,72K","0,61%"
"20/03/2023","87,85","87,27","89,15","84,75","21,95K","-0,62%"
"21/03/2023","90,44","87,85","91,50","87,65","19,13K","2,95%"
"22/03/2023","89,71","90,44","90,78","88,40","16,77K","-0,81%"
"23/03/2023","93,10","89,92","93,30","89,50","16,29K","3,78%"
"24/03/2023","87,84","92,75","94,12","86,64","26,02K","-5,65%"
"27/03/2023","88,13","88,02","89,19","86,73","13,64K","0,33%"
"28/03/2023","89,40","87,62","90,56","87,62","15,63K","1,44%"
"29/03/2023","90,02","89,47","91,10","89,33","12,36K","0,69%"
"30/03/2023","90,80","90,43","91,76","89,55","15,57K","0,87%"
"31/03/2023","91,75","90,93","92,89","90,71","14,19K","1,05%"
"03/04/2023","96,00","91,75","96,16","91,69","15,34K","4,63%"
"04/04/2023","94,98","96,00","97,35","94,63","15,77K","-1,06%"
"05/04/2023","97,01","94,97","98,00","94,78","17,83K","2,14%"
"06/04/2023","96,75","97,00","97,90","96,00","","-0,27%"
"11/04/2023","97,47","96,75","98,43","96,72","12,46K","0,74%"
"12/04/2023","96,27","97,53","98,21","95,09","16,89K","-1,23%"
"13/04/2023","94,39","96,15","96,50","93,10","14,93K","-1,95%"
"14/04/2023","94,11","94,39","94,99","93,16","11,55K","-0,30%"
"17/04/2023","92,91","94,14","94,75","92,16","11,40K","-1,28%"
"18/04/2023","95,15","92,98","95,60","92,33","14,37K","2,41%"
"19/04/2023","94,39","95,30","96,47","94,18","12,80K","-0,80%"
"20/04/2023","91,74","94,45","94,66","91,18","18,42K","-2,81%"
"21/04/2023","89,86","91,95","92,41","89,25","16,35K","-2,05%"
"24/04/2023","88,56","90,11","90,11","87,59","17,79K","-1,45%"
"25/04/2023","86,81","88,58","88,91","86,53","20,94K","-1,98%"
"26/04/2023","86,24","86,90","87,00","85,16","19,49K","-0,66%"
"27/04/2023","86,68","85,94","87,90","85,40","18,54K","0,51%"
"28/04/2023","87,65","86,49","88,11","86,13","11,92K","1,12%"
"01/05/2023","85,63","87,39","88,36","85,50","4,52K","-2,30%"
"02/05/2023","88,52","85,66","90,82","85,42","21,01K","3,37%"
"03/05/2023","85,15","89,00","89,35","84,00","24,91K","-3,81%"
"04/05/2023","84,50","85,29","85,71","83,25","17,53K","-0,76%"
"05/05/2023","84,96","84,66","86,90","84,30","12,00K","0,54%"
"08/05/2023","85,59","85,00","85,99","84,50","6,33K","0,74%"
"09/05/2023","87,51","85,57","87,75","85,20","14,24K","2,24%"
"10/05/2023","89,06","87,69","89,75","87,20","16,36K","1,77%"
"11/05/2023","88,57","89,22","90,12","87,68","16,42K","-0,55%"
"12/05/2023","88,93","88,54","89,67","88,14","9,38K","0,41%"
"15/05/2023","87,14","88,50","89,19","86,13","15,99K","-2,01%"
"16/05/2023","88,93","87,14","89,20","86,66","13,11K","2,05%"
"17/05/2023","88,04","88,77","89,75","87,55","11,44K","-1,00%"
"18/05/2023","89,65","88,49","90,21","87,92","9,13K","1,83%"
"19/05/2023","89,43","89,66","91,24","89,33","12,79K","-0,25%"
"22/05/2023","87,25","89,43","89,71","86,77","15,35K","-2,44%"
"23/05/2023","85,80","87,40","87,72","85,36","16,12K","-1,66%"
"24/05/2023","84,79","85,81","86,26","84,55","13,80K","-1,18%"
"25/05/2023","82,63","85,03","85,15","82,63","20,74K","-2,55%"
"26/05/2023","83,13","82,75","83,37","81,94","14,76K","0,61%"
"29/05/2023","83,00","83,01","84,46","82,67","4,74K","-0,16%"
"30/05/2023","80,38","83,05","83,34","80,36","24,55K","-3,16%"
"31/05/2023","80,77","80,45","81,97","79,32","21,92K","0,49%"
"01/06/2023","78,95","80,78","81,10","78,47","22,48K","-2,25%"
"02/06/2023","78,52","78,95","80,47","78,52","15,52K","-0,54%"
"05/06/2023","82,86","79,05","83,25","78,01","23,97K","5,53%"
"06/06/2023","81,64","83,00","83,48","80,28","17,91K","-1,47%"
"07/06/2023","83,86","81,64","84,19","80,10","18,61K","2,72%"
"08/06/2023","83,35","83,99","84,95","82,63","15,10K","-0,61%"
"09/06/2023","86,14","83,75","87,30","83,50","17,41K","3,35%"
"12/06/2023","88,22","86,75","88,46","84,88","17,45K","2,41%"
"13/06/2023","90,72","88,00","91,03","86,91","30,35K","2,83%"
"14/06/2023","93,62","90,46","93,99","89,91","28,12K","3,20%"
"15/06/2023","92,93","93,51","95,18","91,50","29,19K","-0,74%"
"16/06/2023","91,92","92,92","93,18","90,50","19,81K","-1,09%"
"19/06/2023","93,23","91,70","93,65","90,30","15,15K","1,43%"
"20/06/2023","94,51","93,09","96,00","92,85","23,51K","1,37%"
"21/06/2023","90,85","94,41","95,40","90,39","27,35K","-3,87%"
"22/06/2023","90,95","90,20","91,20","88,33","18,31K","0,11%"
"23/06/2023","87,55","90,90","90,90","87,55","14,05K","-3,74%"
"26/06/2023","86,49","87,69","89,65","85,89","16,58K","-1,21%"
"27/06/2023","89,09","86,49","89,17","85,80","14,66K","3,01%"
"28/06/2023","88,21","89,67","89,70","86,98","13,96K","-0,99%"
"29/06/2023","88,13","87,34","88,82","87,24","12,33K","-0,09%"
"30/06/2023","89,57","88,10","89,61","87,11","12,88K","1,63%"
"03/07/2023","87,58","89,12","89,83","87,18","13,06K","-2,22%"
"04/07/2023","87,69","87,41","88,10","86,68","10,26K","0,13%"
"05/07/2023","85,81","87,06","87,32","85,71","15,08K","-2,14%"
"06/07/2023","86,29","85,70","86,45","85,33","14,12K","0,56%"
"07/07/2023","86,15","86,05","87,85","85,83","12,12K","-0,16%"
"10/07/2023","86,26","86,16","87,17","85,48","12,70K","0,13%"
"11/07/2023","87,05","86,34","87,22","85,11","15,21K","0,92%"
"12/07/2023","85,83","87,03","88,32","85,68","15,76K","-1,40%"
"13/07/2023","85,88","85,86","86,96","85,32","11,32K","0,06%"
"14/07/2023","86,35","85,82","87,65","85,82","10,62K","0,55%"
"17/07/2023","86,78","85,93","86,81","85,18","12,73K","0,50%"
"18/07/2023","88,18","86,78","88,32","86,25","14,99K","1,61%"
"19/07/2023","88,98","88,10","89,40","87,05","15,48K","0,91%"
"20/07/2023","90,84","88,95","91,24","88,75","17,57K","2,09%"
"21/07/2023","91,82","90,80","92,30","90,33","14,12K","1,08%"
"24/07/2023","91,29","91,82","92,59","90,53","14,37K","-0,58%"
"25/07/2023","92,34","91,25","92,52","91,14","14,27K","1,15%"
"26/07/2023","90,77","92,32","93,50","90,34","16,55K","-1,70%"
"27/07/2023","90,92","90,79","91,28","89,23","15,51K","0,17%"
"28/07/2023","88,70","90,92","90,92","88,16","16,24K","-2,44%"
"31/07/2023","86,81","88,34","89,42","86,37","15,97K","-2,13%"
"01/08/2023","84,62","86,85","87,83","84,40","22,39K","-2,52%"
"02/08/2023","83,20","84,65","84,99","83,01","21,26K","-1,68%"
"03/08/2023","84,41","83,23","85,80","83,10","16,35K","1,45%"
"04/08/2023","83,41","84,99","85,63","83,30","11,73K","-1,18%"
"07/08/2023","82,64","83,55","84,56","82,56","13,37K","-0,92%"
"08/08/2023","83,97","82,70","84,47","82,31","14,58K","1,61%"
"09/08/2023","83,90","84,34","85,82","83,50","17,02K","-0,08%"
"10/08/2023","84,55","84,24","85,21","83,03","12,82K","0,77%"
"11/08/2023","86,80","84,90","86,92","84,00","10,94K","2,66%"
"14/08/2023","87,95","86,57","88,13","86,00","13,26K","1,32%"
"15/08/2023","86,87","88,23","88,60","86,70","13,02K","-1,23%"
"16/08/2023","88,58","87,64","88,89","87,35","15,60K","1,97%"
"17/08/2023","88,85","88,60","89,87","87,70","15,80K","0,30%"
"18/08/2023","88,05","88,68","89,09","87,27","12,86K","-0,90%"
"21/08/2023","87,85","88,62","88,70","86,86","11,65K","-0,23%"
"22/08/2023","90,01","87,85","90,39","87,76","19,57K","2,46%"
"23/08/2023","88,00","89,96","90,23","87,35","19,87K","-2,23%"
"24/08/2023","85,21","87,35","87,35","85,10","18,77K","-3,17%"
"25/08/2023","85,25","85,06","86,42","84,50","13,46K","0,05%"
"28/08/2023","85,60","85,40","86,50","84,79","8,13K","0,41%"
"29/08/2023","85,00","85,72","86,49","84,52","12,48K","-0,70%"
"30/08/2023","86,00","84,91","86,63","84,64","13,34K","1,18%"
"31/08/2023","86,03","86,10","87,28","85,58","11,31K","0,03%"
"01/09/2023","85,64","86,03","86,32","85,00","11,95K","-0,45%"
"04/09/2023","84,08","85,63","85,63","83,75","13,97K","-1,82%"
"05/09/2023","83,91","84,18","84,81","83,60","16,54K","-0,20%"
"06/09/2023","83,70","83,95","84,81","83,11","15,69K","-0,25%"
"07/09/2023","83,29","83,67","84,28","82,67","16,85K","-0,49%"
"08/09/2023","81,62","83,52","84,00","81,28","17,11K","-2,01%"
"11/09/2023","81,73","81,79","82,51","81,36","13,80K","0,13%"
"12/09/2023","81,12","81,85","82,41","80,98","17,50K","-0,75%"
"13/09/2023","83,76","81,25","83,83","80,57","22,49K","3,25%"
"14/09/2023","82,93","83,71","84,07","82,45","14,48K","-0,99%"
"15/09/2023","82,10","82,88","84,09","81,86","14,31K","-1,00%"
"18/09/2023","80,88","82,18","82,65","80,74","16,52K","-1,49%"
"19/09/2023","81,30","80,97","81,69","80,55","12,94K","0,52%"
"20/09/2023","82,76","81,60","82,97","80,51","18,19K","1,80%"
"21/09/2023","84,43","82,70","84,61","81,70","16,17K","2,02%"
"22/09/2023","85,30","83,94","86,05","83,65","18,47K","1,03%"
"25/09/2023","84,89","85,95","85,95","84,77","14,09K","-0,48%"
"26/09/2023","82,51","84,99","85,13","82,51","16,30K","-2,80%"
"27/09/2023","81,86","83,00","83,05","81,61","14,84K","-0,79%"
"28/09/2023","83,11","81,83","83,24","81,82","11,32K","1,53%"
"29/09/2023","81,45","83,00","83,24","81,42","11,38K","-2,00%"
"02/10/2023","80,70","81,42","81,66","80,62","14,76K","-0,92%"
"03/10/2023","79,80","80,70","80,91","79,52","23,91K","-1,12%"
"04/10/2023","81,82","79,87","82,39","79,56","20,90K","2,53%"
"05/10/2023","80,86","81,85","82,37","80,30","15,01K","-1,17%"
"06/10/2023","80,62","80,85","81,15","80,00","12,05K","-0,30%"
"09/10/2023","81,63","80,65","81,96","80,00","16,51K","1,25%"
"10/10/2023","84,74","81,87","85,06","81,60","26,15K","3,81%"
"11/10/2023","83,78","84,68","85,03","83,50","21,43K","-1,13%"
"12/10/2023","85,45","83,78","85,69","83,50","16,72K","1,99%"
"13/10/2023","85,66","85,23","86,60","84,73","22,82K","0,25%"
"16/10/2023","83,41","85,58","85,93","82,99","18,29K","-2,63%"
"17/10/2023","82,65","83,29","83,66","81,45","16,43K","-0,91%"
"18/10/2023","81,79","82,61","83,35","81,52","15,86K","-1,04%"
"19/10/2023","82,00","81,70","82,24","80,84","17,07K","0,26%"
"20/10/2023","81,67","81,98","82,50","81,05","15,05K","-0,40%"
"23/10/2023","80,30","81,39","81,50","80,06","17,53K","-1,68%"
"24/10/2023","80,66","80,26","81,34","80,21","17,18K","0,45%"
"25/10/2023","79,93","80,74","80,98","79,75","18,43K","-0,91%"
"26/10/2023","79,58","79,94","80,71","79,49","18,95K","-0,44%"
"27/10/2023","79,36","79,64","80,36","79,30","15,86K","-0,28%"
"30/10/2023","78,78","79,45","80,98","78,48","24,81K","-0,73%"
"31/10/2023","79,41","78,65","79,50","78,15","21,72K","0,80%"
"01/11/2023","78,66","79,40","80,16","78,37","19,68K","-0,94%"
"02/11/2023","79,06","78,35","79,20","76,24","34,24K","0,51%"
"03/11/2023","77,20","78,61","79,70","77,10","19,75K","-2,35%"
"06/11/2023","75,88","77,48","77,48","75,60","18,33K","-1,71%"
"07/11/2023","75,36","75,71","76,50","74,86","21,35K","-0,69%"
"08/11/2023","75,40","75,28","76,38","74,84","19,63K","0,05%"
"09/11/2023","77,30","75,65","77,69","75,19","22,23K","2,52%"
"10/11/2023","78,50","77,69","78,85","76,29","18,97K","1,55%"
"13/11/2023","77,04","78,50","78,92","76,17","19,75K","-1,86%"
"14/11/2023","78,57","77,39","79,09","76,60","19,81K","1,99%"
"15/11/2023","79,80","78,57","80,27","78,57","20,26K","1,57%"
"16/11/2023","77,20","79,80","79,89","76,49","23,12K","-3,26%"
"17/11/2023","76,23","77,09","77,68","76,02","15,96K","-1,26%"
"20/11/2023","76,66","76,63","77,80","76,15","15,54K","0,56%"
"21/11/2023","75,21","76,61","76,71","75,08","16,44K","-1,89%"
"22/11/2023","75,10","75,37","76,20","74,89","18,87K","-0,15%"
"23/11/2023","76,57","75,30","77,22","74,88","20,68K","1,96%"
"24/11/2023","76,46","76,68","77,19","76,00","13,70K","-0,14%"
"27/11/2023","73,07","76,34","76,50","72,79","28,36K","-4,43%"
"28/11/2023","72,50","73,04","73,71","72,01","23,92K","-0,78%"
"29/11/2023","70,78","72,33","73,25","70,56","28,53K","-2,37%"
"30/11/2023","70,56","70,55","71,71","70,45","26,25K","-0,31%"
"01/12/2023","72,45","70,79","73,13","70,57","21,53K","2,68%"
"04/12/2023","70,43","72,03","72,08","70,15","31,64K","-2,79%"
"05/12/2023","68,91","70,72","70,88","68,42","30,66K","-2,16%"
"06/12/2023","68,96","69,11","70,00","68,37","23,02K","0,07%"
"07/12/2023","69,97","69,13","70,19","68,65","22,52K","1,46%"
"08/12/2023","68,62","70,00","70,76","68,45","22,24K","-1,93%"
"11/12/2023","67,34","68,50","68,50","66,26","29,08K","-1,87%"
"12/12/2023","68,24","67,30","68,60","66,88","23,04K","1,34%"
"13/12/2023","68,88","68,21","69,98","68,01","26,59K","0,94%"
"14/12/2023","66,73","69,12","70,16","65,99","23,65K","-3,12%"
"15/12/2023","67,57","66,76","67,82","66,23","12,69K","1,26%"
"18/12/2023","71,72","67,43","71,72","66,30","18,51K","6,14%"
"19/12/2023","71,93","71,83","72,04","70,67","12,54K","0,29%"
"20/12/2023","75,36","71,93","75,74","71,87","21,53K","4,77%"
"21/12/2023","78,14","75,36","78,70","75,36","24,73K","3,69%"
"22/12/2023","79,14","77,80","79,35","76,80","14,36K","1,28%"
"27/12/2023","80,04","79,13","80,98","79,03","14,40K","1,14%"
"28/12/2023","80,24","79,84","80,42","78,89","12,53K","0,25%"
"29/12/2023","80,19","80,17","80,90","79,38","","-0,06%"
"02/01/2024","76,17","80,50","81,25","74,74","21,84K","-5,01%"
"03/01/2024","77,49","76,17","77,76","76,01","12,31K","1,73%"
"04/01/2024","75,87","77,49","78,29","74,90","15,83K","-2,09%"
"05/01/2024","76,14","75,86","76,77","75,21","11,75K","0,36%"
"08/01/2024","72,05","75,95","76,02","71,93","20,01K","-5,37%"
"09/01/2024","72,06","71,99","72,83","71,12","17,19K","0,01%"
"10/01/2024","70,01","71,82","72,80","69,25","21,79K","-2,84%"
"11/01/2024","67,90","69,80","70,29","66,98","25,23K","-3,01%"
"12/01/2024","65,81","68,05","69,15","64,81","26,80K","-3,08%"
"15/01/2024","66,90","66,00","67,46","64,61","22,19K","1,66%"
"16/01/2024","65,49","66,98","67,40","65,05","22,43K","-2,11%"
"17/01/2024","63,31","65,39","66,07","62,86","25,63K","-3,33%"
"18/01/2024","63,28","63,09","64,13","62,50","18,19K","-0,05%"
"19/01/2024","63,42","63,37","64,23","62,93","15,14K","0,22%"
"22/01/2024","62,41","63,03","63,03","60,86","21,64K","-1,59%"
"23/01/2024","63,27","62,00","63,80","61,60","20,28K","1,38%"
"24/01/2024","65,80","63,36","66,10","63,16","25,09K","4,00%"
"25/01/2024","63,41","66,43","66,43","62,90","25,61K","-3,63%"
"26/01/2024","63,10","63,15","65,03","62,10","21,96K","-0,49%"
"29/01/2024","61,77","63,60","64,06","61,58","22,58K","-2,11%"
"30/01/2024","64,02","61,63","64,02","61,30","22,87K","3,64%"
"31/01/2024","64,40","63,90","65,14","62,94","21,32K","0,59%"
"01/02/2024","62,32","64,16","64,87","62,10","22,15K","-3,23%"
"02/02/2024","63,50","62,05","64,37","61,90","17,96K","1,89%"
"05/02/2024","62,59","63,80","64,31","62,07","19,16K","-1,43%"
"06/02/2024","63,49","62,79","63,97","62,00","19,28K","1,44%"
"07/02/2024","62,32","63,35","63,68","62,25","17,67K","-1,84%"
"08/02/2024","60,71","62,50","62,50","60,27","26,07K","-2,58%"
"09/02/2024","58,80","60,50","60,50","58,20","26,39K","-3,15%"
"12/02/2024","57,20","58,64","58,80","56,59","24,58K","-2,72%"
"13/02/2024","56,65","57,20","57,89","55,65","23,80K","-0,96%"
"14/02/2024","56,44","56,43","57,57","55,41","23,61K","-0,37%"
"15/02/2024","57,95","56,44","59,05","56,13","28,07K","2,68%"
"16/02/2024","57,11","57,95","58,21","56,29","20,13K","-1,45%"
"19/02/2024","53,14","57,11","57,11","52,90","29,61K","-6,95%"
"20/02/2024","54,21","53,50","55,04","51,86","30,45K","2,01%"
"21/02/2024","54,51","54,05","54,98","53,28","18,58K","0,55%"
"22/02/2024","52,59","54,48","54,48","52,37","22,36K","-3,52%"
"23/02/2024","52,51","52,90","53,01","51,12","26,23K","-0,15%"
"26/02/2024","53,83","52,11","54,52","51,55","23,89K","2,51%"
"27/02/2024","55,96","53,76","56,14","52,45","30,42K","3,96%"
"28/02/2024","57,21","56,21","58,87","55,45","38,36K","2,23%"
"29/02/2024","56,44","57,53","57,81","55,25","27,04K","-1,35%"
"01/03/2024","56,31","56,50","56,84","55,08","22,85K","-0,23%"
"04/03/2024","57,28","56,40","57,77","53,50","33,98K","1,72%"
"05/03/2024","60,00","57,28","61,23","56,73","48,66K","4,75%"
"06/03/2024","58,79","60,25","62,80","58,09","44,52K","-2,02%"
"07/03/2024","59,44","58,79","61,09","57,40","36,11K","1,11%"
"08/03/2024","58,50","59,00","60,20","57,80","22,80K","-1,58%"
"11/03/2024","56,13","58,22","58,24","55,80","28,03K","-4,05%"
"12/03/2024","57,00","56,26","57,08","55,24","26,90K","1,55%"
"13/03/2024","55,87","56,86","57,90","55,65","23,40K","-1,98%"
"14/03/2024","58,80","55,85","59,18","55,08","30,35K","5,24%"
"15/03/2024","59,38","58,90","60,25","58,14","27,06K","0,99%"
"18/03/2024","61,42","59,50","62,32","59,50","33,59K","3,44%"
"19/03/2024","61,31","61,30","62,87","59,65","26,86K","-0,18%"
"20/03/2024","60,01","61,30","61,46","59,99","21,68K","-2,12%"
"21/03/2024","59,37","60,04","60,26","58,80","22,93K","-1,07%"
"22/03/2024","61,50","59,10","62,06","58,80","24,38K","3,59%"
"25/03/2024","64,84","61,69","65,49","61,68","33,71K","5,43%"
"26/03/2024","63,00","64,45","65,74","62,16","33,89K","-2,84%"
"27/03/2024","62,61","62,50","63,31","61,08","22,31K","-0,62%"
"28/03/2024","61,93","62,50","62,89","61,32","","-1,09%"
"02/04/2024","58,90","61,22","61,50","58,56","27,64K","-4,89%"
"03/04/2024","57,55","59,29","59,43","56,91","23,14K","-2,29%"
"04/04/2024","58,39","57,50","59,24","57,10","22,26K","1,46%"
"05/04/2024","61,01","58,87","61,15","58,26","25,37K","4,49%"
"08/04/2024","63,39","60,72","63,77","59,69","32,01K","3,90%"
"09/04/2024","63,96","63,39","64,64","62,53","27,84K","0,90%"
"10/04/2024","62,85","63,82","65,07","62,30","25,55K","-1,74%"
"11/04/2024","68,83","62,98","68,92","62,81","47,86K","9,51%"
"12/04/2024","71,64","68,60","71,81","68,07","46,29K","4,08%"
"15/04/2024","70,16","71,55","71,64","69,12","29,52K","-2,07%"
"16/04/2024","74,25","70,26","74,90","69,87","36,63K","5,83%"
"17/04/2024","70,33","74,13","74,48","69,24","37,88K","-5,28%"
"18/04/2024","71,55","69,90","72,22","68,15","31,33K","1,73%"
"19/04/2024","68,52","72,57","73,30","68,13","28,40K","-4,23%"
"22/04/2024","66,40","68,00","68,19","66,02","25,67K","-3,09%"
"23/04/2024","66,38","66,39","67,21","65,34","22,88K","-0,03%"
"24/04/2024","66,85","66,25","67,45","64,80","22,73K","0,71%"
"25/04/2024","68,41","67,00","69,92","66,54","27,09K","2,33%"
"26/04/2024","67,51","68,21","69,20","66,57","18,84K","-1,32%"
"29/04/2024","65,80","67,00","67,35","65,01","18,42K","-2,53%"
"30/04/2024","69,20","65,95","69,60","65,38","26,24K","5,17%"
"01/05/2024","67,91","69,19","69,26","67,35","12,26K","-1,86%"
"02/05/2024","72,69","67,88","73,18","67,25","38,25K","7,04%"
"03/05/2024","71,84","72,69","74,55","71,45","25,96K","-1,17%"
"06/05/2024","73,67","71,74","74,49","71,52","18,25K","2,55%"
"07/05/2024","70,85","73,25","74,30","70,57","31,16K","-3,83%"
"08/05/2024","71,92","71,03","72,70","69,61","21,90K","1,51%"
"09/05/2024","73,62","71,40","74,08","71,13","14,64K","2,36%"
"10/05/2024","71,59","73,50","75,50","71,28","22,20K","-2,76%"
"13/05/2024","70,07","71,33","71,49","68,75","24,98K","-2,12%"
"14/05/2024","70,10","70,02","71,32","69,02","15,41K","0,04%"
"15/05/2024","69,19","70,20","71,83","69,09","22,11K","-1,30%"
"16/05/2024","70,79","69,09","71,24","68,88","19,43K","2,31%"
"17/05/2024","70,52","70,50","71,52","69,60","19,40K","-0,38%"
"20/05/2024","74,24","71,00","74,90","71,00","28,80K","5,28%"
"21/05/2024","76,20","74,18","76,64","73,05","27,58K","2,64%"
"22/05/2024","76,67","75,83","77,50","75,50","26,14K","0,62%"
"23/05/2024","76,10","76,50","78,10","75,52","28,44K","-0,74%"
"24/05/2024","75,78","76,10","76,70","73,90","20,91K","-0,42%"
"27/05/2024","76,51","75,70","76,99","75,58","11,68K","0,96%"
"28/05/2024","74,60","75,99","76,24","74,15","20,35K","-2,50%"
"29/05/2024","73,95","74,50","75,60","72,95","21,29K","-0,87%"
"30/05/2024","75,20","73,66","75,84","73,37","19,23K","1,69%"
"31/05/2024","74,07","75,48","76,42","73,85","19,01K","-1,50%"
"03/06/2024","74,63","74,44","77,80","74,25","29,51K","0,76%"
"04/06/2024","72,58","74,52","74,71","72,27","29,74K","-2,75%"
"05/06/2024","72,00","72,72","73,26","70,96","25,06K","-0,80%"
"06/06/2024","71,53","71,82","72,98","71,25","19,25K","-0,65%"
"07/06/2024","71,42","71,78","71,88","71,02","14,70K","-0,15%"
"10/06/2024","70,91","71,14","71,20","69,29","27,32K","-0,71%"
"11/06/2024","70,41","70,80","72,17","69,87","22,85K","-0,71%"
"12/06/2024","70,30","70,45","71,75","69,97","20,42K","-0,16%"
"13/06/2024","70,87","70,30","71,99","70,30","18,92K","0,81%"
"14/06/2024","68,53","70,75","71,09","68,18","32,67K","-3,30%"
"17/06/2024","68,16","68,70","69,21","67,63","22,76K","-0,54%"
"18/06/2024","68,38","68,26","69,25","67,72","25,05K","0,32%"
"19/06/2024","70,74","68,74","70,81","68,50","20,84K","3,45%"
"20/06/2024","69,19","70,60","71,59","69,07","21,09K","-2,19%"
"21/06/2024","68,05","69,51","69,51","67,94","18,86K","-1,65%"
"24/06/2024","67,56","68,02","68,27","67,01","25,78K","-0,72%"
"25/06/2024","67,80","67,45","68,07","66,85","20,56K","0,36%"
"26/06/2024","67,23","68,35","69,09","66,80","22,83K","-0,84%"
"27/06/2024","66,49","67,03","67,78","66,42","19,50K","-1,10%"
"28/06/2024","67,36","66,71","68,40","65,79","22,06K","1,31%"
"01/07/2024","68,33","67,41","69,68","67,13","19,71K","1,44%"
"02/07/2024","70,93","68,30","71,03","67,52","27,02K","3,81%"
"03/07/2024","70,91","70,67","71,95","70,00","25,07K","-0,03%"
"04/07/2024","70,18","70,76","71,16","69,83","19,11K","-1,03%"
"05/07/2024","70,35","70,12","71,15","69,94","12,63K","0,24%"
"08/07/2024","69,04","70,59","71,85","68,80","25,02K","-1,86%"
"09/07/2024","68,52","69,15","69,19","68,18","16,72K","-0,75%"
"10/07/2024","67,96","68,66","69,40","67,86","15,81K","-0,82%"
"11/07/2024","68,52","68,15","68,83","67,60","16,48K","0,82%"
"12/07/2024","69,35","68,55","69,52","67,69","18,19K","1,21%"
"15/07/2024","67,58","69,58","69,58","67,10","22,05K","-2,55%"
"16/07/2024","67,94","67,85","68,27","67,16","18,32K","0,53%"
"17/07/2024","66,42","68,01","68,13","66,41","19,67K","-2,24%"
"18/07/2024","66,11","66,43","66,98","66,01","17,93K","-0,47%"
"19/07/2024","66,00","66,35","67,49","65,73","15,46K","-0,17%"
"22/07/2024","64,79","66,28","66,73","64,25","25,44K","-1,83%"
"23/07/2024","65,79","64,82","66,22","64,26","19,17K","1,54%"
"24/07/2024","68,90","65,79","69,02","65,55","26,23K","4,73%"
"25/07/2024","67,08","68,91","68,91","66,65","21,15K","-2,64%"
"26/07/2024","67,71","66,90","68,15","66,79","12,68K","0,94%"
"29/07/2024","68,78","67,70","68,90","67,20","16,08K","1,58%"
"30/07/2024","68,58","68,67","69,29","67,47","20,66K","-0,29%"
"31/07/2024","69,24","68,95","69,44","68,04","20,38K","0,96%"
"01/08/2024","71,17","69,55","71,50","68,83","29,18K","2,79%"
"02/08/2024","70,44","71,18","71,31","69,45","23,24K","-1,03%"
"05/08/2024","68,86","69,75","69,75","67,86","23,05K","-2,24%"
"06/08/2024","69,96","69,02","70,39","69,02","22,12K","1,60%"
"07/08/2024","70,57","69,96","71,43","69,10","23,50K","0,87%"
"08/08/2024","71,06","71,19","71,73","69,72","25,35K","0,69%"
"09/08/2024","70,14","71,00","71,86","69,61","20,31K","-1,29%"
"12/08/2024","72,65","70,08","74,13","69,46","39,26K","3,58%"
"13/08/2024","71,29","72,14","73,06","71,14","25,78K","-1,87%"
"14/08/2024","71,87","71,35","72,44","71,26","15,75K","0,81%"
"15/08/2024","72,11","71,98","72,23","70,48","22,49K","0,33%"
"16/08/2024","72,52","72,19","72,98","71,50","14,66K","0,57%"
"19/08/2024","73,14","72,50","73,80","72,01","20,35K","0,85%"
"20/08/2024","73,07","72,94","74,75","72,65","30,00K","-0,10%"
"21/08/2024","72,14","73,29","73,83","71,68","20,05K","-1,27%"
"22/08/2024","71,57","72,42","72,64","71,17","22,10K","-0,79%"
"23/08/2024","71,13","71,51","72,37","70,62","16,66K","-0,61%"
"26/08/2024","70,49","71,10","71,75","70,07","17,22K","-0,90%"
"27/08/2024","71,49","70,67","71,93","70,24","20,82K","1,42%"
"28/08/2024","70,77","71,51","72,21","70,35","22,67K","-1,01%"
"29/08/2024","71,06","70,65","71,23","70,08","20,68K","0,41%"
"30/08/2024","70,30","71,09","71,45","69,96","20,56K","-1,07%"
"02/09/2024","70,43","70,03","70,99","69,56","24,52K","0,18%"
"03/09/2024","68,16","70,41","70,44","68,10","34,50K","-3,22%"
"04/09/2024","67,00","68,10","68,47","66,75","28,04K","-1,70%"
"05/09/2024","66,20","66,79","67,68","65,95","33,56K","-1,19%"
"06/09/2024","66,50","66,10","67,74","66,04","33,39K","0,45%"
"09/09/2024","66,52","66,50","67,45","66,06","24,49K","0,03%"
"10/09/2024","64,92","66,27","67,18","64,76","34,48K","-2,41%"
"11/09/2024","66,40","65,14","66,53","64,71","31,44K","2,28%"
"12/09/2024","65,45","66,08","66,43","65,11","24,04K","-1,43%"
"13/09/2024","64,99","65,25","65,94","64,60","25,95K","-0,70%"
"16/09/2024","63,21","64,85","64,97","63,15","37,01K","-2,74%"
"17/09/2024","64,34","63,20","65,16","62,45","33,43K","1,79%"
"18/09/2024","63,70","64,49","64,88","63,21","22,57K","-0,99%"
"19/09/2024","62,82","63,93","65,42","62,39","49,40K","-1,38%"
"20/09/2024","63,39","63,50","64,15","62,88","24,41K","0,91%"
"23/09/2024","64,10","63,70","64,72","63,34","27,18K","1,12%"
"24/09/2024","63,87","64,21","64,93","63,53","30,76K","-0,36%"
"25/09/2024","65,24","64,28","65,59","63,65","33,93K","2,14%"
"26/09/2024","66,52","65,25","66,75","64,34","31,10K","1,96%"
"27/09/2024","66,33","66,00","66,46","65,28","21,37K","-0,29%"
"30/09/2024","65,56","66,46","66,97","65,13","25,80K","-1,16%"
"01/10/2024","63,61","65,23","65,23","62,75","48,31K","-2,97%"
"02/10/2024","62,60","63,90","65,04","62,54","35,78K","-1,59%"
"03/10/2024","62,76","62,56","62,96","62,01","23,40K","0,26%"
"04/10/2024","62,05","62,04","62,57","61,41","25,34K","-1,13%"
"07/10/2024","61,76","61,52","62,50","60,06","61,01K","-0,47%"
"08/10/2024","60,29","61,92","61,92","60,07","31,76K","-2,38%"
"09/10/2024","62,01","60,19","62,71","59,95","36,11K","2,85%"
"10/10/2024","65,00","62,52","65,21","62,04","30,19K","4,82%"
"11/10/2024","64,62","64,90","65,09","63,75","25,05K","-0,58%"
"14/10/2024","65,97","64,75","66,18","63,85","23,33K","2,09%"
"15/10/2024","65,09","65,41","65,59","64,17","25,00K","-1,33%"
"16/10/2024","63,03","64,84","65,63","62,80","28,45K","-3,16%"
"17/10/2024","62,98","63,03","63,64","62,63","20,47K","-0,08%"
"18/10/2024","62,28","63,00","63,47","62,22","21,06K","-1,11%"
"21/10/2024","61,76","62,45","62,95","61,36","23,68K","-0,83%"
"22/10/2024","62,25","61,90","62,56","61,29","26,27K","0,79%"
"23/10/2024","64,89","62,35","65,36","61,71","30,50K","4,24%"
"24/10/2024","66,63","64,95","67,57","64,75","41,94K","2,68%"
"25/10/2024","66,97","66,61","67,36","66,08","31,31K","0,51%"
"28/10/2024","66,40","66,25","66,61","64,61","27,99K","-0,85%"
"29/10/2024","67,28","66,82","67,75","66,14","33,57K","1,33%"
"30/10/2024","65,47","66,85","67,19","64,94","25,80K","-2,69%"
"31/10/2024","64,58","65,48","65,95","63,54","27,40K","-1,36%"
"01/11/2024","63,87","63,78","64,96","63,22","24,86K","-1,10%"
"04/11/2024","65,22","64,09","65,89","64,00","25,33K","2,11%"
"05/11/2024","64,30","65,46","65,69","64,10","24,33K","-1,41%"
"06/11/2024","63,76","64,00","64,19","62,37","32,21K","-0,84%"
"07/11/2024","66,04","63,78","66,29","63,65","30,69K","3,58%"
"08/11/2024","68,02","66,25","68,28","65,96","36,64K","3,00%"
"11/11/2024","67,57","67,27","68,80","66,92","32,43K","-0,66%"
"12/11/2024","67,53","67,50","67,77","65,76","33,59K","-0,06%"
"13/11/2024","66,31","67,12","67,24","65,39","34,37K","-1,81%"
"14/11/2024","68,27","66,72","68,46","66,61","37,66K","2,96%"
"15/11/2024","68,01","68,25","68,80","66,75","32,70K","-0,38%"
"18/11/2024","69,51","67,28","70,03","66,96","38,33K","2,21%"
"19/11/2024","68,13","69,47","69,83","67,84","35,33K","-1,99%"
"20/11/2024","68,38","68,02","69,40","67,89","27,20K","0,37%"
"21/11/2024","69,99","68,46","70,78","68,45","40,08K","2,35%"
"22/11/2024","69,27","70,49","70,96","69,01","39,97K","-1,03%"
"25/11/2024","69,86","69,75","71,54","69,24","32,35K","0,85%"
"26/11/2024","69,23","69,70","69,75","68,25","34,26K","-0,90%"
"27/11/2024","68,47","69,24","69,38","67,70","26,00K","-1,10%"
"28/11/2024","67,63","68,13","68,91","67,53","25,89K","-1,23%"
"29/11/2024","68,40","67,85","68,54","67,13","22,28K","1,14%"
"02/12/2024","68,83","68,55","70,14","68,10","33,72K","0,63%"
"03/12/2024","68,49","68,90","69,25","67,85","29,00K","-0,49%"
"04/12/2024","67,86","68,01","68,28","67,28","29,53K","-0,92%"
"05/12/2024","67,34","67,81","68,69","66,91","28,10K","-0,77%"
"06/12/2024","68,31","67,25","68,74","66,92","29,00K","1,44%"
"09/12/2024","66,37","68,55","68,70","65,93","47,07K","-2,84%"
"10/12/2024","68,18","66,35","68,72","66,15","42,96K","2,73%"
"11/12/2024","68,63","68,30","69,58","67,91","43,39K","0,66%"
"12/12/2024","66,10","68,53","68,84","65,54","47,62K","-3,69%"
"13/12/2024","64,43","65,81","66,61","64,15","20,48K","-2,53%"
"16/12/2024","65,27","64,05","64,31","62,73","6,17K","1,30%"
"17/12/2024","64,26","65,00","65,85","64,05","26,90K","-1,55%"
"18/12/2024","64,86","64,40","65,75","64,15","25,37K","0,93%"
"19/12/2024","67,69","65,00","68,00","64,78","34,21K","4,36%"
"20/12/2024","68,20","67,85","68,70","67,40","16,85K","0,75%"
"23/12/2024","69,68","68,00","70,15","67,36","16,22K","2,17%"
"24/12/2024","69,47","69,66","70,05","69,06","6,14K","-0,30%"
"27/12/2024","71,56","69,75","71,80","69,61","13,79K","3,01%"
"30/12/2024","71,98","71,65","72,06","70,40","15,23K","0,59%"
"31/12/2024","73,00","72,04","73,62","71,90","14,67K","1,42%"
"02/01/2025","75,19","73,55","75,35","72,00","26,45K","3,00%"
"03/01/2025","75,94","75,05","76,35","74,86","23,02K","1,00%"
"06/01/2025","74,36","75,94","76,15","73,80","25,52K","-2,08%"
"07/01/2025","74,04","74,56","74,92","72,91","26,67K","-0,43%"
"08/01/2025","72,17","74,62","74,62","71,91","25,21K","-2,53%"
"09/01/2025","73,46","71,95","73,71","71,55","26,92K","1,79%"
"10/01/2025","74,85","73,39","75,18","72,33","28,43K","1,89%"
"13/01/2025","76,92","75,40","77,23","75,40","30,69K","2,77%"
"14/01/2025","76,96","76,75","77,25","75,75","23,69K","0,05%"
"15/01/2025","77,98","77,25","78,95","77,20","32,86K","1,33%"
"16/01/2025","78,33","78,00","78,75","77,25","29,68K","0,45%"
"17/01/2025","79,26","78,18","80,50","77,80","33,97K","1,19%"
"20/01/2025","79,99","79,00","80,50","78,45","28,31K","0,92%"
"21/01/2025","80,27","80,11","80,42","77,90","33,20K","0,35%"
"22/01/2025","78,94","79,81","79,95","78,48","26,23K","-1,66%"
"23/01/2025","80,76","79,22","82,00","78,98","39,24K","2,31%"
"24/01/2025","81,67","81,11","81,73","79,88","27,48K","1,13%"
"27/01/2025","79,36","81,07","81,58","79,00","29,41K","-2,83%"
"28/01/2025","80,26","79,55","80,80","78,30","31,80K","1,13%"
"29/01/2025","82,95","80,80","83,80","80,80","33,85K","3,35%"
"30/01/2025","82,66","83,50","84,50","82,25","30,01K","-0,35%"
"31/01/2025","83,93","82,90","84,44","82,67","25,67K","1,54%"
"03/02/2025","80,96","84,01","84,22","80,10","42,84K","-3,54%"
"04/02/2025","80,88","81,10","81,90","79,48","34,15K","-0,10%"
"05/02/2025","81,12","81,00","82,66","79,77","28,08K","0,30%"
"06/02/2025","81,93","81,05","83,00","80,94","31,29K","1,00%"
"07/02/2025","82,28","81,64","82,65","81,11","21,36K","0,43%"
"10/02/2025","82,94","82,70","84,25","82,70","25,92K","0,80%"
"11/02/2025","82,59","82,80","84,17","81,62","31,00K","-0,42%"
"12/02/2025","80,29","81,60","82,12","80,05","31,62K","-2,78%"
"13/02/2025","78,05","80,25","80,49","77,79","43,48K","-2,79%"
"14/02/2025","79,75","77,69","79,93","77,25","32,37K","2,18%"
"17/02/2025","77,21","79,88","79,88","76,80","26,54K","-3,18%"
"18/02/2025","75,74","76,73","77,40","74,63","46,18K","-1,90%"
"19/02/2025","74,02","75,48","76,26","73,53","32,30K","-2,27%"
"20/02/2025","72,67","73,85","73,97","72,26","42,97K","-1,82%"
"21/02/2025","73,90","72,60","74,90","72,41","29,69K","1,69%"
"24/02/2025","73,66","74,62","74,99","72,16","31,86K","-0,32%"
"25/02/2025","71,75","73,76","74,00","71,15","31,67K","-2,59%"
"26/02/2025","71,02","71,78","72,58","70,69","32,84K","-1,02%"
"27/02/2025","72,78","71,00","73,53","71,00","35,02K","2,48%"
"28/02/2025","71,00","72,90","73,69","70,76","27,42K","-2,45%"
"03/03/2025","71,55","71,80","72,87","71,28","26,46K","0,77%"
"04/03/2025","68,50","71,40","71,66","67,70","53,99K","-4,26%"
"05/03/2025","68,79","68,21","69,55","68,07","40,17K","0,42%"
"06/03/2025","67,32","68,26","69,12","66,84","42,51K","-2,14%"
"07/03/2025","68,63","67,30","69,45","66,78","41,02K","1,95%"
"10/03/2025","69,01","68,45","70,28","67,65","37,58K","0,55%"
"11/03/2025","68,24","68,76","69,71","67,42","30,83K","-1,12%"
"12/03/2025","69,62","67,69","69,81","67,27","27,44K","2,02%"
"13/03/2025","70,60","69,36","71,82","68,54","37,73K","1,41%"
"14/03/2025","70,99","70,42","71,75","69,37","25,08K","0,55%"
"17/03/2025","70,11","70,37","70,99","69,59","20,05K","-1,24%"
"18/03/2025","71,30","70,17","71,75","69,82","31,66K","1,70%"
"19/03/2025","73,44","71,50","74,23","71,50","35,88K","3,00%"
"20/03/2025","73,01","73,73","74,19","72,80","27,71K","-0,59%"
"21/03/2025","71,45","74,00","74,16","71,23","26,97K","-2,14%"
"24/03/2025","71,52","71,30","71,94","70,75","23,88K","0,10%"
"25/03/2025","70,46","71,25","71,60","70,21","28,00K","-1,48%"
"26/03/2025","70,83","70,27","71,80","69,88","30,76K","0,53%"
"27/03/2025","68,54","70,55","70,58","68,08","43,81K","-3,23%"
"28/03/2025","68,80","68,20","69,38","67,95","22,72K","0,38%"
"31/03/2025","67,98","68,55","69,18","67,08","35,10K","-1,19%"
"01/04/2025","69,86","67,98","70,72","67,61","35,63K","2,77%"
"02/04/2025","68,55","70,00","70,35","68,16","26,79K","-1,88%"
"03/04/2025","66,06","67,46","67,48","65,63","50,00K","-3,63%"
"04/04/2025","63,82","66,06","66,26","62,69","64,78K","-3,39%"
"07/04/2025","62,84","62,50","65,24","60,26","66,18K","-1,54%"
"08/04/2025","62,06","63,46","63,57","60,84","44,52K","-1,24%"
"09/04/2025","60,94","60,65","61,67","60,07","48,63K","-1,80%"
"10/04/2025","62,12","63,50","65,26","61,68","41,99K","1,94%"
"11/04/2025","64,82","62,82","65,33","61,78","37,73K","4,35%"
"14/04/2025","66,51","65,22","67,33","65,15","27,99K","2,61%"
"15/04/2025","66,19","66,60","67,95","65,75","27,30K","-0,48%"
"16/04/2025","66,97","65,70","67,64","65,52","26,89K","1,18%"
"17/04/2025","65,89","67,18","67,37","65,47","21,38K","-1,61%"
"22/04/2025","64,39","65,10","65,94","63,61","26,24K","-2,28%"
"23/04/2025","66,90","64,80","67,30","64,80","32,34K","3,90%"
"24/04/2025","66,31","66,52","66,69","64,75","26,37K","-0,88%"
"25/04/2025","66,43","66,46","67,63","66,24","24,75K","0,18%"
"28/04/2025","65,31","66,11","66,37","64,72","23,55K","-1,69%"
"29/04/2025","64,85","64,95","65,40","64,14","24,94K","-0,70%"
"30/04/2025","66,55","64,90","66,90","64,52","22,93K","2,62%"
"01/05/2025","67,02","66,86","67,35","66,24","9,49K","0,71%"
"02/05/2025","68,76","67,07","69,27","66,78","27,73K","2,60%"
"05/05/2025","67,47","68,68","68,73","66,70","20,26K","-1,88%"
"06/05/2025","69,27","67,55","69,68","67,45","27,18K","2,67%"
"07/05/2025","71,06","69,65","71,40","69,05","33,33K","2,58%"
"08/05/2025","70,72","71,06","71,76","70,40","25,13K","-0,48%"
"09/05/2025","70,39","71,05","71,49","69,82","20,19K","-0,47%"
"12/05/2025","73,41","70,80","73,63","70,52","33,93K","4,29%"
"13/05/2025","72,90","73,12","73,82","71,90","29,60K","-0,69%"
"14/05/2025","72,33","73,08","73,63","71,55","21,27K","-0,78%"
"15/05/2025","73,41","72,10","73,70","71,20","25,38K","1,49%"
"16/05/2025","70,99","73,45","75,02","70,81","36,99K","-3,30%"
"19/05/2025","70,42","70,99","72,46","69,60","34,55K","-0,80%"
"20/05/2025","73,18","69,76","73,51","69,73","29,31K","3,92%"
"21/05/2025","72,74","73,62","73,87","72,30","22,25K","-0,60%"
"22/05/2025","72,15","72,59","73,63","71,75","25,75K","-0,81%"
"23/05/2025","71,56","72,50","73,00","70,00","29,77K","-0,82%"
"26/05/2025","73,03","72,00","73,37","72,00","13,10K","2,05%"
"27/05/2025","71,76","72,91","73,09","70,80","24,94K","-1,74%"
"28/05/2025","72,07","71,20","72,65","70,77","24,16K","0,43%"
"29/05/2025","70,94","72,86","73,48","70,65","24,70K","-1,57%"
"30/05/2025","70,41","70,76","71,69","70,13","19,73K","-0,75%"
"02/06/2025","70,91","70,01","72,14","70,01","26,32K","0,71%"
"03/06/2025","72,60","71,07","72,86","70,68","27,01K","2,38%"
"04/06/2025","72,61","72,48","73,57","72,22","22,76K","0,01%"
"05/06/2025","72,74","72,61","74,04","72,32","27,69K","0,18%"
"06/06/2025","73,50","72,90","73,95","72,57","15,97K","1,04%"
"09/06/2025","74,23","73,88","74,94","73,24","21,68K","0,99%"
"10/06/2025","72,66","74,23","74,28","72,31","27,51K","-2,12%"
"11/06/2025","74,36","73,02","74,95","72,78","30,31K","2,34%"
"12/06/2025","75,39","74,26","75,80","73,32","36,67K","1,39%"
"13/06/2025","75,94","76,00","76,75","75,58","29,69K","0,73%"
"16/06/2025","75,34","75,76","76,47","74,69","29,70K","-0,79%"
"17/06/2025","74,64","75,15","75,66","74,16","25,55K","-0,93%"
"18/06/2025","74,61","74,85","75,26","74,19","25,81K","-0,04%"
"19/06/2025","72,74","74,60","75,03","71,73","41,80K","-2,51%"
"20/06/2025","72,97","72,86","73,37","72,08","22,33K","0,32%"
"23/06/2025","73,27","72,85","73,50","72,43","26,60K","0,41%"
"24/06/2025","73,54","73,00","74,57","72,60","38,63K","0,37%"
"25/06/2025","71,15","73,24","73,40","70,96","31,98K","-3,25%"
"26/06/2025","70,40","71,08","71,50","70,26","35,18K","-1,05%"
"27/06/2025","70,96","70,42","71,14","70,11","24,51K","0,80%"
"30/06/2025","68,97","71,03","71,08","68,71","27,54K","-2,80%"
"01/07/2025","70,58","69,11","70,89","68,90","25,72K","2,33%"
"02/07/2025","71,93","70,59","72,29","70,55","21,00K","1,91%"
"03/07/2025","72,06","71,70","72,79","71,06","22,29K","0,18%"
"04/07/2025","71,67","72,32","72,32","71,25","12,91K","-0,54%"
"07/07/2025","71,20","71,70","71,99","70,62","17,58K","-0,66%"
"08/07/2025","70,42","71,22","71,46","70,28","20,66K","-1,10%"
"09/07/2025","70,39","70,45","71,08","69,89","17,80K","-0,04%"
"10/07/2025","70,74","70,37","71,55","70,31","18,58K","0,50%"
"11/07/2025","70,55","70,60","71,00","69,64","21,76K","-0,27%"
"14/07/2025","70,42","70,10","71,39","69,52","23,69K","-0,18%"
"15/07/2025","71,51","70,30","71,65","69,99","19,39K","1,55%"
"16/07/2025","71,31","71,28","72,39","70,84","18,06K","-0,28%"
"17/07/2025","70,55","71,16","71,39","70,32","20,01K","-1,07%"
"18/07/2025","69,89","70,55","71,03","69,84","18,03K","-0,94%"
"21/07/2025","69,83","70,12","70,55","69,72","20,62K","-0,09%"
"22/07/2025","69,11","69,91","69,91","68,86","24,53K","-1,03%"
"23/07/2025","69,36","69,34","69,99","69,00","19,48K","0,36%"
"24/07/2025","70,88","69,83","71,18","69,23","30,79K","2,19%"
"25/07/2025","71,34","71,11","71,50","70,64","17,46K","0,65%"
"28/07/2025","70,65","71,50","72,25","70,06","24,47K","-0,97%"
"29/07/2025","73,08","70,73","73,30","70,40","32,11K","3,44%"
"30/07/2025","72,86","73,18","73,35","72,52","15,02K","-0,30%"
"31/07/2025","72,66","72,64","73,07","72,22","20,49K","-0,27%"
"01/08/2025","71,04","72,30","72,43","71,00","27,57K","-2,23%"
"04/08/2025","70,85","71,00","71,33","70,15","22,02K","-0,27%"
"05/08/2025","71,59","70,86","71,74","70,50","21,04K","1,04%"
"06/08/2025","70,99","71,39","71,71","70,75","17,20K","-0,84%"
"07/08/2025","71,77","70,73","72,01","70,30","25,41K","1,10%"
"08/08/2025","73,21","71,96","73,35","71,80","28,22K","2,01%"
"11/08/2025","72,37","72,98","73,15","72,00","18,80K","-1,15%"
"12/08/2025","71,50","72,29","72,42","71,37","17,89K","-1,20%"
"13/08/2025","71,74","71,50","72,15","71,26","14,85K","0,34%"
"14/08/2025","70,96","71,88","71,88","70,57","27,41K","-1,09%"
"15/08/2025","70,68","71,02","71,31","70,28","16,55K","-0,39%"
"18/08/2025","71,82","70,89","71,99","70,30","22,94K","1,61%"
"19/08/2025","71,16","71,65","72,08","71,03","21,75K","-0,92%"
"20/08/2025","71,29","71,30","71,54","70,65","17,71K","0,18%"
"21/08/2025","72,62","71,49","72,76","71,06","26,99K","1,87%"
"22/08/2025","72,53","72,60","72,80","72,26","14,90K","-0,12%"
"25/08/2025","72,19","72,51","72,60","71,82","15,15K","-0,47%"
"26/08/2025","72,75","72,04","72,98","71,58","21,04K","0,78%"
"27/08/2025","72,24","72,72","73,30","71,93","19,03K","-0,70%"
"28/08/2025","71,72","72,34","72,34","71,31","24,62K","-0,72%"
"29/08/2025","72,99","71,72","73,05","71,60","23,41K","1,77%"
"01/09/2025","73,97","72,90","74,55","72,78","32,66K","1,34%"
"02/09/2025","73,61","74,12","74,44","73,36","28,08K","-0,49%"
"03/09/2025","74,95","73,46","75,05","73,42","28,90K","1,82%"
"04/09/2025","75,44","75,00","75,71","74,58","27,45K","0,65%"
"05/09/2025","76,04","75,29","76,25","75,29","27,46K","0,80%"
"08/09/2025","77,17","76,05","77,32","75,50","28,61K","1,49%"
"09/09/2025","76,90","77,00","77,23","76,00","31,66K","-0,35%"
"10/09/2025","77,10","77,00","77,58","76,25","25,23K","0,26%"
"11/09/2025","75,54","77,17","77,30","75,30","34,84K","-2,02%"
"12/09/2025","75,77","75,34","76,03","75,10","21,58K","0,30%"
"15/09/2025","76,75","75,60","77,06","75,11","29,11K","1,29%"
"16/09/2025","77,51","77,05","78,26","76,49","32,48K","0,99%"
"17/09/2025","76,98","77,50","78,45","76,69","31,13K","-0,68%"
"18/09/2025","77,84","76,94","78,23","76,83","26,38K","1,12%"
"19/09/2025","77,55","77,65","77,75","77,01","18,70K","-0,37%"
"22/09/2025","76,21","77,69","77,69","75,91","27,29K","-1,73%"
"23/09/2025","76,79","76,21","77,25","75,77","25,55K","0,76%"
"24/09/2025","76,02","76,64","76,78","75,77","22,11K","-1,00%"
"25/09/2025","75,76","76,03","76,59","75,36","25,39K","-0,34%"
"26/09/2025","75,98","75,53","76,10","75,10","20,19K","0,29%"
"29/09/2025","76,79","75,85","76,97","75,06","27,91K","1,07%"
"30/09/2025","75,72","76,79","76,80","75,57","24,55K","-1,39%"
"01/10/2025","76,33","75,61","76,56","74,51","33,97K","0,81%"
"02/10/2025","77,43","76,35","77,80","76,11","31,99K","1,44%"
"03/10/2025","79,16","77,65","79,55","77,52","33,99K","2,23%"
"06/10/2025","78,75","79,72","80,11","78,61","31,03K","-0,52%"
"07/10/2025","78,31","78,75","79,13","78,00","27,64K","-0,56%"
"08/10/2025","79,01","78,14","79,29","77,90","19,36K","0,89%"
"09/10/2025","79,23","78,90","79,54","78,04","25,18K","0,28%"
"10/10/2025","79,68","79,22","80,37","79,01","31,64K","0,57%"
"13/10/2025","78,12","79,54","79,74","77,76","32,33K","-1,96%"
"14/10/2025","76,92","77,90","77,90","76,69","32,10K","-1,54%"
"15/10/2025","77,88","76,73","78,30","76,68","26,10K","1,25%"
"16/10/2025","79,51","78,06","79,69","77,61","27,00K","2,09%"
"17/10/2025","79,46","78,99","79,90","78,12","32,20K","-0,06%"
"20/10/2025","79,82","79,50","79,96","78,65","25,31K","0,45%"
"21/10/2025","79,58","79,81","79,99","78,92","22,99K","-0,30%"
"22/10/2025","78,46","79,40","79,64","78,15","24,52K","-1,41%"
"23/10/2025","78,44","78,48","79,19","78,02","25,44K","-0,03%"
"24/10/2025","78,32","78,49","78,89","77,91","17,20K","-0,15%"
"27/10/2025","77,77","78,30","78,30","77,01","23,00K","-0,70%"
"28/10/2025","78,32","77,94","78,88","77,50","23,63K","0,71%"
"29/10/2025","78,81","78,65","79,13","78,18","21,72K","0,63%"
"30/10/2025","78,67","78,86","79,54","78,54","22,19K","-0,18%"
"31/10/2025","78,54","78,79","79,13","78,01","20,29K","-0,17%"
"03/11/2025","81,20","78,78","81,75","78,78","47,92K","3,39%"
"04/11/2025","82,31","81,20","82,41","81,06","34,67K","1,37%"
"05/11/2025","81,49","82,00","82,23","80,89","26,68K","-1,00%"
"06/11/2025","80,17","81,24","81,24","80,12","33,90K","-1,62%"
"07/11/2025","79,47","80,35","80,68","79,42","32,54K","-0,87%"
"10/11/2025","79,96","79,55","80,35","78,91","28,31K","0,62%"
"11/11/2025","80,65","80,01","80,90","79,50","36,43K","0,86%"
"12/11/2025","81,91","80,79","82,37","80,79","41,00K","1,56%"
"13/11/2025","81,34","82,16","82,79","80,92","41,70K","-0,70%"
"14/11/2025","80,93","81,28","81,75","80,44","28,11K","-0,50%"
"17/11/2025","79,92","81,45","81,45","79,78","34,46K","-1,25%"
"18/11/2025","81,22","79,91","81,45","79,52","40,88K","1,63%"
"19/11/2025","80,66","80,89","81,59","80,20","32,51K","-0,69%"
"20/11/2025","81,36","80,66","81,89","80,66","28,33K","0,87%"
"21/11/2025","80,41","80,85","81,00","80,04","32,45K","-1,17%"
"24/11/2025","80,61","80,30","80,90","79,57","45,78K","0,25%"
"25/11/2025","81,87","80,54","82,20","80,49","45,25K","1,56%"
"26/11/2025","81,68","82,01","82,34","81,30","46,71K","-0,23%"
"27/11/2025","82,21","81,69","82,52","81,01","55,62K","0,65%"
"28/11/2025","83,26","82,26","83,32","82,26","33,71K","1,28%"
"01/12/2025","82,64","83,00","83,37","82,53","39,25K","-0,74%"
"02/12/2025","81,82","82,50","82,56","81,51","47,75K","-0,99%"
"03/12/2025","81,79","81,88","82,36","81,22","46,31K","-0,04%"
"04/12/2025","82,43","81,55","82,68","81,28","48,55K","0,78%"
"05/12/2025","81,98","82,47","82,74","81,61","39,01K","-0,55%"
"08/12/2025","81,98","81,74","82,58","81,66","33,52K","0,00%"
"09/12/2025","82,85","82,10","82,95","81,88","41,00K","1,06%"
"10/12/2025","82,42","82,62","82,90","81,92","44,60K","-0,52%"
"11/12/2025","83,90","82,72","84,40","82,72","44,12K","1,80%"
"12/12/2025","83,79","84,08","84,40","83,40","20,51K","-0,13%"
"15/12/2025","87,28","83,67","85,51","83,67","6,63K","4,17%"
"16/12/2025","87,36","87,37","87,98","86,95","19,85K","0,09%"
"17/12/2025","86,80","87,37","88,49","86,45","32,86K","-0,64%"
"18/12/2025","86,48","86,89","87,14","85,56","27,49K","-0,37%"
"19/12/2025","87,05","86,60","87,29","86,08","16,35K","0,66%"
"22/12/2025","87,48","87,05","87,95","86,71","17,70K","0,49%"
"23/12/2025","88,54","87,48","88,88","87,48","18,15K","1,21%"
"24/12/2025","88,01","88,54","88,59","87,74","6,77K","-0,60%"
"29/12/2025","87,46","88,07","88,47","87,25","15,97K","-0,62%"
"30/12/2025","87,28","87,25","87,60","86,92","13,76K","-0,21%"
"31/12/2025","87,37","86,99","87,55","86,83","11,92K","0,10%"
"02/01/2026","88,31","87,55","88,88","87,47","15,83K","1,08%"
"05/01/2026","87,25","88,09","88,78","87,05","27,80K","-1,20%"
"06/01/2026","88,10","87,51","88,15","87,13","22,53K","0,97%"
"07/01/2026","88,13","88,20","88,75","87,76","27,85K","0,03%"
"08/01/2026","88,19","87,60","88,34","87,10","26,89K","0,07%"
"09/01/2026","89,56","88,39","89,66","88,03","31,85K","1,55%"
"12/01/2026","90,10","89,86","90,42","89,41","30,91K","0,60%"
"13/01/2026","90,74","90,40","91,08","90,18","29,98K","0,71%"
"14/01/2026","91,82","90,52","92,36","90,22","33,82K","1,19%"
"15/01/2026","92,24","92,19","93,80","91,75","41,76K","0,46%"
"16/01/2026","92,04","92,23","93,61","91,76","32,03K","-0,22%"
"19/01/2026","88,14","91,30","91,30","87,97","65,91K","-4,24%"
"20/01/2026","84,96","88,00","88,28","83,52","95,09K","-3,61%"
"21/01/2026","87,06","84,74","87,48","84,26","59,55K","2,47%"
"22/01/2026","88,47","89,15","90,82","87,75","51,61K","1,62%"
"23/01/2026","88,40","88,30","89,73","88,00","27,68K","-0,08%"
"26/01/2026","87,13","88,30","89,30","86,26","37,03K","-1,44%"
"27/01/2026","88,37","87,23","88,71","87,23","25,98K","1,42%"
"28/01/2026","86,54","88,39","88,54","85,75","32,79K","-2,07%"
"29/01/2026","83,98","85,93","86,00","83,39","61,24K","-2,96%"
"30/01/2026","81,26","83,25","84,11","80,61","56,12K","-3,24%"
"02/02/2026","83,28","80,61","84,00","79,46","46,76K","2,49%"
"03/02/2026","83,11","83,89","84,84","81,20","49,17K","-0,20%"
"04/02/2026","82,92","81,12","83,50","80,00","47,68K","-0,23%"
"05/02/2026","78,20","82,72","83,02","77,80","71,68K","-5,69%"
"06/02/2026","78,73","78,18","79,72","76,20","69,79K","0,68%"
"09/02/2026","81,35","79,59","81,75","78,88","34,72K","3,33%"
"10/02/2026","78,86","81,30","82,00","78,49","45,20K","-3,06%"
"11/02/2026","78,45","78,85","79,15","76,10","53,35K","-0,52%"
"12/02/2026","72,54","77,50","77,50","72,00","90,92K","-7,53%"
"13/02/2026","70,68","72,00","74,26","70,55","66,32K","-2,56%"
"16/02/2026","69,18","70,10","71,55","68,11","49,55K","-2,12%"
"17/02/2026","70,08","69,00","71,22","68,57","43,91K","1,30%"
"18/02/2026","71,57","69,93","72,15","68,73","45,36K","2,13%"
"19/02/2026","71,34","71,88","72,88","71,05","43,68K","-0,32%"
"20/02/2026","73,78","71,40","74,50","71,14","31,54K","3,42%"
"23/02/2026","71,38","73,06","73,70","71,27","32,51K","-3,25%"
"24/02/2026","70,67","71,50","71,93","70,15","33,02K","-0,99%"
"25/02/2026","72,58","70,79","72,97","70,79","25,29K","2,70%"
"26/02/2026","70,97","72,39","72,53","69,25","45,54K","-2,22%"
"27/02/2026","70,29","70,90","71,90","69,80","29,19K","-0,96%"
"02/03/2026","70,57","68,70","71,20","67,90","56,84K","0,40%"
"03/03/2026","73,33","70,10","74,84","69,50","58,61K","3,91%"
"04/03/2026","70,76","73,35","73,80","70,26","43,96K","-3,50%"
"05/03/2026","70,35","70,39","70,89","69,53","38,43K","-0,58%"
"06/03/2026","70,57","70,69","71,73","69,88","36,71K","0,31%"
"09/03/2026","70,90","69,97","71,30","69,20","42,04K","0,47%"
"10/03/2026","72,91","71,19","73,55","71,00","38,91K","2,83%"
"11/03/2026","71,86","73,65","74,48","71,36","35,05K","-1,44%"
"12/03/2026","68,73","71,87","72,61","67,82","71,94K","-4,36%"
"13/03/2026","69,16","68,50","69,48","67,60","33,10K","0,63%"
"16/03/2026","69,00","69,16","70,35","68,38","33,45K","-0,23%"
"17/03/2026","66,65","68,50","68,55","64,93","52,13K","-3,41%"
"18/03/2026","65,87","66,65","67,45","65,72","44,11K","-1,17%"
"19/03/2026","63,65","65,13","65,50","63,07","53,08K","-3,37%"
"20/03/2026","67,66","63,10","69,80","63,10","44,91K","6,30%"
"23/03/2026","69,26","67,18","70,03","65,72","37,87K","2,36%"
"24/03/2026","71,22","69,10","71,80","68,28","29,67K","2,83%"
"25/03/2026","70,74","71,50","73,16","68,51","36,20K","-0,67%"
"26/03/2026","71,65","71,14","72,75","70,40","27,99K","1,29%"
"27/03/2026","71,67","71,34","72,47","71,11","24,32K","0,03%"
"30/03/2026","72,18","71,41","73,97","70,94","33,24K","0,71%"
"31/03/2026","72,51","72,48","73,34","71,55","21,04K","0,46%"
"01/04/2026","74,64","72,54","74,91","72,22","35,14K","2,94%"
"02/04/2026","71,69","74,46","74,46","71,25","25,93K","-3,95%"
"07/04/2026","71,51","71,65","72,55","71,21","17,38K","-0,25%"
"08/04/2026","71,67","72,60","73,97","71,47","20,22K","0,22%"
"09/04/2026","73,72","71,55","73,77","71,30","20,31K","2,86%"
"10/04/2026","72,84","73,83","73,83","72,45","13,27K","-1,19%"
"13/04/2026","72,59","72,45","72,85","71,60","20,30K","-0,34%"
"14/04/2026","74,87","72,56","75,20","72,42","25,30K","3,14%"
"15/04/2026","74,15","74,45","75,50","74,06","18,87K","-0,96%"
"16/04/2026","74,99","74,31","75,80","73,56","19,70K","1,13%"
"17/04/2026","77,46","75,12","78,07","74,91","31,65K","3,29%"
"20/04/2026","76,13","76,66","76,95","75,61","18,17K","-1,72%"
"21/04/2026","75,70","75,92","76,14","74,81","17,94K","-0,56%"
"22/04/2026","74,41","75,49","76,19","74,09","17,84K","-1,70%"
"23/04/2026","74,85","74,11","75,13","74,11","14,69K","0,59%"
"24/04/2026","74,90","75,02","75,89","74,19","16,31K","0,07%"
"27/04/2026","74,74","74,76","75,50","74,15","15,28K","-0,21%"
"28/04/2026","75,11","74,70","75,79","74,65","17,59K","0,50%"
"29/04/2026","73,20","75,23","76,04","72,85","27,16K","-2,54%"
"30/04/2026","73,79","73,00","74,00","72,43","18,23K","0,81%"
"01/05/2026","73,94","73,61","75,06","73,60","10,14K","0,20%"
"04/05/2026","73,04","73,99","74,57","72,71","13,49K","-1,22%"
"05/05/2026","75,71","72,94","75,95","72,73","23,16K","3,66%"
"06/05/2026","76,05","76,05","77,11","75,62","21,71K","0,45%"
"07/05/2026","75,13","76,11","76,77","74,94","18,60K","-1,21%"
"08/05/2026","75,18","75,11","75,84","74,83","11,38K","0,07%"
"11/05/2026","77,18","75,01","77,45","74,18","22,19K","2,66%"
"12/05/2026","75,81","76,95","77,35","75,61","20,68K","-1,78%"
"13/05/2026","75,07","75,40","75,50","73,69","26,05K","-0,98%"
"14/05/2026","75,08","75,11","75,38","74,39","8,94K","0,01%"
"15/05/2026","75,60","74,80","75,97","74,64","11,32K","0,69%"
"18/05/2026","75,55","75,78","76,70","75,30","17,13K","-0,07%"
"19/05/2026","74,97","75,78","75,80","74,52","15,32K","-0,77%"
"20/05/2026","75,40","74,95","76,00","74,82","14,88K","0,57%"
"21/05/2026","74,93","75,71","75,84","74,80","14,45K","-0,62%"
"22/05/2026","76,92","74,94","77,17","74,84","15,78K","2,66%"
"25/05/2026","76,75","77,05","77,26","76,52","6,71K","-0,22%"
"26/05/2026","78,03","76,90","78,51","76,59","19,82K","1,67%"
"27/05/2026","78,72","78,31","79,76","78,14","21,54K","0,88%"
"28/05/2026","80,15","78,54","80,39","78,37","20,44K","1,82%"
"29/05/2026","80,63","80,18","80,99","79,76","19,25K","0,60%"
"01/06/2026","79,17","80,04","80,57","78,62","19,03K","-1,81%"
"02/06/2026","79,50","79,23","79,59","78,17","18,32K","0,42%"
"03/06/2026","78,60","79,33","80,40","78,53","18,51K","-1,13%"
"04/06/2026","77,07","78,95","79,24","76,85","26,23K","-1,95%"
"05/06/2026","76,94","77,00","77,67","76,25","21,93K","-0,17%"
"08/06/2026","76,95","76,62","77,29","76,00","18,15K","0,01%"
"09/06/2026","76,15","76,95","76,95","75,71","19,19K","-1,04%"
"10/06/2026","77,50","76,14","77,98","75,60","20,44K","1,77%"
"11/06/2026","77,14","77,37","77,50","76,51","17,24K","-0,46%"
"12/06/2026","77,17","77,55","78,32","76,69","17,19K","0,04%"
"15/06/2026","80,02","77,65","80,11","77,47","25,89K","3,69%"
"16/06/2026","79,85","79,70","80,45","79,11","19,61K","-0,21%"
"17/06/2026","79,78","80,00","80,89","79,53","18,44K","-0,09%"
"18/06/2026","80,01","79,79","80,81","79,53","20,09K","0,29%"
"19/06/2026","80,58","79,61","80,80","79,22","18,56K","0,71%"
"22/06/2026","81,57","80,50","81,92","79,90","21,37K","1,23%"
"23/06/2026","80,71","81,75","82,28","80,30","22,51K","-1,05%"
"24/06/2026","80,78","80,71","81,94","80,15","24,80K","0,09%"
"25/06/2026","80,56","81,10","82,24","80,44","22,83K","-0,27%"
"26/06/2026","80,28","80,70","81,07","80,01","16,21K","-0,35%"
"29/06/2026","78,78","80,19","80,69","78,31","26,47K","-1,87%"
"30/06/2026","80,16","79,00","80,66","78,63","18,91K","1,75%"
"01/07/2026","79,54","79,97","80,26","79,25","13,44K","-0,77%"
"02/07/2026","79,45","79,56","80,15","79,00","13,77K","-0,11%"
"03/07/2026","80,60","79,47","80,75","79,25","15,71K","1,45%"
"06/07/2026","81,79","80,70","82,00","79,80","21,61K","1,48%"
"07/07/2026","80,19","81,88","81,88","80,03","20,19K","-1,96%"
"08/07/2026","79,04","80,39","80,60","78,36","27,02K","-1,43%"
"09/07/2026","79,04","79,07","79,43","78,51","17,73K","0,00%"
"10/07/2026","79,20","79,04","79,50","78,50","13,21K","0,20%"
"13/07/2026","80,11","79,20","80,47","78,41","18,14K","1,15%"
"14/07/2026","81,39","80,36","81,58","79,73","22,58K","1,60%"
"15/07/2026","81,16","81,32","82,18","80,59","25,66K","-0,28%"
"16/07/2026","79,19","80,88","81,18","78,60","26,05K","-2,43%"
"17/07/2026","79,11","78,95","80,98","76,92","35,39K","-0,10%"
"20/07/2026","83,27","79,20","84,00","78,76","32,28K","5,26%"
"21/07/2026","83,20","83,95","84,14","82,26","23,60K","-0,08%"
"22/07/2026","86,63","83,09","86,91","83,09","32,65K","4,12%"
"23/07/2026","83,88","86,40","86,66","83,48","29,56K","-3,17%"
"24/07/2026","83,40","84,11","84,50","82,82","17,59K","-0,57%"
"27/07/2026","82,33","83,75","84,19","82,00","18,93K","-1,28%"
"28/07/2026","81,73","82,31","82,80","81,03","18,72K","-0,73%"
"29/07/2026","82,02","82,15","82,75","81,50","14,29K","0,35%"
"30/07/2026","81,29","81,88","82,50","81,10","15,35K","-0,89%"
"31/07/2026","81,26","82,00","82,69","81,16","13,89K","-0,04%"
"03/08/2026","80,86","81,35","81,68","80,57","15,51K","-0,49%"
"04/08/2026","81,34","81,18","82,36","80,86","14,51K","0,59%"
"05/08/2026","81,09","81,27","81,84","80,54","19,36K","-0,31%"
"06/08/2026","81,89","81,54","82,35","80,97","16,76K","0,99%"
"07/08/2026","83,29","81,99","83,77","81,89","17,64K","1,71%"
"10/08/2026","82,27","83,26","83,34","81,60","17,10K","-1,22%"
"11/08/2026","82,44","82,20","83,50","81,67","16,24K","0,21%"
"12/08/2026","81,99","82,71","82,89","81,75","12,82K","-0,55%"
"13/08/2026","82,74","82,15","82,91","81,62","13,13K","0,91%"
"14/08/2026","81,79","82,73","83,23","81,72","13,30K","-1,15%"
"17/08/2026","81,58","82,22","82,24","81,10","13,90K","-0,26%"
"18/08/2026","82,31","81,49","82,41","80,98","15,32K","0,89%"
"19/08/2026","81,71","81,89","82,78","81,40","17,66K","-0,73%"
"20/08/2026","82,45","81,81","82,66","81,30","15,69K","0,91%"
"21/08/2026","82,61","82,21","83,75","82,10","17,15K","0,19%"
"24/08/2026","83,80","82,60","84,43","82,26","18,42K","1,44%"
"25/08/2026","84,42","83,70","84,69","83,60","14,48K","0,74%"
"26/08/2026","82,68","84,50","84,72","82,41","17,35K","-2,06%"
"27/08/2026","82,42","82,84","83,00","82,00","14,07K","-0,31%"
"28/08/2026","82,73","82,42","83,10","82,31","10,29K","0,38%"
"31/08/2026","83,10","82,78","83,39","81,86","15,21K","0,45%"