"Date","Dernier","Ouv."," Plus Haut","Plus Bas","Vol.","Variation %"
"02/01/2014","73,40","73,40","73,40","73,40","","-0,14%"
"03/01/2014","72,70","72,70","72,70","72,70","","-0,95%"
"06/01/2014","69,90","69,90","69,90","69,90","","-3,85%"
"07/01/2014","73,80","73,80","73,80","73,80","","5,58%"
"08/01/2014","75,30","75,30","75,30","75,30","","2,03%"
"09/01/2014","73,70","73,70","73,70","73,70","","-2,12%"
"10/01/2014","61,20","61,20","61,20","61,20","","-16,96%"
"13/01/2014","58,90","58,90","58,90","58,90","","-3,76%"
"14/01/2014","61,60","61,60","61,60","61,60","","4,58%"
"15/01/2014","60,80","60,80","60,80","60,80","","-1,30%"
"16/01/2014","60,80","60,80","60,80","60,80","","0,00%"
"17/01/2014","60,30","60,30","60,30","60,30","","-0,82%"
"21/01/2014","59,50","59,50","59,50","59,50","","-1,33%"
"22/01/2014","60,50","60,50","60,50","60,50","","1,68%"
"23/01/2014","62,20","62,20","62,20","62,20","","2,81%"
"24/01/2014","63,50","63,50","63,50","63,50","","2,09%"
"27/01/2014","64,20","64,20","64,20","64,20","","1,10%"
"28/01/2014","64,50","64,50","64,50","64,50","","0,47%"
"29/01/2014","64,50","64,50","64,50","64,50","","0,00%"
"31/01/2014","64,70","64,70","64,70","64,70","","0,31%"
"04/02/2014","66,80","66,80","66,80","66,80","","3,25%"
"06/02/2014","67,20","67,20","67,20","67,20","","0,60%"
"07/02/2014","64,70","64,70","64,70","64,70","","-3,72%"
"10/02/2014","62,30","62,30","62,30","62,30","","-3,71%"
"11/02/2014","61,50","61,50","61,50","61,50","","-1,28%"
"12/02/2014","61,00","61,00","61,00","61,00","","-0,81%"
"13/02/2014","58,10","58,10","58,10","58,10","","-4,75%"
"14/02/2014","57,30","57,30","57,30","57,30","","-1,38%"
"18/02/2014","56,00","56,00","56,00","56,00","","-2,27%"
"19/02/2014","57,30","57,30","57,30","57,30","","2,32%"
"20/02/2014","58,70","58,70","58,70","58,70","","2,44%"
"21/02/2014","58,40","58,40","58,40","58,40","","-0,51%"
"24/02/2014","57,40","57,40","57,40","57,40","","-1,71%"
"25/02/2014","56,80","56,80","56,80","56,80","","-1,05%"
"26/02/2014","57,80","57,80","57,80","57,80","","1,76%"
"27/02/2014","58,10","58,10","58,10","58,10","","0,52%"
"28/02/2014","57,70","57,70","57,70","57,70","","-0,69%"
"03/03/2014","57,80","57,80","57,80","57,80","","0,17%"
"04/03/2014","63,20","63,20","63,20","63,20","","9,34%"
"05/03/2014","60,80","60,80","60,80","60,80","","-3,80%"
"06/03/2014","61,00","61,00","61,00","61,00","","0,33%"
"07/03/2014","58,20","58,20","58,20","58,20","","-4,59%"
"10/03/2014","55,70","55,70","55,70","55,70","","-4,30%"
"11/03/2014","55,51","55,51","55,51","55,51","","-0,34%"
"12/03/2014","55,10","55,10","55,10","55,10","","-0,74%"
"13/03/2014","57,48","57,48","57,48","57,48","","4,32%"
"14/03/2014","62,84","62,84","62,84","62,84","","9,32%"
"17/03/2014","61,80","61,80","61,80","61,80","","-1,65%"
"18/03/2014","59,21","59,21","59,21","59,21","","-4,19%"
"19/03/2014","65,60","65,60","65,60","65,60","","10,79%"
"20/03/2014","60,80","60,80","60,80","60,80","","-7,32%"
"21/03/2014","60,80","60,80","60,80","60,80","","0,00%"
"24/03/2014","58,70","58,70","58,70","58,70","","-3,45%"
"25/03/2014","58,34","58,34","58,34","58,34","","-0,61%"
"26/03/2014","57,80","57,80","57,80","57,80","","-0,93%"
"27/03/2014","59,40","59,40","59,40","59,40","","2,77%"
"28/03/2014","61,90","61,90","61,90","61,90","","4,21%"
"31/03/2014","61,80","61,80","61,80","61,80","","-0,16%"
"01/04/2014","61,50","61,50","61,50","61,50","","-0,49%"
"02/04/2014","66,30","66,30","66,30","66,30","","7,80%"
"03/04/2014","65,20","65,20","65,20","65,20","","-1,66%"
"04/04/2014","58,80","58,80","58,80","58,80","","-9,82%"
"07/04/2014","58,80","58,80","58,80","58,80","","0,00%"
"08/04/2014","55,90","55,90","55,90","55,90","","-4,93%"
"09/04/2014","54,70","54,70","54,70","54,70","","-2,15%"
"10/04/2014","55,40","55,40","55,40","55,40","","1,28%"
"11/04/2014","58,60","58,60","58,60","58,60","","5,78%"
"14/04/2014","59,20","59,20","59,20","59,20","","1,02%"
"15/04/2014","59,20","59,20","59,20","59,20","","0,00%"
"16/04/2014","58,00","58,00","58,00","58,00","","-2,03%"
"17/04/2014","59,50","59,50","59,50","59,50","","2,59%"
"21/04/2014","56,80","56,80","56,80","56,80","","-4,54%"
"22/04/2014","57,10","57,10","57,10","57,10","","0,53%"
"23/04/2014","56,60","56,60","56,60","56,60","","-0,88%"
"24/04/2014","57,80","57,80","57,80","57,80","","2,12%"
"28/04/2014","59,10","59,10","59,10","59,10","","2,25%"
"29/04/2014","59,90","59,90","59,90","59,90","","1,35%"
"30/04/2014","58,90","58,90","58,90","58,90","","-1,67%"
"01/05/2014","58,84","58,84","58,84","58,84","","-0,10%"
"02/05/2014","55,30","55,30","55,30","55,30","","-6,02%"
"05/05/2014","55,30","55,30","55,30","55,30","","0,00%"
"06/05/2014","58,70","58,70","58,70","58,70","","6,15%"
"07/05/2014","57,30","57,30","57,30","57,30","","-2,39%"
"09/05/2014","56,10","56,10","56,10","56,10","","-2,09%"
"12/05/2014","56,20","56,20","56,20","56,20","","0,18%"
"13/05/2014","56,10","56,10","56,10","56,10","","-0,18%"
"15/05/2014","55,70","55,70","55,70","55,70","","-0,71%"
"16/05/2014","58,70","58,70","58,70","58,70","","5,39%"
"19/05/2014","58,20","58,20","58,20","58,20","","-0,85%"
"20/05/2014","60,00","60,00","60,00","60,00","","3,09%"
"21/05/2014","59,10","59,10","59,10","59,10","","-1,50%"
"22/05/2014","58,20","58,20","58,20","58,20","","-1,52%"
"23/05/2014","58,20","58,20","58,20","58,20","","0,00%"
"27/05/2014","56,80","56,80","56,80","56,80","","-2,41%"
"28/05/2014","55,20","55,20","55,20","55,20","","-2,82%"
"29/05/2014","56,40","56,40","56,40","56,40","","2,17%"
"30/05/2014","58,30","58,30","58,30","58,30","","3,37%"
"02/06/2014","59,70","59,70","59,70","59,70","","2,40%"
"03/06/2014","60,90","60,90","60,90","60,90","","2,01%"
"04/06/2014","64,90","64,90","64,90","64,90","","6,57%"
"05/06/2014","65,10","65,10","65,10","65,10","","0,31%"
"06/06/2014","59,30","59,30","59,30","59,30","","-8,91%"
"09/06/2014","57,30","57,30","57,30","57,30","","-3,37%"
"10/06/2014","56,90","56,90","56,90","56,90","","-0,70%"
"11/06/2014","55,40","55,40","55,40","55,40","","-2,64%"
"13/06/2014","58,40","58,40","58,40","58,40","","5,42%"
"17/06/2014","58,40","58,40","58,40","58,40","","0,00%"
"18/06/2014","59,40","59,40","59,40","59,40","","1,71%"
"19/06/2014","55,50","55,50","55,50","55,50","","-6,57%"
"20/06/2014","54,90","54,90","54,90","54,90","","-1,08%"
"23/06/2014","54,60","54,60","54,60","54,60","","-0,55%"
"24/06/2014","53,90","53,90","53,90","53,90","","-1,28%"
"25/06/2014","54,10","54,10","54,10","54,10","","0,37%"
"26/06/2014","53,25","53,25","53,25","53,25","","-1,57%"
"27/06/2014","53,30","53,30","53,30","53,30","","0,09%"
"30/06/2014","52,70","52,70","52,70","52,70","","-1,13%"
"01/07/2014","53,25","53,25","53,25","53,25","","1,04%"
"02/07/2014","59,60","59,60","59,60","59,60","","11,92%"
"03/07/2014","56,90","56,90","56,90","56,90","","-4,53%"
"07/07/2014","55,05","55,05","55,05","55,05","","-3,25%"
"08/07/2014","54,97","54,97","54,97","54,97","","-0,15%"
"09/07/2014","55,17","55,17","55,17","55,17","","0,36%"
"10/07/2014","55,60","55,60","55,60","55,60","","0,78%"
"11/07/2014","54,80","54,80","54,80","54,80","","-1,44%"
"14/07/2014","54,40","54,40","54,40","54,40","","-0,73%"
"15/07/2014","54,00","54,00","54,00","54,00","","-0,74%"
"16/07/2014","52,90","52,90","52,90","52,90","","-2,04%"
"17/07/2014","54,50","54,50","54,50","54,50","","3,02%"
"18/07/2014","54,40","54,40","54,40","54,40","","-0,18%"
"21/07/2014","53,85","53,85","53,85","53,85","","-1,01%"
"22/07/2014","53,80","53,80","53,80","53,80","","-0,09%"
"23/07/2014","53,40","53,40","53,40","53,40","","-0,74%"
"24/07/2014","54,26","54,26","54,26","54,26","","1,61%"
"25/07/2014","54,43","54,43","54,43","54,43","","0,31%"
"28/07/2014","54,08","54,08","54,08","54,08","","-0,64%"
"29/07/2014","53,80","53,80","53,80","53,80","","-0,52%"
"30/07/2014","55,89","55,89","55,89","55,89","","3,88%"
"31/07/2014","56,46","56,46","56,46","56,46","","1,02%"
"01/08/2014","52,26","52,26","52,26","52,26","","-7,44%"
"04/08/2014","52,30","52,30","52,30","52,30","","0,08%"
"05/08/2014","56,70","56,70","56,70","56,70","","8,41%"
"06/08/2014","56,92","56,92","56,92","56,92","","0,39%"
"07/08/2014","59,50","59,50","59,50","59,50","","4,53%"
"08/08/2014","62,47","62,47","62,47","62,47","","4,99%"
"11/08/2014","60,30","60,30","60,30","60,30","","-3,47%"
"12/08/2014","59,37","59,37","59,37","59,37","","-1,54%"
"13/08/2014","58,80","58,80","58,80","58,80","","-0,96%"
"14/08/2014","58,50","58,50","58,50","58,50","","-0,51%"
"15/08/2014","60,40","60,40","60,40","60,40","","3,25%"
"18/08/2014","61,69","61,69","61,69","61,69","","2,14%"
"19/08/2014","62,00","62,00","62,00","62,00","","0,50%"
"20/08/2014","62,80","62,80","62,80","62,80","","1,29%"
"21/08/2014","60,20","60,20","60,20","60,20","","-4,14%"
"22/08/2014","59,84","59,84","59,84","59,84","","-0,60%"
"25/08/2014","57,20","57,20","57,20","57,20","","-4,41%"
"26/08/2014","56,45","56,45","56,45","56,45","","-1,31%"
"27/08/2014","56,90","56,90","56,90","56,90","","0,80%"
"28/08/2014","59,80","59,80","59,80","59,80","","5,10%"
"29/08/2014","60,49","60,49","60,49","60,49","","1,15%"
"02/09/2014","61,35","61,35","61,35","61,35","","1,42%"
"03/09/2014","64,90","64,90","64,90","64,90","","5,79%"
"04/09/2014","64,90","64,90","64,90","64,90","","0,00%"
"05/09/2014","60,30","60,30","60,30","60,30","","-7,09%"
"08/09/2014","60,00","60,00","60,00","60,00","","-0,50%"
"09/09/2014","61,50","61,50","61,50","61,50","","2,50%"
"10/09/2014","63,20","63,20","63,20","63,20","","2,76%"
"11/09/2014","62,80","62,80","62,80","62,80","","-0,63%"
"12/09/2014","65,60","65,60","65,60","65,60","","4,46%"
"15/09/2014","66,10","66,10","66,10","66,10","","0,76%"
"16/09/2014","67,10","67,10","67,10","67,10","","1,51%"
"17/09/2014","62,30","62,30","62,30","62,30","","-7,15%"
"18/09/2014","62,00","62,00","62,00","62,00","","-0,48%"
"19/09/2014","59,80","59,80","59,80","59,80","","-3,55%"
"22/09/2014","58,00","58,00","58,00","58,00","","-3,01%"
"23/09/2014","57,40","57,40","57,40","57,40","","-1,03%"
"24/09/2014","58,30","58,30","58,30","58,30","","1,57%"
"25/09/2014","59,10","59,10","59,10","59,10","","1,37%"
"26/09/2014","64,50","64,50","64,50","64,50","","9,14%"
"29/09/2014","62,30","62,30","62,30","62,30","","-3,41%"
"30/09/2014","64,20","64,20","64,20","64,20","","3,05%"
"01/10/2014","64,30","64,30","64,30","64,30","","0,16%"
"02/10/2014","66,20","66,20","66,20","66,20","","2,95%"
"03/10/2014","62,50","62,50","62,50","62,50","","-5,59%"
"06/10/2014","60,40","60,40","60,40","60,40","","-3,36%"
"07/10/2014","65,30","65,30","65,30","65,30","","8,11%"
"08/10/2014","65,00","65,00","65,00","65,00","","-0,46%"
"09/10/2014","66,50","66,50","66,50","66,50","","2,31%"
"10/10/2014","68,70","68,70","68,70","68,70","","3,31%"
"14/10/2014","74,60","74,60","74,60","74,60","","8,59%"
"15/10/2014","101,30","101,30","101,30","101,30","","35,79%"
"16/10/2014","90,10","90,10","90,10","90,10","","-11,06%"
"17/10/2014","82,90","82,90","82,90","82,90","","-7,99%"
"20/10/2014","79,20","79,20","79,20","79,20","","-4,46%"
"21/10/2014","78,90","78,90","78,90","78,90","","-0,38%"
"22/10/2014","77,20","77,20","77,20","77,20","","-2,15%"
"23/10/2014","80,40","80,40","80,40","80,40","","4,15%"
"24/10/2014","81,61","81,61","81,61","81,61","","1,50%"
"27/10/2014","77,60","77,60","77,60","77,60","","-4,91%"
"28/10/2014","74,70","74,70","74,70","74,70","","-3,74%"
"29/10/2014","73,00","73,00","73,00","73,00","","-2,28%"
"30/10/2014","69,56","69,56","69,56","69,56","","-4,71%"
"31/10/2014","68,70","68,70","68,70","68,70","","-1,24%"
"03/11/2014","67,45","67,45","67,45","67,45","","-1,82%"
"04/11/2014","68,60","68,60","68,60","68,60","","1,70%"
"05/11/2014","72,90","72,90","72,90","72,90","","6,27%"
"06/11/2014","69,10","69,10","69,10","69,10","","-5,21%"
"07/11/2014","66,60","66,60","66,60","66,60","","-3,62%"
"10/11/2014","66,55","66,55","66,55","66,55","","-0,08%"
"12/11/2014","66,80","66,80","66,80","66,80","","0,38%"
"13/11/2014","67,00","67,00","67,00","67,00","","0,30%"
"14/11/2014","67,00","67,00","67,00","67,00","","0,00%"
"17/11/2014","66,90","66,90","66,90","66,90","","-0,15%"
"18/11/2014","69,20","69,20","69,20","69,20","","3,44%"
"19/11/2014","70,00","70,00","70,00","70,00","","1,16%"
"20/11/2014","69,20","69,20","69,20","69,20","","-1,14%"
"21/11/2014","67,00","67,00","67,00","67,00","","-3,18%"
"24/11/2014","64,40","64,40","64,40","64,40","","-3,88%"
"25/11/2014","64,60","64,60","64,60","64,60","","0,31%"
"26/11/2014","64,70","64,70","64,70","64,70","","0,15%"
"28/11/2014","66,60","66,60","66,60","66,60","","2,94%"
"01/12/2014","67,30","67,30","67,30","67,30","","1,05%"
"03/12/2014","65,80","65,80","65,80","65,80","","-2,23%"
"04/12/2014","64,60","64,60","64,60","64,60","","-1,82%"
"05/12/2014","64,80","64,80","64,80","64,80","","0,31%"
"08/12/2014","62,80","62,80","62,80","62,80","","-3,09%"
"09/12/2014","66,57","66,57","66,57","66,57","","6,00%"
"10/12/2014","68,20","68,20","68,20","68,20","","2,45%"
"15/12/2014","77,60","77,60","77,60","77,60","","13,78%"
"16/12/2014","80,70","80,70","80,70","80,70","","3,99%"
"17/12/2014","72,42","72,42","72,42","72,42","","-10,26%"
"18/12/2014","71,17","71,17","71,17","71,17","","-1,73%"
"19/12/2014","70,70","70,70","70,70","70,70","","-0,66%"
"22/12/2014","70,08","70,08","70,08","70,08","","-0,88%"
"23/12/2014","68,80","68,80","68,80","68,80","","-1,83%"
"24/12/2014","68,90","68,90","68,90","68,90","","0,15%"
"26/12/2014","55,40","55,40","55,40","55,40","","-19,59%"
"29/12/2014","69,20","69,20","69,20","69,20","","24,91%"
"30/12/2014","69,00","69,00","69,00","69,00","","-0,29%"
"31/12/2014","68,90","68,90","68,90","68,90","","-0,14%"
"02/01/2015","70,00","70,00","70,00","70,00","","1,60%"
"05/01/2015","71,50","71,50","71,50","71,50","","2,14%"
"06/01/2015","84,90","84,90","84,90","84,90","","18,74%"
"07/01/2015","85,20","85,20","85,20","85,20","","0,35%"
"08/01/2015","85,20","85,20","85,20","85,20","","0,00%"
"09/01/2015","80,60","80,60","80,60","80,60","","-5,40%"
"12/01/2015","81,90","81,90","81,90","81,90","","1,61%"
"13/01/2015","83,00","83,00","83,00","83,00","","1,34%"
"14/01/2015","85,30","85,30","85,30","85,30","","2,77%"
"15/01/2015","85,30","85,30","85,30","85,30","","0,00%"
"16/01/2015","92,60","92,60","92,60","92,60","","8,56%"
"20/01/2015","90,60","90,60","90,60","90,60","","-2,16%"
"21/01/2015","88,30","88,30","88,30","88,30","","-2,54%"
"22/01/2015","85,10","85,10","85,10","85,10","","-3,62%"
"23/01/2015","89,90","89,90","89,90","89,90","","5,64%"
"26/01/2015","85,30","85,30","85,30","85,30","","-5,12%"
"27/01/2015","86,20","86,20","86,20","86,20","","1,06%"
"28/01/2015","86,40","86,40","86,40","86,40","","0,23%"
"29/01/2015","86,60","86,60","86,60","86,60","","0,23%"
"02/02/2015","88,10","88,10","88,10","88,10","","1,73%"
"03/02/2015","92,70","92,70","92,70","92,70","","5,22%"
"04/02/2015","92,30","92,30","92,30","92,30","","-0,43%"
"05/02/2015","93,00","93,00","93,00","93,00","","0,76%"
"06/02/2015","93,70","93,70","93,70","93,70","","0,75%"
"09/02/2015","95,10","95,10","95,10","95,10","","1,49%"
"10/02/2015","95,35","95,35","95,35","95,35","","0,26%"
"11/02/2015","94,20","94,20","94,20","94,20","","-1,21%"
"12/02/2015","91,60","91,60","91,60","91,60","","-2,76%"
"13/02/2015","91,40","91,40","91,40","91,40","","-0,22%"
"17/02/2015","91,80","91,80","91,80","91,80","","0,44%"
"18/02/2015","91,40","91,40","91,40","91,40","","-0,44%"
"19/02/2015","98,50","98,50","98,50","98,50","","7,77%"
"20/02/2015","98,30","98,30","98,30","98,30","","-0,20%"
"23/02/2015","97,70","97,70","97,70","97,70","","-0,61%"
"24/02/2015","94,10","94,10","94,10","94,10","","-3,68%"
"25/02/2015","91,50","91,50","91,50","91,50","","-2,76%"
"26/02/2015","90,50","90,50","90,50","90,50","","-1,09%"
"27/02/2015","91,40","91,40","91,40","91,40","","0,99%"
"02/03/2015","90,20","90,20","90,20","90,20","","-1,31%"
"03/03/2015","91,80","91,80","91,80","91,80","","1,77%"
"04/03/2015","90,70","90,70","90,70","90,70","","-1,20%"
"05/03/2015","89,30","89,30","89,30","89,30","","-1,54%"
"06/03/2015","86,60","86,60","86,60","86,60","","-3,02%"
"09/03/2015","84,00","84,00","84,00","84,00","","-3,00%"
"10/03/2015","84,40","84,40","84,40","84,40","","0,48%"
"11/03/2015","85,00","85,00","85,00","85,00","","0,71%"
"12/03/2015","85,60","85,60","85,60","85,60","","0,71%"
"13/03/2015","86,10","86,10","86,10","86,10","","0,58%"
"16/03/2015","84,80","84,80","84,80","84,80","","-1,51%"
"17/03/2015","86,30","86,30","86,30","86,30","","1,77%"
"18/03/2015","85,70","85,70","85,70","85,70","","-0,70%"
"19/03/2015","87,80","87,80","87,80","87,80","","2,45%"
"20/03/2015","86,50","86,50","86,50","86,50","","-1,48%"
"23/03/2015","84,90","84,90","84,90","84,90","","-1,85%"
"24/03/2015","83,70","83,70","83,70","83,70","","-1,41%"
"25/03/2015","84,20","84,20","84,20","84,20","","0,60%"
"26/03/2015","86,20","86,20","86,20","86,20","","2,38%"
"27/03/2015","86,20","86,20","86,20","86,20","","0,00%"
"30/03/2015","86,40","86,40","86,40","86,40","","0,23%"
"31/03/2015","86,10","86,10","86,10","86,10","","-0,35%"
"01/04/2015","85,60","85,60","85,60","85,60","","-0,58%"
"02/04/2015","84,30","84,30","84,30","84,30","","-1,52%"
"03/04/2015","79,30","79,30","79,30","79,30","","-5,93%"
"06/04/2015","79,00","79,00","79,00","79,00","","-0,38%"
"07/04/2015","77,80","77,80","77,80","77,80","","-1,52%"
"08/04/2015","80,00","80,00","80,00","80,00","","2,83%"
"09/04/2015","78,80","78,80","78,80","78,80","","-1,50%"
"10/04/2015","77,80","77,80","77,80","77,80","","-1,27%"
"13/04/2015","75,80","75,80","75,80","75,80","","-2,57%"
"14/04/2015","74,80","74,80","74,80","74,80","","-1,32%"
"15/04/2015","73,00","73,00","73,00","73,00","","-2,41%"
"16/04/2015","72,40","72,40","72,40","72,40","","-0,82%"
"17/04/2015","74,40","74,40","74,40","74,40","","2,76%"
"20/04/2015","73,50","73,50","73,50","73,50","","-1,21%"
"21/04/2015","72,90","72,90","72,90","72,90","","-0,82%"
"22/04/2015","72,90","72,90","72,90","72,90","","0,00%"
"23/04/2015","73,20","73,20","73,20","73,20","","0,41%"
"24/04/2015","71,60","71,60","71,60","71,60","","-2,19%"
"27/04/2015","71,00","71,00","71,00","71,00","","-0,84%"
"28/04/2015","72,90","72,90","72,90","72,90","","2,68%"
"29/04/2015","73,90","73,90","73,90","73,90","","1,37%"
"30/04/2015","75,30","75,30","75,30","75,30","","1,89%"
"01/05/2015","78,90","78,90","78,90","78,90","","4,78%"
"04/05/2015","81,10","81,10","81,10","81,10","","2,79%"
"05/05/2015","87,70","87,70","87,70","87,70","","8,14%"
"06/05/2015","91,00","91,00","91,00","91,00","","3,76%"
"07/05/2015","89,60","89,60","89,60","89,60","","-1,54%"
"08/05/2015","80,90","80,90","80,90","80,90","","-9,71%"
"11/05/2015","84,10","84,10","84,10","84,10","","3,96%"
"12/05/2015","87,40","87,40","87,40","87,40","","3,92%"
"13/05/2015","85,60","85,60","85,60","85,60","","-2,06%"
"14/05/2015","83,20","83,20","83,20","83,20","","-2,80%"
"15/05/2015","83,20","83,20","83,20","83,20","","0,00%"
"18/05/2015","88,20","88,20","88,20","88,20","","6,01%"
"19/05/2015","87,67","87,67","87,67","87,67","","-0,60%"
"20/05/2015","87,65","87,65","87,65","87,65","","-0,02%"
"21/05/2015","86,10","86,10","86,10","86,10","","-1,77%"
"22/05/2015","87,67","87,67","87,67","87,67","","1,82%"
"26/05/2015","85,36","85,36","85,36","85,36","","-2,63%"
"27/05/2015","84,00","84,00","84,00","84,00","","-1,59%"
"28/05/2015","82,70","82,70","82,70","82,70","","-1,55%"
"29/05/2015","82,70","82,70","82,70","82,70","","0,00%"
"01/06/2015","83,55","83,55","83,55","83,55","","1,03%"
"02/06/2015","87,50","87,50","87,50","87,50","","4,73%"
"03/06/2015","91,81","91,81","91,81","91,81","","4,93%"
"04/06/2015","92,21","92,21","92,21","92,21","","0,44%"
"05/06/2015","88,90","88,90","88,90","88,90","","-3,59%"
"08/06/2015","87,60","87,60","87,60","87,60","","-1,46%"
"09/06/2015","87,20","87,20","87,20","87,20","","-0,46%"
"10/06/2015","89,80","89,80","89,80","89,80","","2,98%"
"11/06/2015","87,80","87,80","87,80","87,80","","-2,23%"
"12/06/2015","87,70","87,70","87,70","87,70","","-0,11%"
"15/06/2015","86,00","86,00","86,00","86,00","","-1,94%"
"16/06/2015","85,70","85,70","85,70","85,70","","-0,35%"
"17/06/2015","82,40","82,40","82,40","82,40","","-3,85%"
"18/06/2015","82,60","82,60","82,60","82,60","","0,24%"
"19/06/2015","84,70","84,70","84,70","84,70","","2,54%"
"22/06/2015","84,40","84,40","84,40","84,40","","-0,35%"
"23/06/2015","84,20","84,20","84,20","84,20","","-0,24%"
"24/06/2015","82,70","82,70","82,70","82,70","","-1,78%"
"25/06/2015","83,32","83,32","83,32","83,32","","0,75%"
"26/06/2015","84,30","84,30","84,30","84,30","","1,18%"
"29/06/2015","89,80","89,80","89,80","89,80","","6,52%"
"30/06/2015","92,30","92,30","92,30","92,30","","2,78%"
"01/07/2015","90,30","90,30","90,30","90,30","","-2,17%"
"02/07/2015","88,00","88,00","88,00","88,00","","-2,55%"
"06/07/2015","86,18","86,18","86,18","86,18","","-2,07%"
"07/07/2015","90,50","90,50","90,50","90,50","","5,01%"
"08/07/2015","89,40","89,40","89,40","89,40","","-1,22%"
"09/07/2015","89,30","89,30","89,30","89,30","","-0,11%"
"10/07/2015","90,20","90,20","90,20","90,20","","1,01%"
"13/07/2015","84,70","84,70","84,70","84,70","","-6,10%"
"14/07/2015","80,80","80,80","80,80","80,80","","-4,60%"
"15/07/2015","79,10","79,10","79,10","79,10","","-2,10%"
"16/07/2015","76,00","76,00","76,00","76,00","","-3,92%"
"17/07/2015","74,21","74,21","74,21","74,21","","-2,36%"
"20/07/2015","72,80","72,80","72,80","72,80","","-1,90%"
"21/07/2015","72,40","72,40","72,40","72,40","","-0,55%"
"22/07/2015","72,10","72,10","72,10","72,10","","-0,41%"
"23/07/2015","72,60","72,60","72,60","72,60","","0,69%"
"24/07/2015","73,00","73,00","73,00","73,00","","0,55%"
"27/07/2015","72,20","72,20","72,20","72,20","","-1,10%"
"28/07/2015","71,90","71,90","71,90","71,90","","-0,42%"
"29/07/2015","69,71","69,71","69,71","69,71","","-3,05%"
"30/07/2015","71,20","71,20","71,20","71,20","","2,14%"
"31/07/2015","75,80","75,80","75,80","75,80","","6,46%"
"03/08/2015","74,70","74,70","74,70","74,70","","-1,45%"
"04/08/2015","80,47","80,47","80,47","80,47","","7,72%"
"05/08/2015","80,70","80,70","80,70","80,70","","0,29%"
"06/08/2015","80,30","80,30","80,30","80,30","","-0,50%"
"07/08/2015","76,20","76,20","76,20","76,20","","-5,11%"
"10/08/2015","75,30","75,30","75,30","75,30","","-1,18%"
"11/08/2015","78,10","78,10","78,10","78,10","","3,72%"
"12/08/2015","81,50","81,50","81,50","81,50","","4,35%"
"13/08/2015","80,00","80,00","80,00","80,00","","-1,84%"
"14/08/2015","77,10","77,10","77,10","77,10","","-3,63%"
"17/08/2015","76,10","76,10","76,10","76,10","","-1,30%"
"18/08/2015","82,70","82,70","82,70","82,70","","8,67%"
"19/08/2015","81,50","81,50","81,50","81,50","","-1,45%"
"20/08/2015","84,60","84,60","84,60","84,60","","3,80%"
"21/08/2015","88,50","88,50","88,50","88,50","","4,61%"
"24/08/2015","94,50","94,50","94,50","94,50","","6,78%"
"25/08/2015","91,10","91,10","91,10","91,10","","-3,60%"
"26/08/2015","92,00","92,00","92,00","92,00","","0,99%"
"27/08/2015","91,40","91,40","91,40","91,40","","-0,65%"
"28/08/2015","91,10","91,10","91,10","91,10","","-0,33%"
"31/08/2015","87,70","87,70","87,70","87,70","","-3,73%"
"01/09/2015","88,70","88,70","88,70","88,70","","1,14%"
"02/09/2015","93,10","93,10","93,10","93,10","","4,96%"
"03/09/2015","91,40","91,40","91,40","91,40","","-1,83%"
"04/09/2015","86,80","86,80","86,80","86,80","","-5,03%"
"08/09/2015","85,20","85,20","85,20","85,20","","-1,84%"
"09/09/2015","85,10","85,10","85,10","85,10","","-0,12%"
"10/09/2015","83,60","83,60","83,60","83,60","","-1,76%"
"11/09/2015","83,80","83,80","83,80","83,80","","0,24%"
"14/09/2015","82,70","82,70","82,70","82,70","","-1,31%"
"15/09/2015","85,00","85,00","85,00","85,00","","2,78%"
"16/09/2015","84,90","84,90","84,90","84,90","","-0,12%"
"17/09/2015","77,70","77,70","77,70","77,70","","-8,48%"
"18/09/2015","75,80","75,80","75,80","75,80","","-2,45%"
"21/09/2015","74,50","74,50","74,50","74,50","","-1,72%"
"22/09/2015","75,60","75,60","75,60","75,60","","1,48%"
"23/09/2015","69,20","69,20","69,20","69,20","","-8,47%"
"24/09/2015","76,40","76,40","76,40","76,40","","10,40%"
"25/09/2015","75,90","75,90","75,90","75,90","","-0,65%"
"28/09/2015","76,90","76,90","76,90","76,90","","1,32%"
"29/09/2015","83,30","83,30","83,30","83,30","","8,32%"
"30/09/2015","81,60","81,60","81,60","81,60","","-2,04%"
"01/10/2015","81,50","81,50","81,50","81,50","","-0,12%"
"02/10/2015","78,90","78,90","78,90","78,90","","-3,19%"
"05/10/2015","77,50","77,50","77,50","77,50","","-1,77%"
"06/10/2015","80,30","80,30","80,30","80,30","","3,61%"
"07/10/2015","80,00","80,00","80,00","80,00","","-0,37%"
"08/10/2015","79,50","79,50","79,50","79,50","","-0,63%"
"09/10/2015","78,20","78,20","78,20","78,20","","-1,64%"
"13/10/2015","76,30","76,30","76,30","76,30","","-2,43%"
"14/10/2015","74,80","74,80","74,80","74,80","","-1,97%"
"15/10/2015","74,60","74,60","74,60","74,60","","-0,27%"
"16/10/2015","74,70","74,70","74,70","74,70","","0,13%"
"19/10/2015","71,00","71,00","71,00","71,00","","-4,95%"
"20/10/2015","71,10","71,10","71,10","71,10","","0,14%"
"21/10/2015","69,70","69,70","69,70","69,70","","-1,97%"
"22/10/2015","70,00","70,00","70,00","70,00","","0,43%"
"23/10/2015","70,80","70,80","70,80","70,80","","1,14%"
"26/10/2015","69,70","69,70","69,70","69,70","","-1,55%"
"27/10/2015","69,80","69,80","69,80","69,80","","0,14%"
"28/10/2015","70,30","70,30","70,30","70,30","","0,72%"
"29/10/2015","73,10","73,10","73,10","73,10","","3,98%"
"30/10/2015","73,10","73,10","73,10","73,10","","0,00%"
"02/11/2015","73,20","73,20","73,20","73,20","","0,14%"
"03/11/2015","73,30","73,30","73,30","73,30","","0,14%"
"04/11/2015","77,60","77,60","77,60","77,60","","5,87%"
"05/11/2015","76,70","76,70","76,70","76,70","","-1,16%"
"06/11/2015","74,30","74,30","74,30","74,30","","-3,13%"
"10/11/2015","70,50","70,50","70,50","70,50","","-5,11%"
"13/11/2015","68,30","68,30","68,30","68,30","","-3,12%"
"16/11/2015","67,70","67,70","67,70","67,70","","-0,88%"
"17/11/2015","72,30","72,30","72,30","72,30","","6,79%"
"18/11/2015","71,70","71,70","71,70","71,70","","-0,83%"
"19/11/2015","70,50","70,50","70,50","70,50","","-1,67%"
"20/11/2015","70,50","70,50","70,50","70,50","","0,00%"
"23/11/2015","70,80","70,80","70,80","70,80","","0,43%"
"24/11/2015","70,90","70,90","70,90","70,90","","0,14%"
"25/11/2015","70,00","70,00","70,00","70,00","","-1,27%"
"27/11/2015","69,60","69,60","69,60","69,60","","-0,57%"
"30/11/2015","69,90","69,90","69,90","69,90","","0,43%"
"01/12/2015","71,00","71,00","71,00","71,00","","1,57%"
"02/12/2015","72,30","72,30","72,30","72,30","","1,83%"
"03/12/2015","74,60","74,60","74,60","74,60","","3,18%"
"04/12/2015","71,30","71,30","71,30","71,30","","-4,42%"
"07/12/2015","70,56","70,56","70,56","70,56","","-1,04%"
"08/12/2015","72,70","72,70","72,70","72,70","","3,03%"
"09/12/2015","72,40","72,40","72,40","72,40","","-0,41%"
"10/12/2015","72,30","72,30","72,30","72,30","","-0,14%"
"11/12/2015","75,00","75,00","75,00","75,00","","3,73%"
"14/12/2015","78,20","78,20","78,20","78,20","","4,27%"
"15/12/2015","79,60","79,60","79,60","79,60","","1,79%"
"16/12/2015","70,20","70,20","70,20","70,20","","-11,81%"
"17/12/2015","67,70","67,70","67,70","67,70","","-3,56%"
"18/12/2015","67,80","67,80","67,80","67,80","","0,15%"
"21/12/2015","66,40","66,40","66,40","66,40","","-2,06%"
"22/12/2015","66,90","66,90","66,90","66,90","","0,75%"
"23/12/2015","66,00","66,00","66,00","66,00","","-1,35%"
"24/12/2015","65,50","65,50","65,50","65,50","","-0,76%"
"28/12/2015","67,20","67,20","67,20","67,20","","2,60%"
"29/12/2015","67,20","67,20","67,20","67,20","","0,00%"
"30/12/2015","67,30","67,30","67,30","67,30","","0,15%"
"31/12/2015","67,80","67,80","67,80","67,80","","0,74%"
"04/01/2016","68,80","68,80","68,80","68,80","","1,47%"
"05/01/2016","71,42","71,42","71,42","71,42","","3,81%"
"06/01/2016","71,68","71,68","71,68","71,68","","0,36%"
"07/01/2016","74,21","74,21","74,21","74,21","","3,53%"
"08/01/2016","71,01","71,01","71,01","71,01","","-4,31%"
"11/01/2016","71,02","71,02","71,02","71,02","","0,01%"
"13/01/2016","74,46","74,46","74,46","74,46","","4,84%"
"14/01/2016","73,61","73,61","73,61","73,61","","-1,14%"
"15/01/2016","78,06","78,06","78,06","78,06","","6,05%"
"19/01/2016","77,32","77,32","77,32","77,32","","-0,95%"
"20/01/2016","81,82","81,82","81,82","81,82","","5,82%"
"21/01/2016","80,73","80,73","80,73","80,73","","-1,33%"
"22/01/2016","77,35","77,35","77,35","77,35","","-4,19%"
"25/01/2016","75,41","75,41","75,41","75,41","","-2,51%"
"26/01/2016","75,16","75,16","75,16","75,16","","-0,33%"
"27/01/2016","71,94","71,94","71,94","71,94","","-4,28%"
"28/01/2016","70,98","70,98","70,98","70,98","","-1,33%"
"29/01/2016","74,00","74,00","74,00","74,00","","4,25%"
"01/02/2016","73,46","73,46","73,46","73,46","","-0,73%"
"02/02/2016","77,49","77,49","77,49","77,49","","5,49%"
"03/02/2016","79,62","79,62","79,62","79,62","","2,75%"
"04/02/2016","83,76","83,76","83,76","83,76","","5,20%"
"05/02/2016","81,67","81,67","81,67","81,67","","-2,50%"
"08/02/2016","89,27","89,27","89,27","89,27","","9,31%"
"09/02/2016","91,61","91,61","91,61","91,61","","2,62%"
"10/02/2016","86,32","86,32","86,32","86,32","","-5,77%"
"11/02/2016","96,31","96,31","96,31","96,31","","11,57%"
"12/02/2016","93,72","93,72","93,72","93,72","","-2,69%"
"16/02/2016","86,82","86,82","86,82","86,82","","-7,36%"
"17/02/2016","84,79","84,79","84,79","84,79","","-2,34%"
"18/02/2016","86,12","86,12","86,12","86,12","","1,57%"
"19/02/2016","90,10","90,10","90,10","90,10","","4,62%"
"22/02/2016","85,15","85,15","85,15","85,15","","-5,49%"
"23/02/2016","83,98","83,98","83,98","83,98","","-1,37%"
"24/02/2016","85,09","85,09","85,09","85,09","","1,32%"
"25/02/2016","84,44","84,44","84,44","84,44","","-0,76%"
"26/02/2016","82,54","82,54","82,54","82,54","","-2,25%"
"29/02/2016","83,39","83,39","83,39","83,39","","1,03%"
"01/03/2016","84,22","84,22","84,22","84,22","","1,00%"
"02/03/2016","83,65","83,65","83,65","83,65","","-0,68%"
"03/03/2016","81,72","81,72","81,72","81,72","","-2,31%"
"04/03/2016","78,01","78,01","78,01","78,01","","-4,54%"
"07/03/2016","77,83","77,83","77,83","77,83","","-0,23%"
"08/03/2016","80,72","80,72","80,72","80,72","","3,71%"
"09/03/2016","80,36","80,36","80,36","80,36","","-0,45%"
"10/03/2016","80,85","80,85","80,85","80,85","","0,61%"
"11/03/2016","81,42","81,42","81,42","81,42","","0,71%"
"14/03/2016","79,12","79,12","79,12","79,12","","-2,82%"
"15/03/2016","78,47","78,47","78,47","78,47","","-0,82%"
"16/03/2016","74,16","74,16","74,16","74,16","","-5,49%"
"17/03/2016","72,41","72,41","72,41","72,41","","-2,36%"
"18/03/2016","71,26","71,26","71,26","71,26","","-1,59%"
"21/03/2016","70,83","70,83","70,83","70,83","","-0,60%"
"22/03/2016","71,12","71,12","71,12","71,12","","0,41%"
"23/03/2016","71,08","71,08","71,08","71,08","","-0,06%"
"24/03/2016","72,68","72,68","72,68","72,68","","2,25%"
"28/03/2016","74,69","74,69","74,69","74,69","","2,77%"
"29/03/2016","72,66","72,66","72,66","72,66","","-2,72%"
"30/03/2016","70,54","70,54","70,54","70,54","","-2,92%"
"31/03/2016","68,80","68,80","68,80","68,80","","-2,47%"
"01/04/2016","67,00","67,00","67,00","67,00","","-2,62%"
"04/04/2016","65,36","65,36","65,36","65,36","","-2,45%"
"05/04/2016","68,31","68,31","68,31","68,31","","4,51%"
"06/04/2016","69,71","69,71","69,71","69,71","","2,05%"
"07/04/2016","71,09","71,09","71,09","71,09","","1,98%"
"08/04/2016","70,88","70,88","70,88","70,88","","-0,30%"
"11/04/2016","69,77","69,77","69,77","69,77","","-1,57%"
"12/04/2016","68,78","68,78","68,78","68,78","","-1,42%"
"13/04/2016","67,48","67,48","67,48","67,48","","-1,89%"
"14/04/2016","67,52","67,52","67,52","67,52","","0,06%"
"15/04/2016","66,49","66,49","66,49","66,49","","-1,53%"
"18/04/2016","66,34","66,34","66,34","66,34","","-0,23%"
"19/04/2016","66,44","66,44","66,44","66,44","","0,15%"
"20/04/2016","67,77","67,77","67,77","67,77","","2,00%"
"21/04/2016","68,60","68,60","68,60","68,60","","1,22%"
"22/04/2016","67,78","67,78","67,78","67,78","","-1,20%"
"25/04/2016","67,89","67,89","67,89","67,89","","0,16%"
"26/04/2016","67,15","67,15","67,15","67,15","","-1,09%"
"27/04/2016","64,74","64,74","64,74","64,74","","-3,59%"
"28/04/2016","64,64","64,64","64,64","64,64","","-0,15%"
"29/04/2016","64,92","64,92","64,92","64,92","","0,43%"
"02/05/2016","64,68","64,68","64,68","64,68","","-0,37%"
"03/05/2016","68,41","68,41","68,41","68,41","","5,77%"
"04/05/2016","68,12","68,12","68,12","68,12","","-0,42%"
"05/05/2016","68,67","68,67","68,67","68,67","","0,81%"
"06/05/2016","65,15","65,15","65,15","65,15","","-5,13%"
"09/05/2016","64,12","64,12","64,12","64,12","","-1,58%"
"10/05/2016","63,97","63,97","63,97","63,97","","-0,23%"
"11/05/2016","63,89","63,89","63,89","63,89","","-0,13%"
"12/05/2016","63,92","63,92","63,92","63,92","","0,05%"
"13/05/2016","64,07","64,07","64,07","64,07","","0,23%"
"16/05/2016","66,94","66,94","66,94","66,94","","4,48%"
"17/05/2016","67,12","67,12","67,12","67,12","","0,27%"
"18/05/2016","69,85","69,85","69,85","69,85","","4,07%"
"19/05/2016","70,56","70,56","70,56","70,56","","1,02%"
"20/05/2016","68,51","68,51","68,51","68,51","","-2,91%"
"23/05/2016","67,78","67,78","67,78","67,78","","-1,07%"
"24/05/2016","69,41","69,41","69,41","69,41","","2,40%"
"25/05/2016","67,54","67,54","67,54","67,54","","-2,69%"
"26/05/2016","66,15","66,15","66,15","66,15","","-2,06%"
"27/05/2016","66,76","66,76","66,76","66,76","","0,92%"
"31/05/2016","67,91","67,91","67,91","67,91","","1,72%"
"01/06/2016","68,75","68,75","68,75","68,75","","1,24%"
"02/06/2016","69,56","69,56","69,56","69,56","","1,18%"
"03/06/2016","67,59","67,59","67,59","67,59","","-2,83%"
"06/06/2016","66,27","66,27","66,27","66,27","","-1,95%"
"08/06/2016","67,92","67,92","67,92","67,92","","2,49%"
"10/06/2016","75,10","75,10","75,10","75,10","","10,57%"
"13/06/2016","79,57","79,57","79,57","79,57","","5,95%"
"14/06/2016","79,10","79,10","79,10","79,10","","-0,59%"
"15/06/2016","78,67","78,67","78,67","78,67","","-0,54%"
"16/06/2016","83,54","83,54","83,54","83,54","","6,19%"
"17/06/2016","82,58","82,58","82,58","82,58","","-1,15%"
"20/06/2016","77,32","77,32","77,32","77,32","","-6,37%"
"21/06/2016","76,96","76,96","76,96","76,96","","-0,47%"
"22/06/2016","79,52","79,52","79,52","79,52","","3,33%"
"23/06/2016","74,04","74,04","74,04","74,04","","-6,89%"
"24/06/2016","77,94","77,94","77,94","77,94","","5,27%"
"27/06/2016","81,57","81,57","81,57","81,57","","4,66%"
"28/06/2016","78,67","78,67","78,67","78,67","","-3,56%"
"29/06/2016","71,80","71,80","71,80","71,80","","-8,73%"
"30/06/2016","72,64","72,64","72,64","72,64","","1,17%"
"01/07/2016","74,35","74,35","74,35","74,35","","2,35%"
"05/07/2016","78,12","78,12","78,12","78,12","","5,07%"
"06/07/2016","76,09","76,09","76,09","76,09","","-2,60%"
"07/07/2016","76,73","76,73","76,73","76,73","","0,84%"
"08/07/2016","72,31","72,31","72,31","72,31","","-5,76%"
"11/07/2016","69,78","69,78","69,78","69,78","","-3,50%"
"12/07/2016","71,43","71,43","71,43","71,43","","2,36%"
"13/07/2016","71,65","71,65","71,65","71,65","","0,31%"
"14/07/2016","73,56","73,56","73,56","73,56","","2,67%"
"15/07/2016","74,77","74,77","74,77","74,77","","1,64%"
"18/07/2016","72,92","72,92","72,92","72,92","","-2,47%"
"19/07/2016","70,53","70,53","70,53","70,53","","-3,28%"
"20/07/2016","70,64","70,64","70,64","70,64","","0,16%"
"21/07/2016","71,86","71,86","71,86","71,86","","1,73%"
"22/07/2016","69,91","69,91","69,91","69,91","","-2,71%"
"25/07/2016","68,75","68,75","68,75","68,75","","-1,66%"
"26/07/2016","68,76","68,76","68,76","68,76","","0,01%"
"27/07/2016","66,64","66,64","66,64","66,64","","-3,08%"
"28/07/2016","66,67","66,67","66,67","66,67","","0,05%"
"29/07/2016","64,15","64,15","64,15","64,15","","-3,78%"
"01/08/2016","63,67","63,67","63,67","63,67","","-0,75%"
"02/08/2016","67,85","67,85","67,85","67,85","","6,57%"
"03/08/2016","67,79","67,79","67,79","67,79","","-0,09%"
"04/08/2016","67,10","67,10","67,10","67,10","","-1,02%"
"05/08/2016","66,59","66,59","66,59","66,59","","-0,76%"
"08/08/2016","65,50","65,50","65,50","65,50","","-1,64%"
"09/08/2016","64,30","64,30","64,30","64,30","","-1,83%"
"10/08/2016","63,34","63,34","63,34","63,34","","-1,49%"
"11/08/2016","65,29","65,29","65,29","65,29","","3,08%"
"12/08/2016","64,37","64,37","64,37","64,37","","-1,41%"
"15/08/2016","63,77","63,77","63,77","63,77","","-0,93%"
"16/08/2016","63,67","63,67","63,67","63,67","","-0,16%"
"17/08/2016","63,54","63,54","63,54","63,54","","-0,20%"
"18/08/2016","63,65","63,65","63,65","63,65","","0,17%"
"19/08/2016","64,82","64,82","64,82","64,82","","1,84%"
"22/08/2016","67,87","67,87","67,87","67,87","","4,71%"
"23/08/2016","66,62","66,62","66,62","66,62","","-1,84%"
"24/08/2016","66,51","66,51","66,51","66,51","","-0,17%"
"25/08/2016","69,36","69,36","69,36","69,36","","4,29%"
"26/08/2016","71,24","71,24","71,24","71,24","","2,71%"
"29/08/2016","68,61","68,61","68,61","68,61","","-3,69%"
"30/08/2016","69,11","69,11","69,11","69,11","","0,73%"
"31/08/2016","69,08","69,08","69,08","69,08","","-0,04%"
"01/09/2016","70,25","70,25","70,25","70,25","","1,69%"
"02/09/2016","66,46","66,46","66,46","66,46","","-5,40%"
"06/09/2016","63,46","63,46","63,46","63,46","","-4,51%"
"07/09/2016","64,07","64,07","64,07","64,07","","0,96%"
"08/09/2016","65,95","65,95","65,95","65,95","","2,93%"
"09/09/2016","69,12","69,12","69,12","69,12","","4,81%"
"12/09/2016","68,91","68,91","68,91","68,91","","-0,30%"
"13/09/2016","70,60","70,60","70,60","70,60","","2,45%"
"14/09/2016","69,23","69,23","69,23","69,23","","-1,94%"
"15/09/2016","69,13","69,13","69,13","69,13","","-0,14%"
"16/09/2016","69,21","69,21","69,21","69,21","","0,12%"
"19/09/2016","69,23","69,23","69,23","69,23","","0,03%"
"20/09/2016","69,23","69,23","69,23","69,23","","0,00%"
"21/09/2016","63,73","63,73","63,73","63,73","","-7,94%"
"22/09/2016","61,18","61,18","61,18","61,18","","-4,00%"
"23/09/2016","59,75","59,75","59,75","59,75","","-2,34%"
"26/09/2016","58,85","58,85","58,85","58,85","","-1,51%"
"27/09/2016","59,23","59,23","59,23","59,23","","0,65%"
"28/09/2016","57,62","57,62","57,62","57,62","","-2,72%"
"29/09/2016","58,84","58,84","58,84","58,84","","2,12%"
"30/09/2016","60,56","60,56","60,56","60,56","","2,92%"
"03/10/2016","60,43","60,43","60,43","60,43","","-0,21%"
"04/10/2016","62,08","62,08","62,08","62,08","","2,73%"
"05/10/2016","62,57","62,57","62,57","62,57","","0,79%"
"06/10/2016","64,29","64,29","64,29","64,29","","2,75%"
"07/10/2016","62,84","62,84","62,84","62,84","","-2,26%"
"12/10/2016","63,95","63,95","63,95","63,95","","1,77%"
"14/10/2016","64,98","64,98","64,98","64,98","","1,61%"
"17/10/2016","64,42","64,42","64,42","64,42","","-0,86%"
"18/10/2016","63,18","63,18","63,18","63,18","","-1,92%"
"19/10/2016","61,64","61,64","61,64","61,64","","-2,44%"
"20/10/2016","59,62","59,62","59,62","59,62","","-3,28%"
"21/10/2016","57,09","57,09","57,09","57,09","","-4,24%"
"25/10/2016","57,41","57,41","57,41","57,41","","0,56%"
"26/10/2016","59,51","59,51","59,51","59,51","","3,66%"
"28/10/2016","64,38","64,38","64,38","64,38","","8,18%"
"31/10/2016","65,47","65,47","65,47","65,47","","1,69%"
"01/11/2016","67,76","67,76","67,76","67,76","","3,50%"
"02/11/2016","69,25","69,25","69,25","69,25","","2,20%"
"03/11/2016","72,57","72,57","72,57","72,57","","4,79%"
"04/11/2016","74,61","74,61","74,61","74,61","","2,81%"
"08/11/2016","68,47","68,47","68,47","68,47","","-8,23%"
"09/11/2016","76,33","76,33","76,33","76,33","","11,48%"
"10/11/2016","82,57","82,57","82,57","82,57","","8,18%"
"14/11/2016","89,22","89,22","89,22","89,22","","8,05%"
"15/11/2016","84,12","84,12","84,12","84,12","","-5,72%"
"16/11/2016","80,12","80,12","80,12","80,12","","-4,76%"
"17/11/2016","77,54","77,54","77,54","77,54","","-3,22%"
"18/11/2016","81,65","81,65","81,65","81,65","","5,30%"
"21/11/2016","80,58","80,58","80,58","80,58","","-1,31%"
"22/11/2016","76,46","76,46","76,46","76,46","","-5,11%"
"23/11/2016","78,64","78,64","78,64","78,64","","2,85%"
"25/11/2016","79,69","79,69","79,69","79,69","","1,34%"
"28/11/2016","78,74","78,74","78,74","78,74","","-1,19%"
"29/11/2016","77,30","77,30","77,30","77,30","","-1,83%"
"30/11/2016","80,96","80,96","80,96","80,96","","4,73%"
"01/12/2016","86,63","86,63","86,63","86,63","","7,00%"
"02/12/2016","82,06","82,06","82,06","82,06","","-5,28%"
"05/12/2016","79,84","79,84","79,84","79,84","","-2,71%"
"06/12/2016","76,57","76,57","76,57","76,57","","-4,10%"
"07/12/2016","73,44","73,44","73,44","73,44","","-4,09%"
"08/12/2016","73,11","73,11","73,11","73,11","","-0,45%"
"09/12/2016","75,55","75,55","75,55","75,55","","3,34%"
"12/12/2016","76,39","76,39","76,39","76,39","","1,11%"
"13/12/2016","75,36","75,36","75,36","75,36","","-1,35%"
"14/12/2016","75,84","75,84","75,84","75,84","","0,64%"
"15/12/2016","78,61","78,61","78,61","78,61","","3,65%"
"16/12/2016","78,22","78,22","78,22","78,22","","-0,50%"
"19/12/2016","75,24","75,24","75,24","75,24","","-3,81%"
"20/12/2016","75,46","75,46","75,46","75,46","","0,29%"
"21/12/2016","73,97","73,97","73,97","73,97","","-1,97%"
"22/12/2016","74,05","74,05","74,05","74,05","","0,11%"
"23/12/2016","72,57","72,57","72,57","72,57","","-2,00%"
"27/12/2016","70,66","70,66","70,66","70,66","","-2,63%"
"28/12/2016","70,79","70,79","70,79","70,79","","0,18%"
"29/12/2016","71,28","71,28","71,28","71,28","","0,69%"
"30/12/2016","71,63","71,63","71,63","71,63","","0,49%"
"03/01/2017","76,73","76,73","76,73","76,73","","7,12%"
"04/01/2017","76,41","76,41","76,41","76,41","","-0,42%"
"05/01/2017","76,50","76,50","76,50","76,50","","0,12%"
"06/01/2017","75,24","75,24","75,24","75,24","","-1,65%"
"09/01/2017","74,83","74,83","74,83","74,83","","-0,54%"
"10/01/2017","73,26","73,26","73,26","73,26","","-2,10%"
"11/01/2017","72,83","72,83","72,83","72,83","","-0,59%"
"12/01/2017","73,74","73,74","73,74","73,74","","1,25%"
"13/01/2017","74,50","74,50","74,50","74,50","","1,03%"
"17/01/2017","73,94","73,94","73,94","73,94","","-0,75%"
"18/01/2017","73,94","73,94","73,94","73,94","","0,00%"
"19/01/2017","78,32","78,32","78,32","78,32","","5,92%"
"20/01/2017","76,71","76,71","76,71","76,71","","-2,06%"
"23/01/2017","75,52","75,52","75,52","75,52","","-1,55%"
"24/01/2017","75,53","75,53","75,53","75,53","","0,01%"
"25/01/2017","77,06","77,06","77,06","77,06","","2,03%"
"26/01/2017","74,69","74,69","74,69","74,69","","-3,08%"
"27/01/2017","72,19","72,19","72,19","72,19","","-3,35%"
"30/01/2017","72,36","72,36","72,36","72,36","","0,24%"
"31/01/2017","72,52","72,52","72,52","72,52","","0,22%"
"01/02/2017","70,84","70,84","70,84","70,84","","-2,32%"
"02/02/2017","69,92","69,92","69,92","69,92","","-1,30%"
"03/02/2017","67,39","67,39","67,39","67,39","","-3,62%"
"06/02/2017","67,55","67,55","67,55","67,55","","0,24%"
"07/02/2017","68,07","68,07","68,07","68,07","","0,77%"
"08/02/2017","68,74","68,74","68,74","68,74","","0,98%"
"09/02/2017","68,95","68,95","68,95","68,95","","0,31%"
"10/02/2017","69,63","69,63","69,63","69,63","","0,99%"
"13/02/2017","68,83","68,83","68,83","68,83","","-1,15%"
"14/02/2017","67,26","67,26","67,26","67,26","","-2,28%"
"15/02/2017","65,51","65,51","65,51","65,51","","-2,60%"
"16/02/2017","68,23","68,23","68,23","68,23","","4,15%"
"17/02/2017","69,78","69,78","69,78","69,78","","2,27%"
"21/02/2017","68,72","68,72","68,72","68,72","","-1,52%"
"22/02/2017","69,26","69,26","69,26","69,26","","0,79%"
"23/02/2017","68,64","68,64","68,64","68,64","","-0,90%"
"24/02/2017","69,85","69,85","69,85","69,85","","1,76%"
"27/02/2017","70,89","70,89","70,89","70,89","","1,49%"
"02/03/2017","69,54","69,54","69,54","69,54","","-1,90%"
"03/03/2017","65,79","65,79","65,79","65,79","","-5,39%"
"06/03/2017","65,41","65,41","65,41","65,41","","-0,58%"
"07/03/2017","66,03","66,03","66,03","66,03","","0,95%"
"08/03/2017","66,61","66,61","66,61","66,61","","0,88%"
"09/03/2017","69,18","69,18","69,18","69,18","","3,86%"
"10/03/2017","67,70","67,70","67,70","67,70","","-2,14%"
"13/03/2017","65,64","65,64","65,64","65,64","","-3,04%"
"14/03/2017","65,18","65,18","65,18","65,18","","-0,70%"
"15/03/2017","61,62","61,62","61,62","61,62","","-5,46%"
"16/03/2017","60,44","60,44","60,44","60,44","","-1,91%"
"17/03/2017","60,72","60,72","60,72","60,72","","0,46%"
"20/03/2017","59,82","59,82","59,82","59,82","","-1,48%"
"21/03/2017","62,13","62,13","62,13","62,13","","3,86%"
"23/03/2017","65,22","65,22","65,22","65,22","","4,97%"
"24/03/2017","64,45","64,45","64,45","64,45","","-1,18%"
"27/03/2017","62,68","62,68","62,68","62,68","","-2,75%"
"28/03/2017","61,95","61,95","61,95","61,95","","-1,16%"
"29/03/2017","61,02","61,02","61,02","61,02","","-1,50%"
"30/03/2017","60,94","60,94","60,94","60,94","","-0,13%"
"31/03/2017","60,70","60,70","60,70","60,70","","-0,39%"
"03/04/2017","61,23","61,23","61,23","61,23","","0,87%"
"04/04/2017","64,77","64,77","64,77","64,77","","5,78%"
"05/04/2017","63,72","63,72","63,72","63,72","","-1,62%"
"06/04/2017","68,25","68,25","68,25","68,25","","7,11%"
"07/04/2017","68,66","68,66","68,66","68,66","","0,60%"
"10/04/2017","68,50","68,50","68,50","68,50","","-0,23%"
"11/04/2017","70,56","70,56","70,56","70,56","","3,01%"
"12/04/2017","73,42","73,42","73,42","73,42","","4,05%"
"13/04/2017","74,48","74,48","74,48","74,48","","1,44%"
"17/04/2017","70,96","70,96","70,96","70,96","","-4,73%"
"18/04/2017","72,87","72,87","72,87","72,87","","2,69%"
"19/04/2017","73,13","73,13","73,13","73,13","","0,36%"
"20/04/2017","73,86","73,86","73,86","73,86","","1,00%"
"21/04/2017","77,15","77,15","77,15","77,15","","4,45%"
"24/04/2017","63,27","63,27","63,27","63,27","","-17,99%"
"25/04/2017","62,36","62,36","62,36","62,36","","-1,44%"
"26/04/2017","60,95","60,95","60,95","60,95","","-2,26%"
"27/04/2017","59,82","59,82","59,82","59,82","","-1,85%"
"28/04/2017","60,19","60,19","60,19","60,19","","0,62%"
"01/05/2017","59,40","59,40","59,40","59,40","","-1,31%"
"02/05/2017","60,32","60,32","60,32","60,32","","1,55%"
"03/05/2017","59,38","59,38","59,38","59,38","","-1,56%"
"04/05/2017","60,08","60,08","60,08","60,08","","1,18%"
"05/05/2017","58,72","58,72","58,72","58,72","","-2,26%"
"08/05/2017","55,41","55,41","55,41","55,41","","-5,64%"
"09/05/2017","55,22","55,22","55,22","55,22","","-0,34%"
"10/05/2017","55,03","55,03","55,03","55,03","","-0,34%"
"11/05/2017","54,47","54,47","54,47","54,47","","-1,02%"
"12/05/2017","55,71","55,71","55,71","55,71","","2,28%"
"15/05/2017","56,73","56,73","56,73","56,73","","1,83%"
"16/05/2017","55,50","55,50","55,50","55,50","","-2,17%"
"17/05/2017","62,58","62,58","62,58","62,58","","12,76%"
"18/05/2017","58,98","58,98","58,98","58,98","","-5,75%"
"19/05/2017","57,82","57,82","57,82","57,82","","-1,97%"
"22/05/2017","55,47","55,47","55,47","55,47","","-4,06%"
"24/05/2017","54,41","54,41","54,41","54,41","","-1,91%"
"25/05/2017","54,32","54,32","54,32","54,32","","-0,17%"
"26/05/2017","54,05","54,05","54,05","54,05","","-0,50%"
"31/05/2017","53,95","53,95","53,95","53,95","","-0,19%"
"01/06/2017","54,00","54,00","54,00","54,00","","0,09%"
"02/06/2017","53,74","53,74","53,74","53,74","","-0,48%"
"05/06/2017","53,00","53,00","53,00","53,00","","-1,38%"
"06/06/2017","53,22","53,22","53,22","53,22","","0,42%"
"07/06/2017","54,80","54,80","54,80","54,80","","2,97%"
"08/06/2017","53,73","53,73","53,73","53,73","","-1,95%"
"09/06/2017","52,56","52,56","52,56","52,56","","-2,18%"
"12/06/2017","52,32","52,32","52,32","52,32","","-0,46%"
"13/06/2017","51,67","51,67","51,67","51,67","","-1,24%"
"14/06/2017","52,22","52,22","52,22","52,22","","1,06%"
"15/06/2017","51,59","51,59","51,59","51,59","","-1,21%"
"16/06/2017","51,48","51,48","51,48","51,48","","-0,21%"
"19/06/2017","51,60","51,60","51,60","51,60","","0,23%"
"20/06/2017","51,60","51,60","51,60","51,60","","0,00%"
"21/06/2017","51,64","51,64","51,64","51,64","","0,08%"
"22/06/2017","51,13","51,13","51,13","51,13","","-0,99%"
"23/06/2017","51,16","51,16","51,16","51,16","","0,06%"
"26/06/2017","50,02","50,02","50,02","50,02","","-2,23%"
"27/06/2017","52,10","52,10","52,10","52,10","","4,16%"
"28/06/2017","52,51","52,51","52,51","52,51","","0,79%"
"29/06/2017","54,66","54,66","54,66","54,66","","4,09%"
"30/06/2017","55,22","55,22","55,22","55,22","","1,02%"
"03/07/2017","55,25","55,25","55,25","55,25","","0,05%"
"05/07/2017","56,44","56,44","56,44","56,44","","2,15%"
"06/07/2017","56,96","56,96","56,96","56,96","","0,92%"
"07/07/2017","55,76","55,76","55,76","55,76","","-2,11%"
"10/07/2017","53,18","53,18","53,18","53,18","","-4,63%"
"11/07/2017","53,22","53,22","53,22","53,22","","0,08%"
"12/07/2017","52,43","52,43","52,43","52,43","","-1,48%"
"13/07/2017","52,21","52,21","52,21","52,21","","-0,42%"
"14/07/2017","51,03","51,03","51,03","51,03","","-2,26%"
"17/07/2017","50,00","50,00","50,00","50,00","","-2,02%"
"18/07/2017","49,55","49,55","49,55","49,55","","-0,90%"
"19/07/2017","48,26","48,26","48,26","48,26","","-2,60%"
"20/07/2017","47,00","47,00","47,00","47,00","","-2,61%"
"21/07/2017","47,45","47,45","47,45","47,45","","0,96%"
"24/07/2017","47,00","47,00","47,00","47,00","","-0,95%"
"25/07/2017","49,57","49,57","49,57","49,57","","5,47%"
"26/07/2017","47,28","47,28","47,28","47,28","","-4,62%"
"27/07/2017","48,42","48,42","48,42","48,42","","2,41%"
"28/07/2017","48,53","48,53","48,53","48,53","","0,23%"
"31/07/2017","48,14","48,14","48,14","48,14","","-0,80%"
"01/08/2017","49,97","49,97","49,97","49,97","","3,80%"
"02/08/2017","48,75","48,75","48,75","48,75","","-2,44%"
"03/08/2017","47,93","47,93","47,93","47,93","","-1,68%"
"04/08/2017","47,28","47,28","47,28","47,28","","-1,36%"
"07/08/2017","46,91","46,91","46,91","46,91","","-0,78%"
"08/08/2017","47,34","47,34","47,34","47,34","","0,92%"
"09/08/2017","49,67","49,67","49,67","49,67","","4,92%"
"10/08/2017","52,00","52,00","52,00","52,00","","4,69%"
"11/08/2017","52,06","52,06","52,06","52,06","","0,12%"
"14/08/2017","49,30","49,30","49,30","49,30","","-5,30%"
"15/08/2017","48,63","48,63","48,63","48,63","","-1,36%"
"16/08/2017","48,47","48,47","48,47","48,47","","-0,33%"
"17/08/2017","48,84","48,84","48,84","48,84","","0,76%"
"18/08/2017","50,16","50,16","50,16","50,16","","2,70%"
"21/08/2017","52,06","52,06","52,06","52,06","","3,79%"
"22/08/2017","51,30","51,30","51,30","51,30","","-1,46%"
"23/08/2017","52,08","52,08","52,08","52,08","","1,52%"
"24/08/2017","52,49","52,49","52,49","52,49","","0,79%"
"25/08/2017","50,56","50,56","50,56","50,56","","-3,68%"
"28/08/2017","48,86","48,86","48,86","48,86","","-3,36%"
"29/08/2017","51,40","51,40","51,40","51,40","","5,20%"
"30/08/2017","51,56","51,56","51,56","51,56","","0,31%"
"31/08/2017","51,13","51,13","51,13","51,13","","-0,83%"
"01/09/2017","49,44","49,44","49,44","49,44","","-3,31%"
"05/09/2017","53,32","53,32","53,32","53,32","","7,85%"
"06/09/2017","52,92","52,92","52,92","52,92","","-0,75%"
"07/09/2017","54,01","54,01","54,01","54,01","","2,06%"
"11/09/2017","51,88","51,88","51,88","51,88","","-3,94%"
"12/09/2017","51,65","51,65","51,65","51,65","","-0,44%"
"13/09/2017","51,37","51,37","51,37","51,37","","-0,54%"
"14/09/2017","50,73","50,73","50,73","50,73","","-1,25%"
"15/09/2017","50,63","50,63","50,63","50,63","","-0,20%"
"18/09/2017","50,16","50,16","50,16","50,16","","-0,93%"
"19/09/2017","49,86","49,86","49,86","49,86","","-0,60%"
"20/09/2017","49,15","49,15","49,15","49,15","","-1,42%"
"21/09/2017","48,31","48,31","48,31","48,31","","-1,71%"
"22/09/2017","50,52","50,52","50,52","50,52","","4,57%"
"25/09/2017","51,11","51,11","51,11","51,11","","1,17%"
"26/09/2017","50,64","50,64","50,64","50,64","","-0,92%"
"27/09/2017","52,08","52,08","52,08","52,08","","2,84%"
"28/09/2017","51,86","51,86","51,86","51,86","","-0,42%"
"29/09/2017","52,88","52,88","52,88","52,88","","1,97%"
"02/10/2017","54,46","54,46","54,46","54,46","","2,99%"
"03/10/2017","54,60","54,60","54,60","54,60","","0,26%"
"04/10/2017","54,49","54,49","54,49","54,49","","-0,20%"
"05/10/2017","55,58","55,58","55,58","55,58","","2,00%"
"06/10/2017","54,98","54,98","54,98","54,98","","-1,08%"
"10/10/2017","53,89","53,89","53,89","53,89","","-1,98%"
"11/10/2017","52,69","52,69","52,69","52,69","","-2,23%"
"12/10/2017","51,82","51,82","51,82","51,82","","-1,65%"
"13/10/2017","50,85","50,85","50,85","50,85","","-1,87%"
"17/10/2017","49,03","49,03","49,03","49,03","","-3,58%"
"18/10/2017","50,29","50,29","50,29","50,29","","2,57%"
"19/10/2017","51,49","51,49","51,49","51,49","","2,39%"
"20/10/2017","53,98","53,98","53,98","53,98","","4,84%"
"23/10/2017","54,10","54,10","54,10","54,10","","0,22%"
"24/10/2017","55,94","55,94","55,94","55,94","","3,40%"
"25/10/2017","57,36","57,36","57,36","57,36","","2,54%"
"26/10/2017","57,35","57,35","57,35","57,35","","-0,02%"
"27/10/2017","54,67","54,67","54,67","54,67","","-4,67%"
"30/10/2017","51,69","51,69","51,69","51,69","","-5,45%"
"31/10/2017","51,15","51,15","51,15","51,15","","-1,04%"
"01/11/2017","49,94","49,94","49,94","49,94","","-2,37%"
"02/11/2017","48,73","48,73","48,73","48,73","","-2,42%"
"03/11/2017","45,83","45,83","45,83","45,83","","-5,95%"
"06/11/2017","45,05","45,05","45,05","45,05","","-1,70%"
"07/11/2017","44,20","44,20","44,20","44,20","","-1,89%"
"08/11/2017","43,97","43,97","43,97","43,97","","-0,52%"
"09/11/2017","44,99","44,99","44,99","44,99","","2,32%"
"10/11/2017","47,29","47,29","47,29","47,29","","5,11%"
"13/11/2017","46,39","46,39","46,39","46,39","","-1,90%"
"14/11/2017","47,77","47,77","47,77","47,77","","2,97%"
"15/11/2017","48,00","48,00","48,00","48,00","","0,48%"
"16/11/2017","47,74","47,74","47,74","47,74","","-0,54%"
"17/11/2017","49,09","49,09","49,09","49,09","","2,83%"
"20/11/2017","48,10","48,10","48,10","48,10","","-2,02%"
"21/11/2017","48,09","48,09","48,09","48,09","","-0,02%"
"22/11/2017","46,88","46,88","46,88","46,88","","-2,52%"
"24/11/2017","46,16","46,16","46,16","46,16","","-1,54%"
"27/11/2017","45,29","45,29","45,29","45,29","","-1,88%"
"28/11/2017","44,93","44,93","44,93","44,93","","-0,79%"
"29/11/2017","45,54","45,54","45,54","45,54","","1,36%"
"30/11/2017","46,83","46,83","46,83","46,83","","2,83%"
"01/12/2017","50,17","50,17","50,17","50,17","","7,13%"
"04/12/2017","48,76","48,76","48,76","48,76","","-2,81%"
"05/12/2017","49,24","49,24","49,24","49,24","","0,98%"
"06/12/2017","49,32","49,32","49,32","49,32","","0,16%"
"07/12/2017","49,24","49,24","49,24","49,24","","-0,16%"
"08/12/2017","47,49","47,49","47,49","47,49","","-3,55%"
"11/12/2017","46,57","46,57","46,57","46,57","","-1,94%"
"12/12/2017","46,75","46,75","46,75","46,75","","0,39%"
"13/12/2017","45,03","45,03","45,03","45,03","","-3,68%"
"14/12/2017","44,84","44,84","44,84","44,84","","-0,42%"
"15/12/2017","46,43","46,43","46,43","46,43","","3,55%"
"18/12/2017","46,73","46,73","46,73","46,73","","0,65%"
"19/12/2017","48,96","48,96","48,96","48,96","","4,77%"
"20/12/2017","49,95","49,95","49,95","49,95","","2,02%"
"21/12/2017","51,60","51,60","51,60","51,60","","3,30%"
"22/12/2017","50,38","50,38","50,38","50,38","","-2,36%"
"26/12/2017","48,82","48,82","48,82","48,82","","-3,10%"
"27/12/2017","47,73","47,73","47,73","47,73","","-2,23%"
"28/12/2017","46,19","46,19","46,19","46,19","","-3,23%"
"29/12/2017","46,60","46,60","46,60","46,60","","0,89%"
"02/01/2018","49,17","49,17","49,17","49,17","","5,52%"
"03/01/2018","47,60","47,60","47,60","47,60","","-3,19%"
"04/01/2018","47,38","47,38","47,38","47,38","","-0,46%"
"05/01/2018","46,07","46,07","46,07","46,07","","-2,76%"
"08/01/2018","45,90","45,90","45,90","45,90","","-0,37%"
"09/01/2018","47,29","47,29","47,29","47,29","","3,03%"
"10/01/2018","49,17","49,17","49,17","49,17","","3,98%"
"11/01/2018","48,19","48,19","48,19","48,19","","-1,99%"
"12/01/2018","47,61","47,61","47,61","47,61","","-1,20%"
"16/01/2018","45,91","45,91","45,91","45,91","","-3,57%"
"17/01/2018","45,88","45,88","45,88","45,88","","-0,07%"
"18/01/2018","48,55","48,55","48,55","48,55","","5,82%"
"22/01/2018","52,60","52,60","52,60","52,60","","8,34%"
"23/01/2018","52,55","52,55","52,55","52,55","","-0,10%"
"24/01/2018","54,11","54,11","54,11","54,11","","2,97%"
"25/01/2018","53,38","53,38","53,38","53,38","","-1,35%"
"26/01/2018","55,63","55,63","55,63","55,63","","4,22%"
"29/01/2018","55,98","55,98","55,98","55,98","","0,63%"
"30/01/2018","57,28","57,28","57,28","57,28","","2,32%"
"31/01/2018","57,20","57,20","57,20","57,20","","-0,14%"
"01/02/2018","57,83","57,83","57,83","57,83","","1,10%"
"02/02/2018","60,33","60,33","60,33","60,33","","4,32%"
"05/02/2018","60,41","60,41","60,41","60,41","","0,13%"
"07/02/2018","66,07","66,07","66,07","66,07","","9,37%"
"08/02/2018","67,85","67,85","67,85","67,85","","2,69%"
"12/02/2018","69,86","69,86","69,86","69,86","","2,96%"
"13/02/2018","68,97","68,97","68,97","68,97","","-1,27%"
"14/02/2018","69,52","69,52","69,52","69,52","","0,80%"
"15/02/2018","66,68","66,68","66,68","66,68","","-4,09%"
"16/02/2018","63,03","63,03","63,03","63,03","","-5,47%"
"20/02/2018","60,26","60,26","60,26","60,26","","-4,39%"
"21/02/2018","61,16","61,16","61,16","61,16","","1,49%"
"22/02/2018","61,14","61,14","61,14","61,14","","-0,03%"
"23/02/2018","64,60","64,60","64,60","64,60","","5,66%"
"26/02/2018","63,72","63,72","63,72","63,72","","-1,37%"
"27/02/2018","63,93","63,93","63,93","63,93","","0,34%"
"28/02/2018","62,97","62,97","62,97","62,97","","-1,50%"
"01/03/2018","63,66","63,66","63,66","63,66","","1,10%"
"02/03/2018","65,30","65,30","65,30","65,30","","2,57%"
"05/03/2018","64,71","64,71","64,71","64,71","","-0,91%"
"06/03/2018","63,50","63,50","63,50","63,50","","-1,87%"
"07/03/2018","63,35","63,35","63,35","63,35","","-0,24%"
"08/03/2018","61,58","61,58","61,58","61,58","","-2,78%"
"09/03/2018","58,97","58,97","58,97","58,97","","-4,25%"
"12/03/2018","58,29","58,29","58,29","58,29","","-1,14%"
"13/03/2018","55,07","55,07","55,07","55,07","","-5,52%"
"14/03/2018","57,85","57,85","57,85","57,85","","5,04%"
"15/03/2018","57,71","57,70","57,70","57,70","","-0,25%"
"16/03/2018","59,01","59,01","59,01","59,01","","2,26%"
"19/03/2018","59,98","59,98","59,98","59,98","","1,65%"
"20/03/2018","57,89","57,89","57,89","57,89","","-3,48%"
"21/03/2018","55,72","55,72","55,72","55,72","","-3,75%"
"22/03/2018","55,93","55,93","55,93","55,93","","0,37%"
"23/03/2018","56,17","56,17","56,17","56,17","","0,43%"
"26/03/2018","54,55","54,55","54,55","54,55","","-2,88%"
"27/03/2018","56,27","56,27","56,27","56,27","","3,16%"
"28/03/2018","58,35","58,35","58,35","58,35","","3,69%"
"29/03/2018","58,54","58,54","58,54","58,54","","0,33%"
"02/04/2018","58,66","58,66","58,66","58,66","","0,21%"
"03/04/2018","56,02","56,02","56,02","56,02","","-4,50%"
"04/04/2018","55,35","55,35","55,35","55,35","","-1,20%"
"05/04/2018","53,72","53,72","53,72","53,72","","-2,94%"
"06/04/2018","56,07","56,07","56,07","56,07","","4,37%"
"09/04/2018","52,51","52,51","52,51","52,51","","-6,35%"
"10/04/2018","51,43","51,43","51,43","51,43","","-2,05%"
"11/04/2018","50,50","50,50","50,50","50,50","","-1,81%"
"12/04/2018","51,49","51,49","51,49","51,49","","1,96%"
"13/04/2018","51,14","51,14","51,14","51,14","","-0,67%"
"16/04/2018","49,74","49,74","49,74","49,74","","-2,74%"
"17/04/2018","48,34","48,34","48,34","48,34","","-2,81%"
"18/04/2018","50,00","50,00","50,00","50,00","","3,44%"
"19/04/2018","51,10","51,10","51,10","51,10","","2,19%"
"20/04/2018","52,71","52,71","52,71","52,71","","3,14%"
"23/04/2018","52,79","52,79","52,79","52,79","","0,16%"
"24/04/2018","53,00","53,00","53,00","53,00","","0,40%"
"25/04/2018","55,20","55,20","55,20","55,20","","4,16%"
"26/04/2018","53,14","53,14","53,14","53,14","","-3,74%"
"27/04/2018","51,27","51,27","51,27","51,27","","-3,52%"
"30/04/2018","50,35","50,35","50,35","50,35","","-1,78%"
"01/05/2018","51,78","51,78","51,78","51,78","","2,84%"
"02/05/2018","49,05","49,05","49,05","49,05","","-5,28%"
"03/05/2018","49,43","49,43","49,43","49,43","","0,78%"
"07/05/2018","48,02","48,02","48,02","48,02","","-2,86%"
"08/05/2018","48,82","48,82","48,82","48,82","","1,67%"
"09/05/2018","49,37","49,37","49,37","49,37","","1,14%"
"10/05/2018","47,81","47,81","47,81","47,81","","-3,18%"
"11/05/2018","47,06","47,06","47,06","47,06","","-1,57%"
"14/05/2018","48,34","48,34","48,34","48,34","","2,73%"
"15/05/2018","52,66","52,66","52,66","52,66","","8,93%"
"16/05/2018","55,13","55,13","55,13","55,13","","4,70%"
"17/05/2018","54,19","54,19","54,19","54,19","","-1,70%"
"18/05/2018","53,26","53,26","53,26","53,26","","-1,72%"
"21/05/2018","53,08","53,08","53,08","53,08","","-0,34%"
"22/05/2018","52,57","52,57","52,57","52,57","","-0,96%"
"23/05/2018","53,27","53,27","53,27","53,27","","1,33%"
"24/05/2018","52,16","52,16","52,16","52,16","","-2,08%"
"25/05/2018","54,10","54,09","54,09","54,09","","3,71%"
"29/05/2018","63,00","63,00","63,00","63,00","","16,46%"
"30/05/2018","61,86","61,86","61,86","61,86","","-1,80%"
"31/05/2018","60,54","60,54","60,54","60,54","","-2,13%"
"01/06/2018","56,94","56,94","56,94","56,94","","-5,95%"
"04/06/2018","54,30","54,30","54,30","54,30","","-4,64%"
"05/06/2018","54,46","54,46","54,46","54,46","","0,31%"
"06/06/2018","56,44","56,44","56,44","56,44","","3,63%"
"07/06/2018","56,58","56,58","56,58","56,58","","0,25%"
"08/06/2018","59,57","59,57","59,57","59,57","","5,29%"
"11/06/2018","57,83","57,83","57,83","57,83","","-2,93%"
"12/06/2018","55,96","55,96","55,96","55,96","","-3,23%"
"13/06/2018","53,79","53,79","53,79","53,79","","-3,88%"
"14/06/2018","52,50","52,50","52,50","52,50","","-2,41%"
"15/06/2018","53,08","53,08","53,08","53,08","","1,11%"
"18/06/2018","52,33","52,33","52,33","52,33","","-1,42%"
"19/06/2018","52,40","52,40","52,40","52,40","","0,14%"
"20/06/2018","51,92","51,92","51,92","51,92","","-0,91%"
"21/06/2018","53,09","53,09","53,09","53,09","","2,24%"
"22/06/2018","53,03","53,03","53,03","53,03","","-0,12%"
"25/06/2018","53,04","53,04","53,04","53,04","","0,03%"
"26/06/2018","51,30","51,30","51,30","51,30","","-3,29%"
"27/06/2018","53,05","53,05","53,05","53,05","","3,42%"
"28/06/2018","52,13","52,13","52,13","52,13","","-1,73%"
"29/06/2018","51,17","51,17","51,17","51,17","","-1,85%"
"02/07/2018","50,25","50,25","50,25","50,25","","-1,79%"
"03/07/2018","51,22","51,22","51,22","51,22","","1,92%"
"05/07/2018","51,46","51,46","51,46","51,46","","0,48%"
"06/07/2018","50,13","50,13","50,13","50,13","","-2,58%"
"09/07/2018","49,69","49,69","49,69","49,69","","-0,89%"
"10/07/2018","49,81","49,81","49,81","49,81","","0,24%"
"11/07/2018","50,48","50,48","50,48","50,48","","1,34%"
"12/07/2018","48,57","48,57","48,57","48,57","","-3,77%"
"13/07/2018","48,28","48,28","48,28","48,28","","-0,60%"
"16/07/2018","47,79","47,79","47,79","47,79","","-1,02%"
"17/07/2018","46,64","46,64","46,64","46,64","","-2,40%"
"18/07/2018","45,26","45,26","45,26","45,26","","-2,95%"
"19/07/2018","47,11","47,11","47,11","47,11","","4,08%"
"20/07/2018","49,05","49,05","49,05","49,05","","4,11%"
"23/07/2018","51,51","51,51","51,51","51,51","","5,01%"
"24/07/2018","50,31","50,31","50,31","50,31","","-2,32%"
"25/07/2018","48,29","48,29","48,29","48,29","","-4,01%"
"26/07/2018","49,27","49,27","49,27","49,27","","2,03%"
"27/07/2018","48,83","48,83","48,83","48,83","","-0,89%"
"30/07/2018","49,42","49,42","49,42","49,42","","1,20%"
"31/07/2018","46,50","46,50","46,50","46,50","","-5,89%"
"01/08/2018","48,38","48,38","48,38","48,38","","4,04%"
"02/08/2018","48,00","48,00","48,00","48,00","","-0,80%"
"03/08/2018","47,67","47,67","47,67","47,67","","-0,69%"
"06/08/2018","46,86","46,86","46,86","46,86","","-1,70%"
"07/08/2018","47,15","47,15","47,15","47,15","","0,62%"
"08/08/2018","46,84","46,84","46,84","46,84","","-0,66%"
"09/08/2018","47,35","47,35","47,35","47,35","","1,11%"
"10/08/2018","50,63","50,63","50,63","50,63","","6,92%"
"13/08/2018","50,77","50,77","50,77","50,77","","0,28%"
"14/08/2018","49,84","49,84","49,84","49,84","","-1,83%"
"15/08/2018","51,52","51,52","51,52","51,52","","3,37%"
"16/08/2018","50,61","50,61","50,61","50,61","","-1,77%"
"17/08/2018","50,69","50,69","50,69","50,69","","0,17%"
"20/08/2018","50,97","50,97","50,97","50,97","","0,55%"
"21/08/2018","50,32","50,32","50,32","50,32","","-1,29%"
"22/08/2018","49,64","49,64","49,64","49,64","","-1,35%"
"23/08/2018","49,20","49,20","49,20","49,20","","-0,88%"
"24/08/2018","49,16","49,16","49,16","49,16","","-0,08%"
"27/08/2018","49,38","49,38","49,38","49,38","","0,45%"
"28/08/2018","49,95","49,95","49,95","49,95","","1,15%"
"29/08/2018","49,10","49,10","49,10","49,10","","-1,70%"
"30/08/2018","50,41","50,41","50,41","50,41","","2,67%"
"31/08/2018","50,71","50,71","50,71","50,71","","0,60%"
"04/09/2018","49,57","49,57","49,57","49,57","","-2,25%"
"05/09/2018","48,40","48,40","48,40","48,40","","-2,37%"
"06/09/2018","48,65","48,65","48,65","48,65","","0,53%"
"07/09/2018","49,43","49,43","49,43","49,43","","1,59%"
"10/09/2018","47,69","47,69","47,69","47,69","","-3,52%"
"11/09/2018","47,97","47,97","47,97","47,97","","0,59%"
"12/09/2018","46,79","46,79","46,79","46,79","","-2,47%"
"13/09/2018","46,06","46,06","46,06","46,06","","-1,57%"
"14/09/2018","47,45","47,45","47,45","47,45","","3,03%"
"17/09/2018","46,81","46,81","46,81","46,81","","-1,35%"
"18/09/2018","47,97","47,97","47,97","47,97","","2,48%"
"19/09/2018","48,79","48,79","48,79","48,79","","1,72%"
"20/09/2018","49,34","49,34","49,34","49,34","","1,13%"
"21/09/2018","48,83","48,83","48,83","48,83","","-1,04%"
"24/09/2018","48,31","48,31","48,31","48,31","","-1,08%"
"25/09/2018","49,38","49,38","49,38","49,38","","2,22%"
"26/09/2018","47,44","47,44","47,44","47,44","","-3,93%"
"27/09/2018","45,71","45,71","45,71","45,71","","-3,65%"
"28/09/2018","46,16","46,16","46,16","46,16","","1,00%"
"01/10/2018","44,28","44,28","44,28","44,28","","-4,07%"
"02/10/2018","45,35","45,35","45,35","45,35","","2,42%"
"03/10/2018","50,21","50,21","50,21","50,21","","10,70%"
"04/10/2018","55,07","55,07","55,07","55,07","","9,68%"
"05/10/2018","55,19","55,19","55,19","55,19","","0,22%"
"09/10/2018","53,45","53,45","53,45","53,45","","-3,15%"
"10/10/2018","55,70","55,70","55,70","55,70","","4,22%"
"11/10/2018","56,07","56,07","56,07","56,07","","0,66%"
"12/10/2018","54,37","54,37","54,37","54,37","","-3,02%"
"15/10/2018","51,25","51,25","51,25","51,25","","-5,75%"
"16/10/2018","50,18","50,18","50,18","50,18","","-2,08%"
"17/10/2018","48,99","48,99","48,99","48,99","","-2,38%"
"18/10/2018","52,63","52,63","52,63","52,63","","7,45%"
"19/10/2018","52,04","52,04","52,04","52,04","","-1,12%"
"22/10/2018","51,85","51,85","51,85","51,85","","-0,37%"
"23/10/2018","55,01","55,01","55,01","55,01","","6,10%"
"24/10/2018","57,69","57,69","57,69","57,69","","4,87%"
"25/10/2018","56,70","56,70","56,70","56,70","","-1,72%"
"26/10/2018","62,70","62,70","62,70","62,70","","10,58%"
"29/10/2018","59,77","59,77","59,77","59,77","","-4,68%"
"30/10/2018","61,79","61,79","61,79","61,79","","3,39%"
"31/10/2018","60,13","60,13","60,13","60,13","","-2,69%"
"01/11/2018","58,54","58,54","58,54","58,54","","-2,64%"
"02/11/2018","61,42","61,42","61,42","61,42","","4,91%"
"05/11/2018","59,90","59,90","59,90","59,90","","-2,47%"
"06/11/2018","59,01","59,01","59,01","59,01","","-1,49%"
"08/11/2018","51,58","51,58","51,58","51,58","","-12,58%"
"09/11/2018","53,54","53,54","53,54","53,54","","3,80%"
"13/11/2018","52,23","52,23","52,23","52,23","","-2,45%"
"14/11/2018","53,90","53,90","53,90","53,90","","3,19%"
"15/11/2018","56,22","56,22","56,22","56,22","","4,31%"
"16/11/2018","60,43","60,43","60,43","60,43","","7,49%"
"19/11/2018","59,47","59,47","59,47","59,47","","-1,60%"
"20/11/2018","59,49","59,49","59,49","59,49","","0,04%"
"21/11/2018","57,65","57,65","57,65","57,65","","-3,10%"
"23/11/2018","57,31","57,31","57,31","57,31","","-0,58%"
"26/11/2018","51,53","51,53","51,53","51,53","","-10,08%"
"27/11/2018","51,24","51,24","51,24","51,24","","-0,58%"
"28/11/2018","50,76","50,76","50,76","50,76","","-0,93%"
"29/11/2018","50,92","50,92","50,92","50,92","","0,30%"
"30/11/2018","52,43","52,43","52,43","52,43","","2,98%"
"03/12/2018","50,31","50,31","50,31","50,31","","-4,05%"
"04/12/2018","53,86","53,86","53,86","53,86","","7,06%"
"07/12/2018","60,74","60,74","60,74","60,74","","12,77%"
"10/12/2018","60,26","60,26","60,26","60,26","","-0,80%"
"11/12/2018","58,73","58,73","58,73","58,73","","-2,53%"
"12/12/2018","58,23","58,23","58,23","58,23","","-0,86%"
"13/12/2018","55,75","55,75","55,75","55,75","","-4,26%"
"14/12/2018","56,13","56,13","56,13","56,13","","0,68%"
"17/12/2018","55,41","55,41","55,41","55,41","","-1,28%"
"18/12/2018","59,40","59,40","59,40","59,40","","7,20%"
"19/12/2018","59,01","59,01","59,01","59,01","","-0,65%"
"20/12/2018","58,76","58,76","58,76","58,76","","-0,42%"
"21/12/2018","61,61","61,61","61,61","61,61","","4,85%"
"24/12/2018","66,04","66,04","66,04","66,04","","7,19%"
"26/12/2018","63,89","63,89","63,89","63,89","","-3,27%"
"27/12/2018","68,34","68,34","68,34","68,34","","6,97%"
"28/12/2018","66,66","66,66","66,66","66,66","","-2,45%"
"31/12/2018","66,58","66,58","66,58","66,58","","-0,12%"
"02/01/2019","62,80","62,80","62,80","62,80","","-5,67%"
"03/01/2019","65,79","65,79","65,79","65,79","","4,75%"
"04/01/2019","65,82","65,82","65,82","65,82","","0,05%"
"07/01/2019","60,88","60,88","60,88","60,88","","-7,51%"
"08/01/2019","59,04","59,05","59,05","59,05","","-3,01%"
"09/01/2019","57,02","57,02","57,02","57,02","","-3,43%"
"10/01/2019","56,65","56,65","56,65","56,65","","-0,65%"
"11/01/2019","55,94","55,94","55,94","55,94","","-1,25%"
"14/01/2019","55,34","55,34","55,34","55,34","","-1,08%"
"15/01/2019","53,01","53,01","53,01","53,01","","-4,21%"
"16/01/2019","51,95","51,95","51,95","51,95","","-2,00%"
"17/01/2019","53,44","53,44","53,44","53,44","","2,87%"
"18/01/2019","53,78","53,78","53,78","53,78","","0,64%"
"22/01/2019","54,64","54,64","54,64","54,64","","1,60%"
"23/01/2019","54,19","54,19","54,19","54,19","","-0,82%"
"24/01/2019","54,18","54,18","54,18","54,18","","-0,03%"
"25/01/2019","52,50","52,50","52,50","52,50","","-3,11%"
"28/01/2019","50,95","50,95","50,95","50,95","","-2,94%"
"29/01/2019","49,80","49,80","49,80","49,80","","-2,26%"
"30/01/2019","48,32","48,32","48,32","48,32","","-2,98%"
"31/01/2019","49,81","49,81","49,81","49,81","","3,09%"
"01/02/2019","48,79","48,79","48,79","48,79","","-2,05%"
"04/02/2019","48,87","48,87","48,87","48,87","","0,17%"
"05/02/2019","48,62","48,62","48,62","48,62","","-0,52%"
"06/02/2019","47,44","47,44","47,44","47,44","","-2,43%"
"07/02/2019","48,97","48,97","48,97","48,97","","3,23%"
"08/02/2019","49,63","49,63","49,63","49,63","","1,34%"
"11/02/2019","48,32","48,32","48,32","48,32","","-2,64%"
"12/02/2019","49,02","49,02","49,02","49,02","","1,46%"
"13/02/2019","48,17","48,17","48,17","48,17","","-1,75%"
"14/02/2019","47,19","47,19","47,19","47,19","","-2,04%"
"15/02/2019","45,73","45,73","45,73","45,73","","-3,08%"
"19/02/2019","45,06","45,06","45,06","45,06","","-1,47%"
"20/02/2019","44,54","44,54","44,54","44,54","","-1,15%"
"21/02/2019","46,55","46,55","46,55","46,55","","4,50%"
"22/02/2019","47,22","47,22","47,22","47,22","","1,44%"
"25/02/2019","46,16","46,16","46,16","46,16","","-2,24%"
"26/02/2019","46,28","46,28","46,28","46,28","","0,27%"
"28/02/2019","47,22","47,22","47,22","47,22","","2,02%"
"01/03/2019","47,90","47,90","47,90","47,90","","1,45%"
"04/03/2019","46,74","46,74","46,74","46,74","","-2,43%"
"05/03/2019","45,86","45,86","45,86","45,86","","-1,89%"
"06/03/2019","45,63","45,63","45,63","45,63","","-0,49%"
"07/03/2019","45,83","45,83","45,83","45,83","","0,43%"
"08/03/2019","45,83","45,83","45,83","45,83","","-0,01%"
"11/03/2019","44,84","44,84","44,84","44,84","","-2,14%"
"12/03/2019","44,86","44,86","44,86","44,86","","0,04%"
"13/03/2019","44,57","44,57","44,57","44,57","","-0,65%"
"14/03/2019","45,24","45,24","45,24","45,24","","1,50%"
"15/03/2019","46,05","46,05","46,05","46,05","","1,80%"
"18/03/2019","44,95","44,95","44,95","44,95","","-2,40%"
"19/03/2019","43,68","43,68","43,68","43,68","","-2,83%"
"20/03/2019","42,53","42,53","42,53","42,53","","-2,62%"
"21/03/2019","44,51","44,51","44,51","44,51","","4,66%"
"22/03/2019","52,26","52,26","52,26","52,26","","17,40%"
"25/03/2019","57,11","57,11","57,11","57,11","","9,28%"
"26/03/2019","56,51","56,51","56,51","56,51","","-1,04%"
"27/03/2019","60,97","60,97","60,97","60,97","","7,89%"
"28/03/2019","59,93","59,93","59,93","59,93","","-1,72%"
"29/03/2019","58,55","58,55","58,55","58,55","","-2,30%"
"01/04/2019","52,69","52,69","52,69","52,69","","-10,01%"
"02/04/2019","54,21","54,21","54,21","54,21","","2,88%"
"03/04/2019","53,84","53,84","53,84","53,84","","-0,67%"
"04/04/2019","51,70","51,70","51,70","51,70","","-3,98%"
"05/04/2019","49,22","49,22","49,22","49,22","","-4,79%"
"08/04/2019","47,89","47,89","47,89","47,89","","-2,69%"
"09/04/2019","48,83","48,83","48,83","48,83","","1,96%"
"10/04/2019","48,60","48,60","48,60","48,60","","-0,47%"
"11/04/2019","46,90","46,90","46,90","46,90","","-3,50%"
"12/04/2019","48,84","48,84","48,84","48,84","","4,14%"
"15/04/2019","47,64","47,64","47,64","47,64","","-2,47%"
"16/04/2019","48,31","48,31","48,31","48,31","","1,41%"
"17/04/2019","48,65","48,65","48,65","48,65","","0,70%"
"18/04/2019","49,23","49,23","49,23","49,23","","1,18%"
"22/04/2019","48,78","48,78","48,78","48,78","","-0,91%"
"23/04/2019","49,79","49,79","49,79","49,79","","2,06%"
"24/04/2019","50,52","50,52","50,52","50,52","","1,48%"
"25/04/2019","49,79","49,79","49,79","49,79","","-1,46%"
"26/04/2019","49,43","49,43","49,43","49,43","","-0,72%"
"29/04/2019","48,05","48,05","48,05","48,05","","-2,78%"
"30/04/2019","49,47","49,47","49,47","49,47","","2,95%"
"01/05/2019","46,75","46,75","46,75","46,75","","-5,51%"
"02/05/2019","46,72","46,72","46,72","46,72","","-0,06%"
"03/05/2019","45,78","45,78","45,78","45,78","","-2,00%"
"06/05/2019","47,82","47,82","47,82","47,82","","4,45%"
"07/05/2019","52,36","52,36","52,36","52,36","","9,50%"
"08/05/2019","51,31","51,31","51,31","51,31","","-2,01%"
"09/05/2019","54,72","54,72","54,72","54,72","","6,66%"
"10/05/2019","53,49","53,49","53,49","53,49","","-2,25%"
"13/05/2019","57,89","57,89","57,89","57,89","","8,23%"
"14/05/2019","55,35","55,35","55,35","55,35","","-4,40%"
"15/05/2019","57,40","57,40","57,40","57,40","","3,71%"
"16/05/2019","56,98","56,98","56,98","56,98","","-0,74%"
"17/05/2019","56,97","56,97","56,97","56,97","","0,00%"
"20/05/2019","56,55","56,55","56,55","56,55","","-0,74%"
"21/05/2019","55,35","55,35","55,35","55,35","","-2,13%"
"22/05/2019","54,96","54,96","54,96","54,96","","-0,70%"
"23/05/2019","61,07","61,07","61,07","61,07","","11,11%"
"24/05/2019","60,54","60,54","60,54","60,54","","-0,86%"
"28/05/2019","61,77","61,77","61,77","61,77","","2,03%"
"29/05/2019","63,16","63,16","63,16","63,16","","2,25%"
"30/05/2019","61,74","61,74","61,74","61,74","","-2,24%"
"31/05/2019","72,68","72,68","72,68","72,68","","17,72%"
"03/06/2019","73,56","73,56","73,56","73,56","","1,21%"
"04/06/2019","75,26","75,26","75,26","75,26","","2,31%"
"05/06/2019","77,64","77,64","77,64","77,64","","3,16%"
"06/06/2019","73,42","73,42","73,42","73,42","","-5,44%"
"07/06/2019","68,69","68,69","68,69","68,69","","-6,44%"
"10/06/2019","65,62","65,62","65,62","65,62","","-4,47%"
"11/06/2019","64,93","64,93","64,93","64,93","","-1,06%"
"12/06/2019","68,43","68,43","68,43","68,43","","5,39%"
"13/06/2019","75,74","75,74","75,74","75,74","","10,69%"
"14/06/2019","80,82","80,82","80,82","80,82","","6,71%"
"17/06/2019","76,88","76,88","76,88","76,88","","-4,88%"
"18/06/2019","76,74","76,74","76,74","76,74","","-0,18%"
"19/06/2019","71,37","71,37","71,37","71,37","","-7,00%"
"20/06/2019","72,37","72,37","72,37","72,37","","1,40%"
"21/06/2019","74,63","74,63","74,63","74,63","","3,12%"
"24/06/2019","73,76","73,76","73,76","73,76","","-1,16%"
"25/06/2019","74,22","74,22","74,22","74,22","","0,63%"
"26/06/2019","73,73","73,73","73,73","73,73","","-0,66%"
"27/06/2019","69,92","69,92","69,92","69,92","","-5,18%"
"28/06/2019","70,43","70,43","70,43","70,43","","0,74%"
"01/07/2019","66,53","66,53","66,53","66,53","","-5,54%"
"02/07/2019","68,60","68,60","68,60","68,60","","3,11%"
"03/07/2019","68,33","68,33","68,33","68,33","","-0,40%"
"05/07/2019","65,28","65,28","65,28","65,28","","-4,46%"
"08/07/2019","63,22","63,22","63,22","63,22","","-3,15%"
"09/07/2019","62,90","62,90","62,90","62,90","","-0,50%"
"10/07/2019","62,39","62,39","62,39","62,39","","-0,81%"
"11/07/2019","62,96","62,96","62,96","62,96","","0,91%"
"12/07/2019","62,78","62,78","62,78","62,78","","-0,29%"
"15/07/2019","61,90","61,90","61,90","61,90","","-1,40%"
"16/07/2019","61,29","61,29","61,29","61,29","","-0,97%"
"17/07/2019","62,29","62,29","62,29","62,29","","1,63%"
"18/07/2019","63,12","63,12","63,12","63,12","","1,33%"
"19/07/2019","63,86","63,86","63,86","63,86","","1,18%"
"22/07/2019","60,97","60,97","60,97","60,97","","-4,53%"
"23/07/2019","61,23","61,23","61,23","61,23","","0,41%"
"24/07/2019","60,71","60,71","60,71","60,71","","-0,84%"
"25/07/2019","60,99","60,99","60,99","60,99","","0,46%"
"26/07/2019","58,90","58,90","58,90","58,90","","-3,42%"
"29/07/2019","58,55","58,55","58,55","58,55","","-0,60%"
"30/07/2019","57,84","57,84","57,84","57,84","","-1,20%"
"31/07/2019","55,25","55,25","55,25","55,25","","-4,49%"
"01/08/2019","64,68","64,68","64,68","64,68","","17,07%"
"02/08/2019","66,11","66,11","66,11","66,11","","2,22%"
"05/08/2019","77,24","77,24","77,24","77,24","","16,82%"
"06/08/2019","73,92","73,92","73,92","73,92","","-4,29%"
"07/08/2019","79,08","79,08","79,08","79,08","","6,97%"
"08/08/2019","78,55","78,55","78,55","78,55","","-0,66%"
"09/08/2019","78,97","78,97","78,97","78,97","","0,53%"
"12/08/2019","81,58","81,58","81,58","81,58","","3,30%"
"13/08/2019","77,70","77,70","77,70","77,70","","-4,75%"
"14/08/2019","87,22","87,22","87,22","87,22","","12,26%"
"15/08/2019","90,62","90,62","90,62","90,62","","3,90%"
"16/08/2019","89,52","89,52","89,52","89,52","","-1,21%"
"19/08/2019","86,49","86,49","86,49","86,49","","-3,38%"
"20/08/2019","86,86","86,86","86,86","86,86","","0,43%"
"21/08/2019","84,51","84,51","84,51","84,51","","-2,71%"
"22/08/2019","83,15","83,15","83,15","83,15","","-1,61%"
"23/08/2019","91,82","91,82","91,82","91,82","","10,43%"
"26/08/2019","87,98","87,98","87,98","87,98","","-4,19%"
"27/08/2019","88,67","88,67","88,67","88,67","","0,79%"
"28/08/2019","89,87","89,87","89,87","89,87","","1,35%"
"29/08/2019","86,94","86,94","86,94","86,94","","-3,25%"
"30/08/2019","86,89","86,89","86,89","86,89","","-0,06%"
"03/09/2019","85,27","85,27","85,27","85,27","","-1,87%"
"04/09/2019","81,60","81,60","81,60","81,60","","-4,30%"
"05/09/2019","79,92","79,92","79,92","79,92","","-2,06%"
"06/09/2019","78,82","78,82","78,82","78,82","","-1,37%"
"09/09/2019","76,44","76,44","76,44","76,44","","-3,02%"
"10/09/2019","76,78","76,78","76,78","76,78","","0,45%"
"11/09/2019","76,70","76,70","76,70","76,70","","-0,10%"
"12/09/2019","77,57","77,57","77,57","77,57","","1,13%"
"13/09/2019","85,53","85,53","85,53","85,53","","10,26%"
"16/09/2019","85,95","85,95","85,95","85,95","","0,49%"
"17/09/2019","84,76","84,76","84,76","84,76","","-1,38%"
"18/09/2019","79,66","79,66","79,66","79,66","","-6,01%"
"19/09/2019","78,14","78,14","78,14","78,14","","-1,91%"
"20/09/2019","80,07","80,07","80,07","80,07","","2,47%"
"23/09/2019","81,01","81,01","81,01","81,01","","1,17%"
"24/09/2019","83,07","83,07","83,07","83,07","","2,54%"
"25/09/2019","80,22","80,22","80,22","80,22","","-3,43%"
"26/09/2019","79,87","79,87","79,87","79,87","","-0,43%"
"27/09/2019","79,97","79,97","79,97","79,97","","0,13%"
"30/09/2019","77,20","77,20","77,20","77,20","","-3,47%"
"01/10/2019","85,61","85,61","85,61","85,61","","10,89%"
"02/10/2019","89,39","89,39","89,39","89,39","","4,41%"
"03/10/2019","87,94","87,94","87,94","87,94","","-1,61%"
"04/10/2019","83,15","83,15","83,15","83,15","","-5,45%"
"07/10/2019","81,86","81,86","81,86","81,86","","-1,55%"
"08/10/2019","80,47","80,47","80,47","80,47","","-1,70%"
"09/10/2019","79,31","79,31","79,31","79,31","","-1,44%"
"10/10/2019","80,14","80,14","80,14","80,14","","1,04%"
"11/10/2019","79,86","79,86","79,86","79,86","","-0,35%"
"15/10/2019","80,06","80,06","80,06","80,06","","0,25%"
"16/10/2019","77,94","77,94","77,94","77,94","","-2,65%"
"17/10/2019","77,61","77,61","77,61","77,61","","-0,42%"
"18/10/2019","78,35","78,35","78,35","78,35","","0,95%"
"21/10/2019","80,25","80,25","80,25","80,25","","2,43%"
"22/10/2019","78,73","78,73","78,73","78,73","","-1,89%"
"23/10/2019","73,03","73,03","73,03","73,03","","-7,24%"
"24/10/2019","68,97","68,97","68,97","68,97","","-5,56%"
"25/10/2019","67,07","67,07","67,07","67,07","","-2,75%"
"28/10/2019","67,41","67,41","67,41","67,41","","0,51%"
"29/10/2019","67,61","67,61","67,61","67,61","","0,30%"
"30/10/2019","63,32","63,32","63,32","63,32","","-6,35%"
"31/10/2019","65,88","65,88","65,88","65,88","","4,04%"
"01/11/2019","57,28","57,28","57,28","57,28","","-13,05%"
"04/11/2019","60,18","60,18","60,18","60,18","","5,06%"
"05/11/2019","61,48","61,48","61,48","61,48","","2,16%"
"06/11/2019","61,73","61,73","61,73","61,73","","0,41%"
"07/11/2019","67,08","67,08","67,08","67,08","","8,67%"
"08/11/2019","64,44","64,44","64,44","64,44","","-3,94%"
"11/11/2019","64,44","64,44","64,44","64,44","","0,00%"
"12/11/2019","69,82","69,82","69,82","69,82","","8,35%"
"13/11/2019","66,10","66,10","66,10","66,10","","-5,33%"
"14/11/2019","64,17","64,17","64,17","64,17","","-2,92%"
"15/11/2019","61,70","61,70","61,70","61,70","","-3,85%"
"18/11/2019","64,13","64,13","64,13","64,13","","3,94%"
"19/11/2019","62,64","62,64","62,64","62,64","","-2,32%"
"20/11/2019","65,58","65,58","65,58","65,58","","4,69%"
"21/11/2019","61,83","61,83","61,83","61,83","","-5,72%"
"22/11/2019","62,17","62,17","62,17","62,17","","0,55%"
"25/11/2019","61,55","61,55","61,55","61,55","","-1,00%"
"26/11/2019","60,39","60,39","60,39","60,39","","-1,88%"
"27/11/2019","57,62","57,62","57,62","57,62","","-4,59%"
"28/11/2019","57,62","57,62","57,62","57,62","","0,00%"
"29/11/2019","56,57","56,57","56,57","56,57","","-1,82%"
"02/12/2019","59,42","59,42","59,42","59,42","","5,04%"
"03/12/2019","64,62","64,62","64,62","64,62","","8,75%"
"04/12/2019","63,01","63,01","63,01","63,01","","-2,49%"
"05/12/2019","63,73","63,73","63,73","63,73","","1,14%"
"06/12/2019","64,07","64,07","64,07","64,07","","0,53%"
"09/12/2019","67,29","67,29","67,29","67,29","","5,03%"
"10/12/2019","67,09","67,09","67,09","67,09","","-0,30%"
"11/12/2019","61,30","61,30","61,30","61,30","","-8,63%"
"12/12/2019","61,63","61,63","61,63","61,63","","0,54%"
"13/12/2019","56,44","56,44","56,44","56,44","","-8,42%"
"16/12/2019","56,13","56,13","56,13","56,13","","-0,55%"
"17/12/2019","55,38","55,38","55,38","55,38","","-1,34%"
"18/12/2019","53,41","53,41","53,41","53,41","","-3,56%"
"19/12/2019","53,70","53,70","53,70","53,70","","0,54%"
"20/12/2019","54,19","54,19","54,19","54,19","","0,91%"
"23/12/2019","55,31","55,31","55,31","55,31","","2,07%"
"24/12/2019","58,32","58,32","58,32","58,32","","5,44%"
"25/12/2019","58,32","58,32","58,32","58,32","","0,00%"
"26/12/2019","56,42","56,42","56,42","56,42","","-3,26%"
"27/12/2019","55,30","55,30","55,30","55,30","","-1,99%"
"30/12/2019","59,63","59,63","59,63","59,63","","7,83%"
"31/12/2019","58,28","58,28","58,28","58,28","","-2,26%"
"01/01/2020","58,28","58,28","58,28","58,28","","0,00%"
"02/01/2020","57,20","57,20","57,20","57,20","","-1,85%"
"03/01/2020","60,12","60,12","60,12","60,12","","5,10%"
"06/01/2020","62,79","62,79","62,79","62,79","","4,44%"
"07/01/2020","62,63","62,63","62,63","62,63","","-0,25%"
"08/01/2020","60,49","60,49","60,49","60,49","","-3,42%"
"09/01/2020","57,66","57,66","57,66","57,66","","-4,68%"
"10/01/2020","53,32","53,32","53,32","53,32","","-7,53%"
"13/01/2020","53,27","53,27","53,27","53,27","","-0,09%"
"14/01/2020","52,35","52,35","52,35","52,35","","-1,73%"
"15/01/2020","50,54","50,54","50,54","50,54","","-3,46%"
"16/01/2020","50,37","50,37","50,37","50,37","","-0,34%"
"17/01/2020","49,67","49,67","49,67","49,67","","-1,39%"
"20/01/2020","49,67","49,67","49,67","49,67","","0,00%"
"21/01/2020","53,42","53,42","53,42","53,42","","7,55%"
"22/01/2020","51,31","51,31","51,31","51,31","","-3,95%"
"23/01/2020","55,34","55,34","55,34","55,34","","7,85%"
"24/01/2020","59,94","59,94","59,94","59,94","","8,31%"
"27/01/2020","66,73","66,73","66,73","66,73","","11,33%"
"28/01/2020","65,60","65,60","65,60","65,60","","-1,69%"
"29/01/2020","66,17","66,17","66,17","66,17","","0,87%"
"30/01/2020","71,07","71,07","71,07","71,07","","7,41%"
"31/01/2020","72,98","72,98","72,98","72,98","","2,69%"
"03/02/2020","72,81","72,81","72,81","72,81","","-0,23%"
"04/02/2020","68,17","68,17","68,17","68,17","","-6,37%"
"05/02/2020","64,07","64,07","64,07","64,07","","-6,01%"
"06/02/2020","61,24","61,24","61,24","61,24","","-4,42%"
"07/02/2020","65,59","65,59","65,59","65,59","","7,10%"
"10/02/2020","68,13","68,13","68,13","68,13","","3,87%"
"11/02/2020","64,89","64,89","64,89","64,89","","-4,76%"
"12/02/2020","63,52","63,52","63,52","63,52","","-2,11%"
"13/02/2020","63,51","63,51","63,51","63,51","","-0,02%"
"14/02/2020","62,38","62,38","62,38","62,38","","-1,78%"
"18/02/2020","67,66","67,66","67,66","67,66","","8,46%"
"19/02/2020","68,04","68,04","68,04","68,04","","0,56%"
"20/02/2020","69,60","69,60","69,60","69,60","","2,29%"
"21/02/2020","74,54","74,54","74,54","74,54","","7,10%"
"24/02/2020","86,92","86,92","86,92","86,92","","16,61%"
"25/02/2020","87,38","87,38","87,38","87,38","","0,53%"
"26/02/2020","87,00","87,00","87,00","87,00","","-0,43%"
"27/02/2020","92,59","92,59","92,59","92,59","","6,43%"
"28/02/2020","109,67","109,67","109,67","109,67","","18,45%"
"02/03/2020","104,89","104,89","104,89","104,89","","-4,36%"
"03/03/2020","102,97","102,97","102,97","102,97","","-1,83%"
"04/03/2020","89,59","89,59","89,59","89,59","","-12,99%"
"05/03/2020","96,96","96,96","96,96","96,96","","8,23%"
"06/03/2020","125,21","125,21","125,21","125,21","","29,14%"
"09/03/2020","163,70","163,70","163,70","163,70","","30,74%"
"10/03/2020","123,72","123,72","123,72","123,72","","-24,42%"
"11/03/2020","127,84","127,84","127,84","127,84","","3,33%"
"12/03/2020","152,62","152,62","152,62","152,62","","19,38%"
"13/03/2020","138,40","138,40","138,40","138,40","","-9,32%"
"16/03/2020","124,53","124,53","124,53","124,53","","-10,02%"
"17/03/2020","109,85","109,85","109,85","109,85","","-11,79%"
"18/03/2020","124,14","124,14","124,14","124,14","","13,01%"
"19/03/2020","141,13","141,13","141,13","141,13","","13,69%"
"20/03/2020","133,37","133,37","133,37","133,37","","-5,50%"
"23/03/2020","135,38","135,38","135,38","135,38","","1,51%"
"24/03/2020","111,09","111,09","111,09","111,09","","-17,94%"
"25/03/2020","87,14","87,14","87,14","87,14","","-21,56%"
"26/03/2020","88,48","88,48","88,48","88,48","","1,54%"
"27/03/2020","88,33","88,33","88,33","88,33","","-0,17%"
"30/03/2020","90,70","90,70","90,70","90,70","","2,68%"
"31/03/2020","83,87","83,87","83,87","83,87","","-7,53%"
"01/04/2020","83,13","83,13","83,13","83,13","","-0,88%"
"02/04/2020","71,99","71,99","71,99","71,99","","-13,40%"
"03/04/2020","65,01","65,01","65,01","65,01","","-9,70%"
"06/04/2020","66,28","66,28","66,28","66,28","","1,95%"
"07/04/2020","72,21","72,21","72,21","72,21","","8,95%"
"08/04/2020","75,71","75,71","75,71","75,71","","4,85%"
"09/04/2020","74,39","74,39","74,39","74,39","","-1,74%"
"13/04/2020","75,85","75,85","75,85","75,85","","1,96%"
"14/04/2020","69,52","69,52","69,52","69,52","","-8,35%"
"15/04/2020","70,50","70,50","70,50","70,50","","1,41%"
"16/04/2020","69,93","69,93","69,93","69,93","","-0,81%"
"17/04/2020","69,84","69,84","69,84","69,84","","-0,13%"
"20/04/2020","70,60","70,60","70,60","70,60","","1,09%"
"21/04/2020","73,83","73,83","73,83","73,83","","4,58%"
"22/04/2020","72,29","72,29","72,29","72,29","","-2,09%"
"23/04/2020","67,25","67,25","67,25","67,25","","-6,97%"
"24/04/2020","66,09","66,09","66,09","66,09","","-1,72%"
"27/04/2020","62,70","62,70","62,70","62,70","","-5,13%"
"28/04/2020","58,89","58,89","58,89","58,89","","-6,08%"
"29/04/2020","57,15","57,15","57,15","57,15","","-2,95%"
"30/04/2020","53,59","53,59","53,59","53,59","","-6,23%"
"01/05/2020","48,11","48,11","48,11","48,11","","-10,23%"
"04/05/2020","49,25","49,25","49,25","49,25","","2,37%"
"05/05/2020","49,65","49,65","49,65","49,65","","0,81%"
"06/05/2020","51,31","51,31","51,31","51,31","","3,34%"
"07/05/2020","54,93","54,93","54,93","54,93","","7,06%"
"08/05/2020","57,40","57,40","57,40","57,40","","4,50%"
"11/05/2020","61,60","61,60","61,60","61,60","","7,32%"
"12/05/2020","61,26","61,26","61,26","61,26","","-0,55%"
"13/05/2020","57,56","57,56","57,56","57,56","","-6,04%"
"14/05/2020","59,05","59,05","59,05","59,05","","2,59%"
"15/05/2020","56,53","56,53","56,53","56,53","","-4,27%"
"18/05/2020","58,70","58,70","58,70","58,70","","3,84%"
"19/05/2020","60,09","60,09","60,09","60,09","","2,37%"
"20/05/2020","58,85","58,85","58,85","58,85","","-2,06%"
"21/05/2020","55,62","55,62","55,62","55,62","","-5,49%"
"22/05/2020","51,67","51,67","51,67","51,67","","-7,10%"
"25/05/2020","51,67","51,67","51,67","51,67","","0,00%"
"26/05/2020","52,22","52,22","52,22","52,22","","1,06%"
"27/05/2020","52,98","52,98","52,98","52,98","","1,46%"
"28/05/2020","50,57","50,57","50,57","50,57","","-4,55%"
"29/05/2020","51,55","51,55","51,55","51,55","","1,94%"
"01/06/2020","55,07","55,07","55,07","55,07","","6,83%"
"02/06/2020","55,35","55,35","55,35","55,35","","0,51%"
"03/06/2020","61,24","61,24","61,24","61,24","","10,64%"
"04/06/2020","61,18","61,18","61,18","61,18","","-0,10%"
"05/06/2020","61,97","61,97","61,97","61,97","","1,29%"
"08/06/2020","62,77","62,77","62,77","62,77","","1,29%"
"09/06/2020","62,94","62,94","62,94","62,94","","0,27%"
"10/06/2020","60,02","60,02","60,02","60,02","","-4,64%"
"11/06/2020","56,47","56,47","56,47","56,47","","-5,91%"
"12/06/2020","55,81","55,81","55,81","55,81","","-1,17%"
"15/06/2020","58,09","58,09","58,09","58,09","","4,09%"
"16/06/2020","60,49","60,49","60,49","60,49","","4,13%"
"17/06/2020","58,16","58,16","58,16","58,16","","-3,85%"
"18/06/2020","55,15","55,15","55,15","55,15","","-5,18%"
"19/06/2020","53,45","53,45","53,45","53,45","","-3,08%"
"22/06/2020","53,93","53,93","53,93","53,93","","0,90%"
"23/06/2020","54,04","54,04","54,04","54,04","","0,20%"
"24/06/2020","54,89","54,89","54,89","54,89","","1,57%"
"25/06/2020","51,57","51,57","51,57","51,57","","-6,05%"
"26/06/2020","51,21","51,21","51,21","51,21","","-0,70%"
"29/06/2020","52,96","51,21","52,96","51,21","","3,42%"
"30/06/2020","54,13","52,96","54,13","52,96","","2,21%"
"01/07/2020","53,28","54,13","54,13","53,28","","-1,57%"
"02/07/2020","50,96","53,28","53,28","50,96","","-4,35%"
"06/07/2020","52,03","50,96","52,03","50,96","","2,10%"
"07/07/2020","50,98","52,03","52,03","50,98","","-2,02%"
"08/07/2020","49,80","50,98","50,98","49,80","","-2,31%"
"09/07/2020","50,07","49,80","50,07","49,80","","0,54%"
"10/07/2020","49,19","50,07","50,07","49,19","","-1,76%"
"13/07/2020","49,55","49,19","49,55","49,19","","0,73%"
"14/07/2020","50,81","49,55","50,81","49,55","","2,54%"
"15/07/2020","47,08","50,81","50,81","47,08","","-7,34%"
"16/07/2020","46,43","47,08","47,08","46,43","","-1,38%"
"17/07/2020","45,68","45,68","45,68","45,68","","-1,62%"
"20/07/2020","46,82","45,68","46,82","45,68","","2,50%"
"21/07/2020","46,45","46,82","46,82","46,45","","-0,79%"
"22/07/2020","45,32","46,45","46,45","45,32","","-2,43%"
"23/07/2020","43,93","45,32","45,32","43,93","","-3,07%"
"24/07/2020","42,48","43,93","43,93","42,48","","-3,30%"
"27/07/2020","42,61","42,61","42,61","42,61","","0,31%"
"28/07/2020","41,27","41,27","41,27","41,27","","-3,14%"
"29/07/2020","41,63","41,63","41,63","41,63","","0,87%"
"30/07/2020","40,66","41,63","41,63","40,66","","-2,33%"
"31/07/2020","41,98","41,98","41,98","41,98","","3,25%"
"03/08/2020","43,13","43,13","43,13","43,13","","2,74%"
"04/08/2020","44,11","44,11","44,11","44,11","","2,27%"
"05/08/2020","41,75","41,75","41,75","41,75","","-5,35%"
"06/08/2020","42,60","42,60","42,60","42,60","","2,04%"
"10/08/2020","42,21","42,21","42,21","42,21","","-0,92%"
"11/08/2020","45,26","45,26","45,26","45,26","","7,23%"
"12/08/2020","44,23","44,23","44,23","44,23","","-2,28%"
"13/08/2020","45,08","45,08","45,08","45,08","","1,92%"
"14/08/2020","43,09","43,09","43,09","43,09","","-4,41%"
"17/08/2020","45,81","43,09","45,81","43,09","","6,31%"
"18/08/2020","46,06","45,81","46,06","45,81","","0,55%"
"19/08/2020","44,60","46,06","46,06","44,60","","-3,17%"
"20/08/2020","44,58","44,60","44,60","44,58","","-0,04%"
"21/08/2020","45,14","44,58","45,14","44,58","","1,26%"
"24/08/2020","46,33","45,14","46,33","45,14","","2,64%"
"25/08/2020","47,89","46,33","47,89","46,33","","3,37%"
"26/08/2020","47,99","47,89","47,99","47,89","","0,21%"
"27/08/2020","49,29","47,99","49,29","47,99","","2,71%"
"28/08/2020","48,19","49,29","49,29","48,19","","-2,23%"
"31/08/2020","47,02","48,19","48,19","47,02","","-2,43%"
"01/09/2020","44,30","47,02","47,02","44,30","","-5,78%"
"02/09/2020","44,86","44,30","44,86","44,30","","1,26%"
"03/09/2020","45,76","44,86","45,76","44,86","","2,01%"
"04/09/2020","47,04","45,76","47,04","45,76","","2,80%"
"08/09/2020","50,68","47,04","50,68","47,04","","7,74%"
"09/09/2020","48,82","50,68","50,68","48,82","","-3,67%"
"10/09/2020","45,21","48,82","48,82","45,21","","-7,39%"
"11/09/2020","43,12","45,21","45,21","43,12","","-4,62%"
"14/09/2020","44,21","43,12","44,21","43,12","","2,53%"
"15/09/2020","43,06","44,21","44,21","43,06","","-2,60%"
"16/09/2020","42,43","43,06","43,06","42,43","","-1,46%"
"17/09/2020","38,45","42,43","42,43","38,45","","-9,38%"
"18/09/2020","37,24","38,45","38,45","37,24","","-3,15%"
"21/09/2020","38,63","37,24","38,63","37,24","","3,73%"
"22/09/2020","39,35","38,63","39,35","38,63","","1,86%"
"23/09/2020","38,63","39,35","39,35","38,63","","-1,83%"
"24/09/2020","37,22","38,63","38,63","37,22","","-3,65%"
"25/09/2020","36,97","37,22","37,22","36,97","","-0,67%"
"28/09/2020","37,40","36,97","37,40","36,97","","1,16%"
"29/09/2020","36,62","37,40","37,40","36,62","","-2,09%"
"30/09/2020","39,21","36,62","39,21","36,62","","7,07%"
"01/10/2020","38,65","39,21","39,21","38,65","","-1,43%"
"02/10/2020","39,97","38,65","39,97","38,65","","3,42%"
"05/10/2020","39,81","39,97","39,97","39,81","","-0,40%"
"06/10/2020","57,75","39,81","57,75","39,81","","45,06%"
"07/10/2020","56,98","57,75","57,75","56,98","","-1,33%"
"08/10/2020","57,31","56,98","57,31","56,98","","0,58%"
"09/10/2020","57,52","57,31","57,52","57,31","","0,37%"
"13/10/2020","55,59","57,52","57,52","55,59","","-3,36%"
"14/10/2020","53,50","55,59","55,59","53,50","","-3,76%"
"15/10/2020","55,62","53,50","55,62","53,50","","3,96%"
"16/10/2020","57,25","55,62","57,25","55,62","","2,93%"
"19/10/2020","61,16","57,25","61,16","57,25","","6,83%"
"20/10/2020","60,42","61,16","61,16","60,42","","-1,21%"
"21/10/2020","59,07","60,42","60,42","59,07","","-2,23%"
"22/10/2020","59,73","59,07","59,73","59,07","","1,12%"
"23/10/2020","58,46","59,73","59,73","58,46","","-2,13%"
"26/10/2020","58,95","58,46","58,95","58,46","","0,84%"
"27/10/2020","57,88","58,95","58,95","57,88","","-1,82%"
"28/10/2020","57,13","57,88","57,88","57,13","","-1,30%"
"29/10/2020","61,30","57,13","61,30","57,13","","7,30%"
"30/10/2020","61,91","61,30","61,91","61,30","","1,00%"
"02/11/2020","63,56","61,91","63,56","61,91","","2,67%"
"03/11/2020","64,37","63,56","64,37","63,56","","1,27%"
"04/11/2020","47,74","64,37","64,37","47,74","","-25,84%"
"05/11/2020","43,76","47,74","47,74","43,76","","-8,34%"
"06/11/2020","39,88","43,76","43,76","39,88","","-8,87%"
"09/11/2020","44,94","39,88","44,94","39,88","","12,69%"
"10/11/2020","46,19","44,94","46,19","44,94","","2,78%"
"12/11/2020","44,17","46,19","46,19","44,17","","-4,37%"
"13/11/2020","42,95","44,17","44,17","42,95","","-2,76%"
"16/11/2020","42,49","42,95","42,95","42,49","","-1,07%"
"17/11/2020","43,08","42,49","43,08","42,49","","1,39%"
"18/11/2020","43,62","43,08","43,62","43,08","","1,25%"
"19/11/2020","43,53","43,62","43,62","43,53","","-0,21%"
"20/11/2020","42,31","43,53","43,53","42,31","","-2,80%"
"23/11/2020","43,04","42,31","43,04","42,31","","1,73%"
"24/11/2020","42,38","43,04","43,04","42,38","","-1,53%"
"25/11/2020","39,62","42,38","42,38","39,62","","-6,51%"
"27/11/2020","39,64","39,62","39,64","39,62","","0,05%"
"30/11/2020","40,84","39,64","40,84","39,64","","3,03%"
"01/12/2020","41,53","40,84","41,53","40,84","","1,69%"
"02/12/2020","43,92","41,53","43,92","41,53","","5,75%"
"03/12/2020","42,53","43,92","43,92","42,53","","-3,16%"
"04/12/2020","43,89","42,53","43,89","42,53","","3,20%"
"07/12/2020","49,67","43,89","49,67","43,89","","13,17%"
"08/12/2020","49,10","49,67","49,67","49,10","","-1,15%"
"09/12/2020","48,48","49,10","49,10","48,48","","-1,26%"
"10/12/2020","47,15","48,48","48,48","47,15","","-2,74%"
"11/12/2020","47,52","47,15","47,52","47,15","","0,78%"
"14/12/2020","49,22","47,52","49,22","47,52","","3,58%"
"15/12/2020","48,14","49,22","49,22","48,14","","-2,19%"
"16/12/2020","46,96","48,14","48,14","46,96","","-2,45%"
"17/12/2020","44,15","46,96","46,96","44,15","","-5,98%"
"18/12/2020","44,64","44,15","44,64","44,15","","1,11%"
"21/12/2020","46,66","44,64","46,66","44,64","","4,53%"
"22/12/2020","43,57","46,66","46,66","43,57","","-6,62%"
"23/12/2020","42,74","43,57","43,57","42,74","","-1,90%"
"24/12/2020","42,11","42,74","42,74","42,11","","-1,47%"
"28/12/2020","45,26","42,11","45,26","42,11","","7,48%"
"29/12/2020","46,10","45,26","46,10","45,26","","1,86%"
"30/12/2020","47,19","46,10","47,19","46,10","","2,36%"
"31/12/2020","48,98","47,19","48,98","47,19","","3,79%"
"04/01/2021","49,59","48,98","49,59","48,98","","1,25%"
"05/01/2021","48,95","49,59","49,59","48,95","","-1,29%"
"06/01/2021","44,64","48,95","48,95","44,64","","-8,80%"
"07/01/2021","45,20","44,64","45,20","44,64","","1,25%"
"08/01/2021","44,81","45,20","45,20","44,81","","-0,86%"
"11/01/2021","47,77","44,81","47,77","44,81","","6,61%"
"12/01/2021","50,12","47,77","50,12","47,77","","4,92%"
"13/01/2021","45,60","50,12","50,12","45,60","","-9,02%"
"14/01/2021","46,23","45,60","46,23","45,60","","1,38%"
"15/01/2021","45,14","46,23","46,23","45,14","","-2,36%"
"19/01/2021","45,23","45,14","45,23","45,14","","0,20%"
"20/01/2021","42,53","45,23","45,23","42,53","","-5,97%"
"21/01/2021","43,01","42,53","43,01","42,53","","1,13%"
"22/01/2021","43,09","43,01","43,09","43,01","","0,19%"
"25/01/2021","43,08","43,09","43,09","43,08","","-0,02%"
"26/01/2021","43,14","43,08","43,14","43,08","","0,14%"
"27/01/2021","44,16","43,14","44,16","43,14","","2,36%"
"28/01/2021","45,53","44,16","45,53","44,16","","3,10%"
"29/01/2021","47,41","45,53","47,41","45,53","","4,13%"
"01/02/2021","46,28","47,41","47,41","46,28","","-2,38%"
"02/02/2021","45,91","46,28","46,28","45,91","","-0,80%"
"03/02/2021","46,93","45,91","46,93","45,91","","2,22%"
"04/02/2021","47,25","46,93","47,25","46,93","","0,68%"
"05/02/2021","47,20","47,25","47,25","47,20","","-0,11%"
"08/02/2021","48,45","47,20","48,45","47,20","","2,65%"
"09/02/2021","46,75","48,45","48,45","46,75","","-3,51%"
"10/02/2021","46,27","46,75","46,75","46,27","","-1,03%"
"11/02/2021","45,95","46,27","46,27","45,95","","-0,69%"
"12/02/2021","47,01","45,95","47,01","45,95","","2,31%"
"16/02/2021","56,78","47,01","56,78","47,01","","20,78%"
"17/02/2021","55,97","56,78","56,78","55,97","","-1,43%"
"18/02/2021","56,12","55,97","56,12","55,97","","0,27%"
"19/02/2021","60,43","56,12","60,43","56,12","","7,68%"
"22/02/2021","62,42","60,43","62,42","60,43","","3,29%"
"23/02/2021","61,73","62,42","62,42","61,73","","-1,11%"
"24/02/2021","61,92","61,73","61,92","61,73","","0,31%"
"25/02/2021","74,16","61,92","74,16","61,92","","19,77%"
"26/02/2021","75,66","74,16","75,66","74,16","","2,02%"
"01/03/2021","68,73","75,66","75,66","68,73","","-9,16%"
"02/03/2021","57,70","68,73","68,73","57,70","","-16,05%"
"03/03/2021","65,83","57,70","65,83","57,70","","14,09%"
"04/03/2021","68,13","65,83","68,13","65,83","","3,49%"
"05/03/2021","69,37","68,13","69,37","68,13","","1,82%"
"08/03/2021","71,65","69,37","71,65","69,37","","3,29%"
"09/03/2021","67,44","71,65","71,65","67,44","","-5,88%"
"10/03/2021","63,19","67,44","67,44","63,19","","-6,30%"
"11/03/2021","63,90","63,19","63,90","63,19","","1,12%"
"12/03/2021","70,83","63,90","70,83","63,90","","10,85%"
"15/03/2021","70,79","70,83","70,83","70,79","","-0,06%"
"16/03/2021","70,81","70,79","70,81","70,79","","0,03%"
"17/03/2021","66,75","70,81","70,81","66,75","","-5,73%"
"18/03/2021","70,48","66,75","70,48","66,75","","5,59%"
"19/03/2021","68,80","70,48","70,48","68,80","","-2,38%"
"22/03/2021","67,62","68,80","68,80","67,62","","-1,72%"
"23/03/2021","60,77","67,62","67,62","60,77","","-10,13%"
"24/03/2021","60,71","60,77","60,77","60,71","","-0,10%"
"25/03/2021","59,54","60,71","60,71","59,54","","-1,93%"
"26/03/2021","61,49","59,54","61,49","59,54","","3,28%"
"29/03/2021","65,96","61,49","65,96","61,49","","7,27%"
"30/03/2021","67,44","65,96","67,44","65,96","","2,24%"
"31/03/2021","71,27","67,44","71,27","67,44","","5,68%"
"01/04/2021","64,99","71,27","71,27","64,99","","-8,81%"
"02/04/2021","63,71","64,99","64,99","63,71","","-1,97%"
"05/04/2021","61,79","63,71","63,71","61,79","","-3,01%"
"06/04/2021","60,29","61,79","61,79","60,29","","-2,43%"
"07/04/2021","62,54","60,29","62,54","60,29","","3,73%"
"08/04/2021","60,08","62,54","62,54","60,08","","-3,93%"
"09/04/2021","61,21","60,08","61,21","60,08","","1,88%"
"12/04/2021","63,50","61,21","63,50","61,21","","3,74%"
"13/04/2021","61,20","63,50","63,50","61,20","","-3,62%"
"14/04/2021","60,08","61,20","61,20","60,08","","-1,83%"
"15/04/2021","59,05","60,08","60,08","59,05","","-1,71%"
"16/04/2021","62,57","59,05","62,57","59,05","","5,96%"
"19/04/2021","63,96","62,57","63,96","62,57","","2,22%"
"20/04/2021","64,35","63,96","64,35","63,96","","0,61%"
"21/04/2021","62,27","64,35","64,35","62,27","","-3,23%"
"22/04/2021","59,62","62,27","62,27","59,62","","-4,26%"
"23/04/2021","59,98","59,62","59,98","59,62","","0,60%"
"26/04/2021","60,98","59,98","60,98","59,98","","1,67%"
"27/04/2021","60,15","60,98","60,98","60,15","","-1,36%"
"28/04/2021","60,31","60,15","60,31","60,15","","0,27%"
"29/04/2021","59,02","60,31","60,31","59,02","","-2,14%"
"30/04/2021","58,13","59,02","59,02","58,13","","-1,51%"
"03/05/2021","57,33","58,13","58,13","57,33","","-1,38%"
"04/05/2021","58,51","57,33","58,51","57,33","","2,06%"
"05/05/2021","56,93","58,51","58,51","56,93","","-2,70%"
"06/05/2021","57,75","56,93","57,75","56,93","","1,44%"
"07/05/2021","54,13","57,75","57,75","54,13","","-6,27%"
"10/05/2021","55,48","54,13","55,48","54,13","","2,49%"
"11/05/2021","58,01","55,48","58,01","55,48","","4,56%"
"12/05/2021","58,47","58,01","58,47","58,01","","0,79%"
"13/05/2021","56,59","58,47","58,47","56,59","","-3,22%"
"14/05/2021","54,99","56,59","56,59","54,99","","-2,83%"
"17/05/2021","58,59","54,99","58,59","54,99","","6,55%"
"18/05/2021","57,18","58,59","58,59","57,18","","-2,41%"
"19/05/2021","57,31","57,18","57,31","57,18","","0,23%"
"20/05/2021","55,04","57,31","57,31","55,04","","-3,96%"
"21/05/2021","54,59","55,04","55,04","54,59","","-0,82%"
"24/05/2021","54,94","54,59","54,94","54,59","","0,64%"
"25/05/2021","53,72","54,94","54,94","53,72","","-2,22%"
"26/05/2021","52,82","53,72","53,72","52,82","","-1,68%"
"27/05/2021","53,47","52,82","53,47","52,82","","1,23%"
"28/05/2021","52,04","53,47","53,47","52,04","","-2,67%"
"01/06/2021","54,99","52,04","54,99","52,04","","5,67%"
"02/06/2021","55,21","54,99","55,21","54,99","","0,40%"
"03/06/2021","53,96","55,21","55,21","53,96","","-2,26%"
"04/06/2021","49,78","53,96","53,96","49,78","","-7,75%"
"07/06/2021","49,55","53,96","53,96","49,55","","-0,46%"
"08/06/2021","49,93","49,55","49,93","49,55","","0,77%"
"09/06/2021","52,84","49,93","52,84","49,93","","5,83%"
"10/06/2021","48,26","52,84","52,84","48,26","","-8,67%"
"11/06/2021","50,85","48,26","50,85","48,26","","5,37%"
"14/06/2021","54,03","48,26","54,03","48,26","","6,25%"
"15/06/2021","52,92","54,03","54,03","52,92","","-2,05%"
"16/06/2021","54,28","52,92","54,28","52,92","","2,57%"
"17/06/2021","54,91","54,28","54,91","54,28","","1,16%"
"18/06/2021","60,45","54,91","60,45","54,91","","10,09%"
"21/06/2021","61,86","54,91","61,86","54,91","","2,33%"
"22/06/2021","58,64","61,86","61,86","58,64","","-5,21%"
"23/06/2021","55,60","58,64","58,64","55,60","","-5,18%"
"24/06/2021","54,83","55,60","55,60","54,83","","-1,38%"
"25/06/2021","55,58","54,83","55,58","54,83","","1,37%"
"28/06/2021","56,33","54,83","56,33","54,83","","1,35%"
"29/06/2021","56,80","56,33","56,80","56,33","","0,83%"
"30/06/2021","57,27","56,80","57,27","56,80","","0,83%"
"01/07/2021","57,52","57,27","57,52","57,27","","0,44%"
"02/07/2021","52,41","57,52","57,52","52,41","","-8,88%"
"06/07/2021","56,55","52,41","56,55","52,41","","7,90%"
"07/07/2021","60,65","56,55","60,65","56,55","","7,25%"
"08/07/2021","61,68","60,65","61,68","60,65","","1,70%"
"09/07/2021","59,92","61,68","61,68","59,92","","-2,85%"
"12/07/2021","60,78","61,68","61,68","60,78","","1,44%"
"13/07/2021","60,80","60,78","60,80","60,78","","0,03%"
"14/07/2021","57,31","60,80","60,80","57,31","","-5,74%"
"15/07/2021","56,98","57,31","57,31","56,98","","-0,58%"
"16/07/2021","58,24","56,98","58,24","56,98","","2,21%"
"19/07/2021","67,58","56,98","67,58","56,98","","16,04%"
"20/07/2021","69,31","67,58","69,31","67,58","","2,56%"
"21/07/2021","65,28","69,31","69,31","65,28","","-5,81%"
"22/07/2021","64,96","65,28","65,28","64,96","","-0,49%"
"23/07/2021","65,28","64,96","65,28","64,96","","0,49%"
"26/07/2021","69,03","64,96","69,03","64,96","","5,74%"
"27/07/2021","70,07","69,03","70,07","69,03","","1,51%"
"28/07/2021","62,40","70,07","70,07","62,40","","-10,95%"
"29/07/2021","62,08","62,40","62,40","62,08","","-0,51%"
"30/07/2021","61,19","62,08","62,08","61,19","","-1,43%"
"02/08/2021","64,29","62,08","64,29","62,08","","5,07%"
"03/08/2021","65,42","64,29","65,42","64,29","","1,76%"
"04/08/2021","62,67","65,42","65,42","62,67","","-4,20%"
"05/08/2021","63,57","62,67","63,57","62,67","","1,44%"
"06/08/2021","62,64","63,57","63,57","62,64","","-1,46%"
"09/08/2021","65,72","63,57","65,72","63,57","","4,92%"
"10/08/2021","66,55","65,72","66,55","65,72","","1,26%"
"11/08/2021","60,66","66,55","66,55","60,66","","-8,85%"
"12/08/2021","57,39","60,66","60,66","57,39","","-5,39%"
"13/08/2021","55,45","57,39","57,39","55,45","","-3,38%"
"16/08/2021","59,40","55,45","59,40","55,45","","7,12%"
"17/08/2021","60,28","59,40","60,28","59,40","","1,48%"
"18/08/2021","58,05","60,28","60,28","58,05","","-3,70%"
"19/08/2021","59,38","58,05","59,38","58,05","","2,29%"
"20/08/2021","59,95","59,38","59,95","59,38","","0,96%"
"23/08/2021","62,23","59,38","62,23","59,38","","3,80%"
"24/08/2021","63,03","62,23","63,03","62,23","","1,29%"
"25/08/2021","64,51","63,03","64,51","63,03","","2,35%"
"26/08/2021","63,41","64,51","64,51","63,41","","-1,71%"
"27/08/2021","57,98","63,41","63,41","57,98","","-8,56%"
"30/08/2021","60,14","63,41","63,41","60,14","","3,73%"
"31/08/2021","59,54","60,14","60,14","59,54","","-1,00%"
"01/09/2021","58,09","59,54","59,54","58,09","","-2,44%"
"02/09/2021","55,80","58,09","58,09","55,80","","-3,94%"
"03/09/2021","53,26","55,80","55,80","53,26","","-4,55%"
"07/09/2021","57,05","53,26","57,05","53,26","","7,12%"
"08/09/2021","57,02","57,05","57,05","57,02","","-0,05%"
"09/09/2021","52,61","57,02","57,02","52,61","","-7,73%"
"10/09/2021","51,73","52,61","52,61","51,73","","-1,67%"
"13/09/2021","53,10","52,61","53,10","52,61","","2,65%"
"14/09/2021","51,73","53,10","53,10","51,73","","-2,58%"
"15/09/2021","53,93","51,73","53,93","51,73","","4,25%"
"16/09/2021","53,70","53,93","53,93","53,70","","-0,43%"
"17/09/2021","56,06","53,70","56,06","53,70","","4,39%"
"20/09/2021","59,58","56,06","59,58","56,06","","6,28%"
"21/09/2021","59,20","59,58","59,58","59,20","","-0,64%"
"22/09/2021","55,92","59,20","59,20","55,92","","-5,54%"
"23/09/2021","56,79","55,92","56,79","55,92","","1,56%"
"24/09/2021","58,46","56,79","58,46","56,79","","2,94%"
"27/09/2021","60,50","56,79","60,50","56,79","","3,49%"
"28/09/2021","62,71","60,50","62,71","60,50","","3,65%"
"29/09/2021","61,21","62,71","62,71","61,21","","-2,39%"
"30/09/2021","61,07","61,21","61,21","61,07","","-0,23%"
"01/10/2021","57,38","61,07","61,07","57,38","","-6,04%"
"04/10/2021","60,61","61,07","61,07","60,61","","5,63%"
"05/10/2021","62,83","60,61","62,83","60,61","","3,66%"
"06/10/2021","60,65","62,83","62,83","60,65","","-3,47%"
"07/10/2021","60,91","60,65","60,91","60,65","","0,43%"
"08/10/2021","59,65","60,91","60,91","59,65","","-2,07%"
"12/10/2021","62,95","59,65","62,95","59,65","","5,53%"
"13/10/2021","60,84","62,95","62,95","60,84","","-3,35%"
"14/10/2021","59,35","60,84","60,84","59,35","","-2,45%"
"15/10/2021","62,70","59,35","62,70","59,35","","5,64%"
"18/10/2021","70,77","59,35","70,77","59,35","","12,87%"
"19/10/2021","68,25","70,77","70,77","68,25","","-3,56%"
"20/10/2021","65,47","68,25","68,25","65,47","","-4,07%"
"21/10/2021","69,42","65,47","69,42","65,47","","6,03%"
"22/10/2021","72,04","69,42","72,04","69,42","","3,77%"
"25/10/2021","68,96","69,42","69,42","68,96","","-4,28%"
"26/10/2021","66,70","68,96","68,96","66,70","","-3,28%"
"27/10/2021","70,06","66,70","70,06","66,70","","5,04%"
"28/10/2021","71,96","70,06","71,96","70,06","","2,71%"
"29/10/2021","75,45","71,96","75,45","71,96","","4,85%"
"01/11/2021","78,34","71,96","78,34","71,96","","3,83%"
"02/11/2021","71,04","78,34","78,34","71,04","","-9,32%"
"03/11/2021","71,22","71,04","71,22","71,04","","0,25%"
"04/11/2021","64,61","71,22","71,22","64,61","","-9,28%"
"05/11/2021","66,90","64,61","66,90","64,61","","3,54%"
"08/11/2021","70,97","64,61","70,97","64,61","","6,08%"
"09/11/2021","73,02","70,97","73,02","70,97","","2,89%"
"10/11/2021","78,31","73,02","78,31","73,02","","7,24%"
"12/11/2021","78,61","78,31","78,61","78,31","","0,38%"
"15/11/2021","81,59","78,31","81,59","78,31","","3,79%"
"16/11/2021","81,58","81,59","81,59","81,58","","-0,01%"
"17/11/2021","81,58","81,58","81,58","81,58","","0,00%"
"18/11/2021","74,51","81,58","81,58","74,51","","-8,67%"
"19/11/2021","73,39","74,51","74,51","73,39","","-1,50%"
"22/11/2021","79,21","74,51","79,21","74,51","","7,93%"
"23/11/2021","80,57","79,21","80,57","79,21","","1,72%"
"24/11/2021","83,15","80,57","83,15","80,57","","3,20%"
"26/11/2021","89,45","83,15","89,45","83,15","","7,58%"
"29/11/2021","89,41","83,15","89,41","83,15","","-0,04%"
"30/11/2021","84,04","89,41","89,41","84,04","","-6,01%"
"01/12/2021","82,97","84,04","84,04","82,97","","-1,27%"
"02/12/2021","82,55","82,97","82,97","82,55","","-0,51%"
"03/12/2021","79,14","82,55","82,55","79,14","","-4,13%"
"06/12/2021","87,89","82,55","87,89","82,55","","11,06%"
"07/12/2021","88,14","87,89","88,14","87,89","","0,28%"
"08/12/2021","80,29","88,14","88,14","80,29","","-8,91%"
"09/12/2021","79,54","80,29","80,29","79,54","","-0,93%"
"10/12/2021","74,36","79,54","79,54","74,36","","-6,51%"
"13/12/2021","76,41","79,54","79,54","76,41","","2,76%"
"14/12/2021","78,98","76,41","78,98","76,41","","3,36%"
"15/12/2021","74,06","78,98","78,98","74,06","","-6,23%"
"16/12/2021","69,10","74,06","74,06","69,10","","-6,70%"
"17/12/2021","72,46","69,10","72,46","69,10","","4,86%"
"20/12/2021","77,02","69,10","77,02","69,10","","6,29%"
"21/12/2021","79,52","77,02","79,52","77,02","","3,25%"
"22/12/2021","76,85","79,52","79,52","76,85","","-3,36%"
"23/12/2021","77,29","76,85","77,29","76,85","","0,57%"
"27/12/2021","80,12","77,29","80,12","77,29","","3,66%"
"28/12/2021","77,52","80,12","80,12","77,52","","-3,25%"
"29/12/2021","78,00","77,52","78,00","77,52","","0,62%"
"30/12/2021","77,62","78,00","78,00","77,62","","-0,49%"
"31/12/2021","77,10","77,62","77,62","77,10","","-0,67%"
"03/01/2022","84,08","77,62","84,08","77,62","","9,05%"
"04/01/2022","83,11","84,08","84,08","83,11","","-1,15%"
"05/01/2022","78,68","83,11","83,11","78,68","","-5,33%"
"06/01/2022","77,73","78,68","78,68","77,73","","-1,21%"
"07/01/2022","74,69","77,73","77,73","74,69","","-3,91%"
"10/01/2022","78,12","77,73","78,12","77,73","","4,59%"
"11/01/2022","77,85","78,12","78,12","77,85","","-0,35%"
"12/01/2022","74,55","77,85","77,85","74,55","","-4,24%"
"13/01/2022","72,57","74,55","74,55","72,57","","-2,66%"
"14/01/2022","76,59","72,57","76,59","72,57","","5,54%"
"18/01/2022","84,63","76,59","84,63","76,59","","10,50%"
"19/01/2022","80,14","84,63","84,63","80,14","","-5,31%"
"20/01/2022","80,96","80,14","80,96","80,14","","1,02%"
"21/01/2022","81,03","80,96","81,03","80,96","","0,09%"
"24/01/2022","83,77","80,96","83,77","80,96","","3,38%"
"25/01/2022","84,57","83,77","84,57","83,77","","0,95%"
"26/01/2022","85,75","84,57","85,75","84,57","","1,40%"
"27/01/2022","85,62","85,75","85,75","85,62","","-0,15%"
"28/01/2022","85,29","85,62","85,62","85,29","","-0,39%"
"31/01/2022","85,14","85,62","85,62","85,14","","-0,18%"
"01/02/2022","85,22","85,14","85,22","85,14","","0,09%"
"02/02/2022","84,85","85,22","85,22","84,85","","-0,43%"
"03/02/2022","85,74","84,85","85,74","84,85","","1,05%"
"04/02/2022","87,68","85,74","87,68","85,74","","2,26%"
"07/02/2022","87,44","85,74","87,44","85,74","","-0,27%"
"08/02/2022","82,72","87,44","87,44","82,72","","-5,40%"
"09/02/2022","81,76","82,72","82,72","81,76","","-1,16%"
"10/02/2022","88,52","81,76","88,52","81,76","","8,27%"
"11/02/2022","94,03","88,52","94,03","88,52","","6,22%"
"14/02/2022","102,28","88,52","102,28","88,52","","8,77%"
"15/02/2022","94,00","102,28","102,28","94,00","","-8,10%"
"16/02/2022","92,74","94,00","94,00","92,74","","-1,34%"
"17/02/2022","96,17","92,74","96,17","92,74","","3,70%"
"18/02/2022","94,36","96,17","96,17","94,36","","-1,88%"
"22/02/2022","95,54","94,36","95,54","94,36","","1,25%"
"23/02/2022","95,15","95,54","95,54","95,15","","-0,41%"
"24/02/2022","100,75","95,15","100,75","95,15","","5,89%"
"25/02/2022","93,34","100,75","100,75","93,34","","-7,35%"
"28/02/2022","100,40","100,75","100,75","100,40","","7,56%"
"01/03/2022","118,26","100,40","118,26","100,40","","17,79%"
"02/03/2022","110,28","118,26","118,26","110,28","","-6,75%"
"03/03/2022","115,18","110,28","115,18","110,28","","4,44%"
"04/03/2022","131,82","115,18","131,82","115,18","","14,45%"
"07/03/2022","140,03","115,18","140,03","115,18","","6,23%"
"08/03/2022","133,37","140,03","140,03","133,37","","-4,76%"
"09/03/2022","110,90","133,37","133,37","110,90","","-16,85%"
"10/03/2022","105,31","110,90","110,90","105,31","","-5,04%"
"11/03/2022","99,03","105,31","105,31","99,03","","-5,96%"
"14/03/2022","105,08","99,03","105,08","99,03","","6,11%"
"15/03/2022","101,03","105,08","105,08","101,03","","-3,85%"
"16/03/2022","100,57","101,03","101,03","100,57","","-0,46%"
"17/03/2022","91,76","100,57","100,57","91,76","","-8,76%"
"18/03/2022","91,77","91,76","91,77","91,76","","0,01%"
"21/03/2022","101,94","91,76","101,94","91,76","","11,08%"
"22/03/2022","105,38","101,94","105,38","101,94","","3,37%"
"23/03/2022","105,72","105,38","105,72","105,38","","0,32%"
"24/03/2022","113,14","105,72","113,14","105,72","","7,02%"
"25/03/2022","125,27","113,14","125,27","113,14","","10,72%"
"28/03/2022","129,28","113,14","129,28","113,14","","3,20%"
"29/03/2022","117,92","129,28","129,28","117,92","","-8,79%"
"30/03/2022","112,98","117,92","117,92","112,98","","-4,19%"
"31/03/2022","106,88","112,98","112,98","106,88","","-5,40%"
"01/04/2022","108,34","106,88","108,34","106,88","","1,37%"
"04/04/2022","108,37","106,88","108,37","106,88","","0,03%"
"05/04/2022","116,37","108,37","116,37","108,37","","7,38%"
"06/04/2022","123,92","116,37","123,92","116,37","","6,49%"
"07/04/2022","122,67","123,92","123,92","122,67","","-1,01%"
"08/04/2022","124,86","122,67","124,86","122,67","","1,79%"
"11/04/2022","129,87","122,67","129,87","122,67","","4,01%"
"12/04/2022","117,79","129,87","129,87","117,79","","-9,30%"
"13/04/2022","116,33","117,79","117,79","116,33","","-1,24%"
"14/04/2022","119,66","116,33","119,66","116,33","","2,86%"
"18/04/2022","122,32","119,66","122,32","119,66","","2,22%"
"19/04/2022","122,74","122,32","122,74","122,32","","0,34%"
"20/04/2022","125,12","122,74","125,12","122,74","","1,94%"
"21/04/2022","130,69","125,12","130,69","125,12","","4,45%"
"22/04/2022","128,12","130,69","130,69","128,12","","-1,97%"
"25/04/2022","131,63","130,69","131,63","130,69","","2,74%"
"26/04/2022","129,27","131,63","131,63","129,27","","-1,79%"
"27/04/2022","130,11","129,27","130,11","129,27","","0,65%"
"28/04/2022","128,74","130,11","130,11","128,74","","-1,05%"
"29/04/2022","128,40","128,74","128,74","128,40","","-0,26%"
"02/05/2022","135,17","128,74","135,17","128,74","","5,27%"
"03/05/2022","126,46","135,17","135,17","126,46","","-6,44%"
"04/05/2022","121,99","126,46","126,46","121,99","","-3,53%"
"05/05/2022","122,72","121,99","122,72","121,99","","0,60%"
"06/05/2022","121,42","122,72","122,72","121,42","","-1,06%"
"09/05/2022","125,22","122,72","125,22","122,72","","3,13%"
"10/05/2022","126,76","125,22","126,76","125,22","","1,23%"
"11/05/2022","118,05","126,76","126,76","118,05","","-6,87%"
"12/05/2022","118,73","118,05","118,73","118,05","","0,58%"
"13/05/2022","114,61","118,73","118,73","114,61","","-3,47%"
"16/05/2022","117,95","118,73","118,73","117,95","","2,91%"
"17/05/2022","119,46","117,95","119,46","117,95","","1,28%"
"18/05/2022","114,86","119,46","119,46","114,86","","-3,85%"
"19/05/2022","115,05","114,86","115,05","114,86","","0,17%"
"20/05/2022","111,10","115,05","115,05","111,10","","-3,43%"
"23/05/2022","110,19","115,05","115,05","110,19","","-0,82%"
"24/05/2022","111,15","110,19","111,15","110,19","","0,87%"
"25/05/2022","105,69","111,15","111,15","105,69","","-4,91%"
"26/05/2022","102,49","105,69","105,69","102,49","","-3,03%"
"27/05/2022","98,48","102,49","102,49","98,48","","-3,91%"
"31/05/2022","107,12","98,48","107,12","98,48","","8,77%"
"01/06/2022","109,38","107,12","109,38","107,12","","2,11%"
"02/06/2022","99,27","109,38","109,38","99,27","","-9,24%"
"03/06/2022","97,73","99,27","99,27","97,73","","-1,55%"
"06/06/2022","102,26","99,27","102,26","99,27","","4,64%"
"07/06/2022","102,61","102,26","102,61","102,26","","0,34%"
"08/06/2022","105,29","102,61","105,29","102,61","","2,61%"
"09/06/2022","105,29","105,29","105,29","105,29","","0,00%"
"10/06/2022","114,23","105,29","114,23","105,29","","8,49%"
"13/06/2022","139,21","114,23","139,21","114,23","","21,87%"
"14/06/2022","144,09","139,21","144,09","139,21","","3,51%"
"15/06/2022","135,93","144,09","144,09","135,93","","-5,66%"
"16/06/2022","138,10","135,93","138,10","135,93","","1,60%"
"17/06/2022","133,75","138,10","138,10","133,75","","-3,15%"
"21/06/2022","138,91","133,75","138,91","133,75","","3,86%"
"22/06/2022","129,94","138,91","138,91","129,94","","-6,46%"
"23/06/2022","125,98","129,94","129,94","125,98","","-3,05%"
"24/06/2022","127,00","125,98","127,00","125,98","","0,81%"
"27/06/2022","133,22","125,98","133,22","125,98","","4,90%"
"28/06/2022","135,22","133,22","135,22","133,22","","1,50%"
"29/06/2022","130,43","135,22","135,22","130,43","","-3,54%"
"30/06/2022","135,50","130,43","135,50","130,43","","3,89%"
"01/07/2022","144,17","135,50","144,17","135,50","","6,40%"
"05/07/2022","156,16","144,17","156,16","144,17","","8,32%"
"06/07/2022","151,14","156,16","156,16","151,14","","-3,21%"
"07/07/2022","149,71","151,14","151,14","149,71","","-0,95%"
"08/07/2022","145,25","149,71","149,71","145,25","","-2,98%"
"11/07/2022","147,72","149,71","149,71","147,72","","1,70%"
"12/07/2022","148,11","147,72","148,11","147,72","","0,26%"
"13/07/2022","136,10","148,11","148,11","136,10","","-8,11%"
"14/07/2022","137,76","136,10","137,76","136,10","","1,22%"
"15/07/2022","129,85","137,76","137,76","129,85","","-5,74%"
"18/07/2022","127,69","137,76","137,76","127,69","","-1,66%"
"19/07/2022","124,70","127,69","127,69","124,70","","-2,34%"
"20/07/2022","122,90","124,70","124,70","122,90","","-1,44%"
"21/07/2022","121,15","122,90","122,90","121,15","","-1,42%"
"22/07/2022","123,70","121,15","123,70","121,15","","2,10%"
"25/07/2022","128,27","121,15","128,27","121,15","","3,69%"
"26/07/2022","128,55","128,27","128,55","128,27","","0,22%"
"27/07/2022","117,28","128,55","128,55","117,28","","-8,77%"
"28/07/2022","119,93","117,28","119,93","117,28","","2,26%"
"29/07/2022","116,36","119,93","119,93","116,36","","-2,98%"
"01/08/2022","120,50","119,93","120,50","119,93","","3,56%"
"02/08/2022","129,23","120,50","129,23","120,50","","7,24%"
"03/08/2022","122,04","129,23","129,23","122,04","","-5,56%"
"04/08/2022","120,57","122,04","122,04","120,57","","-1,20%"
"05/08/2022","122,58","120,57","122,58","120,57","","1,67%"
"08/08/2022","124,12","120,57","124,12","120,57","","1,26%"
"09/08/2022","125,12","124,12","125,12","124,12","","0,81%"
"10/08/2022","115,26","125,12","125,12","115,26","","-7,88%"
"11/08/2022","111,11","115,26","115,26","111,11","","-3,60%"
"12/08/2022","106,28","111,11","111,11","106,28","","-4,35%"
"15/08/2022","113,82","111,11","113,82","111,11","","7,09%"
"16/08/2022","116,83","113,82","116,83","113,82","","2,64%"
"17/08/2022","117,70","116,83","117,70","116,83","","0,74%"
"18/08/2022","120,26","117,70","120,26","117,70","","2,18%"
"19/08/2022","123,81","120,26","123,81","120,26","","2,95%"
"22/08/2022","135,89","120,26","135,89","120,26","","9,76%"
"23/08/2022","133,85","135,89","135,89","133,85","","-1,50%"
"24/08/2022","133,13","133,85","133,85","133,13","","-0,54%"
"25/08/2022","126,33","133,13","133,13","126,33","","-5,11%"
"26/08/2022","122,95","126,33","126,33","122,95","","-2,68%"
"29/08/2022","130,14","126,33","130,14","126,33","","5,85%"
"30/08/2022","127,69","130,14","130,14","127,69","","-1,88%"
"31/08/2022","124,84","127,69","127,69","124,84","","-2,23%"
"01/09/2022","126,58","124,84","126,58","124,84","","1,39%"
"02/09/2022","120,72","126,58","126,58","120,72","","-4,63%"
"06/09/2022","133,54","120,72","133,54","120,72","","10,62%"
"07/09/2022","133,12","133,54","133,54","133,12","","-0,31%"
"09/09/2022","121,54","124,14","124,14","121,54","","-8,70%"
"12/09/2022","123,07","124,14","124,14","123,07","","1,26%"
"13/09/2022","128,87","123,07","128,87","123,07","","4,71%"
"14/09/2022","125,35","128,87","128,87","125,35","","-2,73%"
"15/09/2022","124,07","125,35","125,35","124,07","","-1,02%"
"16/09/2022","124,95","124,07","124,95","124,07","","0,71%"
"19/09/2022","133,79","124,07","133,79","124,07","","7,07%"
"20/09/2022","134,66","133,79","134,66","133,79","","0,65%"
"21/09/2022","130,54","134,66","134,66","130,54","","-3,06%"
"22/09/2022","131,93","130,54","131,93","130,54","","1,06%"
"23/09/2022","137,28","131,93","137,28","131,93","","4,06%"
"26/09/2022","153,61","131,93","153,61","131,93","","11,90%"
"27/09/2022","158,12","153,61","158,12","153,61","","2,94%"
"28/09/2022","158,99","158,12","158,99","158,12","","0,55%"
"29/09/2022","148,14","158,99","158,99","148,14","","-6,82%"
"30/09/2022","141,89","148,14","148,14","141,89","","-4,22%"
"03/10/2022","152,94","148,14","152,94","148,14","","7,79%"
"04/10/2022","151,21","152,94","152,94","151,21","","-1,13%"
"05/10/2022","152,01","151,21","152,01","151,21","","0,53%"
"06/10/2022","153,29","152,01","153,29","152,01","","0,84%"
"07/10/2022","148,46","153,29","153,29","148,46","","-3,15%"
"11/10/2022","155,57","148,46","155,57","148,46","","4,79%"
"12/10/2022","160,72","155,57","160,72","155,57","","3,31%"
"13/10/2022","155,08","160,72","160,72","155,08","","-3,51%"
"14/10/2022","152,89","155,08","155,08","152,89","","-1,41%"
"17/10/2022","150,42","155,08","155,08","150,42","","-1,62%"
"18/10/2022","145,79","150,42","150,42","145,79","","-3,08%"
"19/10/2022","147,73","145,79","147,73","145,79","","1,33%"
"20/10/2022","155,61","147,73","155,61","147,73","","5,33%"
"21/10/2022","156,95","155,61","156,95","155,61","","0,86%"
"24/10/2022","154,02","155,61","155,61","154,02","","-1,87%"
"25/10/2022","147,78","154,02","154,02","147,78","","-4,05%"
"26/10/2022","140,20","147,78","147,78","140,20","","-5,13%"
"27/10/2022","142,78","140,20","142,78","140,20","","1,84%"
"28/10/2022","144,60","142,78","144,60","142,78","","1,27%"
"31/10/2022","147,92","142,78","147,92","142,78","","2,30%"
"01/11/2022","148,42","147,92","148,42","147,92","","0,34%"
"02/11/2022","141,17","148,42","148,42","141,17","","-4,88%"
"03/11/2022","136,28","141,17","141,17","136,28","","-3,46%"
"04/11/2022","128,44","136,28","136,28","128,44","","-5,75%"
"07/11/2022","128,33","136,28","136,28","128,33","","-0,09%"
"08/11/2022","126,33","128,33","128,33","126,33","","-1,56%"
"09/11/2022","124,40","126,33","126,33","124,40","","-1,53%"
"10/11/2022","111,69","124,40","124,40","111,69","","-10,22%"
"14/11/2022","119,99","119,99","119,99","119,99","","7,43%"
"15/11/2022","128,62","128,62","128,62","128,62","","7,19%"
"16/11/2022","130,83","128,62","130,83","128,62","","1,72%"
"17/11/2022","132,18","132,18","132,18","132,18","","1,03%"
"18/11/2022","129,33","129,33","129,33","129,33","","-2,16%"
"21/11/2022","132,13","129,33","132,13","129,33","","2,17%"
"22/11/2022","133,53","132,13","133,53","132,13","","1,06%"
"23/11/2022","136,20","133,53","136,20","133,53","","2,00%"
"25/11/2022","129,60","136,20","136,20","129,60","","-4,85%"
"28/11/2022","131,73","129,60","131,73","129,60","","1,64%"
"29/11/2022","131,23","131,73","131,73","131,23","","-0,38%"
"30/11/2022","127,27","131,23","131,23","127,27","","-3,02%"
"01/12/2022","119,77","127,27","127,27","119,77","","-5,89%"
"02/12/2022","118,62","119,77","119,77","118,62","","-0,96%"
"05/12/2022","126,50","118,62","126,50","118,62","","6,64%"
"06/12/2022","129,09","126,50","129,09","126,50","","2,05%"
"07/12/2022","131,10","129,09","131,10","129,09","","1,56%"
"08/12/2022","129,54","131,10","131,10","129,54","","-1,19%"
"09/12/2022","132,79","129,54","132,79","129,54","","2,51%"
"12/12/2022","141,93","132,79","141,93","132,79","","6,88%"
"13/12/2022","135,08","141,93","141,93","135,08","","-4,83%"
"14/12/2022","120,26","135,08","135,08","120,26","","-10,97%"
"15/12/2022","111,26","120,26","120,26","111,26","","-7,48%"
"16/12/2022","113,65","111,26","113,65","111,26","","2,15%"
"19/12/2022","118,32","113,65","118,32","113,65","","4,11%"
"20/12/2022","119,92","118,32","119,92","118,32","","1,35%"
"21/12/2022","115,00","119,92","119,92","115,00","","-4,10%"
"22/12/2022","112,05","115,00","115,00","112,05","","-2,57%"
"23/12/2022","113,17","112,05","113,17","112,05","","1,00%"
"27/12/2022","124,89","113,17","124,89","113,17","","10,36%"
"28/12/2022","120,07","124,89","124,89","120,07","","-3,86%"
"29/12/2022","120,25","120,07","120,25","120,07","","0,15%"
"30/12/2022","121,61","120,25","121,61","120,25","","1,13%"
"03/01/2023","129,97","121,61","129,97","121,61","","6,87%"
"04/01/2023","125,78","129,97","129,97","125,78","","-3,22%"
"05/01/2023","119,53","125,78","125,78","119,53","","-4,97%"
"06/01/2023","113,87","119,53","119,53","113,87","","-4,74%"
"09/01/2023","116,67","113,87","116,67","113,87","","2,46%"
"10/01/2023","119,52","116,67","119,52","116,67","","2,44%"
"11/01/2023","115,17","119,52","119,52","115,17","","-3,64%"
"12/01/2023","112,34","115,17","115,17","112,34","","-2,46%"
"13/01/2023","113,55","112,34","113,55","112,34","","1,08%"
"17/01/2023","122,27","113,55","122,27","113,55","","7,68%"
"18/01/2023","112,61","122,27","122,27","112,61","","-7,90%"
"19/01/2023","114,53","112,61","114,53","112,61","","1,70%"
"20/01/2023","114,76","114,53","114,76","114,53","","0,20%"
"23/01/2023","114,69","114,76","114,76","114,69","","-0,06%"
"24/01/2023","112,76","114,69","114,69","112,76","","-1,68%"
"25/01/2023","107,74","112,76","112,76","107,74","","-4,45%"
"26/01/2023","104,28","107,74","107,74","104,28","","-3,21%"
"27/01/2023","100,70","104,28","104,28","100,70","","-3,43%"
"30/01/2023","103,77","100,70","103,77","100,70","","3,05%"
"31/01/2023","99,54","103,77","103,77","99,54","","-4,08%"
"01/02/2023","97,33","99,54","99,54","97,33","","-2,22%"
"02/02/2023","97,76","97,33","97,76","97,33","","0,44%"
"03/02/2023","98,99","97,76","98,99","97,76","","1,26%"
"06/02/2023","105,63","98,99","105,63","98,99","","6,71%"
"07/02/2023","103,15","105,63","105,63","103,15","","-2,35%"
"08/02/2023","100,75","103,15","103,15","100,75","","-2,33%"
"09/02/2023","102,45","100,75","102,45","100,75","","1,69%"
"10/02/2023","109,63","102,45","109,63","102,45","","7,01%"
"13/02/2023","110,67","109,63","110,67","109,63","","0,95%"
"14/02/2023","110,59","110,67","110,67","110,59","","-0,07%"
"15/02/2023","108,64","110,59","110,59","108,64","","-1,76%"
"16/02/2023","111,01","108,64","111,01","108,64","","2,18%"
"17/02/2023","110,11","111,01","111,01","110,11","","-0,81%"
"21/02/2023","119,62","110,11","119,62","110,11","","8,64%"
"22/02/2023","118,21","119,62","119,62","118,21","","-1,18%"
"23/02/2023","117,45","118,21","118,21","117,45","","-0,64%"
"24/02/2023","122,84","117,45","122,84","117,45","","4,59%"
"27/02/2023","120,03","122,84","122,84","120,03","","-2,29%"
"28/02/2023","123,60","120,03","123,60","120,03","","2,97%"
"01/03/2023","121,08","123,60","123,60","121,08","","-2,04%"
"02/03/2023","124,12","121,08","124,12","121,08","","2,51%"
"03/03/2023","122,52","124,12","124,12","122,52","","-1,29%"
"06/03/2023","128,19","122,52","128,19","122,52","","4,63%"
"07/03/2023","133,33","128,19","133,33","128,19","","4,01%"
"08/03/2023","129,76","133,33","133,33","129,76","","-2,68%"
"09/03/2023","129,28","129,76","129,76","129,28","","-0,37%"
"10/03/2023","140,06","129,28","140,06","129,28","","8,34%"
"13/03/2023","173,59","140,06","173,59","140,06","","23,94%"
"14/03/2023","169,65","173,59","173,59","169,65","","-2,27%"
"15/03/2023","198,71","169,65","198,71","169,65","","17,13%"
"16/03/2023","167,96","198,71","198,71","167,96","","-15,47%"
"17/03/2023","180,11","167,96","180,11","167,96","","7,23%"
"20/03/2023","182,64","180,11","182,64","180,11","","1,40%"
"21/03/2023","162,31","182,64","182,64","162,31","","-11,13%"
"22/03/2023","142,84","162,31","162,31","142,84","","-12,00%"
"23/03/2023","151,40","142,84","151,40","142,84","","5,99%"
"24/03/2023","173,66","151,40","173,66","151,40","","14,70%"
"27/03/2023","161,67","173,66","173,66","161,67","","-6,90%"
"28/03/2023","155,96","161,67","161,67","155,96","","-3,53%"
"29/03/2023","150,58","155,96","155,96","150,58","","-3,45%"
"30/03/2023","141,24","150,58","150,58","141,24","","-6,20%"
"31/03/2023","135,93","141,24","141,24","135,93","","-3,76%"
"03/04/2023","138,17","135,93","138,17","135,93","","1,65%"
"04/04/2023","147,75","138,17","147,75","138,17","","6,93%"
"05/04/2023","153,90","147,75","153,90","147,75","","4,16%"
"06/04/2023","147,73","153,90","153,90","147,73","","-4,01%"
"07/04/2023","139,20","147,73","147,73","139,20","","-5,77%"
"10/04/2023","143,00","139,20","143,00","139,20","","2,73%"
"11/04/2023","139,78","143,00","143,00","139,78","","-2,25%"
"12/04/2023","129,68","139,78","139,78","129,68","","-7,23%"
"13/04/2023","119,95","129,68","129,68","119,95","","-7,50%"
"14/04/2023","118,84","119,95","119,95","118,84","","-0,93%"
"17/04/2023","122,69","118,84","122,69","118,84","","3,24%"
"18/04/2023","122,78","122,69","122,78","122,69","","0,07%"
"19/04/2023","124,02","122,78","124,02","122,78","","1,01%"
"20/04/2023","120,61","124,02","124,02","120,61","","-2,75%"
"21/04/2023","120,84","120,61","120,84","120,61","","0,19%"
"24/04/2023","126,28","120,84","126,28","120,84","","4,50%"
"25/04/2023","137,13","126,28","137,13","126,28","","8,59%"
"26/04/2023","130,39","137,13","137,13","130,39","","-4,92%"
"27/04/2023","122,43","130,39","130,39","122,43","","-6,10%"
"28/04/2023","122,46","122,43","122,46","122,43","","0,02%"
"01/05/2023","128,18","122,46","128,18","122,46","","4,67%"
"02/05/2023","137,55","128,18","137,55","128,18","","7,31%"
"03/05/2023","134,50","137,55","137,55","134,50","","-2,22%"
"04/05/2023","140,71","134,50","140,71","134,50","","4,62%"
"05/05/2023","130,21","140,71","140,71","130,21","","-7,46%"
"08/05/2023","135,07","130,21","135,07","130,21","","3,73%"
"09/05/2023","133,93","135,07","135,07","133,93","","-0,84%"
"10/05/2023","125,60","133,93","133,93","125,60","","-6,22%"
"11/05/2023","128,21","125,60","128,21","125,60","","2,08%"
"12/05/2023","120,52","128,21","128,21","120,52","","-6,00%"
"15/05/2023","127,89","120,52","127,89","120,52","","6,12%"
"16/05/2023","130,30","127,89","130,30","127,89","","1,88%"
"17/05/2023","120,78","130,30","130,30","120,78","","-7,31%"
"18/05/2023","122,50","120,78","122,50","120,78","","1,42%"
"19/05/2023","127,51","122,50","127,51","122,50","","4,09%"
"22/05/2023","132,29","127,51","132,29","127,51","","3,75%"
"23/05/2023","131,70","132,29","132,29","131,70","","-0,45%"
"24/05/2023","132,29","131,70","132,29","131,70","","0,45%"
"25/05/2023","139,54","132,29","139,54","132,29","","5,48%"
"26/05/2023","145,37","139,54","145,37","139,54","","4,18%"
"30/05/2023","141,36","145,37","145,37","141,36","","-2,76%"
"31/05/2023","136,02","141,36","141,36","136,02","","-3,78%"
"01/06/2023","124,63","136,02","136,02","124,63","","-8,37%"
"02/06/2023","120,95","124,63","124,63","120,95","","-2,95%"
"05/06/2023","119,08","120,95","120,95","119,08","","-1,55%"
"06/06/2023","114,42","119,08","119,08","114,42","","-3,91%"
"07/06/2023","120,50","114,42","120,50","114,42","","5,31%"
"08/06/2023","115,11","120,50","120,50","115,11","","-4,47%"
"09/06/2023","115,77","115,11","115,77","115,11","","0,57%"
"12/06/2023","119,80","115,77","119,80","115,77","","3,48%"
"13/06/2023","118,80","119,80","119,80","118,80","","-0,83%"
"14/06/2023","114,37","118,80","118,80","114,37","","-3,73%"
"15/06/2023","107,34","114,37","114,37","107,34","","-6,15%"
"16/06/2023","104,43","107,34","107,34","104,43","","-2,71%"
"20/06/2023","114,19","104,43","114,19","104,43","","9,35%"
"21/06/2023","110,84","114,19","114,19","110,84","","-2,93%"
"22/06/2023","107,70","110,84","110,84","107,70","","-2,83%"
"23/06/2023","105,74","107,70","107,70","105,74","","-1,82%"
"26/06/2023","109,02","105,74","109,02","105,74","","3,10%"
"27/06/2023","110,85","109,02","110,85","109,02","","1,68%"
"28/06/2023","108,30","110,85","110,85","108,30","","-2,30%"
"29/06/2023","113,45","108,30","113,45","108,30","","4,76%"
"30/06/2023","110,64","113,45","113,45","110,64","","-2,48%"
"03/07/2023","110,77","113,45","113,45","110,77","","0,12%"
"05/07/2023","110,53","110,77","110,77","110,53","","-0,22%"
"06/07/2023","134,63","110,53","134,63","110,53","","21,80%"
"07/07/2023","130,41","134,63","134,63","130,41","","-3,13%"
"10/07/2023","131,73","130,41","131,73","130,41","","1,01%"
"11/07/2023","127,07","131,73","131,73","127,07","","-3,54%"
"12/07/2023","114,07","127,07","127,07","114,07","","-10,23%"
"13/07/2023","111,75","114,07","114,07","111,75","","-2,03%"
"14/07/2023","112,48","111,75","112,48","111,75","","0,65%"
"17/07/2023","113,50","112,48","113,50","112,48","","0,91%"
"18/07/2023","112,45","113,50","113,50","112,45","","-0,93%"
"19/07/2023","107,19","112,45","112,45","107,19","","-4,68%"
"20/07/2023","112,85","107,19","112,85","107,19","","5,28%"
"21/07/2023","106,66","112,85","112,85","106,66","","-5,49%"
"24/07/2023","109,95","106,66","109,95","106,66","","3,08%"
"25/07/2023","113,02","109,95","113,02","109,95","","2,79%"
"26/07/2023","104,88","113,02","113,02","104,88","","-7,20%"
"27/07/2023","111,15","104,88","111,15","104,88","","5,98%"
"28/07/2023","109,76","111,15","111,15","109,76","","-1,25%"
"31/07/2023","112,03","109,76","112,03","109,76","","2,07%"
"01/08/2023","116,38","112,03","116,38","112,03","","3,88%"
"02/08/2023","115,15","116,38","116,38","115,15","","-1,06%"
"03/08/2023","124,60","115,15","124,60","115,15","","8,21%"
"04/08/2023","115,91","124,60","124,60","115,91","","-6,97%"
"07/08/2023","120,94","124,60","124,60","120,94","","4,34%"
"08/08/2023","118,74","120,94","120,94","118,74","","-1,82%"
"09/08/2023","112,55","118,74","118,74","112,55","","-5,21%"
"10/08/2023","108,64","112,55","112,55","108,64","","-3,47%"
"11/08/2023","112,13","108,64","112,13","108,64","","3,21%"
"14/08/2023","119,94","108,64","119,94","108,64","","6,97%"
"15/08/2023","121,80","119,94","121,80","119,94","","1,55%"
"16/08/2023","117,24","121,80","121,80","117,24","","-3,74%"
"17/08/2023","121,14","117,24","121,14","117,24","","3,33%"
"18/08/2023","120,51","121,14","121,14","120,51","","-0,52%"
"21/08/2023","130,69","121,14","130,69","121,14","","8,45%"
"22/08/2023","126,65","130,69","130,69","126,65","","-3,09%"
"23/08/2023","118,40","126,65","126,65","118,40","","-6,51%"
"24/08/2023","117,56","118,40","118,40","117,56","","-0,71%"
"25/08/2023","110,37","117,56","117,56","110,37","","-6,12%"
"28/08/2023","110,45","117,56","117,56","110,45","","0,07%"
"29/08/2023","110,68","110,45","110,68","110,45","","0,21%"
"30/08/2023","109,84","110,68","110,68","109,84","","-0,76%"
"31/08/2023","107,93","109,84","109,84","107,93","","-1,74%"
"01/09/2023","102,92","107,93","107,93","102,92","","-4,64%"
"05/09/2023","109,64","102,92","109,64","102,92","","6,53%"
"06/09/2023","111,31","109,64","111,31","109,64","","1,52%"
"07/09/2023","105,20","111,31","111,31","105,20","","-5,49%"
"08/09/2023","104,34","105,20","105,20","104,34","","-0,82%"
"11/09/2023","107,23","105,20","107,23","105,20","","2,77%"
"12/09/2023","105,11","107,23","107,23","105,11","","-1,98%"
"13/09/2023","101,86","105,11","105,11","101,86","","-3,09%"
"14/09/2023","97,11","101,86","101,86","97,11","","-4,66%"
"15/09/2023","96,61","97,11","97,11","96,61","","-0,51%"
"18/09/2023","99,32","97,11","99,32","97,11","","2,81%"
"19/09/2023","101,31","99,32","101,31","99,32","","2,00%"
"20/09/2023","97,04","101,31","101,31","97,04","","-4,21%"
"21/09/2023","106,00","97,04","106,00","97,04","","9,23%"
"22/09/2023","101,11","106,00","106,00","101,11","","-4,61%"
"25/09/2023","117,33","106,00","117,33","106,00","","16,04%"
"26/09/2023","117,72","117,33","117,72","117,33","","0,33%"
"27/09/2023","122,09","117,72","122,09","117,72","","3,71%"
"28/09/2023","115,24","122,09","122,09","115,24","","-5,61%"
"29/09/2023","113,55","115,24","115,24","113,55","","-1,47%"
"02/10/2023","127,59","115,24","127,59","115,24","","12,36%"
"03/10/2023","141,67","127,59","141,67","127,59","","11,04%"
"04/10/2023","128,23","141,67","141,67","128,23","","-9,49%"
"05/10/2023","130,18","128,23","130,18","128,23","","1,52%"
"06/10/2023","126,64","130,18","130,18","126,64","","-2,72%"
"10/10/2023","136,17","126,64","136,17","126,64","","7,53%"
"11/10/2023","127,18","136,17","136,17","127,18","","-6,60%"
"12/10/2023","126,37","127,18","127,18","126,37","","-0,64%"
"13/10/2023","128,33","126,37","128,33","126,37","","1,55%"
"16/10/2023","130,16","126,37","130,16","126,37","","1,43%"
"17/10/2023","130,17","130,16","130,17","130,16","","0,01%"
"18/10/2023","129,17","130,17","130,17","129,17","","-0,77%"
"19/10/2023","134,62","129,17","134,62","129,17","","4,22%"
"20/10/2023","135,45","134,62","135,45","134,62","","0,62%"
"23/10/2023","131,83","134,62","134,62","131,83","","-2,67%"
"24/10/2023","128,13","131,83","131,83","128,13","","-2,81%"
"25/10/2023","131,21","128,13","131,21","128,13","","2,40%"
"26/10/2023","130,94","131,21","131,21","130,94","","-0,21%"
"27/10/2023","129,16","130,94","130,94","129,16","","-1,36%"
"30/10/2023","131,90","130,94","131,90","130,94","","2,12%"
"31/10/2023","126,86","131,90","131,90","126,86","","-3,82%"
"01/11/2023","120,55","126,86","126,86","120,55","","-4,97%"
"02/11/2023","118,64","120,55","120,55","118,64","","-1,58%"
"03/11/2023","118,74","118,64","118,74","118,64","","0,08%"
"06/11/2023","121,74","118,64","121,74","118,64","","2,53%"
"07/11/2023","120,09","121,74","121,74","120,09","","-1,36%"
"08/11/2023","117,10","120,09","120,09","117,10","","-2,49%"
"09/11/2023","117,05","117,10","117,10","117,05","","-0,04%"
"10/11/2023","116,79","117,05","117,05","116,79","","-0,22%"
"13/11/2023","124,47","117,05","124,47","117,05","","6,58%"
"14/11/2023","124,11","124,47","124,47","124,11","","-0,29%"
"15/11/2023","122,19","124,11","124,11","122,19","","-1,55%"
"16/11/2023","116,08","122,19","122,19","116,08","","-5,00%"
"17/11/2023","113,11","116,08","116,08","113,11","","-2,56%"
"20/11/2023","115,09","116,08","116,08","115,09","","1,75%"
"21/11/2023","112,79","115,09","115,09","112,79","","-2,00%"
"22/11/2023","111,57","112,79","112,79","111,57","","-1,08%"
"24/11/2023","107,43","111,57","111,57","107,43","","-3,71%"
"27/11/2023","109,31","111,57","111,57","109,31","","1,75%"
"28/11/2023","110,06","109,31","110,06","109,31","","0,69%"
"29/11/2023","114,59","110,06","114,59","110,06","","4,12%"
"30/11/2023","115,32","114,59","115,32","114,59","","0,64%"
"01/12/2023","111,51","115,32","115,32","111,51","","-3,30%"
"04/12/2023","118,25","115,32","118,25","115,32","","6,04%"
"05/12/2023","127,20","118,25","127,20","118,25","","7,57%"
"06/12/2023","124,98","127,20","127,20","124,98","","-1,75%"
"07/12/2023","129,74","124,98","129,74","124,98","","3,81%"
"08/12/2023","121,65","129,74","129,74","121,65","","-6,24%"
"11/12/2023","126,66","129,74","129,74","126,66","","4,12%"
"12/12/2023","118,62","126,66","126,66","118,62","","-6,35%"
"13/12/2023","113,77","118,62","118,62","113,77","","-4,09%"
"14/12/2023","118,04","113,77","118,04","113,77","","3,75%"
"15/12/2023","115,75","118,04","118,04","115,75","","-1,94%"
"18/12/2023","118,46","118,04","118,46","118,04","","2,34%"
"19/12/2023","115,03","118,46","118,46","115,03","","-2,90%"
"20/12/2023","111,87","115,03","115,03","111,87","","-2,75%"
"21/12/2023","111,93","111,87","111,93","111,87","","0,05%"
"22/12/2023","111,38","111,93","111,93","111,38","","-0,49%"
"26/12/2023","116,00","111,38","116,00","111,38","","4,15%"
"27/12/2023","114,53","116,00","116,00","114,53","","-1,27%"
"28/12/2023","113,78","114,53","114,53","113,78","","-0,65%"
"29/12/2023","114,62","113,78","114,62","113,78","","0,74%"
"02/01/2024","127,02","114,62","127,02","114,62","","10,82%"
"03/01/2024","124,57","127,02","127,02","124,57","","-1,93%"
"04/01/2024","121,12","124,57","124,57","121,12","","-2,77%"
"05/01/2024","116,19","121,12","121,12","116,19","","-4,07%"
"08/01/2024","117,72","121,12","121,12","117,72","","1,32%"
"09/01/2024","114,92","117,72","117,72","114,92","","-2,38%"
"10/01/2024","109,63","114,92","114,92","109,63","","-4,60%"
"11/01/2024","103,45","109,63","109,63","103,45","","-5,64%"
"12/01/2024","106,51","103,45","106,51","103,45","","2,96%"
"16/01/2024","113,44","106,51","113,44","106,51","","6,51%"
"17/01/2024","105,86","113,44","113,44","105,86","","-6,68%"
"18/01/2024","107,22","105,86","107,22","105,86","","1,28%"
"19/01/2024","104,97","107,22","107,22","104,97","","-2,10%"
"22/01/2024","106,87","107,22","107,22","106,87","","1,81%"
"23/01/2024","107,70","106,87","107,70","106,87","","0,78%"
"24/01/2024","105,78","107,70","107,70","105,78","","-1,78%"
"25/01/2024","105,89","105,78","105,89","105,78","","0,10%"
"26/01/2024","100,23","105,89","105,89","100,23","","-5,35%"
"29/01/2024","106,34","105,89","106,34","105,89","","6,10%"
"30/01/2024","104,26","106,34","106,34","104,26","","-1,96%"
"31/01/2024","107,28","104,26","107,28","104,26","","2,90%"
"01/02/2024","113,92","107,28","113,92","107,28","","6,19%"
"02/02/2024","106,72","113,92","113,92","106,72","","-6,32%"
"05/02/2024","108,68","113,92","113,92","108,68","","1,84%"
"06/02/2024","110,60","108,68","110,60","108,68","","1,77%"
"07/02/2024","107,86","110,60","110,60","107,86","","-2,48%"
"08/02/2024","108,60","107,86","108,60","107,86","","0,69%"
"09/02/2024","106,21","108,60","108,60","106,21","","-2,20%"
"12/02/2024","109,78","108,60","109,78","108,60","","3,36%"
"13/02/2024","113,22","109,78","113,22","109,78","","3,13%"
"14/02/2024","111,97","113,22","113,22","111,97","","-1,10%"
"15/02/2024","112,09","111,97","112,09","111,97","","0,11%"
"16/02/2024","109,20","112,09","112,09","109,20","","-2,58%"
"20/02/2024","111,02","109,20","111,02","109,20","","1,67%"
"21/02/2024","114,27","111,02","114,27","111,02","","2,93%"
"22/02/2024","115,59","114,27","115,59","114,27","","1,16%"
"23/02/2024","108,31","115,59","115,59","108,31","","-6,30%"
"26/02/2024","110,77","115,59","115,59","110,77","","2,27%"
"27/02/2024","110,80","110,77","110,80","110,77","","0,03%"
"28/02/2024","108,71","110,80","110,80","108,71","","-1,89%"
"29/02/2024","109,10","108,71","109,10","108,71","","0,36%"
"01/03/2024","106,48","109,10","109,10","106,48","","-2,40%"
"04/03/2024","109,57","109,10","109,57","109,10","","2,90%"
"05/03/2024","110,33","109,57","110,33","109,57","","0,69%"
"06/03/2024","105,33","110,33","110,33","105,33","","-4,53%"
"07/03/2024","105,45","105,33","105,45","105,33","","0,11%"
"08/03/2024","100,88","105,45","105,45","100,88","","-4,33%"
"11/03/2024","106,63","105,45","106,63","105,45","","5,70%"
"12/03/2024","101,36","106,63","106,63","101,36","","-4,94%"
"13/03/2024","97,03","101,36","101,36","97,03","","-4,27%"
"14/03/2024","98,67","97,03","98,67","97,03","","1,69%"
"15/03/2024","97,82","98,67","98,67","97,82","","-0,86%"
"18/03/2024","102,87","97,82","102,87","97,82","","5,16%"
"19/03/2024","99,99","102,87","102,87","99,99","","-2,80%"
"20/03/2024","92,72","99,99","99,99","92,72","","-7,27%"
"21/03/2024","90,82","92,72","92,72","90,82","","-2,05%"
"22/03/2024","91,04","90,82","91,04","90,82","","0,24%"
"25/03/2024","92,24","90,82","92,24","90,82","","1,32%"
"26/03/2024","90,63","92,24","92,24","90,63","","-1,75%"
"27/03/2024","86,28","90,63","90,63","86,28","","-4,80%"
"28/03/2024","86,38","86,28","86,38","86,28","","0,12%"
"01/04/2024","94,20","86,38","94,20","86,38","","9,05%"
"02/04/2024","96,57","94,20","96,57","94,20","","2,52%"
"03/04/2024","97,88","96,57","97,88","96,57","","1,36%"
"04/04/2024","96,13","97,88","97,88","96,13","","-1,79%"
"05/04/2024","94,31","96,13","96,13","94,31","","-1,89%"
"08/04/2024","99,37","96,13","99,37","96,13","","5,37%"
"09/04/2024","98,73","99,37","99,37","98,73","","-0,64%"
"10/04/2024","109,59","98,73","109,59","98,73","","11,00%"
"11/04/2024","108,86","109,59","109,59","108,86","","-0,67%"
"12/04/2024","112,82","108,86","112,82","108,86","","3,64%"
"15/04/2024","121,15","112,82","121,15","112,82","","7,38%"
"16/04/2024","119,59","121,15","121,15","119,59","","-1,29%"
"17/04/2024","113,29","119,59","119,59","113,29","","-5,27%"
"18/04/2024","108,66","113,29","113,29","108,66","","-4,09%"
"19/04/2024","111,26","108,66","111,26","108,66","","2,39%"
"22/04/2024","108,56","111,26","111,26","108,56","","-2,43%"
"23/04/2024","106,85","108,56","108,56","106,85","","-1,58%"
"24/04/2024","110,21","106,85","110,21","106,85","","3,14%"
"25/04/2024","108,55","110,21","110,21","108,55","","-1,51%"
"26/04/2024","104,40","108,55","108,55","104,40","","-3,82%"
"29/04/2024","105,42","104,40","105,42","104,40","","0,98%"
"30/04/2024","107,46","105,42","107,46","105,42","","1,94%"
"01/05/2024","100,64","107,46","107,46","100,64","","-6,35%"
"02/05/2024","100,70","100,64","100,70","100,64","","0,06%"
"03/05/2024","95,96","100,70","100,70","95,96","","-4,71%"
"06/05/2024","94,50","95,96","95,96","94,50","","-1,52%"
"07/05/2024","98,04","94,50","98,04","94,50","","3,75%"
"08/05/2024","95,58","98,04","98,04","95,58","","-2,51%"
"09/05/2024","93,85","95,58","95,58","93,85","","-1,81%"
"10/05/2024","94,23","93,85","94,23","93,85","","0,40%"
"13/05/2024","105,35","94,23","105,35","94,23","","11,80%"
"14/05/2024","106,55","105,35","106,55","105,35","","1,14%"
"15/05/2024","93,78","106,55","106,55","93,78","","-11,98%"
"16/05/2024","91,83","93,78","93,78","91,83","","-2,08%"
"17/05/2024","89,35","91,83","91,83","89,35","","-2,70%"
"20/05/2024","88,13","89,35","89,35","88,13","","-1,37%"
"21/05/2024","85,34","88,13","88,13","85,34","","-3,17%"
"22/05/2024","82,49","85,34","85,34","82,49","","-3,34%"
"23/05/2024","86,15","82,49","86,15","82,49","","4,44%"
"24/05/2024","83,57","86,15","86,15","83,57","","-2,99%"
"28/05/2024","89,67","83,57","89,67","83,57","","7,30%"
"29/05/2024","93,45","89,67","93,45","89,67","","4,22%"
"30/05/2024","91,09","93,45","93,45","91,09","","-2,53%"
"31/05/2024","91,14","91,09","91,14","91,09","","0,05%"
"03/06/2024","93,92","91,14","93,92","91,14","","3,05%"
"04/06/2024","100,11","93,92","100,11","93,92","","6,59%"
"05/06/2024","102,43","100,11","102,43","100,11","","2,32%"
"06/06/2024","100,99","102,43","102,43","100,99","","-1,41%"
"07/06/2024","91,82","100,99","100,99","91,82","","-9,08%"
"10/06/2024","94,16","91,82","94,16","91,82","","2,55%"
"11/06/2024","97,27","94,16","97,27","94,16","","3,30%"
"12/06/2024","91,73","97,27","97,27","91,73","","-5,70%"
"13/06/2024","91,93","91,73","91,93","91,73","","0,22%"
"14/06/2024","100,16","91,93","100,16","91,93","","8,95%"
"17/06/2024","99,07","100,16","100,16","99,07","","-1,09%"
"18/06/2024","97,99","99,07","99,07","97,99","","-1,09%"
"20/06/2024","94,14","97,99","97,99","94,14","","-3,93%"
"21/06/2024","94,09","94,14","94,14","94,09","","-0,05%"
"24/06/2024","95,20","94,09","95,20","94,09","","1,18%"
"25/06/2024","96,97","95,20","96,97","95,20","","1,86%"
"26/06/2024","97,91","96,97","97,91","96,97","","0,97%"
"27/06/2024","95,69","97,91","97,91","95,69","","-2,27%"
"28/06/2024","98,59","95,69","98,59","95,69","","3,03%"
"01/07/2024","106,23","98,59","106,23","98,59","","7,75%"
"02/07/2024","107,51","106,23","107,51","106,23","","1,20%"
"03/07/2024","102,83","107,51","107,51","102,83","","-4,35%"
"05/07/2024","98,78","102,83","102,83","98,78","","-3,94%"
"08/07/2024","97,96","98,78","98,78","97,96","","-0,83%"
"09/07/2024","95,62","97,96","97,96","95,62","","-2,39%"
"10/07/2024","92,97","95,62","95,62","92,97","","-2,77%"
"11/07/2024","89,67","92,97","92,97","89,67","","-3,55%"
"12/07/2024","86,79","89,67","89,67","86,79","","-3,21%"
"15/07/2024","94,50","86,79","94,50","86,79","","8,88%"
"16/07/2024","93,87","94,50","94,50","93,87","","-0,67%"
"17/07/2024","91,00","93,87","93,87","91,00","","-3,06%"
"18/07/2024","91,97","91,00","91,97","91,00","","1,07%"
"19/07/2024","94,29","91,97","94,29","91,97","","2,52%"
"22/07/2024","94,45","94,29","94,45","94,29","","0,17%"
"23/07/2024","95,04","94,45","95,04","94,45","","0,62%"
"24/07/2024","94,81","95,04","95,04","94,81","","-0,24%"
"25/07/2024","99,08","94,81","99,08","94,81","","4,50%"
"26/07/2024","97,76","99,08","99,08","97,76","","-1,33%"
"29/07/2024","98,65","97,76","98,65","97,76","","0,91%"
"30/07/2024","100,42","98,65","100,42","98,65","","1,79%"
"31/07/2024","99,41","100,42","100,42","99,41","","-1,01%"
"01/08/2024","101,82","99,41","101,82","99,41","","2,42%"
"02/08/2024","112,26","101,82","112,26","101,82","","10,25%"
"05/08/2024","121,22","112,26","121,22","112,26","","7,98%"
"06/08/2024","119,24","121,22","121,22","119,24","","-1,63%"
"07/08/2024","112,69","119,24","119,24","112,69","","-5,49%"
"08/08/2024","110,42","112,69","112,69","110,42","","-2,01%"
"09/08/2024","108,26","110,42","110,42","108,26","","-1,96%"
"12/08/2024","118,26","108,26","118,26","108,26","","9,24%"
"13/08/2024","118,44","118,26","118,44","118,26","","0,15%"
"14/08/2024","106,34","118,44","118,44","106,34","","-10,22%"
"15/08/2024","103,74","106,34","106,34","103,74","","-2,44%"
"16/08/2024","102,81","103,74","103,74","102,81","","-0,90%"
"19/08/2024","110,13","102,81","110,13","102,81","","7,12%"
"20/08/2024","111,57","110,13","111,57","110,13","","1,31%"
"21/08/2024","111,38","111,57","111,57","111,38","","-0,17%"
"22/08/2024","108,50","111,38","111,38","108,50","","-2,59%"
"23/08/2024","105,63","108,50","108,50","105,63","","-2,65%"
"26/08/2024","106,66","105,63","106,66","105,63","","0,98%"
"27/08/2024","109,22","106,66","109,22","106,66","","2,40%"
"28/08/2024","108,76","109,22","109,22","108,76","","-0,42%"
"29/08/2024","106,70","108,76","108,76","106,70","","-1,89%"
"30/08/2024","107,77","106,70","107,77","106,70","","1,00%"
"03/09/2024","114,20","107,77","114,20","107,77","","5,97%"
"04/09/2024","119,15","114,20","119,15","114,20","","4,33%"
"05/09/2024","114,81","119,15","119,15","114,81","","-3,64%"
"06/09/2024","107,24","114,81","114,81","107,24","","-6,59%"
"09/09/2024","104,61","107,24","107,24","104,61","","-2,45%"
"10/09/2024","108,36","104,61","108,36","104,61","","3,58%"
"11/09/2024","103,79","108,36","108,36","103,79","","-4,22%"
"12/09/2024","98,03","103,79","103,79","98,03","","-5,55%"
"13/09/2024","100,60","98,03","100,60","98,03","","2,62%"
"16/09/2024","101,22","100,60","101,22","100,60","","0,62%"
"17/09/2024","101,58","101,22","101,58","101,22","","0,36%"
"18/09/2024","98,61","101,58","101,58","98,61","","-2,92%"
"19/09/2024","92,64","98,61","98,61","92,64","","-6,05%"
"20/09/2024","91,00","92,64","92,64","91,00","","-1,77%"
"23/09/2024","93,87","91,00","93,87","91,00","","3,15%"
"24/09/2024","93,30","93,87","93,87","93,30","","-0,61%"
"25/09/2024","91,64","93,30","93,30","91,64","","-1,78%"
"26/09/2024","90,14","91,64","91,64","90,14","","-1,64%"
"27/09/2024","92,53","90,14","92,53","90,14","","2,65%"
"30/09/2024","94,61","92,53","94,61","92,53","","2,25%"
"01/10/2024","104,14","94,61","104,14","94,61","","10,07%"
"02/10/2024","102,17","104,14","104,14","102,17","","-1,89%"
"03/10/2024","101,16","102,17","102,17","101,16","","-0,99%"
"04/10/2024","100,15","101,16","101,16","100,15","","-1,00%"
"07/10/2024","124,23","100,15","124,23","100,15","","24,04%"
"08/10/2024","123,77","124,23","124,23","123,77","","-0,37%"
"09/10/2024","122,39","123,77","123,77","122,39","","-1,11%"
"10/10/2024","116,56","122,39","122,39","116,56","","-4,76%"
"11/10/2024","118,47","116,56","118,47","116,56","","1,64%"
"15/10/2024","127,23","118,47","127,23","118,47","","7,39%"
"16/10/2024","121,86","127,23","127,23","121,86","","-4,22%"
"17/10/2024","122,14","121,86","122,14","121,86","","0,23%"
"18/10/2024","123,13","122,14","123,13","122,14","","0,81%"
"21/10/2024","128,95","123,13","128,95","123,13","","4,73%"
"22/10/2024","129,26","128,95","129,26","128,95","","0,24%"
"23/10/2024","129,05","129,26","129,26","129,05","","-0,16%"
"24/10/2024","127,48","129,05","129,05","127,48","","-1,22%"
"25/10/2024","128,40","127,48","128,40","127,48","","0,72%"
"28/10/2024","130,92","128,40","130,92","128,40","","1,96%"
"29/10/2024","131,87","130,92","131,87","130,92","","0,73%"
"30/10/2024","130,80","131,87","131,87","130,80","","-0,81%"
"31/10/2024","135,18","130,80","135,18","130,80","","3,35%"
"01/11/2024","132,58","135,18","135,18","132,58","","-1,92%"
"04/11/2024","136,25","132,58","136,25","132,58","","2,77%"
"05/11/2024","130,43","136,25","136,25","130,43","","-4,27%"
"06/11/2024","117,64","130,43","130,43","117,64","","-9,81%"
"07/11/2024","104,08","117,64","117,64","104,08","","-11,53%"
"08/11/2024","99,85","104,08","104,08","99,85","","-4,06%"
"12/11/2024","108,55","99,85","108,55","99,85","","8,71%"
"13/11/2024","102,08","108,55","108,55","102,08","","-5,96%"
"14/11/2024","99,43","102,08","102,08","99,43","","-2,60%"
"15/11/2024","102,47","99,43","102,47","99,43","","3,06%"
"18/11/2024","102,01","102,47","102,47","102,01","","-0,45%"
"19/11/2024","105,12","102,01","105,12","102,01","","3,05%"
"20/11/2024","106,69","105,12","106,69","105,12","","1,49%"
"21/11/2024","101,90","106,69","106,69","101,90","","-4,49%"
"22/11/2024","99,14","101,90","101,90","99,14","","-2,71%"
"25/11/2024","99,96","99,14","99,96","99,14","","0,83%"
"26/11/2024","99,18","99,96","99,96","99,18","","-0,78%"
"27/11/2024","97,74","99,18","99,18","97,74","","-1,45%"
"29/11/2024","95,22","97,74","97,74","95,22","","-2,58%"
"02/12/2024","97,81","95,22","97,81","95,22","","2,72%"
"03/12/2024","95,60","97,81","97,81","95,60","","-2,26%"
"04/12/2024","92,25","95,60","95,60","92,25","","-3,50%"
"05/12/2024","91,48","92,25","92,25","91,48","","-0,83%"
"06/12/2024","83,20","91,48","91,48","83,20","","-9,05%"
"09/12/2024","85,63","83,20","85,63","83,20","","2,92%"
"10/12/2024","90,10","85,63","90,10","85,63","","5,22%"
"11/12/2024","82,40","90,10","90,10","82,40","","-8,55%"
"12/12/2024","82,66","82,40","82,66","82,40","","0,32%"
"13/12/2024","85,66","82,66","85,66","82,66","","3,63%"
"16/12/2024","90,88","85,66","90,88","85,66","","6,09%"
"17/12/2024","90,42","90,88","90,88","90,42","","-0,51%"
"18/12/2024","87,21","90,42","90,42","87,21","","-3,55%"
"19/12/2024","90,41","87,21","90,41","87,21","","3,67%"
"20/12/2024","91,75","90,41","91,75","90,41","","1,48%"
"23/12/2024","95,85","91,75","95,85","91,75","","4,47%"
"24/12/2024","96,95","95,85","96,95","95,85","","1,15%"
"26/12/2024","95,20","96,95","96,95","95,20","","-1,81%"
"27/12/2024","94,80","95,20","95,20","94,80","","-0,42%"
"30/12/2024","99,08","94,80","99,08","94,80","","4,51%"
"31/12/2024","98,80","99,08","99,08","98,80","","-0,28%"
"02/01/2025","96,67","98,80","98,80","96,67","","-2,16%"
"03/01/2025","93,35","96,67","96,67","93,35","","-3,43%"
"06/01/2025","97,89","93,35","97,89","93,35","","4,86%"
"07/01/2025","102,78","97,89","102,78","97,89","","5,00%"
"08/01/2025","100,76","102,78","102,78","100,76","","-1,97%"
"09/01/2025","99,73","100,76","100,76","99,73","","-1,02%"
"10/01/2025","96,57","99,73","99,73","96,57","","-3,17%"
"13/01/2025","103,51","96,57","103,51","96,57","","7,19%"
"14/01/2025","101,99","103,51","103,51","101,99","","-1,47%"
"15/01/2025","93,10","101,99","101,99","93,10","","-8,72%"
"16/01/2025","92,72","93,10","93,10","92,72","","-0,41%"
"17/01/2025","95,60","92,72","95,60","92,72","","3,11%"
"21/01/2025","96,78","95,60","96,78","95,60","","1,23%"
"22/01/2025","89,90","96,78","96,78","89,90","","-7,11%"
"23/01/2025","88,51","89,90","89,90","88,51","","-1,55%"
"24/01/2025","86,75","88,51","88,51","86,75","","-1,99%"
"27/01/2025","95,05","86,75","95,05","86,75","","9,57%"
"28/01/2025","92,83","95,05","95,05","92,83","","-2,34%"
"29/01/2025","90,73","92,83","92,83","90,73","","-2,26%"
"30/01/2025","90,54","90,73","90,73","90,54","","-0,21%"
"31/01/2025","91,76","90,54","91,76","90,54","","1,35%"
"03/02/2025","94,15","91,76","94,15","91,76","","2,60%"
"04/02/2025","90,28","94,15","94,15","90,28","","-4,11%"
"05/02/2025","94,68","90,28","94,68","90,28","","4,87%"
"06/02/2025","93,90","94,68","94,68","93,90","","-0,82%"
"07/02/2025","93,13","93,90","93,90","93,13","","-0,82%"
"10/02/2025","87,68","93,13","93,13","87,68","","-5,85%"
"11/02/2025","85,58","87,68","87,68","85,58","","-2,40%"
"12/02/2025","86,58","85,58","86,58","85,58","","1,17%"
"13/02/2025","84,57","86,58","86,58","84,57","","-2,32%"
"14/02/2025","84,67","84,57","84,67","84,57","","0,12%"
"18/02/2025","84,51","84,67","84,67","84,51","","-0,19%"
"19/02/2025","83,86","84,51","84,51","83,86","","-0,77%"
"20/02/2025","86,26","83,86","86,26","83,86","","2,86%"
"21/02/2025","91,83","86,26","91,83","86,26","","6,46%"
"24/02/2025","88,44","91,83","91,83","88,44","","-3,69%"
"25/02/2025","96,61","88,44","96,61","88,44","","9,24%"
"26/02/2025","97,52","96,61","97,52","96,61","","0,94%"
"27/02/2025","96,27","97,52","97,52","96,27","","-1,28%"
"28/02/2025","104,46","96,27","104,46","96,27","","8,51%"
"03/03/2025","105,65","104,46","105,65","104,46","","1,14%"
"04/03/2025","108,87","105,65","108,87","105,65","","3,05%"
"05/03/2025","104,32","108,87","108,87","104,32","","-4,18%"
"06/03/2025","108,95","104,32","108,95","104,32","","4,44%"
"07/03/2025","104,41","108,95","108,95","104,41","","-4,17%"
"10/03/2025","112,50","104,41","112,50","104,41","","7,75%"
"11/03/2025","114,60","112,50","114,60","112,50","","1,87%"
"12/03/2025","104,11","114,60","114,60","104,11","","-9,15%"
"13/03/2025","106,19","104,11","106,19","104,11","","2,00%"
"14/03/2025","101,01","106,19","106,19","101,01","","-4,88%"
"17/03/2025","99,78","101,01","101,01","99,78","","-1,22%"
"18/03/2025","96,68","99,78","99,78","96,68","","-3,11%"
"19/03/2025","91,40","96,68","96,68","91,40","","-5,46%"
"20/03/2025","95,74","91,40","95,74","91,40","","4,75%"
"21/03/2025","94,54","95,74","95,74","94,54","","-1,25%"
"24/03/2025","95,22","94,54","95,22","94,54","","0,72%"
"25/03/2025","93,57","95,22","95,22","93,57","","-1,73%"
"26/03/2025","91,41","93,57","93,57","91,41","","-2,31%"
"27/03/2025","91,03","91,41","91,41","91,03","","-0,42%"
"28/03/2025","96,83","91,03","96,83","91,03","","6,37%"
"31/03/2025","101,35","96,83","101,35","96,83","","4,67%"
"01/04/2025","104,73","101,35","104,73","101,35","","3,33%"
"02/04/2025","106,39","104,73","106,39","104,73","","1,59%"
"03/04/2025","112,00","106,39","112,00","106,39","","5,27%"
"04/04/2025","125,71","112,00","125,71","112,00","","12,24%"
"07/04/2025","137,30","125,71","137,30","125,71","","9,22%"
"08/04/2025","139,88","137,30","139,88","137,30","","1,88%"
"09/04/2025","128,83","139,88","139,88","128,83","","-7,90%"
"10/04/2025","128,35","128,83","128,83","128,35","","-0,37%"
"11/04/2025","137,26","128,35","137,26","128,35","","6,94%"
"14/04/2025","132,46","137,26","137,26","132,46","","-3,50%"
"15/04/2025","122,56","132,46","132,46","122,56","","-7,47%"
"16/04/2025","119,40","122,56","122,56","119,40","","-2,58%"
"17/04/2025","114,64","119,40","119,40","114,64","","-3,99%"
"21/04/2025","128,56","114,64","128,56","114,64","","12,14%"
"22/04/2025","118,35","128,56","128,56","118,35","","-7,94%"
"23/04/2025","116,60","118,35","118,35","116,60","","-1,48%"
"24/04/2025","108,28","116,60","116,60","108,28","","-7,14%"
"25/04/2025","105,79","108,28","108,28","105,79","","-2,30%"
"28/04/2025","110,01","105,79","110,01","105,79","","3,99%"
"29/04/2025","112,27","110,01","112,27","110,01","","2,05%"
"30/04/2025","112,48","112,27","112,48","112,27","","0,19%"
"01/05/2025","107,33","112,48","112,48","107,33","","-4,58%"
"02/05/2025","101,40","107,33","107,33","101,40","","-5,53%"
"05/05/2025","104,45","101,40","104,45","101,40","","3,01%"
"06/05/2025","106,18","104,45","106,18","104,45","","1,66%"
"07/05/2025","99,87","106,18","106,18","99,87","","-5,94%"
"08/05/2025","98,66","99,87","99,87","98,66","","-1,21%"
"09/05/2025","100,40","98,66","100,40","98,66","","1,76%"
"12/05/2025","102,90","100,40","102,90","100,40","","2,49%"
"13/05/2025","100,13","102,90","102,90","100,13","","-2,69%"
"14/05/2025","100,73","100,13","100,73","100,13","","0,60%"
"15/05/2025","98,65","100,73","100,73","98,65","","-2,06%"
"16/05/2025","96,70","98,65","98,65","96,70","","-1,98%"
"19/05/2025","103,81","96,70","103,81","96,70","","7,35%"
"20/05/2025","101,37","103,81","103,81","101,37","","-2,35%"
"21/05/2025","102,10","101,37","102,10","101,37","","0,72%"
"22/05/2025","99,47","102,10","102,10","99,47","","-2,58%"
"23/05/2025","100,91","99,47","100,91","99,47","","1,45%"
"27/05/2025","97,93","100,91","100,91","97,93","","-2,95%"
"28/05/2025","93,20","97,93","97,93","93,20","","-4,83%"
"29/05/2025","92,67","93,20","93,20","92,67","","-0,57%"
"30/05/2025","92,11","92,67","92,67","92,11","","-0,60%"
"02/06/2025","95,76","92,11","95,76","92,11","","3,96%"
"03/06/2025","100,00","95,76","100,00","95,76","","4,43%"
"04/06/2025","96,98","100,00","100,00","96,98","","-3,02%"
"05/06/2025","94,65","96,98","96,98","94,65","","-2,40%"
"06/06/2025","89,65","94,65","94,65","89,65","","-5,28%"
"09/06/2025","92,62","89,65","92,62","89,65","","3,31%"
"10/06/2025","91,22","92,62","92,62","91,22","","-1,51%"
"11/06/2025","89,36","91,22","91,22","89,36","","-2,04%"
"12/06/2025","88,99","89,36","89,36","88,99","","-0,41%"
"13/06/2025","95,31","88,99","95,31","88,99","","7,10%"
"16/06/2025","93,48","95,31","95,31","93,48","","-1,92%"
"17/06/2025","97,18","93,48","97,18","93,48","","3,96%"
"18/06/2025","93,64","97,18","97,18","93,64","","-3,64%"
"20/06/2025","90,10","93,64","93,64","90,10","","-3,78%"
"23/06/2025","95,03","90,10","95,03","90,10","","5,47%"
"24/06/2025","92,62","95,03","95,03","92,62","","-2,54%"
"25/06/2025","91,24","92,62","92,62","91,24","","-1,49%"
"26/06/2025","89,47","91,24","91,24","89,47","","-1,94%"
"27/06/2025","87,93","89,47","89,47","87,93","","-1,72%"
"30/06/2025","90,26","87,93","90,26","87,93","","2,65%"
"01/07/2025","93,48","90,26","93,48","90,26","","3,57%"
"02/07/2025","91,37","93,48","93,48","91,37","","-2,26%"
"03/07/2025","86,09","91,37","91,37","86,09","","-5,78%"
"07/07/2025","88,53","86,09","88,53","86,09","","2,83%"
"08/07/2025","88,05","88,53","88,53","88,05","","-0,54%"
"09/07/2025","84,31","88,05","88,05","84,31","","-4,25%"
"10/07/2025","81,58","84,31","84,31","81,58","","-3,24%"
"11/07/2025","85,48","81,58","85,48","81,58","","4,78%"
"14/07/2025","90,73","85,48","90,73","85,48","","6,14%"
"15/07/2025","88,95","90,73","90,73","88,95","","-1,96%"
"16/07/2025","89,52","88,95","89,52","88,95","","0,64%"
"17/07/2025","85,57","89,52","89,52","85,57","","-4,41%"
"18/07/2025","83,29","85,57","85,57","83,29","","-2,66%"
"21/07/2025","86,62","83,29","86,62","83,29","","4,00%"
"22/07/2025","89,89","86,62","89,89","86,62","","3,78%"
"23/07/2025","85,95","89,89","89,89","85,95","","-4,38%"
"24/07/2025","82,75","85,95","85,95","82,75","","-3,72%"
"25/07/2025","82,09","82,75","82,75","82,09","","-0,80%"
"28/07/2025","83,73","82,09","83,73","82,09","","2,00%"
"29/07/2025","85,07","83,73","85,07","83,73","","1,60%"
"30/07/2025","81,88","85,07","85,07","81,88","","-3,75%"
"31/07/2025","79,84","81,88","81,88","79,84","","-2,49%"
"01/08/2025","83,83","79,84","83,83","79,84","","5,00%"
"04/08/2025","87,95","83,83","87,95","83,83","","4,91%"
"05/08/2025","89,20","87,95","89,20","87,95","","1,42%"
"06/08/2025","83,89","89,20","89,20","83,89","","-5,95%"
"07/08/2025","80,15","83,89","83,89","80,15","","-4,46%"
"08/08/2025","79,20","80,15","80,15","79,20","","-1,19%"
"11/08/2025","81,76","79,20","81,76","79,20","","3,23%"
"12/08/2025","77,42","81,76","81,76","77,42","","-5,31%"
"13/08/2025","77,31","77,42","77,42","77,31","","-0,14%"
"14/08/2025","76,77","77,31","77,31","76,77","","-0,70%"
"15/08/2025","76,66","76,77","76,77","76,66","","-0,14%"
"18/08/2025","81,82","76,66","81,82","76,66","","6,73%"
"19/08/2025","82,15","81,82","82,15","81,82","","0,40%"
"20/08/2025","80,75","82,15","82,15","80,75","","-1,70%"
"21/08/2025","80,52","80,75","80,75","80,52","","-0,28%"
"22/08/2025","78,10","80,52","80,52","78,10","","-3,01%"
"25/08/2025","77,56","78,10","78,10","77,56","","-0,69%"
"26/08/2025","79,36","77,56","79,36","77,56","","2,32%"
"27/08/2025","77,66","79,36","79,36","77,66","","-2,14%"
"28/08/2025","77,55","77,66","77,66","77,55","","-0,14%"
"29/08/2025","79,39","77,55","79,39","77,55","","2,37%"
"02/09/2025","85,28","79,39","85,28","79,39","","7,42%"
"03/09/2025","89,67","85,28","89,67","85,28","","5,15%"
"04/09/2025","88,26","89,67","89,67","88,26","","-1,57%"
"05/09/2025","85,29","88,26","88,26","85,29","","-3,37%"
"08/09/2025","84,00","85,29","85,29","84,00","","-1,51%"
"09/09/2025","82,20","84,00","84,00","82,20","","-2,14%"
"10/09/2025","79,58","82,20","82,20","79,58","","-3,19%"
"11/09/2025","75,07","79,58","79,58","75,07","","-5,67%"
"12/09/2025","73,37","75,07","75,07","73,37","","-2,26%"
"15/09/2025","76,88","73,37","76,88","73,37","","4,78%"
"16/09/2025","77,09","76,88","77,09","76,88","","0,27%"
"17/09/2025","75,95","77,09","77,09","75,95","","-1,48%"
"18/09/2025","71,91","75,95","75,95","71,91","","-5,32%"
"19/09/2025","72,51","71,91","72,51","71,91","","0,83%"
"22/09/2025","75,80","72,51","75,80","72,51","","4,54%"
"23/09/2025","75,66","75,80","75,80","75,66","","-0,18%"
"24/09/2025","75,13","75,66","75,66","75,13","","-0,70%"
"25/09/2025","75,44","75,13","75,44","75,13","","0,41%"
"26/09/2025","74,38","75,44","75,44","74,38","","-1,41%"
"29/09/2025","75,51","74,38","75,51","74,38","","1,52%"
"30/09/2025","77,93","75,51","77,93","75,51","","3,20%"
"01/10/2025","73,50","77,93","77,93","73,50","","-5,68%"
"02/10/2025","71,21","73,50","73,50","71,21","","-3,12%"
"03/10/2025","69,53","71,21","71,21","69,53","","-2,36%"
"06/10/2025","72,99","69,53","72,99","69,53","","4,98%"
"07/10/2025","75,43","72,99","75,43","72,99","","3,34%"
"08/10/2025","74,87","75,43","75,43","74,87","","-0,74%"
"09/10/2025","74,12","74,87","74,87","74,12","","-1,00%"
"10/10/2025","81,65","74,12","81,65","74,12","","10,16%"
"14/10/2025","79,95","81,65","81,65","79,95","","-2,08%"
"15/10/2025","75,11","79,95","79,95","75,11","","-6,05%"
"16/10/2025","81,23","75,11","81,23","75,11","","8,15%"
"17/10/2025","78,62","81,23","81,23","78,62","","-3,21%"
"20/10/2025","77,22","78,62","78,62","77,22","","-1,78%"
"21/10/2025","77,18","77,22","77,22","77,18","","-0,05%"
"22/10/2025","75,49","77,18","77,18","75,49","","-2,19%"
"23/10/2025","74,05","75,49","75,49","74,05","","-1,91%"
"24/10/2025","68,94","74,05","74,05","68,94","","-6,90%"
"27/10/2025","66,87","68,94","68,94","66,87","","-3,00%"
"28/10/2025","67,30","66,87","67,30","66,87","","0,64%"
"29/10/2025","65,75","67,30","67,30","65,75","","-2,30%"
"30/10/2025","66,88","65,75","66,88","65,75","","1,72%"
"31/10/2025","66,61","66,88","66,88","66,61","","-0,40%"
"03/11/2025","67,23","66,61","67,23","66,61","","0,93%"
"04/11/2025","68,02","67,23","68,02","67,23","","1,18%"
"05/11/2025","72,42","68,02","72,42","68,02","","6,47%"
"06/11/2025","72,44","72,42","72,44","72,42","","0,03%"
"07/11/2025","74,41","72,44","74,41","72,44","","2,72%"
"10/11/2025","78,86","74,41","78,86","74,41","","5,98%"
"12/11/2025","81,12","78,86","81,12","78,86","","2,87%"
"13/11/2025","79,10","81,12","81,12","79,10","","-2,49%"
"14/11/2025","79,71","79,10","79,71","79,10","","0,77%"
"17/11/2025","82,58","79,71","82,58","79,71","","3,60%"
"18/11/2025","83,18","82,58","83,18","82,58","","0,73%"
"19/11/2025","84,32","83,18","84,32","83,18","","1,37%"
"20/11/2025","77,81","84,32","84,32","77,81","","-7,72%"
"21/11/2025","78,81","77,81","78,81","77,81","","1,29%"
"24/11/2025","76,82","78,81","78,81","76,82","","-2,53%"
"25/11/2025","72,82","76,82","76,82","72,82","","-5,21%"
"26/11/2025","71,90","72,82","72,82","71,90","","-1,26%"
"28/11/2025","68,95","71,90","71,90","68,95","","-4,10%"
"01/12/2025","71,35","68,95","71,35","68,95","","3,48%"
"02/12/2025","69,91","71,35","71,35","69,91","","-2,02%"
"03/12/2025","66,46","69,91","69,91","66,46","","-4,93%"
"04/12/2025","65,69","66,46","66,46","65,69","","-1,16%"
"05/12/2025","67,28","65,69","67,28","65,69","","2,42%"
"08/12/2025","72,30","67,28","72,30","67,28","","7,46%"
"09/12/2025","75,38","72,30","75,38","72,30","","4,26%"
"10/12/2025","68,62","75,38","75,38","68,62","","-8,97%"
"11/12/2025","69,24","68,62","69,24","68,62","","0,90%"
"12/12/2025","69,25","69,24","69,25","69,24","","0,01%"
"15/12/2025","73,31","69,25","73,31","69,25","","5,86%"
"16/12/2025","67,14","73,31","73,31","67,14","","-8,42%"
"17/12/2025","62,74","67,14","67,14","62,74","","-6,55%"
"18/12/2025","60,01","62,74","62,74","60,01","","-4,35%"
"19/12/2025","59,41","60,01","60,01","59,41","","-1,00%"
"22/12/2025","61,70","59,41","61,70","59,41","","3,85%"
"23/12/2025","61,17","61,70","61,70","61,17","","-0,86%"
"24/12/2025","59,48","61,17","61,17","59,48","","-2,76%"
"26/12/2025","58,50","59,48","59,48","58,50","","-1,65%"
"29/12/2025","59,21","58,50","59,21","58,50","","1,21%"
"30/12/2025","63,98","59,21","63,98","59,21","","8,06%"
"31/12/2025","63,96","63,98","63,98","63,96","","-0,03%"
"02/01/2026","62,36","63,96","63,96","62,36","","-2,50%"
"05/01/2026","64,71","62,36","64,71","62,36","","3,77%"
"06/01/2026","65,82","64,71","65,82","64,71","","1,72%"
"07/01/2026","66,15","65,82","66,15","65,82","","0,50%"
"08/01/2026","66,94","66,15","66,94","66,15","","1,19%"
"09/01/2026","61,55","66,94","66,94","61,55","","-8,05%"
"12/01/2026","62,90","61,55","62,90","61,55","","2,19%"
"13/01/2026","60,79","62,90","62,90","60,79","","-3,35%"
"14/01/2026","58,11","60,79","60,79","58,11","","-4,41%"
"15/01/2026","56,14","58,11","58,11","56,14","","-3,39%"
"16/01/2026","58,05","58,05","58,05","58,05","","3,40%"
"20/01/2026","66,67","58,05","66,67","58,05","","14,85%"
"21/01/2026","59,56","66,67","66,67","59,56","","-10,66%"
"22/01/2026","56,50","59,56","59,56","56,50","","-5,14%"
"23/01/2026","56,25","56,50","56,50","56,25","","-0,44%"
"26/01/2026","55,77","56,25","56,25","55,77","","-0,85%"
"27/01/2026","56,12","55,77","56,12","55,77","","0,63%"
"28/01/2026","57,43","56,12","57,43","56,12","","2,33%"
"29/01/2026","60,73","57,43","60,73","57,43","","5,75%"
"30/01/2026","59,20","60,73","60,73","59,20","","-2,52%"
"02/02/2026","59,30","59,20","59,30","59,20","","0,17%"
"03/02/2026","57,54","59,30","59,30","57,54","","-2,97%"
"04/02/2026","57,51","57,54","57,54","57,51","","-0,05%"
"05/02/2026","62,16","57,51","62,16","57,51","","8,09%"
"06/02/2026","63,62","62,16","63,62","62,16","","2,35%"
"09/02/2026","62,74","63,62","63,62","62,74","","-1,38%"
"10/02/2026","64,55","62,74","64,55","62,74","","2,88%"
"11/02/2026","61,35","64,55","64,55","61,35","","-4,96%"
"12/02/2026","68,57","61,35","68,57","61,35","","11,77%"
"13/02/2026","70,10","68,57","70,10","68,57","","2,23%"
"17/02/2026","68,84","70,10","70,10","68,84","","-1,80%"
"18/02/2026","64,19","68,84","68,84","64,19","","-6,75%"
"19/02/2026","68,03","64,19","68,03","64,19","","5,98%"
"20/02/2026","64,27","68,03","68,03","64,27","","-5,53%"
"23/02/2026","68,03","64,27","68,03","64,27","","5,85%"
"24/02/2026","65,27","68,03","68,03","65,27","","-4,06%"
"25/02/2026","62,43","65,27","65,27","62,43","","-4,35%"
"26/02/2026","63,93","62,43","63,93","62,43","","2,40%"
"27/02/2026","73,38","63,93","73,38","63,93","","14,78%"
"02/03/2026","73,21","73,38","73,38","73,21","","-0,23%"
"03/03/2026","77,75","73,21","77,75","73,21","","6,20%"
"04/03/2026","70,03","77,75","77,75","70,03","","-9,93%"
"05/03/2026","74,53","70,03","74,53","70,03","","6,43%"
"06/03/2026","81,26","74,53","81,26","74,53","","9,03%"
"09/03/2026","79,74","81,26","81,26","79,74","","-1,87%"
"10/03/2026","76,33","79,74","79,74","76,33","","-4,28%"
"11/03/2026","78,59","76,33","78,59","76,33","","2,96%"
"12/03/2026","95,30","78,59","95,30","78,59","","21,26%"
"13/03/2026","91,17","95,30","95,30","91,17","","-4,33%"
"16/03/2026","85,25","91,17","91,17","85,25","","-6,49%"
"17/03/2026","79,23","85,25","85,25","79,23","","-7,06%"
"18/03/2026","81,25","79,23","81,25","79,23","","2,55%"
"19/03/2026","84,88","81,25","84,88","81,25","","4,47%"
"20/03/2026","108,84","84,88","108,84","84,88","","28,23%"
"23/03/2026","98,15","108,84","108,84","98,15","","-9,82%"
"24/03/2026","103,01","98,15","103,01","98,15","","4,95%"
"25/03/2026","97,59","103,01","103,01","97,59","","-5,26%"
"26/03/2026","115,02","97,59","115,02","97,59","","17,86%"
"27/03/2026","111,95","115,02","115,02","111,95","","-2,67%"
"30/03/2026","108,33","111,95","111,95","108,33","","-3,23%"
"31/03/2026","96,05","108,33","108,33","96,05","","-11,34%"
"01/04/2026","90,19","96,05","96,05","90,19","","-6,10%"
"02/04/2026","84,41","90,19","90,19","84,41","","-6,41%"
"03/04/2026","81,78","84,41","84,41","81,78","","-3,12%"
"06/04/2026","81,68","81,78","81,78","81,68","","-0,12%"
"07/04/2026","83,15","81,68","83,15","81,68","","1,80%"
"08/04/2026","78,74","83,15","83,15","78,74","","-5,30%"
"09/04/2026","74,01","78,74","78,74","74,01","","-6,01%"
"10/04/2026","72,15","74,01","74,01","72,15","","-2,51%"
"13/04/2026","74,42","72,15","74,42","72,15","","3,15%"
"14/04/2026","74,35","74,42","74,42","74,35","","-0,09%"
"15/04/2026","67,94","74,35","74,35","67,94","","-8,62%"
"16/04/2026","65,89","67,94","67,94","65,89","","-3,02%"
"17/04/2026","65,70","65,89","65,89","65,70","","-0,29%"
"20/04/2026","67,90","65,70","67,90","65,70","","3,35%"
"21/04/2026","70,78","67,90","70,78","67,90","","4,24%"
"22/04/2026","69,88","70,78","70,78","69,88","","-1,27%"
"23/04/2026","67,70","69,88","69,88","67,70","","-3,12%"
"24/04/2026","66,97","67,70","67,70","66,97","","-1,08%"
"27/04/2026","68,42","66,97","68,42","66,97","","2,17%"
"28/04/2026","68,68","68,42","68,68","68,42","","0,38%"
"29/04/2026","74,33","68,68","74,33","68,68","","8,23%"
"30/04/2026","72,07","74,33","74,33","72,07","","-3,04%"
"01/05/2026","70,41","72,07","72,07","70,41","","-2,30%"
"04/05/2026","77,86","70,41","77,86","70,41","","10,58%"
"05/05/2026","76,78","77,86","77,86","76,78","","-1,39%"
"06/05/2026","70,63","76,78","76,78","70,63","","-8,01%"
"07/05/2026","72,24","70,63","72,24","70,63","","2,28%"
"08/05/2026","67,25","72,24","72,24","67,25","","-6,91%"
"11/05/2026","70,74","67,25","70,74","67,25","","5,19%"
"12/05/2026","71,68","70,74","71,68","70,74","","1,33%"
"13/05/2026","70,24","71,68","71,68","70,24","","-2,01%"
"14/05/2026","69,63","70,24","70,24","69,63","","-0,87%"
"15/05/2026","79,87","69,63","79,87","69,63","","14,71%"
"18/05/2026","86,07","79,87","86,07","79,87","","7,76%"
"19/05/2026","85,32","86,07","86,07","85,32","","-0,87%"
"20/05/2026","81,53","85,32","85,32","81,53","","-4,44%"
"21/05/2026","79,72","81,53","81,53","79,72","","-2,22%"
"22/05/2026","78,43","79,72","79,72","78,43","","-1,62%"
"26/05/2026","74,95","78,43","78,43","74,95","","-4,44%"
"27/05/2026","70,90","74,95","74,95","70,90","","-5,40%"
"28/05/2026","69,74","70,90","70,90","69,74","","-1,64%"
"29/05/2026","70,22","69,74","70,22","69,74","","0,69%"
"01/06/2026","73,33","70,22","73,33","70,22","","4,43%"
"02/06/2026","73,43","73,33","73,43","73,33","","0,14%"
"03/06/2026","73,58","73,43","73,58","73,43","","0,20%"
"04/06/2026","71,16","73,58","73,58","71,16","","-3,29%"
"05/06/2026","75,20","71,16","75,20","71,16","","5,68%"
"08/06/2026","76,98","75,20","76,98","75,20","","2,37%"
"09/06/2026","77,03","76,98","77,03","76,98","","0,06%"
"10/06/2026","73,95","77,03","77,03","73,95","","-4,00%"
"11/06/2026","69,45","73,95","73,95","69,45","","-6,09%"
"12/06/2026","69,36","69,45","69,45","69,36","","-0,13%"
"15/06/2026","69,38","69,36","69,38","69,36","","0,03%"
"16/06/2026","67,28","69,38","69,38","67,28","","-3,03%"
"17/06/2026","70,66","67,28","70,66","67,28","","5,02%"
"18/06/2026","65,39","70,66","70,66","65,39","","-7,46%"
"22/06/2026","70,02","65,39","70,02","65,39","","7,08%"
"23/06/2026","68,78","70,02","70,02","68,78","","-1,77%"
"24/06/2026","69,06","68,78","69,06","68,78","","0,41%"
"25/06/2026","67,10","69,06","69,06","67,10","","-2,84%"
"26/06/2026","66,79","67,10","67,10","66,79","","-0,46%"
"29/06/2026","68,14","66,79","68,14","66,79","","2,02%"
"30/06/2026","71,96","68,14","71,96","68,14","","5,61%"
"01/07/2026","68,56","71,96","71,96","68,56","","-4,72%"
"02/07/2026","65,40","68,56","68,56","65,40","","-4,61%"
"06/07/2026","65,76","65,40","65,76","65,40","","0,55%"
"07/07/2026","70,25","65,76","70,25","65,76","","6,83%"
"08/07/2026","72,41","70,25","72,41","70,25","","3,07%"
"09/07/2026","68,89","72,41","72,41","68,89","","-4,86%"
"10/07/2026","69,55","68,89","69,55","68,89","","0,96%"
"13/07/2026","77,77","69,55","77,77","69,55","","11,82%"
"14/07/2026","75,03","77,77","77,77","75,03","","-3,52%"
"15/07/2026","68,48","75,03","75,03","68,48","","-8,73%"
"16/07/2026","68,16","68,48","68,48","68,16","","-0,47%"
"17/07/2026","70,88","68,16","70,88","68,16","","3,99%"
"20/07/2026","72,66","70,88","72,66","70,88","","2,51%"
"21/07/2026","74,67","72,66","74,67","72,66","","2,77%"
"22/07/2026","76,31","74,67","76,31","74,67","","2,20%"
"23/07/2026","80,08","76,31","80,08","76,31","","4,94%"
"24/07/2026","76,82","80,08","80,08","76,82","","-4,07%"
"27/07/2026","77,21","76,82","77,21","76,82","","0,51%"
"28/07/2026","76,09","77,21","77,21","76,09","","-1,45%"
"29/07/2026","74,18","76,09","76,09","74,18","","-2,51%"
"30/07/2026","77,09","74,18","77,09","74,18","","3,92%"
"31/07/2026","83,02","77,09","83,02","77,09","","7,69%"
"03/08/2026","80,48","83,02","83,02","80,48","","-3,06%"
"04/08/2026","77,56","80,48","80,48","77,56","","-3,63%"
"05/08/2026","73,58","77,56","77,56","73,58","","-5,13%"
"06/08/2026","76,12","73,58","76,12","73,58","","3,45%"
"07/08/2026","72,03","76,12","76,12","72,03","","-5,37%"
"10/08/2026","75,46","72,03","75,46","72,03","","4,76%"
"11/08/2026","77,92","75,46","77,92","75,46","","3,26%"
"12/08/2026","72,09","77,92","77,92","72,09","","-7,48%"
"13/08/2026","69,23","72,09","72,09","69,23","","-3,97%"
"14/08/2026","69,58","69,23","69,58","69,23","","0,51%"
"17/08/2026","75,63","69,58","75,63","69,58","","8,70%"
"18/08/2026","74,98","75,63","75,63","74,98","","-0,86%"
"19/08/2026","71,26","74,98","74,98","71,26","","-4,96%"
"20/08/2026","73,18","71,26","73,18","71,26","","2,69%"
"21/08/2026","73,40","73,18","73,40","73,18","","0,30%"
"24/08/2026","73,98","73,40","73,98","73,40","","0,79%"
"25/08/2026","71,92","73,98","73,98","71,92","","-2,78%"
"26/08/2026","69,44","71,92","71,92","69,44","","-3,45%"
"27/08/2026","69,86","69,44","69,86","69,44","","0,60%"
"28/08/2026","70,97","69,86","70,97","69,86","","1,59%"
"31/08/2026","75,32","70,97","75,32","70,97","","6,13%"