Date,XOM,CVX,COP,OXY,SLB,FSLR,NEE,TSLA,ALB,ENPH,CAT,DE,HON,ETN,EMR,DUK,SO,AEP,EXC,SRE
2014-01-02,99.75,124.14,69.78,90.02,88.82,57.44,21.06,10.01,63.14,6.78,89.87,90.26,84.92,75.49,69.3,68.14,40.69,46.13,27.17,44.22
2014-01-03,99.51,124.35,69.96,89.71,88.35,56.74,21.09,9.97,63.25,6.92,89.82,90.66,85.11,75.71,69.37,67.92,40.47,46.11,26.62,44.4
2014-01-06,99.66,124.02,70.26,89.97,88.02,51.26,21.1,9.8,63.11,7.04,88.64,89.91,85.02,75.38,68.85,67.96,40.4,46.08,26.79,44.58
2014-01-07,101.07,125.07,70.37,91.65,87.51,52.49,21.25,9.96,63.54,7.54,88.93,90.31,85.37,75.54,68.9,68.49,40.76,46.38,26.93,45.25
2014-01-08,100.74,123.29,69.69,90.92,86.98,51.68,21.32,10.09,64.87,7.25,89.14,89.34,85.03,75.28,68.55,67.85,40.4,46.1,26.87,44.87
2014-01-09,99.76,123.29,69.46,90.97,86.48,52.11,21.5,9.84,65.83,7.59,89.71,88.98,85.06,75.55,68.27,67.87,40.62,46.28,27.03,45.16
2014-01-10,100.52,121.01,68.87,90.02,88.17,51.97,21.81,9.71,66.49,7.79,90.51,89.76,84.77,76.32,68.55,68.59,41.39,47.2,27.17,45.97
2014-01-13,98.55,119.25,67.74,87.81,87.46,49.86,21.67,9.29,65.75,8.05,89.89,89.51,83.56,74.07,68.05,67.77,41.27,46.67,26.98,45.43
2014-01-14,99.12,119.57,68.32,88.55,88.87,51.05,21.68,10.75,66.61,7.87,90.56,89.7,84.04,75.7,69.21,67.57,41.1,46.51,26.89,45.84
2014-01-15,98.78,119.18,68.08,87.73,88.89,51.99,21.7,10.94,66.74,8.26,92.41,89.8,84.53,76.44,69.78,67.13,41.08,46.45,26.77,46.0
2014-01-16,98.94,118.83,67.83,88.03,88.61,52.2,21.89,11.4,66.37,8.28,92.01,89.83,84.66,76.54,69.95,67.36,41.24,46.58,27.41,46.07
2014-01-17,99.16,119.29,67.51,86.88,90.21,51.88,21.91,11.33,66.0,8.13,91.44,89.35,84.57,76.85,69.12,67.57,41.16,46.77,27.2,45.98
2014-01-21,98.5,120.36,68.26,86.3,91.09,51.81,22.26,11.78,66.15,8.22,90.6,89.38,85.17,77.67,69.55,68.51,41.65,47.34,27.77,46.47
2014-01-22,97.88,120.43,68.37,87.25,91.21,52.04,22.21,11.9,66.3,8.08,89.64,88.66,85.64,77.19,68.96,68.65,41.6,47.52,28.13,46.41
2014-01-23,96.97,118.39,67.85,85.77,90.26,50.44,22.2,12.1,65.52,7.83,88.48,87.88,84.43,75.94,67.35,68.53,41.43,47.63,28.32,46.1
2014-01-24,94.85,116.29,66.57,84.41,88.15,48.67,21.77,11.64,63.31,7.61,86.17,85.55,83.18,73.13,65.26,68.26,41.22,46.77,28.27,45.14
2014-01-27,94.92,116.43,65.86,83.54,87.91,48.84,21.72,11.31,63.59,7.33,91.29,86.01,84.89,72.79,65.52,68.73,41.25,47.18,28.2,45.03
2014-01-28,95.65,116.84,66.21,84.71,87.76,50.36,22.2,11.89,63.2,7.41,92.47,86.59,85.04,73.55,66.34,68.82,41.25,47.51,28.1,45.1
2014-01-29,95.11,116.0,65.82,84.24,87.3,49.7,22.19,11.68,65.25,7.32,90.62,85.93,84.37,73.48,65.67,68.99,40.89,47.59,28.19,45.11
2014-01-30,93.99,116.45,65.75,84.7,88.81,51.47,22.74,12.19,64.62,7.54,93.2,86.58,86.22,73.91,66.58,69.89,40.89,48.24,28.99,45.75
2014-01-31,92.16,111.63,64.95,84.0,87.57,50.58,22.98,12.09,64.18,7.4,93.91,85.96,85.77,73.09,65.94,70.62,41.24,48.81,29.0,46.35
2014-02-03,90.05,111.14,63.86,83.68,86.23,48.35,22.8,11.81,62.23,6.65,92.42,84.78,83.44,70.27,64.25,70.46,41.25,48.31,28.97,45.98
2014-02-04,90.02,110.83,63.71,83.59,87.19,49.11,22.54,11.92,62.21,6.74,92.5,85.11,84.39,68.65,64.06,69.94,41.0,48.5,28.91,45.58
2014-02-05,89.58,109.52,63.46,83.73,86.16,47.73,22.34,11.63,62.49,6.6,91.96,84.7,84.23,69.1,63.76,69.62,40.82,47.95,28.86,45.24
2014-02-06,89.8,111.27,64.3,84.87,88.51,48.2,22.45,11.89,62.88,6.6,93.83,85.43,85.69,69.07,63.94,70.01,40.91,47.6,29.49,45.62
2014-02-07,90.58,112.05,64.97,86.9,89.5,49.83,22.65,12.44,63.48,6.69,94.87,86.56,87.59,70.62,65.19,69.99,41.1,48.03,29.44,46.12
2014-02-10,89.52,111.69,64.58,86.99,89.04,51.1,22.84,13.1,63.71,7.03,94.5,87.36,87.3,69.54,64.99,70.74,41.28,48.25,29.4,46.34
2014-02-11,90.84,113.58,65.57,87.86,90.37,51.46,23.0,13.11,64.1,7.0,94.96,87.46,88.53,70.01,64.95,71.3,41.69,48.64,29.47,46.75
2014-02-12,91.08,112.03,65.22,88.43,90.03,51.58,23.05,13.02,64.47,6.86,96.17,86.9,88.65,71.1,65.11,70.87,41.61,48.98,28.94,46.22
2014-02-13,91.43,112.51,64.71,88.51,90.26,52.85,23.21,13.31,64.81,7.3,96.11,85.85,88.88,71.55,64.54,71.43,42.23,49.7,29.4,46.45
2014-02-14,94.11,113.48,65.53,91.85,90.45,53.17,23.32,13.22,65.26,7.3,96.55,85.84,88.95,72.72,64.51,71.45,42.52,50.11,29.74,46.58
2014-02-18,94.07,112.71,65.37,92.35,90.63,56.86,23.34,13.58,64.48,7.58,96.56,85.1,88.71,72.47,63.8,71.5,42.54,50.39,30.05,46.71
2014-02-19,93.95,113.6,65.0,91.07,90.48,55.97,23.11,12.91,64.41,8.07,96.21,84.29,87.39,72.13,63.27,71.72,42.17,50.15,29.96,46.31
2014-02-20,95.37,114.6,64.92,91.51,91.03,56.88,23.11,14.0,64.44,7.91,96.92,85.12,87.97,72.97,63.56,71.74,42.4,50.34,30.23,46.47
2014-02-21,95.03,112.68,64.68,91.5,90.07,55.93,23.14,13.97,63.91,7.37,97.5,84.69,88.31,73.5,63.42,71.49,42.35,50.56,30.42,46.5
2014-02-24,96.44,114.15,66.42,92.15,92.72,57.75,22.95,14.51,63.84,7.63,97.32,84.8,88.15,74.98,64.32,71.11,42.12,50.07,30.39,46.28
2014-02-25,96.31,114.97,66.52,91.91,92.56,58.03,22.91,16.53,64.28,7.89,96.41,84.05,88.26,75.36,64.55,71.03,42.17,50.06,30.36,46.54
2014-02-26,95.79,115.51,66.13,91.32,92.35,52.74,22.61,16.87,65.56,8.21,97.2,84.35,88.25,75.78,65.23,70.88,42.0,50.27,30.42,46.15
2014-02-27,95.84,115.69,66.25,91.63,92.57,57.19,22.64,16.84,65.58,8.25,96.7,84.97,88.73,75.45,65.25,70.43,42.01,49.8,30.17,47.05
2014-02-28,96.27,115.33,66.5,92.58,93.0,57.07,22.85,16.32,65.99,8.07,96.97,85.93,88.79,74.71,65.26,70.88,42.35,50.2,30.41,47.23
2014-03-03,95.5,114.84,66.31,92.13,91.26,55.96,22.57,16.7,65.74,8.02,96.31,86.96,87.99,73.47,64.35,70.05,42.05,49.72,30.03,47.04
2014-03-04,96.52,115.32,66.5,93.26,92.49,57.71,22.91,16.99,66.04,8.48,97.02,86.63,88.94,73.88,65.12,70.12,42.33,50.05,30.4,47.47
2014-03-05,93.8,114.43,66.3,92.9,92.01,58.15,22.66,16.84,66.04,8.64,96.37,86.92,89.0,74.4,65.06,70.11,42.22,49.68,30.28,46.83
2014-03-06,93.76,114.85,66.39,92.34,92.75,58.24,22.68,16.86,66.58,8.44,97.6,88.23,89.08,75.34,65.05,70.03,42.04,49.25,29.81,46.8
2014-03-07,94.99,115.08,66.51,93.17,92.98,56.11,22.95,16.41,66.55,8.52,97.05,88.8,89.73,76.15,65.6,70.06,42.1,49.33,29.82,46.84
2014-03-10,95.5,115.84,66.89,93.26,92.87,54.84,22.8,15.92,65.97,8.4,96.75,88.52,89.55,74.87,64.93,69.62,42.16,49.21,29.88,47.08
2014-03-11,94.01,114.51,66.53,92.48,91.95,53.48,22.74,15.63,65.54,8.38,96.84,89.11,88.48,74.53,64.41,69.47,42.05,48.7,29.84,46.98
2014-03-12,94.21,115.65,66.54,92.46,91.17,53.7,23.05,16.1,65.01,8.51,96.82,88.84,88.24,73.8,64.0,70.36,42.63,49.5,30.18,47.29
2014-03-13,93.64,114.45,66.32,91.9,90.27,53.03,23.45,15.85,64.2,8.37,95.61,87.98,87.3,72.55,63.02,70.57,43.16,49.91,30.51,47.77
2014-03-14,93.47,114.1,66.6,92.58,89.09,54.03,23.57,15.4,63.53,8.26,95.39,87.2,86.51,71.27,62.56,70.7,43.49,50.11,30.64,47.96
2014-03-17,94.32,115.07,67.29,92.9,89.78,56.52,23.7,15.6,64.35,8.26,95.67,87.49,87.81,72.4,63.66,71.1,43.52,50.29,31.02,48.2
2014-03-18,94.71,116.24,68.1,93.29,90.5,57.56,23.62,16.0,64.76,8.53,96.41,87.67,88.14,73.33,63.87,70.24,43.45,50.16,31.15,48.22
2014-03-19,93.73,115.2,67.5,91.26,90.36,69.4,23.32,15.72,64.3,8.51,96.04,87.29,87.34,72.06,63.63,68.71,42.79,48.94,31.06,47.83
2014-03-20,94.58,115.51,67.9,89.14,91.11,70.48,23.39,15.66,64.08,8.34,96.21,87.57,87.39,72.77,63.59,69.17,42.79,48.75,31.37,48.09
2014-03-21,94.31,115.63,67.48,90.23,92.67,73.37,23.64,15.26,64.66,8.27,97.39,89.84,87.43,72.65,65.35,69.08,42.92,48.89,32.55,48.15
2014-03-24,94.64,115.85,67.56,90.04,93.23,73.87,23.52,14.68,64.42,8.23,96.85,88.51,86.47,72.68,65.39,69.32,43.18,48.76,32.93,48.07
2014-03-25,94.91,117.09,68.39,90.79,95.56,72.08,23.64,14.7,64.85,8.29,98.59,89.1,86.91,73.93,66.35,69.92,43.43,49.37,32.93,48.05
2014-03-26,94.7,117.71,68.6,89.73,95.43,68.49,23.47,14.2,64.36,7.78,97.8,88.33,85.41,72.98,65.74,69.5,43.15,49.32,32.44,47.96
2014-03-27,96.24,117.67,69.29,90.78,96.49,69.75,23.65,13.82,64.89,7.19,98.45,87.86,84.9,73.3,66.2,70.42,43.4,49.8,32.82,48.1
2014-03-28,97.7,118.5,70.35,91.65,97.57,68.64,23.68,14.16,65.1,7.22,99.39,88.75,85.45,74.23,66.76,70.44,43.37,50.0,33.29,47.88
2014-03-31,97.68,118.91,70.35,91.4,97.5,69.79,23.91,13.9,66.42,7.36,99.37,90.8,87.21,75.12,66.8,71.22,43.94,50.66,33.56,48.38
2014-04-01,97.73,119.0,70.31,91.03,97.96,70.89,23.71,14.46,66.45,7.9,99.81,91.39,87.68,75.77,67.32,70.67,43.5,50.4,33.49,48.23
2014-04-02,97.95,119.35,70.89,92.1,97.69,71.93,23.51,15.35,66.92,8.4,102.63,91.9,88.27,76.67,67.84,70.26,43.29,50.41,33.51,48.02
2014-04-03,97.93,119.04,70.2,92.57,98.07,68.46,23.65,15.03,66.8,7.99,102.55,92.06,88.64,77.02,67.94,70.45,43.31,50.57,33.78,48.05
2014-04-04,97.36,118.8,70.22,90.69,98.03,69.72,23.75,14.15,66.11,7.68,102.17,91.83,87.75,75.57,67.27,70.49,43.7,50.78,34.47,48.22
2014-04-07,96.78,117.34,69.48,89.77,97.6,68.0,23.48,13.83,65.03,7.74,101.11,91.15,86.4,73.39,66.48,71.14,44.21,50.69,34.69,47.78
2014-04-08,97.45,117.8,70.07,91.08,98.44,72.77,24.12,14.36,65.37,7.7,102.39,92.54,86.47,73.38,66.66,72.51,44.71,51.41,35.54,48.14
2014-04-09,97.33,119.1,71.54,92.06,99.02,73.34,24.11,14.46,66.07,7.98,102.99,93.38,87.64,74.79,67.1,71.82,44.37,51.54,35.29,48.41
2014-04-10,96.78,116.69,69.71,90.59,97.32,69.63,23.94,13.61,65.13,7.37,102.26,92.74,85.88,72.84,66.05,71.59,44.3,50.99,35.09,48.37
2014-04-11,96.72,117.03,70.87,89.52,97.1,67.59,23.79,13.59,64.86,7.37,101.45,92.01,84.99,70.92,65.4,71.84,44.57,50.9,35.16,48.21
2014-04-14,97.86,118.7,71.51,90.47,98.48,68.3,24.03,13.21,65.59,7.21,102.78,92.44,85.48,71.03,65.37,72.07,44.65,51.28,35.29,48.31
2014-04-15,98.68,120.3,72.94,91.03,100.11,66.39,24.31,12.93,65.62,7.16,102.5,92.34,86.23,71.89,66.55,72.81,45.25,52.32,36.0,48.42
2014-04-16,99.94,121.83,73.78,91.9,100.94,67.59,24.48,13.27,66.28,7.23,102.93,93.15,87.72,72.95,67.61,73.23,45.82,52.5,36.24,49.18
2014-04-17,100.42,123.68,74.77,92.66,99.91,67.32,24.15,13.21,66.68,7.57,102.83,93.4,87.53,73.82,68.44,72.57,45.12,51.73,36.06,48.56
2014-04-21,100.93,124.24,74.6,93.48,101.8,69.21,24.17,13.63,67.2,7.66,102.64,93.12,87.61,73.93,68.59,72.46,45.16,51.65,35.94,48.45
2014-04-22,100.37,124.0,74.17,92.98,102.03,71.12,24.09,14.58,67.74,8.15,103.69,93.34,87.76,74.43,68.7,72.79,45.34,51.67,35.89,48.33
2014-04-23,100.5,124.69,74.02,92.82,102.21,70.04,24.12,13.87,67.07,7.94,103.38,93.57,88.41,74.38,69.4,72.61,45.22,51.9,35.9,48.48
2014-04-24,100.01,124.3,74.49,93.18,101.8,70.62,24.17,13.86,66.84,8.11,105.28,93.89,88.03,74.96,69.5,73.06,45.68,52.33,36.01,48.59
2014-04-25,100.41,123.99,74.4,92.44,101.75,68.63,24.42,13.32,65.85,7.65,104.69,93.14,87.11,73.95,68.44,74.0,46.26,53.38,36.26,49.33
2014-04-28,101.17,125.73,74.65,92.74,101.29,65.92,24.32,13.23,66.02,7.37,104.26,92.77,86.93,74.5,68.22,74.8,46.68,54.44,36.51,49.73
2014-04-29,101.45,125.97,74.68,92.92,101.39,66.28,24.49,13.79,66.59,7.32,105.3,93.73,86.94,72.15,68.05,74.53,46.36,53.88,36.18,49.35
2014-04-30,102.41,125.52,74.31,91.85,101.55,67.49,24.96,13.86,67.04,7.55,105.4,93.34,87.34,72.64,68.18,74.49,45.83,53.81,35.03,49.3
2014-05-01,101.41,124.94,75.03,91.12,100.8,67.27,24.99,13.85,67.74,7.44,105.07,93.22,86.72,73.14,67.99,74.58,45.22,53.87,35.99,49.36
2014-05-02,102.01,124.72,76.52,90.59,101.03,68.03,24.5,14.06,68.1,7.3,105.01,92.92,86.85,72.86,67.53,72.86,44.18,52.83,35.84,49.05
2014-05-05,102.91,125.36,76.89,90.84,101.1,68.42,24.49,14.44,68.57,7.27,104.52,92.69,87.07,72.83,67.62,73.52,44.49,53.36,36.24,49.3
2014-05-06,102.67,124.97,77.08,91.92,101.0,67.45,24.46,13.82,68.24,6.95,103.87,92.77,86.1,72.37,66.56,73.07,44.35,52.85,36.04,49.38
2014-05-07,103.11,126.23,78.11,92.31,101.88,63.57,24.82,13.42,68.5,7.8,104.62,94.53,87.36,72.5,67.2,73.82,44.86,53.5,36.76,50.2
2014-05-08,102.32,125.09,77.01,91.31,100.28,63.43,24.62,11.91,68.14,7.9,104.94,94.28,87.4,71.92,67.21,72.84,44.2,53.06,36.48,49.81
2014-05-09,101.95,125.03,77.64,92.19,100.22,63.21,24.23,12.15,68.27,8.02,105.06,94.34,87.25,71.62,67.12,71.98,43.67,52.32,36.2,49.17
2014-05-12,102.23,125.24,78.41,92.49,100.29,63.83,23.95,12.31,69.36,8.44,106.2,93.65,88.75,73.04,68.22,71.76,43.26,51.76,35.4,48.94
2014-05-13,102.36,125.85,78.64,93.54,100.25,63.05,24.02,12.68,69.07,8.36,107.15,93.61,88.59,73.2,68.28,71.72,43.31,52.23,35.63,48.84
2014-05-14,102.29,126.42,78.53,93.41,100.74,61.89,24.15,12.71,68.98,8.21,106.53,91.7,87.19,72.74,67.3,71.27,43.73,52.36,34.8,49.24
2014-05-15,100.78,123.81,78.11,93.1,99.5,60.1,24.07,12.57,67.67,8.09,104.99,91.21,85.71,72.39,66.64,71.38,43.44,52.02,34.55,48.92
2014-05-16,100.74,123.18,78.06,91.79,99.59,59.64,24.15,12.77,67.72,8.39,106.03,91.27,85.75,72.21,66.55,71.35,43.51,52.7,34.37,49.1
2014-05-19,100.87,122.95,78.43,92.03,100.29,59.83,23.68,13.07,67.89,8.24,105.39,90.67,86.39,72.64,66.73,70.3,42.82,51.02,33.97,48.54
2014-05-20,100.67,122.5,78.54,91.57,100.39,58.63,24.08,13.02,67.47,8.08,101.56,89.95,84.96,72.09,65.37,70.09,42.77,50.96,33.89,48.58
2014-05-21,102.03,124.16,78.53,93.61,101.58,60.39,24.07,13.3,68.07,8.54,102.88,89.98,85.8,72.94,65.57,69.93,42.84,51.11,33.9,49.08
2014-05-22,101.5,123.63,78.46,93.26,101.6,60.63,24.16,13.66,68.07,8.67,103.08,89.99,85.98,73.3,66.13,70.55,43.19,51.49,34.2,49.25
2014-05-23,101.32,123.37,78.43,93.02,101.39,60.67,24.11,13.82,68.66,8.75,104.03,89.98,86.47,73.72,66.5,70.28,43.08,51.41,34.15,49.57
2014-05-27,101.36,122.84,79.04,93.48,102.16,61.26,24.13,14.1,68.58,8.52,103.68,90.92,86.84,74.26,66.85,70.46,43.16,52.7,35.38,49.53
2014-05-28,101.06,122.52,79.57,95.01,101.87,61.87,24.34,14.02,68.44,8.42,102.91,90.91,86.98,73.98,66.65,70.76,43.45,52.94,35.99,49.85
2014-05-29,101.27,122.32,79.55,95.76,103.86,63.41,24.14,14.02,69.33,8.43,103.6,91.1,87.28,74.03,66.8,70.93,43.54,52.79,36.06,50.02
2014-05-30,100.53,122.79,79.94,95.62,104.04,61.78,24.34,13.85,69.19,8.45,102.23,91.17,87.58,73.69,66.73,71.08,43.78,53.35,36.83,50.17
2014-06-02,99.94,122.21,79.48,95.69,103.91,62.7,24.3,13.65,69.66,8.43,103.76,91.18,87.82,73.6,67.17,70.85,43.67,53.48,36.6,50.23
2014-06-03,100.39,122.55,79.82,96.15,103.85,62.93,24.29,13.66,70.02,8.38,104.49,90.84,87.68,73.54,66.94,70.7,43.67,53.94,37.19,50.26
2014-06-04,100.04,122.35,79.8,96.08,103.72,65.39,24.33,13.6,70.85,8.59,104.31,90.84,88.24,73.38,66.74,71.01,43.73,53.99,37.27,50.12
2014-06-05,100.55,123.52,80.05,96.79,103.91,64.02,24.44,13.79,71.47,8.87,106.96,91.3,89.27,73.56,67.39,71.73,44.12,54.17,37.46,50.55
2014-06-06,101.6,124.19,80.84,96.29,105.99,62.88,24.36,13.88,72.18,8.78,108.18,92.3,89.51,74.89,67.66,71.34,43.89,54.07,37.41,50.35
2014-06-09,101.52,124.37,80.85,96.1,106.72,62.57,24.09,13.69,72.23,8.78,108.75,93.0,90.08,75.56,68.1,70.86,43.64,53.49,37.08,50.51
2014-06-10,101.46,125.34,81.63,95.9,106.53,62.32,23.95,13.49,72.22,8.61,109.31,92.45,89.64,75.15,67.5,70.51,43.61,53.46,37.16,50.09
2014-06-11,101.95,125.18,81.95,95.82,106.54,63.54,23.73,13.63,71.6,8.44,108.69,91.42,89.23,75.26,67.25,69.63,43.09,52.53,35.75,49.6
2014-06-12,101.66,126.11,82.86,97.12,106.33,63.9,23.91,13.57,70.83,8.39,106.65,90.47,88.06,74.93,66.44,70.58,43.48,52.59,35.07,49.87
2014-06-13,102.65,127.26,83.08,99.02,108.25,64.47,24.2,13.76,71.0,8.43,106.77,90.47,88.16,75.16,66.47,70.83,43.53,52.78,35.72,50.56
2014-06-16,102.92,128.54,83.69,99.14,107.05,66.85,24.29,14.97,70.44,8.57,106.81,90.37,88.19,75.82,66.33,71.12,43.7,53.09,36.11,50.84
2014-06-17,102.42,128.83,83.75,98.55,106.1,69.13,24.44,15.44,71.34,8.66,106.67,90.6,88.66,76.16,67.24,70.71,43.43,52.81,36.29,50.7
2014-06-18,102.73,130.28,84.24,99.04,107.08,69.75,24.92,15.14,71.08,8.8,107.48,91.19,88.56,76.59,68.07,72.41,44.53,54.12,36.85,52.06
2014-06-19,102.63,131.99,84.77,99.14,107.6,68.27,25.04,15.19,71.32,8.66,107.25,91.58,88.79,76.83,67.61,73.23,44.72,54.9,37.17,52.33
2014-06-20,103.83,132.34,85.36,99.76,108.83,68.9,25.0,15.31,71.52,8.47,109.38,92.04,89.15,77.56,68.24,72.32,44.25,54.48,36.76,51.98
2014-06-23,104.38,132.98,86.1,100.9,108.9,70.15,24.91,15.81,71.19,8.48,108.78,91.39,88.63,79.24,67.81,72.35,44.22,54.45,36.28,51.84
2014-06-24,102.73,131.77,84.8,97.31,106.98,68.71,25.18,15.5,70.55,8.38,107.81,90.63,87.46,77.46,67.07,72.36,44.19,54.65,36.21,52.08
2014-06-25,102.14,131.23,85.62,98.44,113.85,70.18,25.44,15.79,71.22,8.51,108.44,90.74,87.64,76.99,67.02,73.04,44.67,55.12,36.22,52.36
2014-06-26,102.03,130.92,85.96,98.45,116.12,71.47,25.35,15.71,71.07,8.5,108.52,90.41,87.49,76.97,66.73,73.17,44.81,55.0,36.11,52.26
2014-06-27,101.21,130.36,86.0,98.04,117.8,71.4,25.4,15.94,71.85,8.49,108.78,90.82,87.68,77.26,66.92,73.7,45.06,55.33,36.29,52.02
2014-06-30,100.68,130.55,85.73,98.44,117.95,71.06,25.62,16.0,71.5,8.55,108.67,90.55,87.39,77.18,66.36,74.19,45.38,55.77,36.48,52.35
2014-07-01,101.36,130.54,86.11,98.61,117.85,70.69,25.36,15.98,72.12,9.0,109.17,90.08,88.93,77.36,66.55,73.63,45.08,55.21,35.7,51.75
2014-07-02,101.57,130.23,85.86,98.07,117.73,69.84,24.93,15.29,71.93,9.07,109.56,90.35,88.64,77.6,66.64,72.22,44.26,54.17,34.59,51.09
2014-07-03,102.59,131.19,86.4,98.0,117.5,69.5,24.55,15.28,72.46,9.36,111.08,91.38,89.21,78.29,67.37,71.39,44.01,53.76,33.97,50.37
2014-07-07,102.65,130.47,86.1,97.45,117.43,67.72,24.62,14.84,72.22,9.25,110.16,90.79,88.74,78.45,67.65,71.58,44.21,53.77,34.36,50.73
2014-07-08,102.83,129.9,86.04,97.73,116.75,64.39,24.73,14.6,72.26,9.16,109.46,90.12,88.58,77.43,67.83,72.32,44.54,54.55,34.32,50.99
2014-07-09,103.55,131.39,85.8,97.79,116.96,64.42,24.71,14.87,72.08,9.26,110.14,89.16,88.89,77.9,67.7,72.11,44.46,54.71,34.26,51.12
2014-07-10,102.57,130.25,85.67,96.32,115.4,63.67,24.85,14.63,71.6,9.17,109.36,88.12,88.64,77.66,67.2,72.39,44.64,54.8,34.36,51.23
2014-07-11,101.74,128.47,84.73,96.38,114.7,63.43,24.74,14.54,72.0,9.34,109.96,88.53,89.22,77.82,67.1,72.16,44.53,54.31,33.78,51.12
2014-07-14,102.68,129.26,85.84,97.09,115.94,63.27,24.36,15.11,72.62,9.69,110.09,88.51,90.01,79.05,67.26,71.54,44.18,53.6,32.89,50.58
2014-07-15,102.39,129.26,84.71,95.46,114.46,62.95,24.58,14.64,70.03,9.54,109.85,88.56,90.22,78.62,67.5,72.03,44.47,53.93,32.85,50.91
2014-07-16,103.77,130.89,86.69,97.58,115.88,63.46,24.68,14.48,69.07,9.41,111.4,89.45,90.63,79.44,67.99,72.42,44.77,54.21,32.94,51.12
2014-07-17,102.31,130.08,84.68,95.87,114.64,61.45,24.39,14.36,69.43,9.22,109.07,87.43,89.48,78.25,66.98,72.36,44.55,53.48,31.95,50.8
2014-07-18,102.73,130.39,84.76,96.81,112.36,62.36,24.7,14.67,70.2,9.7,110.17,87.63,91.03,78.57,67.39,73.11,44.89,54.39,32.09,51.26
2014-07-21,103.08,131.29,84.53,96.48,113.04,62.9,24.67,14.7,69.13,11.36,110.23,87.64,91.52,77.92,67.36,73.36,44.91,54.04,32.23,51.05
2014-07-22,103.54,132.58,86.02,97.14,113.41,63.47,24.59,14.64,68.49,11.59,110.06,88.4,91.38,78.32,67.42,73.29,44.91,54.05,31.78,51.11
2014-07-23,104.25,133.88,86.76,97.46,112.11,62.81,24.62,14.83,68.39,11.34,108.38,87.45,90.82,78.03,67.02,73.4,44.81,53.97,31.76,51.03
2014-07-24,104.28,134.85,86.25,96.77,113.1,63.3,24.68,14.9,67.54,11.61,105.04,86.98,90.27,77.38,67.05,74.03,44.78,54.01,31.81,51.04
2014-07-25,103.18,133.57,85.92,96.01,111.78,64.05,24.61,14.9,69.07,11.43,104.85,86.17,90.03,77.47,67.43,73.21,44.74,53.22,31.45,50.77
2014-07-28,104.37,133.24,85.19,95.75,111.89,65.53,24.89,14.99,68.88,10.56,104.15,86.01,89.48,76.75,67.08,74.39,45.36,54.65,31.95,51.55
2014-07-29,103.55,132.42,84.71,95.28,111.12,65.39,24.6,15.0,67.25,10.3,104.69,85.83,88.17,70.51,66.1,73.98,44.86,54.09,31.47,51.48
2014-07-30,103.25,132.53,84.63,94.11,110.27,65.58,24.09,15.26,66.71,10.49,103.38,85.43,88.44,69.9,65.21,73.05,44.38,53.0,31.01,50.7
2014-07-31,98.94,129.24,82.5,93.73,108.39,63.11,23.47,14.89,61.34,10.3,100.75,85.11,86.34,67.92,63.65,72.13,43.29,51.99,31.08,49.85
2014-08-01,98.8,127.9,80.7,93.9,107.95,62.03,23.45,15.55,61.75,9.82,100.52,84.96,86.09,67.18,63.4,72.94,43.32,52.31,31.54,49.88
2014-08-04,100.13,128.17,81.98,96.64,109.67,63.14,23.51,15.9,61.97,9.72,101.81,85.27,85.9,67.68,63.99,72.2,43.1,51.4,31.36,49.8
2014-08-05,98.2,124.96,79.74,95.07,107.08,63.66,23.15,15.9,61.46,9.7,101.5,85.29,85.78,67.5,62.84,70.98,42.6,50.84,31.13,48.9
2014-08-06,98.98,125.73,80.61,95.36,107.57,65.6,23.09,16.6,61.28,11.06,101.49,85.41,85.14,66.76,61.85,69.84,42.17,49.28,31.18,48.62
2014-08-07,98.27,125.65,79.59,94.28,107.01,68.17,23.49,16.83,60.6,11.5,101.94,85.37,85.52,66.72,61.79,70.6,42.62,49.84,31.56,49.76
2014-08-08,99.74,127.86,81.33,95.73,108.38,67.83,23.86,16.54,60.92,11.59,103.28,86.98,87.17,67.71,62.8,71.75,43.53,50.52,32.12,50.47
2014-08-11,98.73,127.71,80.8,95.7,109.21,69.17,23.72,17.29,60.89,11.72,104.5,87.16,87.59,67.93,62.58,71.58,43.06,50.34,32.11,50.48
2014-08-12,98.49,127.09,80.42,95.74,107.87,69.07,23.73,17.33,60.52,11.22,104.33,86.48,87.35,67.96,62.67,71.38,43.22,50.41,31.87,50.4
2014-08-13,99.09,127.6,80.89,95.91,107.62,69.5,23.94,17.35,61.39,11.55,105.16,84.49,88.63,68.69,63.05,70.93,43.07,50.77,31.45,50.62
2014-08-14,99.09,126.96,80.17,95.89,105.91,69.21,24.05,17.43,60.67,12.39,105.66,84.89,88.75,68.57,62.95,72.08,43.43,51.14,31.83,51.19
2014-08-15,99.03,126.1,80.62,96.36,106.53,69.12,24.09,17.47,61.16,12.64,105.74,84.8,88.59,68.11,62.97,72.09,43.42,51.42,31.8,51.52
2014-08-18,99.52,126.3,79.34,96.5,108.14,70.28,24.04,17.33,61.66,13.19,106.98,86.11,89.56,69.0,63.82,72.09,43.38,51.47,31.82,51.41
2014-08-19,99.49,127.63,79.91,97.65,109.42,70.16,24.33,17.12,61.97,13.43,107.3,85.71,89.06,69.2,63.93,72.88,43.8,52.2,31.96,51.95
2014-08-20,99.7,127.49,80.5,97.59,109.85,70.83,24.43,17.05,61.93,13.47,107.7,85.87,90.04,70.4,64.48,72.76,43.81,52.38,31.99,51.92
2014-08-21,99.28,127.93,80.98,98.1,109.44,70.7,24.5,16.96,61.92,13.5,107.97,86.21,90.2,70.05,64.56,73.04,43.89,52.8,32.25,52.01
2014-08-22,98.5,127.11,80.24,98.26,109.03,70.46,24.41,17.12,61.81,13.87,107.31,84.76,89.85,69.81,64.6,72.87,43.68,52.54,32.39,51.69
2014-08-25,98.75,127.84,80.8,99.07,110.22,71.16,24.54,17.5,62.3,13.75,107.97,85.11,90.08,70.29,64.75,72.98,43.9,52.95,32.83,51.81
2014-08-26,99.64,128.25,80.54,98.94,111.02,71.02,24.18,17.45,62.34,14.52,108.06,84.1,89.8,70.0,64.34,72.32,43.54,52.26,32.31,51.23
2014-08-27,99.53,128.64,81.03,99.16,111.04,70.0,24.22,17.55,62.4,14.47,108.55,83.85,89.85,69.77,64.4,72.93,43.83,53.15,32.77,51.97
2014-08-28,99.57,128.75,80.66,99.77,110.16,69.15,24.38,17.59,63.21,13.98,108.65,83.97,89.6,69.57,64.26,73.31,44.23,53.32,33.0,52.44
2014-08-29,99.46,129.45,81.22,99.5,109.64,69.68,24.61,17.98,63.58,14.08,109.07,84.09,89.54,69.81,64.02,73.99,44.4,53.7,33.42,52.98
2014-09-02,98.49,127.54,80.22,98.19,108.06,69.41,24.31,18.94,63.92,14.41,108.92,83.77,89.79,70.27,64.31,73.45,43.8,52.88,32.83,52.78
2014-09-03,99.11,127.86,80.9,98.27,108.17,71.66,24.4,18.75,63.56,14.59,108.46,83.17,89.75,69.81,64.29,73.86,44.18,53.36,33.26,53.02
2014-09-04,98.36,126.8,79.85,98.2,105.64,71.55,24.31,19.07,63.54,15.28,108.82,83.11,89.31,69.37,64.64,74.02,44.16,53.0,33.55,53.05
2014-09-05,99.26,127.4,80.35,97.18,106.76,71.47,24.48,18.49,63.72,15.03,108.54,82.79,89.89,69.17,65.08,74.9,44.79,53.86,33.81,53.68
2014-09-08,97.77,126.21,79.03,94.53,104.49,71.79,24.31,18.81,63.85,15.31,107.91,82.93,89.54,68.85,64.98,74.89,44.56,53.53,33.44,53.6
2014-09-09,97.39,125.18,78.96,94.34,103.97,70.89,23.93,18.57,63.42,15.46,107.4,82.25,88.81,68.23,65.11,73.79,43.97,52.99,33.12,52.85
2014-09-10,96.81,124.28,78.99,94.52,104.27,70.97,23.91,18.74,64.7,16.29,105.93,81.98,88.72,68.1,65.01,73.39,43.76,52.99,33.04,52.44
2014-09-11,97.03,123.83,79.38,94.34,104.45,71.62,24.04,18.69,64.35,16.82,105.59,82.08,89.07,67.78,64.66,74.46,44.06,53.54,33.25,52.99
2014-09-12,95.78,122.66,78.45,93.43,102.22,72.78,23.52,18.61,63.79,16.79,105.02,81.95,88.85,67.09,64.49,73.06,43.36,52.48,32.86,51.8
2014-09-15,96.29,124.24,79.4,94.28,103.05,69.92,23.55,16.92,64.29,16.01,104.86,82.68,88.99,67.0,64.3,73.44,43.37,52.69,33.23,52.16
2014-09-16,97.43,124.96,80.75,94.54,104.96,70.69,23.78,17.38,64.98,16.98,104.86,82.93,89.19,66.71,64.41,74.35,43.93,53.63,33.82,52.57
2014-09-17,97.08,124.72,80.64,94.17,103.31,71.69,23.82,17.43,64.94,17.39,103.99,83.57,89.83,66.36,64.53,74.3,43.57,53.32,33.68,52.67
2014-09-18,96.61,124.14,79.97,93.88,104.47,71.69,23.64,17.59,65.04,17.35,104.34,84.15,90.63,66.56,64.74,73.48,43.28,52.74,33.78,52.66
2014-09-19,97.12,124.8,80.56,93.73,103.21,70.87,23.79,17.29,64.05,16.85,102.51,83.64,90.73,66.37,65.0,74.38,43.69,53.28,34.41,53.0
2014-09-22,96.54,123.49,79.68,92.96,101.72,67.17,23.66,16.67,63.26,16.06,100.9,83.74,89.04,65.07,64.25,73.87,43.47,52.97,34.29,52.66
2014-09-23,96.03,123.06,78.91,92.53,102.09,67.75,23.64,16.69,63.06,15.58,99.99,83.32,87.81,65.14,63.5,73.67,43.4,52.56,34.12,52.08
2014-09-24,95.82,122.4,78.72,94.4,102.07,68.43,23.55,16.81,63.17,14.74,101.2,83.77,88.22,65.63,64.21,73.71,43.45,52.47,33.91,52.1
2014-09-25,94.25,120.68,77.57,92.82,101.01,67.2,23.29,16.46,60.63,13.98,99.51,83.13,86.87,64.45,62.41,73.96,43.33,52.09,33.6,51.62
2014-09-26,95.43,121.47,78.12,94.34,103.46,67.97,23.36,16.44,60.88,14.51,100.38,82.83,87.72,65.31,63.04,74.08,43.45,52.25,33.7,51.88
2014-09-29,94.43,120.55,77.84,93.26,103.28,67.52,23.4,16.35,60.03,15.22,99.83,82.34,87.94,64.69,62.67,74.19,43.63,52.18,34.11,52.41
2014-09-30,94.05,119.32,76.52,92.23,101.69,65.81,23.47,16.18,58.9,14.99,99.03,81.99,87.55,63.37,62.58,74.77,43.65,52.21,34.09,52.69
2014-10-01,92.86,117.65,75.0,90.44,98.85,63.71,23.57,16.02,57.79,14.44,97.61,81.55,86.18,62.68,61.4,75.3,44.09,52.38,34.57,52.53
2014-10-02,93.3,117.11,74.69,91.34,97.78,63.83,23.44,16.76,58.88,12.51,97.41,81.71,85.67,62.04,62.14,74.99,44.13,52.28,34.73,52.45
2014-10-03,93.92,117.71,74.77,92.05,97.9,64.1,23.56,17.01,58.98,12.51,97.39,82.16,86.23,63.15,62.42,75.17,44.14,52.87,34.88,53.39
2014-10-06,94.52,118.09,74.96,93.12,98.56,62.37,23.41,17.37,59.51,11.35,98.0,82.84,86.45,63.41,62.46,75.07,44.07,52.8,34.79,53.48
2014-10-07,93.37,116.02,73.91,91.0,98.23,60.42,23.25,17.3,58.46,11.66,94.7,80.01,84.42,61.69,61.0,75.21,44.14,52.96,34.76,53.18
2014-10-08,94.61,117.95,74.53,91.66,98.44,62.19,23.83,17.29,58.69,11.93,96.65,81.31,85.98,62.81,61.82,77.05,45.04,54.12,35.83,54.02
2014-10-09,91.82,114.51,71.44,88.76,94.92,56.49,23.4,17.13,56.3,11.23,93.5,81.15,84.4,59.52,59.66,76.39,44.83,53.56,34.8,52.85
2014-10-10,91.6,113.89,70.36,87.83,93.07,53.72,23.41,15.79,55.03,10.55,93.13,80.98,82.64,58.92,59.43,76.83,45.11,53.89,34.83,52.85
2014-10-13,90.84,112.03,68.07,84.32,90.93,50.51,23.2,14.97,53.16,10.14,91.68,81.65,80.54,58.27,58.67,77.41,45.85,54.23,34.11,51.34
2014-10-14,90.55,109.78,66.2,83.02,88.96,52.0,23.34,15.14,53.51,10.46,92.8,84.36,81.04,59.05,59.17,78.87,46.9,54.72,34.64,51.0
2014-10-15,90.22,109.27,66.25,81.77,89.21,53.24,22.95,15.31,53.72,11.33,92.59,84.93,80.02,58.97,59.35,78.9,46.85,54.37,33.93,50.12
2014-10-16,90.6,111.06,66.93,82.91,90.64,54.22,23.34,15.09,53.89,12.81,93.24,84.12,81.22,59.92,60.47,78.17,46.37,53.94,34.09,50.8
2014-10-17,91.21,111.8,68.08,84.76,93.97,53.23,23.56,15.17,54.59,12.02,95.05,83.29,84.67,61.44,61.22,78.43,46.22,54.61,34.38,51.68
2014-10-20,91.77,111.49,68.83,85.12,94.6,54.37,23.78,15.36,55.36,12.23,94.03,82.2,84.62,61.1,61.23,79.5,46.78,55.36,34.99,52.3
2014-10-21,93.65,115.09,70.59,87.36,97.75,56.35,23.88,15.69,56.53,13.8,95.89,83.78,87.36,62.9,62.96,79.08,46.93,55.56,35.0,52.91
2014-10-22,93.13,114.0,69.44,86.04,95.99,54.75,24.13,15.41,55.24,13.02,94.57,83.42,85.71,61.1,60.95,80.16,47.19,55.92,34.88,52.92
2014-10-23,94.11,116.19,70.0,87.3,98.26,56.27,24.45,15.69,56.8,13.6,99.27,85.17,87.98,62.74,62.05,80.07,47.21,55.28,34.88,53.32
2014-10-24,94.49,115.91,70.07,85.87,97.24,56.44,24.59,15.68,57.2,13.4,99.44,85.43,89.04,63.06,62.39,80.3,47.41,56.47,35.73,53.93
2014-10-27,93.71,115.02,68.83,82.94,93.52,54.29,24.52,14.78,56.53,13.14,98.54,84.58,88.1,62.55,62.27,80.61,47.38,56.76,35.2,53.88
2014-10-28,95.1,117.13,70.22,84.55,96.51,57.38,24.78,16.18,57.99,13.85,101.16,85.49,89.48,64.78,63.38,80.72,47.37,56.59,35.74,54.52
2014-10-29,94.59,117.14,70.75,85.23,97.41,56.16,24.65,15.87,57.19,13.94,100.19,85.15,89.37,65.92,63.3,80.27,46.42,56.76,35.28,54.26
2014-10-30,94.45,117.2,71.35,84.34,97.62,56.1,24.98,15.91,57.35,14.13,100.16,85.23,89.87,66.77,63.42,82.29,46.45,58.27,36.7,55.24
2014-10-31,96.71,119.95,72.15,85.3,98.66,58.9,25.05,16.11,58.38,15.02,101.41,85.54,90.37,68.39,64.06,82.15,46.36,58.34,36.59,55.0
2014-11-03,95.26,116.78,70.56,83.59,96.52,58.31,25.2,16.17,58.73,14.84,100.22,85.0,89.94,68.43,64.51,82.38,46.77,58.65,36.4,55.42
2014-11-04,94.52,115.37,68.77,81.84,94.16,56.87,25.24,15.93,58.8,15.6,98.61,84.55,89.59,67.91,64.19,82.23,46.94,58.13,36.47,55.45
2014-11-05,95.07,117.05,69.88,82.94,96.64,56.26,26.22,15.4,60.75,12.05,99.41,84.97,90.93,68.32,64.41,83.5,47.96,59.74,37.52,56.72
2014-11-06,96.26,118.53,71.32,82.88,96.98,56.41,25.99,16.08,60.86,11.41,100.91,87.77,90.93,69.06,64.67,81.17,47.01,57.87,37.44,56.42
2014-11-07,96.59,118.8,72.16,84.45,98.73,50.29,26.18,16.01,61.18,11.8,101.76,88.66,90.98,69.17,64.86,82.08,47.13,58.32,37.77,56.24
2014-11-10,96.28,117.92,71.6,84.34,98.29,51.96,26.4,16.13,61.45,11.23,102.21,88.54,91.45,69.38,65.11,82.81,47.59,58.38,37.6,56.3
2014-11-11,96.41,118.44,71.75,85.48,98.36,50.99,26.2,16.74,62.04,10.49,102.53,88.45,91.18,68.44,64.56,82.66,47.58,57.94,37.55,56.24
2014-11-12,95.38,117.65,71.2,84.98,97.43,49.59,25.77,16.61,61.56,10.63,102.99,88.27,91.21,67.64,64.05,79.85,47.1,56.87,35.93,55.33
2014-11-13,94.66,116.45,70.35,82.77,94.85,47.56,25.57,16.78,61.88,10.64,101.11,87.46,91.26,66.5,63.52,78.99,46.94,56.31,35.36,54.76
2014-11-14,95.09,116.32,71.41,83.13,95.32,48.49,25.46,17.25,61.74,11.06,101.34,87.52,91.0,66.94,63.62,79.11,46.64,56.06,35.41,54.34
2014-11-17,95.11,115.75,71.42,82.4,95.63,47.95,25.8,16.93,61.6,10.6,101.7,86.81,90.76,67.08,63.74,80.3,47.08,57.19,35.71,54.99
2014-11-18,94.87,115.47,71.67,83.13,95.28,49.46,25.84,17.18,61.69,11.09,102.04,87.29,91.04,67.41,64.04,80.31,47.25,57.25,35.79,55.24
2014-11-19,95.61,116.47,72.13,82.53,95.0,48.82,25.93,16.52,61.55,10.7,101.3,86.33,90.8,66.84,64.15,80.38,47.27,57.24,36.05,55.05
2014-11-20,95.82,117.31,73.21,83.33,96.14,49.43,25.77,16.58,61.55,11.08,102.09,85.37,90.95,67.36,64.21,80.17,47.11,57.23,35.94,55.13
2014-11-21,96.81,118.58,73.64,84.03,97.87,49.76,25.93,16.19,61.78,11.48,106.45,87.07,92.36,68.39,65.59,79.77,47.25,57.42,36.25,55.16
2014-11-24,95.72,117.59,73.33,84.66,98.45,50.66,25.8,16.45,61.85,11.56,105.96,87.52,92.39,69.07,65.77,79.03,46.71,56.8,35.25,55.08
2014-11-25,94.78,116.15,71.73,82.84,95.2,51.04,25.71,16.54,61.32,11.44,106.24,87.79,92.97,69.47,65.7,79.15,46.47,56.58,35.18,55.58
2014-11-26,94.48,115.11,70.83,82.62,92.81,51.52,25.8,16.56,61.67,11.44,105.79,86.99,93.15,69.21,65.38,79.69,46.82,56.66,35.69,55.84
2014-11-28,90.54,108.87,66.07,76.52,85.95,48.8,26.1,16.3,59.04,10.51,100.6,86.62,93.15,67.83,63.75,80.9,47.43,57.55,36.17,55.87
2014-12-01,92.35,111.73,67.77,79.42,84.84,45.76,26.2,15.44,58.34,10.5,99.0,89.58,91.58,67.19,62.81,82.0,47.69,58.01,36.24,54.63
2014-12-02,94.19,114.02,69.21,80.66,85.22,46.42,26.28,15.43,58.88,11.65,99.51,88.31,92.01,68.5,63.54,82.34,47.91,58.36,36.7,55.35
2014-12-03,94.95,113.71,70.8,83.06,86.76,47.12,26.1,15.29,61.4,12.2,100.18,90.18,93.99,70.21,64.48,81.97,47.9,58.51,36.22,55.38
2014-12-04,94.37,112.28,69.31,82.5,87.43,46.72,25.87,15.22,61.8,11.85,99.67,89.57,93.32,69.48,64.56,82.35,47.91,58.44,35.69,55.55
2014-12-05,93.82,110.87,67.85,81.44,87.16,46.91,25.73,14.91,62.38,12.86,98.78,89.73,93.73,69.41,64.88,80.73,47.54,57.76,35.59,55.08
2014-12-08,91.7,106.8,65.03,76.08,84.21,44.65,25.92,14.29,61.83,12.3,95.25,88.84,92.84,67.92,63.61,81.63,48.05,58.76,35.83,54.75
2014-12-09,91.38,107.01,64.96,77.42,85.47,45.06,26.15,14.46,62.34,12.8,95.45,89.2,93.38,68.5,63.63,82.18,48.14,58.87,36.36,54.91
2014-12-10,88.67,104.86,63.54,75.11,83.17,43.07,25.36,13.99,59.0,12.75,93.02,87.52,91.67,66.81,61.45,82.25,47.92,58.23,35.94,54.16
2014-12-11,89.2,104.91,63.61,75.05,83.01,43.04,25.62,13.93,57.87,12.55,92.69,87.99,92.04,66.83,61.32,82.89,48.4,58.86,36.27,54.72
2014-12-12,86.6,102.38,62.45,74.19,80.0,42.12,25.2,13.8,55.6,12.45,90.5,86.41,90.15,64.72,58.43,82.69,47.92,58.69,35.92,54.05
2014-12-15,86.9,100.86,61.69,73.13,79.9,41.66,25.16,13.6,54.76,12.38,89.75,87.47,90.08,64.4,58.15,81.14,47.85,58.08,35.51,53.06
2014-12-16,86.41,101.7,63.22,74.38,80.19,40.9,25.27,13.19,54.97,12.46,89.34,87.8,90.62,65.17,59.21,80.62,47.76,57.83,35.48,52.62
2014-12-17,89.02,106.02,66.94,77.77,82.88,42.35,25.78,13.72,57.2,13.44,89.75,88.74,91.82,64.88,59.74,81.37,48.3,58.82,36.58,53.43
2014-12-18,91.16,109.03,69.75,79.14,84.23,45.21,26.36,14.55,58.84,13.99,91.69,89.54,94.61,67.45,62.0,83.01,49.0,59.98,37.53,54.97
2014-12-19,93.64,112.93,70.98,81.48,87.52,45.03,26.47,14.62,58.69,14.08,91.71,90.1,95.11,69.16,62.33,82.85,49.02,59.89,37.61,55.05
2014-12-22,93.33,112.03,69.52,80.76,86.75,43.84,26.48,14.84,60.0,14.6,92.32,90.24,95.16,69.07,62.6,83.61,49.36,60.15,37.01,55.3
2014-12-23,94.59,113.95,71.05,82.86,87.32,44.06,26.58,14.73,60.82,14.4,93.5,90.85,95.88,69.39,62.83,83.68,49.17,60.11,37.24,55.16
2014-12-24,93.78,113.47,70.13,82.2,87.06,43.67,27.0,14.82,60.48,14.38,93.72,90.26,95.86,69.3,62.73,84.97,49.91,61.31,37.85,56.05
2014-12-26,93.21,113.25,69.88,82.01,87.13,44.34,27.32,15.19,60.89,14.82,94.23,90.24,95.55,69.43,62.78,85.81,50.47,61.99,38.21,57.43
2014-12-29,93.07,113.32,70.11,81.67,87.35,44.42,27.62,15.05,60.94,14.3,93.71,90.14,95.59,69.34,62.61,86.83,50.88,62.91,38.63,57.92
2014-12-30,93.02,113.11,69.93,81.36,86.44,44.52,26.96,14.82,60.8,14.09,92.59,89.46,94.7,68.77,62.37,84.7,49.77,61.72,38.1,56.66
2014-12-31,92.45,112.18,69.06,80.58,85.41,44.59,26.57,14.83,60.13,14.29,91.53,88.47,93.94,67.96,61.73,83.54,49.11,60.72,37.08,55.68
2015-01-02,92.83,112.58,68.92,80.62,85.67,44.55,26.67,14.62,60.31,14.21,91.88,88.34,94.24,67.93,61.79,84.05,49.37,61.15,37.57,56.05
2015-01-05,90.29,108.08,65.64,77.63,83.35,41.83,26.39,14.01,58.31,13.88,87.03,86.45,92.44,65.12,60.52,82.84,49.16,60.25,36.5,55.02
2015-01-06,89.81,108.03,62.93,76.97,81.72,40.86,26.49,14.09,57.17,12.94,86.47,85.73,92.22,64.39,60.42,84.2,49.75,60.58,36.22,54.51
2015-01-07,90.72,107.94,63.35,76.98,81.71,41.75,26.73,14.06,56.94,11.4,87.81,85.36,92.89,64.58,60.29,84.47,50.3,61.44,36.27,55.38
2015-01-08,92.23,110.41,64.93,77.66,82.7,43.63,26.9,14.04,58.73,11.73,88.71,86.49,94.58,66.89,61.87,84.81,50.34,61.97,36.55,55.88
2015-01-09,92.1,108.21,64.92,77.51,81.22,44.2,26.66,13.78,59.02,11.53,87.65,85.65,93.01,66.06,60.9,84.93,49.7,61.64,36.49,55.38
2015-01-12,90.33,105.88,63.07,74.92,78.05,42.83,26.59,13.48,59.7,10.91,86.89,85.45,92.56,65.48,60.17,85.01,49.71,61.56,36.63,55.08
2015-01-13,90.0,104.2,62.44,74.94,77.78,42.71,26.7,13.62,60.99,11.03,86.37,85.89,93.22,65.46,60.08,85.47,49.68,61.87,36.51,55.41
2015-01-14,89.74,103.9,62.62,75.45,78.39,42.28,26.86,12.85,59.52,10.81,86.07,86.48,92.79,64.24,59.62,85.69,50.19,62.76,36.92,55.73
2015-01-15,88.96,102.67,61.41,75.96,76.63,40.16,26.76,12.79,58.08,10.27,84.32,87.2,91.3,64.07,59.38,86.76,50.8,63.16,37.27,56.07
2015-01-16,91.12,105.12,63.08,78.03,81.33,40.72,27.05,12.87,58.52,10.78,83.86,87.3,92.35,64.59,60.35,87.35,51.35,63.57,37.38,56.48
2015-01-20,91.09,106.47,63.19,77.98,80.48,39.83,27.23,12.8,57.8,10.6,83.97,87.13,93.06,64.8,60.48,87.69,51.66,63.53,37.25,56.84
2015-01-21,91.87,108.16,64.54,79.21,82.21,41.4,27.47,13.1,58.61,10.43,85.37,87.63,93.31,65.82,60.98,88.68,52.01,64.14,37.99,57.25
2015-01-22,92.87,108.92,65.3,78.83,82.14,41.9,27.39,13.44,59.55,11.01,86.82,89.51,93.45,67.68,59.81,88.63,52.13,64.08,37.25,57.26
2015-01-23,90.89,106.85,64.65,78.82,82.0,42.54,27.37,13.42,56.84,11.84,85.61,88.35,96.37,67.01,58.12,88.72,52.23,64.52,37.37,57.54
2015-01-26,91.76,108.88,65.82,80.29,83.68,44.17,27.44,13.77,57.14,12.11,86.03,88.43,95.8,66.82,59.43,88.55,52.23,64.57,37.34,57.27
2015-01-27,90.95,108.26,65.54,79.38,84.55,43.72,27.8,13.73,56.37,12.13,79.85,86.04,94.87,65.02,57.3,88.72,52.42,64.25,37.41,57.27
2015-01-28,87.95,103.71,62.58,76.47,80.75,42.7,27.48,13.29,55.37,12.09,80.01,84.58,93.85,63.61,56.23,87.85,52.17,63.38,37.0,56.67
2015-01-29,87.58,103.0,62.82,78.28,81.9,42.36,27.91,13.68,47.77,12.98,80.0,85.91,94.18,64.19,56.88,89.36,52.79,63.72,37.03,57.47
2015-01-30,87.42,102.53,62.98,79.97,82.39,42.32,27.31,13.57,48.26,12.39,79.97,85.19,91.91,63.09,56.94,87.14,50.72,62.81,36.04,55.96
2015-02-02,89.58,106.06,65.77,80.13,84.64,45.48,27.52,14.06,47.92,13.17,80.84,86.64,93.8,64.4,58.97,87.0,50.78,63.06,36.05,56.59
2015-02-03,92.25,109.53,67.74,82.11,87.08,48.16,27.56,14.56,49.38,13.66,83.92,88.63,95.21,69.79,59.44,86.78,50.8,62.76,36.93,56.91
2015-02-04,91.46,108.35,65.87,80.82,84.55,46.98,27.36,14.57,48.85,13.3,81.95,88.68,94.73,68.48,57.33,85.98,49.46,62.22,36.19,56.02
2015-02-05,92.36,109.31,67.57,82.08,85.92,46.9,27.43,14.73,49.75,13.58,83.57,89.12,96.22,69.22,57.15,86.72,49.71,62.45,36.6,56.71
2015-02-06,91.5,109.61,67.49,81.71,86.16,46.9,26.45,14.49,51.08,13.86,83.21,88.98,95.67,70.05,57.03,83.11,48.17,59.15,35.0,54.1
2015-02-09,91.56,110.43,67.85,81.22,85.82,46.33,26.13,14.5,52.14,14.47,84.67,88.95,95.51,70.14,57.35,82.7,47.79,58.24,34.48,53.94
2015-02-10,91.01,110.18,67.99,81.27,85.22,48.54,26.96,14.42,52.17,14.46,83.9,88.75,96.31,70.74,58.04,84.18,48.68,59.31,35.0,55.19
2015-02-11,90.6,109.98,67.88,79.95,84.73,48.77,26.27,14.19,53.18,14.79,83.41,88.82,96.3,70.33,57.69,81.85,47.95,58.28,34.26,53.56
2015-02-12,92.37,110.86,68.04,82.0,85.96,49.42,26.34,13.53,53.96,14.78,83.53,89.37,97.31,71.65,58.6,81.06,46.56,57.98,34.44,53.34
2015-02-13,93.37,112.78,69.88,83.07,88.38,48.84,25.91,13.58,54.59,15.15,85.13,90.04,98.14,72.55,58.68,79.84,45.88,57.83,33.51,52.78
2015-02-17,93.05,112.4,69.47,82.49,88.89,49.62,25.86,13.62,54.79,13.92,85.38,89.92,97.78,72.13,58.3,79.39,45.54,57.87,33.09,53.13
2015-02-18,91.01,110.44,67.73,81.33,87.74,48.84,26.62,13.63,54.86,14.06,84.8,92.75,98.36,72.29,58.85,80.97,46.84,59.12,33.9,54.85
2015-02-19,89.44,108.35,67.42,80.58,86.98,48.41,26.36,14.11,54.43,13.58,83.3,91.71,98.44,72.12,58.69,79.17,46.19,58.41,33.42,54.6
2015-02-20,89.92,108.6,67.38,80.07,85.88,49.02,26.4,14.47,55.47,13.3,84.44,92.43,99.06,72.51,58.67,78.71,46.14,58.72,33.39,54.97
2015-02-23,89.01,107.86,66.92,79.77,85.54,49.64,26.5,13.82,55.56,13.51,83.49,90.98,98.14,71.64,58.74,79.26,46.47,59.09,33.78,55.27
2015-02-24,89.42,107.96,67.09,79.72,85.31,54.7,26.52,13.61,56.08,13.77,84.5,91.5,98.06,71.72,58.55,79.85,46.89,59.28,34.79,55.13
2015-02-25,89.6,108.58,67.53,80.18,85.21,58.54,25.95,13.58,56.33,13.87,85.15,91.62,98.15,71.55,58.3,79.01,45.92,58.08,34.49,54.32
2015-02-26,88.65,107.06,65.85,78.29,83.89,58.68,25.87,13.81,56.3,13.61,83.8,91.18,97.44,71.79,57.94,78.56,45.76,57.41,33.96,54.23
2015-02-27,88.54,106.68,65.2,77.85,84.16,59.74,25.86,13.56,56.57,13.78,82.9,90.6,96.63,71.01,57.92,78.55,45.79,57.58,33.92,54.1
2015-03-02,88.04,105.9,64.4,77.71,84.62,61.11,25.39,13.15,56.68,13.81,83.0,91.03,98.33,71.0,58.33,77.06,44.87,56.15,32.83,53.56
2015-03-03,87.62,105.16,64.78,77.98,84.91,60.69,25.48,13.3,56.74,13.37,82.84,91.27,97.82,70.44,58.38,77.51,45.15,56.73,33.02,54.34
2015-03-04,87.18,105.16,64.25,78.3,85.14,61.2,25.35,13.5,55.4,13.61,81.73,90.45,96.89,69.65,57.78,77.08,44.83,56.58,32.62,53.95
2015-03-05,86.74,104.73,63.33,77.46,84.82,61.66,25.53,13.38,55.28,14.33,81.51,90.46,96.96,69.35,58.08,77.58,45.02,57.08,32.97,54.41
2015-03-06,85.63,103.55,62.79,74.74,83.11,60.61,24.68,12.93,54.83,15.1,80.06,90.26,95.78,68.17,56.56,74.96,44.09,55.01,32.27,53.5
2015-03-09,85.16,103.95,61.97,74.77,82.36,61.06,24.73,12.73,54.9,14.18,80.81,92.02,96.97,68.5,57.1,74.76,44.01,55.18,32.1,54.0
2015-03-10,84.26,102.91,60.87,73.79,81.31,59.86,24.5,12.69,54.34,13.1,79.91,90.99,95.12,67.16,56.09,74.7,43.93,55.26,32.13,53.4
2015-03-11,84.02,103.54,61.3,74.23,81.27,59.29,24.5,12.92,53.54,12.51,79.7,90.23,94.63,66.57,55.51,74.28,43.72,54.77,31.83,53.08
2015-03-12,84.22,102.42,61.36,74.55,80.94,60.61,25.13,12.74,53.65,13.27,80.19,90.18,96.33,67.25,56.05,75.28,44.46,55.97,32.69,54.24
2015-03-13,83.87,101.62,61.64,72.81,80.42,60.6,25.15,12.58,52.94,13.25,79.23,89.49,95.12,66.64,55.26,74.61,43.95,55.31,32.39,53.18
2015-03-16,84.76,103.13,62.4,73.08,81.26,60.22,25.74,13.05,52.79,13.09,79.97,89.14,96.63,67.79,56.23,75.71,44.63,56.16,32.69,54.36
2015-03-17,84.08,103.17,62.01,72.33,80.47,60.49,25.82,12.98,52.49,13.25,78.45,88.63,96.1,67.68,55.69,75.08,44.32,55.9,32.93,54.63
2015-03-18,86.07,106.7,63.64,73.98,82.05,61.43,26.73,13.38,52.75,12.67,81.33,89.32,97.63,68.52,56.78,76.4,45.14,57.55,33.72,56.16
2015-03-19,84.41,104.75,62.76,71.84,81.01,60.3,26.37,13.04,51.67,12.87,80.09,88.08,96.86,67.58,56.27,76.01,44.66,57.05,33.25,55.34
2015-03-20,84.54,107.03,63.84,72.69,82.37,60.26,26.5,13.21,52.25,12.48,81.19,89.18,99.1,68.48,56.69,76.67,44.97,57.7,33.2,55.9
2015-03-23,85.43,105.92,63.23,72.83,82.0,60.58,26.43,13.31,51.91,12.6,81.09,89.39,98.06,68.06,56.93,76.8,45.17,57.95,33.36,55.77
2015-03-24,84.52,104.2,62.55,72.42,81.85,62.52,26.21,13.45,52.0,12.25,80.48,88.47,97.84,67.87,56.81,76.06,44.52,57.25,33.21,55.49
2015-03-25,84.86,105.67,63.05,73.69,83.29,60.09,25.86,12.95,51.18,11.87,79.86,88.3,95.83,66.81,56.6,74.96,44.03,55.91,32.84,54.73
2015-03-26,84.32,105.25,63.24,73.7,83.16,59.62,25.68,12.69,51.0,12.23,79.88,88.01,96.06,66.67,56.47,74.35,43.76,55.33,32.52,53.59
2015-03-27,83.58,104.28,62.93,72.69,83.31,59.61,25.89,12.33,51.55,13.09,79.67,87.46,96.8,66.7,56.54,75.0,44.01,55.9,32.43,54.25
2015-03-30,85.63,106.9,64.0,73.95,84.48,60.69,26.18,12.7,52.43,13.22,81.37,88.61,98.64,67.82,56.59,75.9,44.33,56.58,33.57,54.84
2015-03-31,85.0,104.98,62.26,72.97,83.44,59.79,26.01,12.58,52.84,13.19,80.03,87.69,98.07,67.94,56.62,76.78,44.28,56.25,33.61,54.51
2015-04-01,84.46,104.79,63.02,74.21,84.28,60.83,26.19,12.51,52.57,13.07,79.64,87.6,97.07,67.58,55.89,76.83,44.62,56.37,32.85,54.93
2015-04-02,84.3,105.28,63.18,74.52,84.39,61.19,26.19,12.73,52.89,13.36,80.24,87.98,97.32,67.68,55.54,76.97,44.64,56.46,33.38,54.98
2015-04-06,85.13,106.92,65.39,76.48,85.91,61.51,26.39,13.54,55.0,12.95,81.49,88.48,98.24,68.94,56.99,78.24,44.92,57.1,33.83,55.23
2015-04-07,85.75,108.54,65.79,76.78,86.27,61.27,26.07,13.55,55.25,13.27,80.54,88.44,97.9,68.56,56.47,77.65,44.26,56.37,33.8,54.91
2015-04-08,84.06,106.66,64.81,76.57,86.12,60.65,26.01,13.84,55.88,12.91,80.44,87.85,97.64,68.15,56.74,77.3,44.34,55.98,33.4,54.3
2015-04-09,84.65,106.95,67.0,77.8,88.45,61.18,26.0,14.01,59.01,13.22,80.68,88.45,98.15,68.55,56.72,77.01,44.47,55.79,33.45,53.95
2015-04-10,85.56,106.91,66.53,78.42,89.11,61.3,26.23,14.06,58.75,13.23,82.6,89.07,98.44,68.69,56.85,77.84,44.62,56.39,33.38,53.92
2015-04-13,85.34,106.5,66.34,77.71,88.02,61.41,25.94,13.99,58.38,13.35,82.14,88.0,97.1,68.34,58.4,77.23,44.2,55.67,33.13,53.97
2015-04-14,86.63,108.84,68.36,79.27,88.8,61.07,26.09,13.83,58.97,13.02,83.0,87.92,97.08,68.66,58.33,77.59,44.35,56.1,33.46,54.16
2015-04-15,88.08,110.41,69.4,81.47,92.0,63.73,26.05,13.86,59.31,13.65,85.16,89.34,97.58,69.74,59.16,78.02,44.2,56.36,33.67,54.28
2015-04-16,87.73,110.16,69.01,81.33,91.89,62.89,25.94,13.78,58.74,13.99,84.34,88.94,97.71,69.43,58.91,77.31,44.11,55.85,33.39,53.8
2015-04-17,86.93,109.11,67.69,80.5,92.86,61.94,25.79,13.79,59.05,13.65,83.28,87.51,95.62,69.11,58.43,77.31,44.11,55.73,32.99,53.34
2015-04-20,87.24,110.29,68.61,80.34,92.47,62.25,26.12,13.68,59.19,13.31,84.6,88.9,96.45,69.81,58.7,78.61,44.76,56.63,33.66,54.23
2015-04-21,86.88,109.73,68.02,79.42,91.29,63.11,25.85,13.96,58.75,13.35,83.92,87.92,95.27,69.35,58.22,78.07,44.42,55.97,33.11,53.7
2015-04-22,87.46,109.5,67.88,79.56,92.16,63.88,25.82,14.63,58.94,13.38,84.87,88.1,96.08,69.28,58.15,78.3,44.48,56.14,33.11,53.88
2015-04-23,87.54,109.97,68.26,80.01,93.05,64.75,26.07,14.57,58.95,13.9,84.79,88.59,96.85,69.1,58.21,78.86,44.69,56.9,33.09,54.28
2015-04-24,86.97,109.87,67.51,79.74,91.61,63.43,26.26,14.56,59.0,13.47,84.6,88.39,96.37,68.58,57.65,79.41,44.87,57.88,34.06,54.76
2015-04-27,87.01,109.7,67.06,79.4,92.33,62.91,25.95,15.44,58.52,13.0,85.33,88.93,96.41,69.38,58.46,78.37,44.32,57.71,33.37,54.22
2015-04-28,87.8,111.12,67.74,79.67,92.66,63.57,26.02,15.37,59.45,13.21,86.2,88.89,96.77,68.61,58.66,78.97,44.66,58.08,33.72,54.49
2015-04-29,87.87,111.73,68.06,80.08,94.28,61.94,25.68,15.5,60.25,12.85,87.5,89.87,95.66,69.54,59.09,78.43,44.65,57.79,33.82,53.82
2015-04-30,87.37,111.06,67.92,80.07,94.61,59.67,25.23,15.07,59.7,12.57,86.88,90.52,94.88,68.73,58.83,77.57,44.3,56.87,34.02,53.09
2015-05-01,88.85,109.04,67.44,80.47,93.0,57.34,25.47,15.07,60.44,12.75,87.37,91.39,96.37,70.52,59.33,77.9,44.82,57.03,34.12,53.4
2015-05-04,89.11,108.32,67.02,80.0,92.98,56.78,25.69,15.37,60.12,12.18,87.3,90.89,96.45,70.8,59.49,77.96,44.98,57.36,34.81,53.91
2015-05-05,88.61,108.0,67.2,78.59,92.04,56.81,25.04,15.53,60.0,12.11,87.0,90.14,95.47,71.41,58.4,76.25,44.27,55.9,34.02,52.16
2015-05-06,88.19,107.95,67.23,79.39,92.27,55.66,25.01,15.36,60.0,10.62,86.99,89.97,94.95,71.56,58.22,76.41,44.08,54.96,33.44,51.61
2015-05-07,87.6,107.57,66.62,77.58,90.23,56.32,25.15,15.79,62.83,10.92,86.43,89.63,94.97,71.25,58.1,76.81,44.23,55.26,33.83,51.9
2015-05-08,88.99,108.65,67.17,77.87,92.43,56.37,25.3,15.77,63.16,10.26,87.31,89.89,96.01,72.1,58.79,77.11,44.15,55.8,33.93,52.93
2015-05-11,86.78,107.36,65.28,76.65,91.77,56.38,25.0,15.97,63.25,10.58,88.77,91.14,96.55,72.27,59.3,76.57,43.59,55.43,33.38,52.49
2015-05-12,87.02,107.56,65.4,76.65,92.47,56.05,24.98,16.32,62.68,10.2,88.16,90.41,96.19,71.94,60.18,76.3,43.47,54.95,33.65,52.69
2015-05-13,86.56,107.7,65.39,76.14,92.51,56.77,25.05,16.21,62.54,9.82,88.44,90.64,98.19,72.81,60.34,74.44,43.38,54.28,33.09,52.13
2015-05-14,86.97,108.45,65.42,76.26,92.17,56.56,25.27,16.27,63.63,10.09,88.74,92.21,100.07,73.5,60.53,75.49,43.18,55.1,33.54,52.72
2015-05-15,87.35,108.03,65.76,76.81,92.14,56.72,25.54,16.59,64.38,10.54,88.43,89.13,100.46,73.32,60.19,76.15,43.72,55.6,34.5,53.43
2015-05-18,86.85,106.65,66.04,77.21,92.75,56.18,25.57,16.58,63.26,10.71,88.29,89.18,100.39,73.46,60.2,76.03,43.65,55.88,34.49,53.71
2015-05-19,86.99,105.02,65.12,75.81,90.56,55.28,25.63,16.48,62.7,10.37,87.24,89.17,99.48,72.8,59.9,76.19,43.67,55.8,34.62,53.91
2015-05-20,87.13,105.25,64.78,76.59,90.75,54.92,25.63,16.29,62.54,10.09,87.93,88.98,99.88,72.77,60.13,76.54,43.67,55.92,34.33,53.88
2015-05-21,87.21,105.49,65.58,76.92,92.03,55.89,25.54,16.37,62.71,10.01,89.33,89.46,100.0,73.4,61.72,76.16,43.38,55.81,34.46,53.84
2015-05-22,86.52,104.89,65.11,76.98,92.02,55.07,25.56,16.52,61.87,9.95,88.63,93.35,99.59,73.09,61.78,76.05,43.23,55.65,34.4,53.8
2015-05-26,85.35,103.29,63.84,76.69,90.74,51.06,25.26,16.5,61.16,9.79,87.84,93.8,98.57,72.01,60.83,75.76,43.3,55.33,33.89,53.55
2015-05-27,85.11,103.11,63.82,76.79,91.0,51.28,25.21,16.5,61.32,9.9,87.92,94.36,99.08,72.98,60.95,76.21,43.73,56.06,33.95,53.7
2015-05-28,85.11,103.24,63.86,77.7,90.65,50.75,25.57,16.76,60.59,9.82,86.01,93.5,99.37,72.78,61.02,75.95,43.51,56.1,33.95,53.99
2015-05-29,85.2,103.0,63.68,78.16,90.77,49.71,25.59,16.72,60.15,9.47,85.32,93.68,97.97,71.59,60.31,75.73,43.69,56.29,33.83,53.73
2015-06-01,85.13,102.63,63.61,78.86,90.65,49.9,25.88,16.63,59.85,9.29,85.53,92.64,97.84,71.58,60.24,76.0,43.67,56.01,33.99,53.8
2015-06-02,85.14,102.58,64.07,79.41,91.5,50.95,25.55,16.56,60.66,9.77,86.17,92.75,98.31,72.35,60.3,75.05,43.28,55.17,33.73,53.15
2015-06-03,84.95,102.17,63.8,78.34,91.36,50.83,25.05,16.6,61.45,9.89,86.23,92.74,98.7,72.87,60.34,74.2,43.12,54.38,33.42,52.38
2015-06-04,84.22,101.39,63.0,77.27,90.07,49.67,25.09,16.39,61.27,9.26,85.47,91.87,97.52,72.04,58.92,74.21,43.18,54.29,33.59,52.15
2015-06-05,84.28,101.59,63.04,79.06,90.17,51.3,24.69,16.61,61.13,9.13,86.05,92.13,97.54,71.75,59.21,72.85,42.66,53.44,33.43,51.94
2015-06-08,84.85,100.42,63.43,77.2,89.37,49.85,24.53,17.09,60.69,8.99,86.15,91.61,97.08,71.66,59.12,72.45,42.6,53.46,33.11,51.52
2015-06-09,84.58,100.42,63.06,77.45,89.86,49.17,24.55,17.07,60.6,8.86,86.73,91.85,97.37,71.49,59.18,72.13,42.44,53.46,33.11,51.52
2015-06-10,85.21,101.83,64.02,78.8,91.63,50.29,24.78,16.71,61.17,8.79,88.48,92.94,98.5,72.54,59.77,72.05,42.34,53.89,34.18,51.66
2015-06-11,85.09,101.12,64.03,78.86,90.67,50.43,24.92,16.76,61.46,9.03,88.17,93.21,98.63,72.57,60.14,72.86,42.59,54.31,34.25,52.02
2015-06-12,84.02,99.87,63.51,77.75,90.15,50.48,24.81,16.71,59.78,9.15,87.85,92.56,97.83,71.88,59.63,72.53,42.3,53.93,33.9,51.43
2015-06-15,83.72,99.29,63.27,77.42,89.43,53.48,24.78,16.69,57.92,8.97,87.13,92.46,97.25,70.89,58.7,72.5,42.09,53.65,33.81,51.3
2015-06-16,84.68,100.04,63.43,78.48,89.69,52.15,24.88,16.87,57.98,9.07,86.59,92.12,97.87,70.44,58.61,72.57,42.48,53.73,34.0,51.4
2015-06-17,84.73,99.76,63.09,78.77,89.67,51.76,25.18,17.36,58.45,9.05,87.25,92.25,97.97,70.38,58.35,73.08,42.69,54.06,34.18,52.19
2015-06-18,85.48,100.25,62.93,79.07,88.63,51.98,25.57,17.46,59.64,9.0,87.44,92.6,99.22,71.05,58.75,74.54,43.32,54.83,34.26,52.34
2015-06-19,85.21,99.47,62.35,77.94,86.62,51.03,25.24,17.5,58.6,9.09,87.52,92.56,99.04,70.2,58.11,73.2,42.73,54.47,33.53,51.98
2015-06-22,85.17,100.29,62.58,78.76,86.97,51.11,25.19,17.32,59.01,8.89,88.27,93.55,99.07,70.2,58.26,73.07,42.51,54.24,33.4,51.91
2015-06-23,85.07,100.09,63.17,79.37,88.0,51.49,24.82,17.84,58.96,8.87,88.45,93.68,98.5,70.3,57.88,71.78,42.05,53.34,32.8,51.27
2015-06-24,84.68,99.27,62.83,79.29,87.51,51.36,24.63,17.68,57.64,8.68,88.17,94.0,97.87,69.59,57.49,70.93,41.7,52.96,32.78,50.49
2015-06-25,83.93,98.34,62.22,78.5,86.67,50.97,24.5,17.92,58.27,8.5,86.72,94.0,97.18,68.54,56.62,70.68,41.61,52.62,32.03,49.7
2015-06-26,83.86,98.6,62.18,79.18,86.67,49.95,24.68,17.81,59.1,8.06,86.82,96.44,97.35,68.28,56.58,71.0,41.89,52.91,32.11,49.72
2015-06-29,82.82,96.69,61.01,77.34,85.66,47.84,24.54,17.47,56.24,7.84,85.3,94.96,95.76,66.93,55.56,70.85,41.96,52.8,31.8,49.64
2015-06-30,83.2,96.47,61.41,77.74,86.19,46.98,24.51,17.88,55.27,7.61,84.82,97.05,95.87,67.49,55.43,70.62,41.9,52.97,31.42,49.47
2015-07-01,82.37,96.09,60.03,75.92,84.3,46.04,24.61,17.94,54.46,7.61,83.95,96.19,96.69,67.64,55.45,71.08,42.18,53.29,31.73,49.42
2015-07-02,83.14,95.87,60.52,75.7,84.01,45.17,25.05,18.67,55.03,7.62,84.38,96.35,96.38,67.41,55.86,72.53,42.89,54.23,32.05,50.19
2015-07-06,82.53,94.77,59.06,73.87,83.49,44.19,25.11,18.65,54.25,7.45,83.15,95.57,96.26,66.74,55.26,72.85,43.12,54.53,31.94,49.95
2015-07-07,82.87,95.27,59.65,74.17,84.2,45.12,25.72,17.86,54.25,7.57,83.99,96.28,96.69,66.91,55.05,75.27,44.26,56.08,32.77,50.6
2015-07-08,81.97,93.56,58.36,72.51,82.92,43.27,25.49,17.0,53.07,6.2,82.27,94.96,94.93,65.41,53.98,74.79,44.2,56.03,32.6,50.72
2015-07-09,81.6,93.78,58.67,73.09,83.55,43.65,25.3,17.19,53.44,5.87,81.69,94.54,95.13,65.39,53.76,74.07,43.27,55.52,32.5,50.06
2015-07-10,82.22,94.41,59.13,73.28,83.96,44.03,25.41,17.28,54.0,5.99,82.15,95.17,96.29,65.77,53.83,74.37,43.36,55.56,32.75,50.55
2015-07-13,82.42,94.6,58.93,73.42,84.29,46.01,25.49,17.48,55.38,6.33,83.64,96.27,97.56,66.41,54.3,74.35,43.4,55.34,32.7,50.88
2015-07-14,83.11,95.55,59.53,74.25,85.29,45.81,25.5,17.71,55.33,6.68,84.46,96.4,97.86,66.43,54.2,73.8,43.21,55.19,32.77,50.99
2015-07-15,82.76,94.24,58.42,73.06,83.63,44.49,25.69,17.54,54.27,6.3,84.16,96.52,97.63,65.74,53.48,74.02,43.37,55.68,32.85,51.27
2015-07-16,82.91,94.48,57.95,72.47,83.89,44.76,26.11,17.78,54.42,6.33,83.76,97.33,97.38,65.98,53.37,74.81,43.98,56.36,33.59,51.95
2015-07-17,82.61,93.15,57.2,71.89,83.71,43.95,25.91,18.31,53.01,6.45,83.16,96.97,99.23,65.11,52.59,73.57,43.51,55.72,33.49,51.2
2015-07-20,81.76,92.94,56.57,70.23,83.52,43.28,25.79,18.82,52.75,6.16,82.25,96.22,100.01,65.25,52.74,73.27,43.32,55.54,33.39,51.01
2015-07-21,81.66,93.9,56.49,70.19,84.3,43.48,25.53,17.78,52.09,6.21,82.22,95.51,99.1,64.01,52.14,72.42,43.21,54.89,32.78,50.34
2015-07-22,81.79,93.51,55.83,69.44,85.26,42.5,25.7,17.86,51.71,5.88,79.76,94.82,98.48,63.48,51.76,72.37,43.25,55.21,32.78,50.48
2015-07-23,81.14,92.94,54.04,69.66,86.02,42.74,25.52,17.81,51.32,5.72,76.88,93.26,98.08,62.99,51.52,71.56,42.98,54.59,31.24,49.85
2015-07-24,79.94,90.6,52.09,68.39,82.9,42.97,25.57,17.69,49.81,5.76,76.1,92.42,96.62,61.15,50.68,71.69,42.88,54.6,30.91,49.81
2015-07-27,79.26,89.14,50.65,67.73,81.76,42.27,25.88,16.87,49.81,5.64,75.32,91.25,95.56,60.57,50.46,73.0,43.44,55.74,30.63,50.17
2015-07-28,82.48,92.4,52.24,69.59,82.5,43.38,26.02,17.65,50.78,5.63,77.78,92.47,97.97,61.49,51.8,73.13,43.54,55.89,31.0,50.19
2015-07-29,83.14,93.25,52.9,70.83,83.89,45.54,26.15,17.59,51.91,5.97,77.33,93.63,99.23,61.8,52.21,73.11,43.57,55.94,31.14,50.3
2015-07-30,83.01,93.03,52.07,71.37,83.52,45.31,26.22,17.79,53.4,5.99,78.35,93.51,99.08,61.08,51.98,73.45,44.38,56.32,31.65,50.43
2015-07-31,79.21,88.48,50.34,70.17,82.82,44.3,26.3,17.74,54.2,5.91,78.63,94.57,98.77,60.58,51.75,74.22,44.73,56.57,32.09,50.89
2015-08-03,78.06,85.6,49.71,69.37,82.08,43.69,26.93,17.33,53.29,5.47,77.26,93.42,98.44,60.26,51.33,74.96,44.96,57.06,32.45,51.38
2015-08-04,77.17,85.21,49.87,69.0,82.27,44.5,26.64,17.75,53.63,5.64,76.6,93.11,98.36,59.58,49.64,73.92,44.42,56.39,31.75,49.98
2015-08-05,77.17,84.03,49.12,68.63,82.5,51.92,26.49,18.01,53.26,6.98,76.88,95.52,99.41,59.62,49.91,73.98,44.61,56.65,31.73,50.34
2015-08-06,78.09,85.19,50.28,69.39,83.59,51.2,26.44,16.41,51.77,6.84,77.46,95.6,99.46,59.98,49.74,73.84,45.06,56.26,31.99,50.12
2015-08-07,76.83,83.75,48.84,68.75,82.25,52.08,26.75,16.17,51.24,6.24,77.29,95.85,99.15,59.85,49.19,75.15,45.53,56.77,32.44,50.92
2015-08-10,78.75,85.89,50.2,71.25,84.44,53.48,26.63,16.08,52.69,6.14,80.16,97.14,100.88,61.39,50.02,74.81,45.46,56.71,32.18,51.17
2015-08-11,77.49,85.78,50.4,71.45,84.36,51.44,26.66,15.82,52.0,5.67,78.04,96.24,99.07,60.11,48.93,75.29,45.91,56.85,32.09,51.42
2015-08-12,78.79,86.79,51.54,73.7,84.83,51.88,27.1,15.88,51.12,5.57,78.92,93.64,99.23,60.3,49.08,75.56,46.57,57.57,32.69,52.66
2015-08-13,78.65,85.85,50.1,72.9,84.09,51.11,27.23,16.17,50.42,5.44,77.76,93.1,99.21,59.94,49.41,75.58,46.16,57.55,32.75,52.54
2015-08-14,78.36,85.99,49.77,73.37,83.86,51.51,27.26,16.21,51.11,5.5,78.49,94.34,99.74,59.96,49.6,76.37,46.33,58.2,33.08,53.06
2015-08-17,78.77,83.23,49.56,73.71,83.5,51.74,27.38,17.0,51.77,5.6,78.54,94.18,99.92,60.33,50.34,76.52,46.3,58.35,33.41,53.19
2015-08-18,77.9,83.44,49.51,73.76,83.15,51.63,27.38,17.38,51.11,5.01,78.82,93.91,99.86,59.82,50.11,76.24,46.07,58.27,33.6,52.8
2015-08-19,76.23,80.91,47.68,72.13,80.67,49.94,27.27,17.02,49.88,4.97,77.41,91.98,98.76,58.65,49.73,77.21,46.31,58.8,34.18,52.45
2015-08-20,74.57,79.24,47.0,70.44,79.44,47.91,27.06,16.15,49.32,4.51,76.41,90.65,96.5,58.12,49.07,76.77,46.36,58.37,33.8,52.15
2015-08-21,72.13,75.76,45.39,69.23,77.5,45.27,26.74,15.38,46.81,4.42,75.0,83.29,92.97,56.69,47.96,76.71,45.8,57.29,33.0,50.98
2015-08-24,68.72,72.12,42.93,65.7,73.87,43.61,25.76,14.59,44.34,4.86,72.82,80.77,89.58,54.32,46.36,72.44,43.58,54.83,32.64,49.37
2015-08-25,68.71,70.02,42.19,65.72,72.52,44.38,25.13,14.67,42.8,4.34,72.06,79.09,88.31,52.71,45.16,70.21,42.5,53.02,30.4,48.3
2015-08-26,72.5,73.09,43.41,67.12,70.09,46.09,25.41,14.99,43.07,4.48,73.87,81.23,91.98,54.57,46.41,71.74,43.61,54.01,31.44,48.47
2015-08-27,74.85,77.64,45.87,70.53,73.85,47.84,25.57,16.2,45.13,4.63,75.66,82.39,93.92,56.63,47.64,72.52,43.91,54.91,31.72,48.92
2015-08-28,75.07,80.43,46.82,71.81,76.06,47.8,25.45,16.57,45.3,4.58,75.95,82.47,94.04,57.05,48.05,72.39,43.74,54.9,31.4,48.68
2015-08-31,75.24,80.99,49.15,72.98,77.37,47.84,24.6,16.6,45.21,4.6,76.44,81.78,93.33,57.06,47.72,70.91,43.41,54.29,30.76,47.42
2015-09-01,72.08,78.19,47.75,69.98,75.42,47.26,23.84,15.91,42.85,4.42,74.9,80.0,90.22,54.9,46.27,69.05,42.41,52.99,29.96,46.11
2015-09-02,73.23,78.06,48.19,71.05,75.41,47.96,23.76,16.51,42.73,4.42,76.1,80.78,92.15,55.57,46.79,69.16,42.52,53.01,29.96,46.0
2015-09-03,73.79,78.26,48.18,70.83,76.26,48.29,23.79,16.37,42.87,4.46,74.45,80.99,92.68,55.29,46.43,69.28,42.58,53.35,30.26,46.7
2015-09-04,72.46,76.67,47.2,69.62,75.0,46.94,23.66,16.13,42.43,4.49,73.1,79.22,90.81,55.05,45.82,68.26,41.98,52.54,29.72,46.32
2015-09-08,73.5,76.84,48.46,69.47,75.54,49.11,24.27,16.54,43.02,4.6,74.3,80.1,93.84,56.68,46.85,69.36,42.7,54.08,30.29,46.48
2015-09-09,72.0,74.92,47.85,67.61,74.4,47.73,23.82,16.59,43.03,4.44,72.96,79.57,92.95,55.99,46.52,68.21,42.46,53.37,29.79,45.74
2015-09-10,72.52,75.66,48.43,67.71,74.07,48.22,23.84,16.57,42.8,4.4,72.42,80.07,93.6,55.86,46.37,67.74,42.3,53.39,29.75,45.05
2015-09-11,72.69,75.79,47.36,66.87,73.7,48.79,23.96,16.68,42.0,4.49,72.63,79.25,93.66,55.72,46.04,68.34,42.71,53.78,29.7,45.16
2015-09-14,72.49,75.77,46.77,66.16,72.84,46.2,24.03,16.88,41.88,4.42,72.77,79.68,93.29,54.68,45.52,68.31,42.63,53.68,30.16,45.16
2015-09-15,72.86,77.17,47.28,66.72,73.59,46.58,24.06,16.9,44.27,4.48,74.58,81.41,94.32,55.74,46.32,68.59,42.63,53.85,30.49,45.42
2015-09-16,74.3,79.02,49.47,68.36,76.16,47.76,24.38,17.48,44.74,4.63,75.64,81.35,94.92,56.54,47.06,69.18,42.91,54.63,31.06,45.73
2015-09-17,74.46,79.41,50.13,68.31,75.3,46.92,24.68,17.47,45.05,4.63,74.06,80.43,94.52,55.05,46.85,69.91,43.48,55.87,31.57,46.47
2015-09-18,72.68,77.74,48.36,66.81,72.54,45.33,24.32,17.37,45.71,4.66,71.86,79.54,92.18,52.93,45.11,69.45,43.43,55.48,30.91,46.22
2015-09-21,73.39,78.09,48.75,66.77,72.87,45.14,24.51,17.61,46.4,4.39,72.16,79.16,91.9,53.26,45.12,70.05,43.77,55.6,30.52,46.53
2015-09-22,72.74,77.25,48.62,65.73,72.57,44.42,24.26,17.4,45.71,4.17,71.68,78.84,90.3,53.0,44.65,69.15,43.01,54.72,28.46,46.5
2015-09-23,72.3,76.12,47.86,64.79,71.94,43.37,24.25,17.4,45.31,4.03,70.2,77.69,88.93,52.36,43.67,69.09,42.95,55.02,29.02,46.05
2015-09-24,72.73,76.89,47.76,65.05,72.69,43.64,24.38,17.54,45.22,3.97,65.8,75.76,88.02,52.19,43.66,70.32,43.48,55.46,29.07,46.37
2015-09-25,73.23,77.7,47.19,66.09,72.9,43.29,24.65,17.13,45.13,3.9,64.98,75.81,87.93,51.92,43.78,70.71,44.13,55.99,29.5,46.97
2015-09-28,72.6,75.77,45.85,63.61,69.37,40.81,24.39,16.56,41.78,3.62,63.79,73.76,86.11,50.05,43.04,70.45,44.09,55.86,29.2,47.02
2015-09-29,72.97,76.25,46.57,64.44,69.1,41.02,24.2,16.44,42.53,3.55,64.31,73.62,86.99,50.66,43.46,70.73,44.29,56.13,29.15,47.23
2015-09-30,74.35,78.88,47.96,66.12,68.97,42.75,24.39,16.56,44.1,3.7,65.36,74.0,89.03,51.3,44.17,71.94,44.7,56.86,29.7,48.36
2015-10-01,74.06,78.34,48.16,65.94,67.65,42.68,24.14,15.99,45.17,3.65,64.39,72.89,89.05,50.58,42.78,70.67,44.19,56.14,29.2,48.2
2015-10-02,75.88,81.55,51.19,68.76,70.32,45.46,24.64,16.5,46.15,4.07,65.7,73.57,90.77,51.4,44.19,71.96,44.69,56.32,29.82,48.34
2015-10-05,76.81,84.03,52.98,70.62,72.09,46.66,25.18,16.41,47.43,4.64,69.18,78.21,92.5,52.76,46.02,73.08,45.2,57.46,30.3,49.18
2015-10-06,77.89,86.99,55.14,71.56,73.94,48.88,24.96,16.1,47.61,4.77,70.82,78.44,92.34,52.58,46.2,73.09,44.79,56.62,30.21,48.84
2015-10-07,79.2,88.12,55.27,71.86,75.35,49.91,24.98,15.46,48.91,5.05,70.38,78.89,93.54,54.11,46.35,72.67,44.76,56.04,30.13,48.9
2015-10-08,80.03,89.91,56.28,74.04,76.64,51.12,25.21,15.11,50.57,5.22,71.84,80.91,95.03,55.3,47.52,73.0,45.15,56.87,30.88,49.83
2015-10-09,79.26,89.57,56.1,73.57,76.36,51.2,25.26,14.71,50.72,5.16,71.3,79.87,95.11,54.82,47.15,72.26,44.96,56.74,30.82,49.86
2015-10-12,79.3,88.74,55.27,73.01,74.94,50.83,25.36,14.37,50.51,5.08,70.5,78.43,95.43,54.14,46.95,72.82,45.61,57.56,31.03,50.16
2015-10-13,79.16,88.38,55.04,72.68,74.64,50.58,25.31,14.62,50.26,4.88,70.17,76.93,93.85,53.5,46.49,72.53,45.57,57.65,30.59,50.27
2015-10-14,80.16,89.76,55.46,73.87,75.01,51.95,25.23,14.46,51.44,4.99,70.71,76.28,92.38,52.75,46.27,72.34,45.52,58.15,30.39,49.7
2015-10-15,81.48,90.72,55.23,74.69,76.16,52.48,25.8,14.75,51.47,5.21,70.83,76.23,92.61,52.1,46.82,73.48,45.82,58.72,30.96,50.35
2015-10-16,82.48,91.29,55.23,74.2,74.51,52.05,25.91,15.13,52.45,4.96,69.68,76.0,91.23,51.15,45.27,73.59,46.22,58.54,30.46,50.8
2015-10-19,80.99,90.03,53.69,72.68,74.14,51.19,25.94,15.21,52.26,4.98,69.27,75.97,91.37,51.27,45.48,73.58,45.96,58.59,30.18,50.92
2015-10-20,80.83,89.99,53.54,72.55,75.55,51.77,25.98,14.2,52.1,3.75,70.27,76.39,92.4,52.37,46.12,73.7,45.97,58.66,30.58,50.73
2015-10-21,80.21,89.33,52.97,71.98,75.63,49.94,26.05,14.01,51.18,3.98,69.67,76.65,92.86,52.52,46.29,73.86,46.08,58.94,30.46,50.57
2015-10-22,82.89,91.62,54.58,74.31,78.26,49.89,26.43,14.11,52.39,3.83,70.88,79.35,96.45,54.35,47.78,75.06,46.5,59.17,31.01,51.26
2015-10-23,82.98,91.24,54.61,73.68,78.35,50.43,26.14,13.94,52.58,3.87,71.75,80.26,96.96,54.31,48.18,73.74,45.81,57.48,29.86,50.73
2015-10-26,81.22,88.77,52.95,71.63,77.15,50.57,25.96,14.35,52.68,4.03,71.52,77.51,96.63,53.78,48.01,72.25,45.64,57.82,29.17,50.73
2015-10-27,81.09,87.7,51.69,70.17,76.95,49.16,26.02,14.02,51.93,3.5,70.39,76.12,96.32,52.75,46.89,72.41,45.66,57.67,28.55,50.51
2015-10-28,82.28,89.79,53.34,73.78,79.13,50.85,25.74,14.2,53.58,3.7,71.97,78.95,97.39,54.08,47.41,71.55,45.33,57.07,28.56,50.45
2015-10-29,82.23,89.89,53.62,74.1,78.69,50.99,25.45,14.11,54.29,3.7,71.97,78.24,96.78,54.31,47.18,71.57,44.95,56.21,28.59,50.65
2015-10-30,82.74,90.88,53.35,74.51,78.16,57.07,25.66,13.8,53.52,3.6,72.99,78.0,97.1,55.91,47.23,71.47,45.1,56.65,27.92,51.2
2015-11-02,85.28,94.96,54.94,75.55,79.43,57.78,25.56,14.25,54.24,3.49,74.34,80.19,97.95,56.72,48.35,72.18,45.23,56.89,28.37,51.2
2015-11-03,86.85,98.14,56.73,76.57,81.52,58.35,25.58,13.89,54.67,3.72,74.75,79.54,97.45,56.74,49.64,72.24,45.44,56.75,28.51,52.23
2015-11-04,85.98,96.77,56.34,75.73,80.31,58.66,25.8,15.44,54.22,2.33,74.55,78.24,97.19,56.74,49.68,71.93,45.8,56.71,29.1,52.76
2015-11-05,84.81,94.55,56.28,75.68,78.8,58.33,25.52,15.45,49.43,2.3,74.22,77.93,97.4,57.11,49.15,71.45,45.63,56.49,28.74,52.06
2015-11-06,84.47,94.03,55.77,75.07,79.06,59.67,24.71,15.49,50.68,2.19,73.84,77.51,97.78,57.22,49.23,67.76,43.59,53.96,28.09,50.46
2015-11-09,81.95,92.32,54.64,75.18,77.91,58.39,24.73,15.02,49.92,2.1,71.89,76.24,96.57,56.36,48.32,67.97,44.02,54.43,28.81,50.17
2015-11-10,82.35,93.23,54.65,76.23,78.77,55.87,24.75,14.43,49.58,1.92,72.43,76.27,96.28,56.23,47.79,67.37,44.44,55.1,28.74,50.65
2015-11-11,81.62,92.19,53.44,75.59,77.63,54.75,24.93,14.61,48.9,1.87,71.91,75.05,97.08,55.52,47.97,68.23,45.03,55.56,28.87,50.74
2015-11-12,79.41,89.86,51.97,73.11,76.6,53.92,25.18,14.2,46.92,1.86,68.66,73.27,95.87,54.19,47.25,67.29,43.89,55.32,28.56,49.75
2015-11-13,78.1,88.68,51.83,73.48,76.14,52.72,25.11,13.81,47.62,1.88,69.63,74.65,95.04,54.11,47.69,66.89,43.95,55.06,28.34,49.43
2015-11-16,80.9,91.45,54.37,74.94,78.33,54.18,25.53,14.29,47.98,2.12,70.39,74.71,96.8,55.41,48.85,67.73,44.74,56.21,28.65,50.74
2015-11-17,79.96,91.03,53.9,74.22,76.74,52.75,25.19,14.27,48.52,1.89,69.39,73.8,96.17,55.44,48.68,65.83,44.1,55.05,27.69,50.05
2015-11-18,80.74,92.21,54.48,75.74,78.55,53.94,24.93,14.74,50.81,1.9,70.32,74.52,97.84,56.88,50.01,67.2,44.45,55.41,28.12,50.55
2015-11-19,80.3,90.83,53.56,75.27,77.92,53.28,25.25,14.79,50.69,1.73,70.02,74.94,98.76,56.77,50.14,68.49,45.18,56.32,28.16,50.83
2015-11-20,79.79,89.01,52.93,74.06,77.15,54.44,25.25,14.67,51.67,1.71,71.14,75.48,99.31,57.59,50.16,69.1,45.24,56.54,28.0,51.09
2015-11-23,80.28,90.01,53.28,74.07,77.22,54.88,25.12,14.52,52.11,1.69,71.02,74.61,98.34,57.22,50.02,68.01,44.92,55.99,27.67,50.54
2015-11-24,81.88,91.35,55.32,75.87,78.18,56.17,24.85,14.55,53.01,1.73,71.4,76.34,97.0,57.69,50.07,68.08,44.81,55.79,27.78,50.14
2015-11-25,81.25,90.87,54.38,75.35,77.53,56.4,24.72,15.31,52.9,1.75,71.49,80.0,97.43,57.95,50.24,67.72,44.58,55.61,27.7,49.59
2015-11-27,81.23,90.37,53.48,75.16,77.33,56.1,24.84,15.44,53.11,1.77,71.22,79.09,97.84,58.1,50.29,67.51,44.58,55.94,27.62,49.82
2015-11-30,81.66,91.32,54.05,75.56,77.15,56.51,24.96,15.35,53.56,1.67,72.65,79.57,97.73,58.16,50.0,67.76,44.54,56.01,27.31,49.62
2015-12-01,81.89,92.48,54.61,76.66,78.17,58.18,25.14,15.81,52.95,1.89,71.56,79.49,97.92,58.45,49.62,68.06,45.18,56.73,27.85,50.03
2015-12-02,79.55,90.25,52.55,75.28,75.81,59.67,24.5,15.47,52.28,2.02,71.03,79.33,96.93,57.13,48.91,66.13,44.21,55.33,27.34,49.19
2015-12-03,78.41,88.85,51.61,72.4,74.81,59.46,24.11,15.51,52.83,2.13,69.64,78.3,96.28,55.62,48.58,66.23,44.18,54.7,27.14,48.48
2015-12-04,78.86,89.71,51.19,71.69,74.71,59.84,24.54,15.36,52.99,2.08,69.98,79.59,98.3,56.05,49.17,67.04,44.83,55.84,26.71,48.84
2015-12-07,76.8,87.28,48.99,69.29,72.8,59.32,24.64,15.41,51.1,2.26,68.36,79.1,97.95,54.71,48.51,68.5,45.28,56.25,26.76,47.5
2015-12-08,74.63,86.44,48.3,67.27,71.5,59.07,24.84,15.11,49.78,2.11,66.54,79.25,96.52,53.0,47.28,68.44,45.3,55.88,26.54,47.01
2015-12-09,75.63,87.6,48.47,67.92,72.12,58.85,24.69,14.97,50.02,2.22,65.91,79.24,95.8,52.67,47.14,68.61,45.14,56.25,26.57,46.88
2015-12-10,75.69,89.3,49.22,68.39,71.48,54.35,24.4,15.14,49.21,2.15,66.38,78.6,95.67,52.14,46.97,67.43,44.49,54.88,26.48,46.26
2015-12-11,74.34,86.44,48.13,66.0,69.82,55.26,24.35,14.47,47.95,2.1,65.43,77.16,92.36,50.87,45.48,67.84,44.4,54.56,25.94,45.64
2015-12-14,76.03,89.33,49.53,66.62,70.02,58.41,24.5,14.57,47.76,2.23,66.12,78.94,93.06,50.38,44.99,68.45,44.95,54.54,25.46,45.95
2015-12-15,79.43,92.76,50.56,68.41,71.84,59.83,24.68,14.74,48.68,2.41,66.75,77.25,92.58,50.58,45.22,68.84,45.41,56.04,25.65,46.4
2015-12-16,79.15,93.44,49.35,68.84,71.22,65.62,25.91,15.63,51.83,3.34,67.72,78.19,97.86,51.99,46.1,70.03,46.33,57.01,26.44,48.12
2015-12-17,77.96,90.54,47.28,66.39,69.2,64.48,25.85,15.56,52.42,3.16,64.9,76.91,96.19,50.13,45.0,70.5,46.51,57.42,26.6,47.98
2015-12-18,77.28,89.81,45.93,65.93,67.34,63.41,25.53,15.36,51.18,3.01,65.11,74.97,95.74,49.74,44.59,69.6,46.2,56.28,26.9,47.2
2015-12-21,77.26,89.24,45.1,66.11,67.95,65.74,25.57,15.5,51.46,3.59,65.24,75.71,96.46,50.71,45.88,69.81,46.23,56.55,27.43,47.09
2015-12-22,77.65,90.27,46.28,66.95,69.49,64.99,25.73,15.33,54.31,3.54,68.41,77.59,97.93,51.81,46.85,70.95,46.45,57.21,27.52,46.96
2015-12-23,80.19,93.81,49.03,69.18,71.01,66.17,26.0,15.31,56.29,3.68,69.89,79.22,98.68,53.28,48.33,72.0,47.1,58.25,27.79,48.27
2015-12-24,79.33,92.05,48.59,69.17,70.53,66.92,25.98,15.37,55.95,3.62,69.38,78.79,98.39,53.25,48.26,72.04,47.1,58.4,27.75,48.01
2015-12-28,78.74,90.36,47.19,67.96,70.42,66.4,26.0,15.26,56.75,3.59,68.58,77.97,98.09,52.59,48.26,71.92,47.11,58.6,27.76,48.02
2015-12-29,79.16,91.25,47.77,68.16,70.51,66.41,26.16,15.81,56.73,3.46,69.19,77.64,99.04,53.08,48.49,72.37,47.26,58.89,27.95,47.92
2015-12-30,78.11,90.09,46.6,66.99,69.64,66.99,26.23,15.87,56.34,3.5,68.69,77.5,98.21,52.59,48.53,72.19,47.27,58.9,27.69,47.42
2015-12-31,77.95,89.96,46.69,67.58,69.75,65.99,25.97,16.0,56.01,3.51,67.96,76.27,97.38,52.04,47.83,71.39,46.79,58.27,27.77,47.01
2016-01-04,77.46,88.85,46.88,67.38,69.18,66.72,25.89,14.89,55.55,3.49,67.99,76.08,96.44,52.22,47.3,71.19,47.03,58.33,27.97,46.59
2016-01-05,78.12,89.61,47.4,68.5,69.5,72.03,26.14,14.9,54.7,3.35,67.28,76.52,97.23,51.85,46.99,71.7,47.36,58.81,28.16,47.15
2016-01-06,77.47,86.07,45.35,65.41,67.7,69.52,26.06,14.6,52.31,3.16,66.22,75.66,96.13,50.92,46.45,71.86,47.37,59.03,28.19,46.0
2016-01-07,76.23,83.02,44.06,64.23,66.19,66.22,26.18,14.38,49.95,3.0,63.94,74.99,93.3,49.73,44.61,71.2,46.97,58.35,27.84,43.5
2016-01-08,74.69,82.13,43.29,63.14,65.08,65.62,26.29,14.07,49.01,2.99,63.29,73.76,92.54,49.17,44.1,71.04,46.62,58.26,27.82,43.91
2016-01-11,73.69,80.77,41.12,61.19,64.83,65.42,26.39,13.86,48.04,2.8,61.47,74.15,92.53,49.15,43.8,71.83,46.84,58.77,28.06,44.84
2016-01-12,75.2,82.15,40.25,60.94,64.74,65.22,26.34,14.0,48.95,2.71,61.6,74.52,93.24,49.95,44.22,71.27,46.45,58.17,27.94,44.47
2016-01-13,75.65,81.33,39.0,60.37,63.95,61.37,26.16,13.35,47.71,2.5,60.89,73.22,91.29,48.43,43.26,71.7,46.8,57.95,27.54,45.12
2016-01-14,79.12,85.47,41.25,63.97,64.68,61.78,26.42,13.75,48.9,2.35,62.27,73.6,92.84,48.32,43.83,72.37,47.14,59.14,27.91,46.47
2016-01-15,77.58,83.67,39.36,62.76,63.01,61.32,26.32,13.67,47.91,2.19,59.87,73.12,91.44,47.86,43.09,72.08,47.17,58.69,27.46,45.99
2016-01-19,76.4,81.51,36.4,61.43,62.82,61.49,26.95,13.65,48.42,2.19,59.03,72.46,91.51,48.09,43.14,73.16,47.94,59.57,27.64,46.25
2016-01-20,73.18,78.98,34.75,59.59,61.06,61.27,26.33,13.25,48.01,2.04,58.81,72.0,90.48,47.51,42.64,71.42,47.16,57.92,26.78,45.02
2016-01-21,74.1,81.05,36.91,60.82,61.45,63.23,26.26,13.33,49.43,2.46,59.69,73.03,90.8,47.78,42.94,71.09,46.81,57.64,27.42,45.52
2016-01-22,76.57,83.54,37.67,63.77,65.2,66.44,26.65,13.5,51.29,2.36,60.98,74.61,91.97,48.51,43.17,72.18,47.35,58.53,28.03,46.8
2016-01-25,73.98,80.89,34.2,61.76,63.3,64.14,26.61,13.09,49.98,2.31,57.91,71.78,90.71,47.27,42.29,71.8,47.39,57.75,27.16,46.03
2016-01-26,76.7,84.12,35.35,63.2,65.33,67.4,26.64,12.9,51.88,2.34,59.16,73.57,92.62,49.02,43.1,72.22,47.58,58.2,27.84,46.11
2016-01-27,75.29,83.29,36.21,64.13,65.55,65.64,26.68,12.54,50.93,2.26,58.32,73.63,91.16,49.44,43.38,72.41,47.64,58.19,28.05,45.66
2016-01-28,76.99,85.92,38.02,65.84,69.51,65.88,27.07,12.65,51.76,2.31,61.08,74.81,92.11,50.19,44.6,73.47,48.28,59.45,28.71,46.41
2016-01-29,77.85,86.47,39.08,68.8,72.27,68.66,27.93,12.75,52.64,2.43,62.24,77.01,97.03,50.51,45.98,75.3,48.92,60.97,29.57,47.38
2016-02-01,76.29,85.29,38.6,66.53,71.46,69.13,28.25,13.13,52.82,2.39,62.7,76.8,96.73,50.22,45.5,77.0,49.9,61.79,30.0,47.84
2016-02-02,74.59,81.24,36.59,65.45,68.84,66.13,28.48,12.19,51.86,2.21,60.67,74.58,94.64,49.0,45.84,76.75,49.63,62.0,30.14,47.76
2016-02-03,78.48,84.62,38.63,68.1,70.83,66.49,28.69,11.57,53.52,2.31,63.27,75.41,96.05,52.48,46.09,78.56,48.51,63.31,31.61,47.82
2016-02-04,79.83,84.79,35.32,66.95,70.54,67.2,28.38,11.69,51.95,2.31,65.96,78.7,96.42,54.36,46.87,78.58,48.42,62.29,32.25,47.66
2016-02-05,80.08,82.88,32.9,65.44,68.81,65.07,28.4,10.84,51.54,2.13,66.12,78.42,96.02,54.66,46.91,79.04,48.22,62.84,32.9,47.53
2016-02-08,81.16,85.99,34.43,66.16,69.78,64.18,28.54,9.87,48.79,2.09,64.58,77.07,95.46,55.11,47.06,79.17,48.82,62.49,32.36,47.55
2016-02-09,80.08,82.92,33.58,65.19,67.8,66.48,28.84,9.88,49.89,1.94,63.93,78.08,96.58,54.48,46.91,78.93,49.2,62.37,31.94,47.95
2016-02-10,79.35,83.04,32.34,65.63,67.73,64.41,28.43,9.58,50.09,1.9,62.14,77.41,96.46,53.7,45.77,78.12,49.21,62.9,31.12,48.55
2016-02-11,79.6,82.99,31.88,66.17,68.83,61.36,27.98,10.03,50.09,1.83,61.41,76.41,95.47,53.1,45.43,76.8,48.05,61.31,30.31,47.23
2016-02-12,81.03,85.43,32.9,67.03,70.31,60.99,27.92,10.07,51.38,1.95,63.15,78.27,97.29,54.2,46.02,76.24,47.91,60.6,30.46,46.73
2016-02-16,81.22,84.81,32.76,67.98,71.75,63.05,28.09,10.34,52.32,2.13,65.21,79.81,98.67,54.82,46.62,76.29,48.09,61.09,31.02,47.22
2016-02-17,82.0,88.31,33.91,70.6,72.93,63.47,27.86,11.25,52.77,2.24,67.26,81.43,99.78,56.01,47.76,75.5,47.83,61.1,31.09,47.75
2016-02-18,82.45,86.73,33.7,70.26,72.68,63.54,28.58,11.12,54.53,2.1,66.12,80.33,100.1,56.2,48.34,76.21,48.87,62.45,31.45,48.44
2016-02-19,82.5,86.5,32.87,70.23,72.87,62.76,28.69,11.11,54.48,2.14,65.42,77.0,100.86,56.01,48.06,74.55,48.57,61.91,31.24,48.62
2016-02-22,82.39,88.82,34.45,71.65,74.37,64.23,28.93,11.85,54.83,2.21,67.31,78.4,98.88,57.68,49.28,74.84,49.1,62.85,31.69,49.38
2016-02-23,81.23,84.91,32.92,68.97,72.08,61.79,29.03,11.81,52.66,2.35,65.78,77.14,97.44,56.55,48.46,74.81,49.1,62.76,31.19,49.41
2016-02-24,81.52,85.27,32.96,69.44,72.21,69.45,29.0,11.93,53.31,1.98,65.88,79.0,97.12,56.8,48.36,74.95,48.98,63.01,31.75,49.45
2016-02-25,82.01,85.3,33.06,69.65,72.35,72.25,28.96,12.5,55.44,1.96,66.47,79.6,97.96,57.28,48.63,76.44,49.36,63.89,31.98,49.45
2016-02-26,81.75,84.35,34.12,69.8,72.47,70.25,28.13,12.69,56.56,1.92,66.87,79.47,96.87,57.27,49.38,74.03,48.19,61.47,31.73,47.78
2016-02-29,80.15,83.44,33.83,68.82,71.72,71.87,28.2,12.8,56.22,2.33,67.7,80.18,95.29,56.71,48.83,74.28,48.18,61.75,31.49,48.26
2016-03-01,81.28,86.13,34.46,70.45,74.01,69.02,28.15,12.42,58.66,2.44,69.09,81.05,99.54,58.06,49.97,73.35,47.49,61.73,31.77,48.28
2016-03-02,82.7,87.14,36.49,71.61,74.41,69.14,28.09,12.56,57.71,2.61,69.38,81.84,100.12,57.95,50.41,73.63,47.98,61.89,32.32,48.72
2016-03-03,82.4,87.53,38.56,70.49,74.85,69.71,27.91,13.05,57.22,3.33,71.75,83.67,101.52,57.83,50.79,74.33,48.19,61.77,33.08,49.28
2016-03-04,82.29,87.93,41.12,69.72,74.83,69.52,28.57,13.4,59.17,3.05,72.84,84.88,101.68,57.95,51.26,75.17,48.63,62.43,33.36,48.93
2016-03-07,84.46,90.67,41.4,70.35,76.16,69.18,28.61,13.69,58.8,3.3,74.77,85.68,101.04,59.02,51.91,76.25,48.49,63.24,33.92,48.7
2016-03-08,82.63,88.74,38.62,66.4,72.7,66.87,28.86,13.51,58.48,2.92,71.73,83.85,101.15,57.87,50.73,77.27,49.15,63.61,34.23,49.17
2016-03-09,82.4,92.82,39.05,68.43,72.75,68.49,29.07,13.91,60.24,3.11,71.87,83.04,102.42,58.56,50.06,77.51,49.56,64.3,34.17,49.44
2016-03-10,82.18,93.94,39.03,68.44,73.18,69.25,28.92,13.68,59.38,2.94,71.36,82.38,101.88,59.41,50.55,77.26,49.87,64.13,34.73,49.12
2016-03-11,82.19,94.58,40.52,69.95,75.0,70.32,28.95,13.83,61.24,2.94,72.8,82.95,102.51,60.13,51.26,77.76,49.79,64.23,34.73,49.73
2016-03-14,82.41,94.26,40.01,69.05,73.44,70.89,28.96,14.34,60.02,2.82,72.73,81.85,102.02,60.5,51.24,77.72,49.95,64.22,34.65,50.03
2016-03-15,82.82,94.27,39.83,68.33,73.23,70.78,28.9,14.56,59.19,2.67,72.44,80.65,102.18,60.45,50.79,78.05,50.33,64.41,34.5,50.1
2016-03-16,82.87,95.4,41.87,69.42,73.35,72.06,29.28,14.8,61.62,2.56,74.34,81.41,102.7,60.78,51.45,78.95,50.68,65.13,34.78,50.31
2016-03-17,84.1,96.89,43.01,70.66,74.54,73.21,29.58,15.09,62.43,2.7,75.9,83.06,104.38,63.11,54.74,79.99,50.82,65.43,34.91,51.52
2016-03-18,84.2,97.69,43.02,71.3,73.52,72.44,29.62,15.52,61.38,2.63,75.47,82.63,105.4,63.47,54.64,79.67,50.76,64.79,34.84,51.62
2016-03-21,83.62,96.44,42.58,70.67,74.89,71.24,29.39,15.89,61.64,2.54,75.89,82.72,105.94,63.68,54.99,79.52,50.48,64.8,34.88,51.45
2016-03-22,84.12,95.5,41.92,69.61,73.61,71.29,29.26,15.62,62.16,2.46,75.55,82.26,106.22,63.42,55.32,78.88,50.27,64.77,35.0,51.37
2016-03-23,83.75,93.59,39.85,68.29,72.96,68.23,29.42,14.84,61.39,2.26,73.68,80.84,105.5,62.48,54.6,79.81,50.67,65.08,34.72,50.91
2016-03-24,83.98,94.85,40.04,68.51,72.58,68.46,29.62,15.18,61.92,2.21,75.29,80.24,104.66,62.37,54.39,79.75,50.9,65.06,35.31,51.27
2016-03-28,84.22,94.68,39.68,68.03,72.8,68.4,29.39,15.35,62.12,2.13,75.32,80.17,104.93,62.47,54.33,79.48,50.58,65.0,35.16,51.37
2016-03-29,84.53,95.32,39.62,67.93,73.0,69.3,29.75,15.34,62.96,2.14,76.01,80.5,105.21,62.37,54.45,80.44,51.2,66.03,35.69,52.08
2016-03-30,84.52,95.25,40.08,68.6,74.41,68.97,29.62,15.13,63.99,2.29,76.51,80.12,105.46,62.75,54.56,80.35,51.21,66.02,35.43,51.73
2016-03-31,83.59,95.4,40.27,68.43,73.75,68.47,29.59,15.32,63.93,2.33,76.54,76.99,105.35,62.56,54.38,80.68,51.73,66.4,35.86,52.02
2016-04-01,82.96,94.26,39.78,68.2,72.12,67.48,29.68,15.84,65.2,2.39,76.79,76.5,106.46,63.66,54.75,81.13,51.7,67.01,35.66,52.96
2016-04-04,83.16,93.43,39.1,68.19,72.64,67.24,29.68,16.47,65.33,2.57,75.72,75.9,105.82,62.65,54.11,81.09,51.53,66.58,35.51,52.56
2016-04-05,82.21,92.67,39.04,67.42,72.66,62.42,29.09,17.03,64.5,2.59,75.24,76.07,105.1,60.39,53.51,79.9,50.65,65.4,34.6,51.54
2016-04-06,83.31,94.84,40.75,70.12,73.16,62.76,29.18,17.69,66.03,2.58,75.22,76.34,106.3,59.55,53.22,79.36,50.36,65.63,34.31,51.6
2016-04-07,82.37,94.79,40.31,69.38,72.01,61.26,29.05,17.15,64.69,2.45,74.17,76.18,104.99,59.48,52.87,79.29,50.67,65.5,34.35,51.67
2016-04-08,83.21,96.33,41.23,70.6,73.85,60.63,29.2,16.67,64.85,2.31,74.35,76.31,105.42,59.91,53.84,79.77,50.73,66.01,34.7,52.12
2016-04-11,83.32,95.24,41.19,70.79,73.88,59.96,29.06,16.66,65.25,2.32,74.63,75.75,105.25,60.62,53.78,79.44,50.47,65.68,34.54,51.66
2016-04-12,84.35,97.51,43.47,72.45,75.9,60.34,29.26,16.52,65.3,2.39,76.1,76.6,106.27,61.54,54.53,80.22,50.77,66.31,35.08,52.05
2016-04-13,84.83,97.6,43.58,72.24,77.37,61.65,29.12,16.97,65.0,2.56,79.13,78.46,107.88,63.04,55.47,79.63,50.36,65.79,34.76,51.98
2016-04-14,85.43,97.98,44.22,74.32,77.16,60.42,29.04,16.79,65.45,2.71,79.05,77.66,107.67,62.58,55.07,79.45,50.45,65.59,34.94,51.95
2016-04-15,84.97,97.23,43.7,72.15,76.26,59.59,29.36,16.97,65.37,2.57,79.17,77.44,107.78,62.83,55.32,80.0,50.68,66.05,34.37,52.3
2016-04-18,85.78,98.7,45.0,73.3,77.45,60.36,29.44,16.93,65.49,2.63,79.25,78.32,108.56,62.68,55.22,80.4,50.91,66.24,34.43,52.24
2016-04-19,86.21,100.5,47.06,74.86,79.64,60.52,29.52,16.49,65.34,2.53,80.39,82.36,108.88,62.77,55.65,79.79,51.0,65.84,34.8,52.1
2016-04-20,86.8,101.69,47.08,75.07,81.1,61.72,28.88,16.66,65.65,2.54,79.74,84.26,108.29,62.16,55.07,78.2,49.77,63.7,33.83,51.22
2016-04-21,86.79,101.4,46.23,74.62,80.27,61.94,28.23,16.55,65.64,2.49,78.66,82.8,108.05,62.15,55.17,76.34,48.94,62.26,33.36,50.23
2016-04-22,87.53,102.01,47.62,75.85,79.93,61.54,28.61,16.92,66.24,2.57,78.32,82.8,107.34,62.99,55.47,77.01,49.26,62.74,34.09,50.57
2016-04-25,87.33,101.51,46.27,75.1,78.77,60.39,28.62,16.79,66.59,2.5,76.79,82.41,106.48,62.26,55.31,76.76,49.27,62.81,34.17,50.65
2016-04-26,87.63,102.29,48.08,76.48,79.2,61.24,28.88,16.92,67.76,2.64,77.65,83.42,107.93,63.25,56.11,76.95,49.2,62.9,34.62,50.6
2016-04-27,88.46,103.85,48.11,77.52,80.6,62.03,29.22,16.76,67.86,2.68,78.68,84.71,108.54,63.83,56.29,78.06,49.54,63.93,35.35,51.44
2016-04-28,88.03,102.4,47.67,76.23,79.78,57.02,29.12,16.51,66.42,2.58,77.75,83.93,107.77,63.19,55.02,78.34,49.95,63.06,35.16,51.55
2016-04-29,88.4,102.18,47.79,76.65,80.34,55.84,29.39,16.05,66.16,2.51,77.72,84.11,107.44,63.27,54.63,78.78,50.1,63.5,35.09,51.67
2016-05-02,89.13,103.31,46.85,76.33,79.4,54.85,29.52,16.12,67.9,2.56,77.84,84.29,107.81,63.46,55.21,78.94,50.41,64.36,35.09,52.45
2016-05-03,88.11,101.32,45.08,75.57,77.23,52.85,29.61,15.49,67.33,2.46,76.36,83.4,107.66,63.29,54.67,78.84,50.5,64.5,34.78,52.45
2016-05-04,87.94,100.59,43.41,73.96,75.73,51.78,29.86,14.84,66.59,2.1,74.24,82.18,106.18,60.97,52.78,80.02,51.36,65.39,35.26,52.53
2016-05-05,88.04,101.42,43.21,76.14,75.4,51.96,29.71,14.1,67.1,2.08,72.79,81.2,106.83,60.98,52.98,80.18,50.62,65.15,35.38,52.72
2016-05-06,88.51,101.86,42.76,76.06,75.12,51.8,29.62,14.33,68.63,1.92,73.36,81.45,106.98,61.3,53.31,79.38,49.49,64.56,35.68,52.38
2016-05-09,88.57,100.35,41.65,75.54,72.77,50.6,29.72,13.93,67.28,1.93,70.78,80.58,106.39,60.66,52.62,80.06,49.81,65.29,35.25,52.31
2016-05-10,89.99,101.27,42.87,76.41,74.26,51.27,29.9,13.91,67.86,1.94,72.51,83.81,108.07,62.1,53.5,80.06,50.14,65.05,35.2,52.33
2016-05-11,88.81,101.14,43.68,76.31,73.81,50.74,29.92,13.93,74.65,1.9,72.43,83.9,107.29,62.0,52.86,80.49,50.32,65.21,35.34,52.67
2016-05-12,89.67,102.12,43.73,76.48,74.09,49.09,30.29,13.82,75.87,1.8,71.7,84.15,107.36,62.07,52.91,81.08,50.16,65.66,35.46,52.69
2016-05-13,88.66,100.74,43.02,75.34,72.43,48.56,30.19,13.84,76.16,1.77,70.07,82.47,106.43,60.87,51.81,80.77,49.89,65.61,34.94,52.2
2016-05-16,89.57,102.29,44.08,76.53,74.0,49.07,30.37,13.89,77.81,1.81,70.7,83.63,107.97,61.95,52.81,81.0,49.94,65.93,34.72,52.3
2016-05-17,89.53,100.75,43.78,76.34,74.88,48.51,29.95,13.64,76.17,1.79,71.05,83.2,106.83,61.32,52.35,79.51,49.08,64.51,34.34,51.99
2016-05-18,89.35,100.06,43.34,74.81,73.17,48.71,29.5,14.08,76.17,1.85,70.59,82.6,105.95,60.1,50.8,76.57,48.04,63.3,33.85,51.16
2016-05-19,90.11,99.85,43.36,74.84,74.2,47.09,29.6,14.35,75.77,1.84,69.43,82.25,105.6,59.54,50.14,76.97,48.67,63.85,34.18,51.49
2016-05-20,89.74,99.79,43.58,74.96,74.96,48.02,29.83,14.69,76.36,1.85,69.87,77.74,106.45,59.8,50.65,77.0,48.65,63.8,34.27,51.81
2016-05-23,89.6,99.38,43.59,74.87,75.01,49.04,29.5,14.41,76.37,1.98,70.4,77.88,106.05,60.05,50.69,76.15,48.09,62.95,33.73,51.41
2016-05-24,89.67,100.19,43.46,76.12,75.62,50.46,29.97,14.53,76.34,1.94,71.09,79.64,107.53,60.4,51.17,76.99,48.46,63.63,33.99,52.16
2016-05-25,90.26,101.77,44.9,76.17,77.91,50.56,29.77,14.64,78.87,2.05,72.57,80.49,107.86,61.61,52.09,76.95,48.55,63.43,33.88,52.29
2016-05-26,89.8,101.5,44.73,76.11,77.88,49.73,29.95,15.01,79.04,2.01,72.08,80.27,107.36,61.52,52.02,77.96,49.22,64.33,34.17,52.38
2016-05-27,90.01,102.02,44.33,76.15,77.17,49.9,29.96,14.87,80.09,2.11,71.96,80.5,107.49,61.63,52.2,77.98,49.16,64.31,34.33,52.67
2016-05-31,89.02,101.0,43.79,75.44,76.3,49.65,30.03,14.88,78.5,2.09,72.51,82.29,107.02,61.63,52.02,78.23,49.44,64.73,34.27,53.56
2016-06-01,89.24,101.13,44.06,75.44,75.86,50.07,30.04,14.64,79.68,2.09,72.27,82.83,107.13,61.65,52.16,79.02,49.57,64.89,34.41,53.39
2016-06-02,88.53,100.53,44.38,75.21,75.45,49.84,29.95,14.6,79.84,2.09,73.62,84.06,107.68,61.75,52.24,78.94,49.36,64.68,34.72,53.37
2016-06-03,88.37,100.66,44.18,74.83,75.63,49.25,30.45,14.6,80.0,2.01,75.04,85.57,107.93,61.45,52.3,80.08,50.18,65.81,34.96,54.73
2016-06-06,89.34,101.17,45.52,75.41,79.09,50.15,30.44,14.71,80.96,2.29,76.42,87.48,108.63,62.67,53.48,79.84,50.13,65.7,35.02,54.52
2016-06-07,90.71,103.32,47.54,76.87,80.1,50.55,30.28,15.49,81.29,2.23,76.81,87.31,108.45,62.53,53.53,79.99,50.09,65.84,34.72,54.34
2016-06-08,90.79,103.09,47.49,75.44,80.81,50.93,30.73,15.7,81.21,2.23,78.11,87.18,109.13,63.14,53.82,80.51,50.37,66.2,35.05,54.77
2016-06-09,90.67,102.81,46.57,75.6,79.96,50.45,31.0,15.29,80.26,2.1,77.16,86.95,110.2,62.77,53.59,81.26,50.86,66.96,35.14,55.0
2016-06-10,89.98,101.98,44.51,75.45,78.53,48.51,30.96,14.59,79.83,2.03,76.03,85.67,109.7,61.62,52.73,81.24,51.11,66.85,34.6,54.63
2016-06-13,90.59,102.1,43.88,75.25,77.64,47.79,30.9,14.52,78.15,1.94,75.23,85.32,108.25,60.63,51.63,81.61,50.99,66.55,34.4,54.7
2016-06-14,90.43,101.28,44.32,75.12,77.46,47.89,31.25,14.33,78.4,2.0,74.86,85.15,108.6,60.44,52.02,82.41,51.33,66.83,33.85,55.04
2016-06-15,90.16,100.63,43.71,74.85,76.85,48.2,30.96,14.51,79.71,2.07,75.07,84.83,108.61,60.65,51.96,81.53,50.88,66.24,34.19,54.56
2016-06-16,91.22,101.07,43.16,74.45,76.34,48.39,31.21,14.53,79.99,2.01,74.99,85.12,108.87,60.79,52.12,82.53,51.06,66.88,34.21,54.7
2016-06-17,90.72,101.57,44.15,74.95,77.5,48.52,31.27,14.36,82.8,2.12,75.93,86.0,108.99,61.62,52.44,82.98,51.15,67.21,34.65,54.83
2016-06-20,91.12,102.61,44.69,76.1,77.59,49.32,31.06,14.65,83.01,2.14,76.43,85.59,110.06,62.29,53.36,82.0,50.94,66.79,34.44,54.66
2016-06-21,91.53,103.24,44.8,77.16,78.52,48.91,31.07,14.64,83.62,2.15,76.49,84.09,110.29,61.85,53.15,82.0,50.9,66.77,34.76,55.22
2016-06-22,91.17,102.29,43.99,77.1,78.27,48.62,30.91,13.11,83.32,2.13,76.43,83.92,109.6,61.76,52.59,81.83,50.85,66.5,34.43,54.77
2016-06-23,91.8,104.44,45.63,78.31,79.59,48.65,30.95,13.09,84.4,2.28,78.22,84.29,110.3,62.82,53.67,82.05,51.06,66.59,34.95,55.54
2016-06-24,89.39,101.9,43.17,75.27,76.66,46.02,30.95,12.88,78.98,2.08,73.03,81.72,106.22,58.03,50.83,82.43,51.19,67.26,34.39,55.17
2016-06-27,88.86,100.36,40.78,73.12,75.07,44.23,31.97,13.24,75.34,1.91,71.38,80.58,104.79,55.57,49.23,83.99,52.2,68.35,34.59,55.7
2016-06-28,90.91,101.63,41.95,73.97,76.63,46.37,32.12,13.45,78.29,1.95,72.52,81.38,107.24,56.86,49.73,83.94,52.31,68.64,34.88,55.22
2016-06-29,92.46,103.42,43.91,75.09,77.83,48.09,31.94,14.01,79.12,1.89,74.23,81.51,107.62,58.09,50.66,84.15,52.22,68.72,35.12,55.63
2016-06-30,93.74,104.83,43.6,75.56,79.08,48.48,32.6,14.15,79.31,1.99,75.81,81.04,109.36,59.73,52.16,85.79,53.63,70.09,36.36,57.01
2016-07-01,93.84,104.15,43.51,75.67,79.52,48.49,32.43,14.43,81.32,1.96,76.45,80.9,109.53,60.27,52.2,85.63,53.83,70.14,36.41,56.74
2016-07-05,93.02,103.57,41.7,75.22,77.63,47.77,32.72,14.27,79.9,1.9,74.38,79.17,108.34,58.72,51.05,86.93,54.25,70.81,36.21,56.8
2016-07-06,94.09,104.58,41.9,75.45,78.06,49.13,32.72,14.3,80.86,1.89,74.83,79.47,109.83,59.45,51.67,87.23,54.44,71.27,36.63,57.25
2016-07-07,92.96,103.05,41.51,75.45,77.7,44.34,32.08,14.4,81.32,1.89,75.05,79.37,109.17,60.11,52.37,85.29,53.66,70.28,35.7,56.53
2016-07-08,93.54,104.77,42.3,76.13,78.74,45.6,32.48,14.45,83.58,1.96,77.37,80.97,111.73,61.92,53.44,86.01,54.14,70.71,36.11,57.05
2016-07-11,93.89,105.39,42.45,76.2,78.02,46.49,32.42,14.99,83.63,2.06,77.8,80.99,111.48,62.4,53.89,86.01,53.79,70.7,36.4,57.15
2016-07-12,94.95,106.78,43.8,77.37,79.65,46.99,31.83,14.98,85.22,2.05,79.8,82.42,111.9,63.96,55.03,84.44,52.84,69.58,36.43,56.61
2016-07-13,94.88,106.65,42.87,76.83,78.88,46.2,32.04,14.84,85.55,1.96,79.69,82.96,111.93,63.87,55.23,85.05,53.13,70.01,36.75,57.07
2016-07-14,94.95,106.7,43.02,77.21,79.1,47.35,31.81,14.77,86.04,1.9,80.06,83.64,111.97,63.8,56.05,84.75,53.61,69.38,36.39,56.52
2016-07-15,95.12,107.03,42.94,77.32,79.35,47.73,31.89,14.69,86.35,1.88,80.7,83.41,112.1,63.83,56.23,84.92,53.63,69.64,36.49,56.47
2016-07-18,94.82,106.09,42.71,76.77,79.7,47.95,32.06,15.08,86.21,1.89,79.82,83.82,111.78,63.49,56.19,85.25,53.62,69.95,36.67,56.48
2016-07-19,94.47,106.04,41.91,76.37,79.81,47.74,32.02,15.02,85.92,1.82,79.74,83.26,112.21,63.05,56.34,85.38,53.62,69.77,36.58,56.16
2016-07-20,93.93,105.59,42.03,76.35,80.6,48.43,31.8,15.22,86.62,1.84,79.69,82.81,112.71,63.5,56.18,84.92,53.33,69.35,36.25,55.99
2016-07-21,93.85,105.39,41.04,75.73,80.02,48.33,32.06,14.7,84.27,1.85,80.01,82.22,111.56,63.21,55.49,85.4,53.9,69.43,36.46,56.53
2016-07-22,94.01,105.66,40.76,75.38,81.61,48.12,32.45,14.82,85.01,1.85,79.38,80.12,108.7,63.38,55.81,86.5,54.54,70.06,37.41,56.89
2016-07-25,92.2,103.07,40.24,74.51,80.71,47.99,32.37,15.33,86.2,1.76,78.69,77.92,108.58,63.47,55.61,86.69,54.54,69.77,37.5,56.45
2016-07-26,91.53,102.68,40.79,74.69,80.6,48.58,32.11,15.3,85.52,1.78,82.75,78.99,109.02,64.57,56.18,85.75,54.45,69.74,37.09,56.18
2016-07-27,90.91,102.26,40.07,74.16,79.88,48.55,31.79,15.23,84.82,1.81,84.1,78.45,108.09,64.41,56.04,84.83,53.54,68.86,36.59,55.45
2016-07-28,90.2,101.79,40.26,73.91,79.05,47.13,31.86,15.37,85.11,1.8,82.92,78.17,108.84,64.01,55.83,85.2,53.26,68.92,36.86,55.69
2016-07-29,88.95,102.48,40.82,74.73,80.52,46.68,32.07,15.65,84.17,1.8,82.76,77.71,109.37,63.41,55.9,85.59,53.5,69.3,37.28,55.94
2016-08-01,85.86,99.11,39.61,73.59,78.46,47.38,32.12,15.33,83.91,1.81,81.95,77.69,108.95,63.94,55.78,85.65,53.65,69.31,37.46,55.8
2016-08-02,87.04,99.59,39.79,73.12,78.89,47.76,31.91,15.15,84.37,1.79,81.24,77.7,108.55,64.01,53.03,85.56,53.36,69.01,36.78,55.4
2016-08-03,87.49,100.61,40.31,74.38,79.62,49.24,32.02,15.05,83.99,1.79,82.03,78.31,109.07,64.24,52.91,85.15,53.04,68.45,36.57,55.17
2016-08-04,87.48,100.39,40.1,74.25,80.39,43.72,31.86,15.37,82.12,1.8,81.77,77.74,109.02,64.5,53.03,85.24,53.16,68.64,36.33,55.15
2016-08-05,87.56,100.51,40.6,73.68,81.2,44.11,31.5,15.34,82.33,1.89,82.56,78.34,109.41,65.46,53.79,84.23,52.64,67.85,36.14,53.52
2016-08-08,88.59,101.2,41.56,74.36,82.5,43.81,31.5,15.08,82.17,1.92,83.44,78.92,109.1,65.83,54.31,84.74,52.69,67.15,36.11,53.49
2016-08-09,88.7,101.32,41.24,73.68,81.83,41.66,31.52,15.27,82.01,1.98,82.83,78.89,109.31,65.84,54.33,84.73,52.84,67.39,35.85,53.2
2016-08-10,86.41,100.14,40.6,73.27,80.85,38.66,31.59,15.04,82.09,1.83,82.65,78.15,109.09,66.71,53.44,83.79,52.88,67.56,35.53,53.38
2016-08-11,86.72,101.4,41.39,74.25,81.5,39.01,31.75,14.99,82.58,1.78,83.24,77.99,109.41,67.33,54.03,83.91,52.32,67.72,34.81,53.49
2016-08-12,87.85,102.16,41.37,74.46,81.2,38.79,31.7,15.04,83.01,1.78,83.0,77.0,109.16,67.21,53.97,83.49,52.35,67.55,34.94,53.49
2016-08-15,87.81,102.77,42.18,75.05,82.04,38.33,31.33,15.04,84.08,1.89,84.15,78.28,109.85,67.63,54.71,81.66,51.49,66.52,34.63,52.95
2016-08-16,87.92,102.62,42.86,76.01,81.92,37.74,31.0,14.91,81.73,1.82,84.29,78.15,109.28,67.27,54.57,80.45,50.96,65.68,34.23,52.4
2016-08-17,88.11,102.22,43.2,76.61,82.21,36.89,31.45,14.88,80.55,1.83,84.41,77.43,108.86,67.62,54.9,81.69,51.47,66.5,34.58,53.1
2016-08-18,88.91,103.55,43.59,77.48,83.86,37.52,31.74,14.9,81.28,1.89,83.38,76.94,108.93,67.72,54.67,82.78,52.31,67.4,34.71,54.23
2016-08-19,87.8,102.32,43.32,76.54,83.31,37.8,31.27,15.0,82.74,1.95,83.84,87.32,109.17,67.66,52.98,81.65,51.96,66.37,34.37,53.98
2016-08-22,87.99,101.94,42.63,76.36,82.05,37.68,31.26,14.86,83.85,1.9,83.59,87.96,109.61,67.7,52.92,81.89,52.0,66.52,34.43,53.88
2016-08-23,87.72,101.68,43.22,76.89,81.75,37.45,31.07,14.99,84.17,1.92,84.01,88.09,110.01,67.68,53.98,81.45,51.71,66.28,34.59,53.44
2016-08-24,88.02,102.2,42.96,77.72,81.33,37.32,31.04,14.84,82.19,1.87,83.15,87.42,109.78,67.3,53.89,81.56,51.79,66.34,34.71,53.4
2016-08-25,87.46,101.89,42.78,77.36,81.34,37.04,31.13,14.73,82.57,1.84,82.84,87.29,109.79,67.39,54.09,81.73,51.86,66.37,34.51,53.26
2016-08-26,87.27,101.32,42.3,77.17,80.9,37.53,30.41,14.67,81.79,1.81,82.66,86.74,109.77,67.32,53.73,79.92,51.05,64.69,33.9,52.22
2016-08-29,87.84,102.05,42.35,77.95,81.14,37.59,30.59,14.35,82.75,1.84,83.1,86.93,110.16,67.71,53.73,80.44,51.34,65.18,34.05,52.38
2016-08-30,87.52,101.7,42.23,77.84,80.64,38.25,30.3,14.09,81.73,1.84,82.48,85.72,110.02,67.15,53.47,79.52,50.96,64.32,33.81,52.02
2016-08-31,87.14,100.58,41.05,76.85,79.0,37.82,30.23,14.13,79.97,1.82,81.95,84.55,109.73,66.54,52.68,79.66,51.33,64.57,34.0,52.31
2016-09-01,86.84,100.21,40.6,76.84,78.96,38.44,30.25,13.38,81.3,1.82,81.45,83.55,109.19,66.92,52.66,79.33,51.18,64.41,33.81,51.85
2016-09-02,87.42,100.93,40.92,77.51,78.55,38.18,30.78,13.19,81.96,1.82,81.69,84.05,109.43,67.54,52.91,80.24,51.8,65.24,34.07,52.15
2016-09-06,88.57,102.43,41.0,78.0,78.78,38.98,31.32,13.52,83.04,1.85,82.08,84.47,108.79,66.62,52.56,80.94,52.13,66.04,34.45,53.05
2016-09-07,88.24,102.88,41.48,77.13,78.61,38.49,31.27,13.45,82.95,1.82,83.72,84.02,107.41,66.74,52.79,80.54,52.22,66.05,34.56,53.02
2016-09-08,89.05,104.12,43.28,77.75,79.38,38.47,31.34,13.16,80.92,1.8,83.54,83.58,107.01,66.08,52.82,80.81,52.47,66.1,34.84,53.53
2016-09-09,86.84,101.27,42.25,76.11,77.56,37.13,30.21,12.96,76.82,1.8,80.79,82.23,105.31,63.57,50.86,77.95,50.87,63.71,33.4,51.45
2016-09-12,87.29,102.25,42.67,75.85,78.8,37.43,30.82,13.22,77.44,1.8,81.92,83.09,106.7,64.99,52.09,79.28,51.96,64.71,33.63,52.27
2016-09-13,85.21,99.43,41.01,73.51,77.08,36.42,30.39,13.07,76.09,1.75,80.23,81.09,104.93,63.21,51.21,78.79,51.26,63.81,33.05,51.27
2016-09-14,84.6,98.42,39.99,71.8,76.37,35.03,30.52,13.09,75.72,1.7,81.02,80.57,107.21,62.98,51.29,78.67,51.35,64.02,33.12,52.06
2016-09-15,85.08,99.5,40.03,72.27,76.8,35.35,30.68,13.36,77.25,1.67,82.03,81.61,108.39,63.09,51.58,79.06,51.46,64.3,33.65,52.6
2016-09-16,84.03,97.84,39.87,71.03,76.33,34.82,30.83,13.69,76.73,1.44,82.05,81.95,107.43,62.35,51.09,79.61,51.97,64.81,33.83,53.31
2016-09-19,83.83,98.04,39.28,70.82,75.96,34.42,31.18,13.76,77.64,1.48,81.88,82.11,107.69,63.25,51.19,80.46,52.43,65.42,34.16,53.97
2016-09-20,82.54,97.7,39.01,70.5,75.37,34.0,31.27,13.64,76.79,1.4,81.7,82.47,108.0,62.74,51.22,80.17,52.14,65.01,33.91,54.21
2016-09-21,83.3,99.63,40.06,71.8,76.56,34.03,31.96,13.68,80.19,1.48,83.47,83.05,109.0,63.73,51.77,81.9,53.18,66.19,34.85,55.13
2016-09-22,83.54,99.98,41.02,71.41,77.01,35.42,32.01,13.76,81.2,1.67,83.5,84.16,109.84,64.09,52.8,82.51,53.48,66.6,35.22,55.29
2016-09-23,83.45,99.22,39.94,69.6,75.92,37.06,31.69,13.83,80.75,1.2,82.44,83.34,109.04,63.31,51.92,82.52,53.53,66.66,34.8,54.95
2016-09-26,83.06,98.78,40.02,69.32,75.58,37.25,31.56,13.93,81.7,1.2,82.37,83.58,109.01,62.9,51.43,82.15,53.31,66.36,34.82,55.38
2016-09-27,83.24,98.98,39.43,68.65,75.33,39.09,31.7,13.72,82.75,1.2,82.88,83.05,109.26,63.41,51.82,81.43,52.84,65.5,34.18,54.09
2016-09-28,86.9,102.15,42.18,71.9,78.01,39.08,31.62,13.75,84.87,1.19,86.59,84.09,110.15,64.57,52.69,81.1,52.7,65.36,34.01,54.33
2016-09-29,86.46,101.27,43.66,72.14,77.37,39.08,30.93,13.38,83.15,1.2,87.47,83.86,109.24,64.16,53.02,80.31,52.05,64.5,33.29,53.48
2016-09-30,87.28,102.92,43.47,72.92,78.64,39.49,30.58,13.6,85.49,1.18,88.77,85.35,109.62,65.71,54.51,80.04,51.3,64.21,33.29,53.59
2016-10-03,87.05,102.45,43.43,72.82,78.9,38.57,30.28,14.25,84.83,1.19,88.28,85.35,109.73,65.87,53.8,79.09,50.72,63.51,32.77,52.54
2016-10-04,86.25,101.27,42.87,72.65,78.54,38.21,29.73,14.09,82.62,1.2,87.51,84.7,108.63,64.32,53.35,77.46,49.84,62.18,31.86,51.36
2016-10-05,87.0,102.23,43.91,72.54,80.15,39.74,29.64,13.9,83.44,1.19,89.42,85.12,108.99,65.54,53.69,77.09,49.52,62.18,32.13,51.37
2016-10-06,87.04,102.18,44.52,73.54,81.42,39.75,29.51,13.4,83.64,1.21,89.29,85.29,109.32,65.5,53.39,77.09,49.43,62.25,32.06,51.55
2016-10-07,86.74,102.27,44.22,73.54,81.31,37.58,30.43,13.11,82.37,1.16,88.47,86.3,101.12,64.48,52.7,76.57,49.16,61.79,32.18,51.33
2016-10-10,88.44,103.98,44.39,74.77,82.33,38.58,30.7,13.4,83.48,1.06,88.22,87.49,100.99,64.14,51.77,77.06,49.75,62.21,32.5,52.16
2016-10-11,87.74,103.04,43.33,73.69,81.69,38.28,30.29,13.34,81.72,1.07,87.47,87.05,100.02,63.12,50.79,75.91,49.41,61.34,32.15,51.38
2016-10-12,87.13,102.15,43.47,74.0,81.44,38.24,30.75,13.43,81.15,1.09,87.58,86.94,101.58,64.26,50.2,76.65,50.03,62.0,32.51,51.74
2016-10-13,86.56,100.79,42.15,73.9,81.53,38.68,31.16,13.35,80.44,1.1,86.97,86.34,102.37,63.15,50.2,77.94,50.76,62.53,32.85,52.3
2016-10-14,86.54,101.08,41.67,73.22,81.32,39.47,31.01,13.1,80.86,1.14,87.67,86.4,103.07,63.3,49.88,77.21,50.56,62.3,32.7,52.01
2016-10-17,86.54,101.36,41.1,72.47,80.98,39.3,31.02,12.93,81.26,1.15,87.29,86.47,102.16,63.12,49.69,77.54,50.69,62.97,32.75,52.23
2016-10-18,86.77,101.79,40.65,72.57,81.39,39.57,31.28,13.27,81.66,1.13,87.22,86.61,102.0,63.19,49.88,77.9,51.09,63.37,33.09,52.53
2016-10-19,87.17,102.27,41.72,74.51,83.44,41.92,31.14,13.57,82.59,1.12,88.0,86.56,102.38,63.68,49.91,78.13,50.73,63.19,32.88,52.33
2016-10-20,87.21,101.87,41.49,74.1,82.99,42.08,31.03,13.27,83.02,1.15,86.63,86.11,102.26,63.8,50.15,78.42,50.72,62.91,32.84,52.67
2016-10-21,86.62,101.3,41.54,74.61,80.47,42.25,30.93,13.34,82.2,1.16,86.33,86.43,103.03,63.71,50.11,78.02,50.53,62.48,32.5,52.42
2016-10-24,86.91,100.66,42.24,75.03,80.31,40.87,31.09,13.52,83.36,1.14,85.99,86.7,103.31,63.37,50.31,78.4,50.85,63.03,32.65,52.6
2016-10-25,86.72,100.77,41.81,74.43,80.22,40.68,31.38,13.49,82.1,1.11,84.48,86.52,103.13,63.18,50.11,78.59,50.97,63.46,32.9,53.2
2016-10-26,87.09,101.19,41.8,74.39,80.02,41.11,31.55,13.48,81.09,1.06,84.13,87.04,103.47,64.21,50.44,78.77,50.97,63.53,33.26,52.67
2016-10-27,86.92,99.92,44.0,73.79,79.6,41.06,31.28,13.6,82.05,1.09,83.01,87.0,102.91,62.29,49.84,78.42,50.76,63.19,33.27,52.28
2016-10-28,84.78,103.82,44.97,73.63,79.2,40.65,31.43,13.33,82.91,1.07,83.88,87.17,103.85,62.38,50.09,78.72,50.7,63.41,33.23,52.55
2016-10-31,83.32,104.75,43.45,72.91,78.23,40.49,32.0,13.18,83.55,1.0,83.46,88.3,103.71,63.77,50.68,80.02,51.57,64.84,34.07,53.55
2016-11-01,83.65,106.48,43.54,69.0,78.7,41.05,31.47,12.72,82.9,1.01,82.24,88.09,103.21,60.7,51.0,78.57,50.48,63.38,33.26,52.42
2016-11-02,83.45,105.39,43.23,67.79,77.76,40.58,30.92,12.53,82.25,1.17,81.11,88.16,102.56,60.88,50.04,78.0,50.19,62.61,32.7,49.68
2016-11-03,83.66,105.39,43.6,67.45,78.46,34.51,30.96,12.49,83.8,1.2,81.27,88.3,102.45,59.72,49.84,77.98,50.39,62.92,32.78,50.49
2016-11-04,83.57,104.78,42.76,66.59,77.84,32.48,30.8,12.7,83.48,1.17,82.31,88.06,102.36,60.76,49.41,77.27,50.11,62.4,32.69,51.05
2016-11-07,85.45,106.85,43.92,67.25,79.75,33.76,31.16,12.88,86.28,1.16,83.75,89.0,105.2,62.43,50.39,79.13,50.62,63.24,33.42,52.03
2016-11-08,85.31,107.29,44.33,66.89,79.84,33.49,31.29,13.0,82.75,1.2,84.68,88.99,104.6,63.0,51.33,79.65,50.76,63.23,33.66,52.19
2016-11-09,86.25,107.64,45.73,66.9,79.94,32.1,29.37,12.67,80.42,1.11,91.2,90.11,106.25,66.32,53.39,77.34,49.22,61.25,32.07,49.84
2016-11-10,87.05,107.79,44.78,65.72,79.88,31.95,28.77,12.36,81.52,1.12,93.45,90.7,107.03,68.7,55.75,75.16,47.91,59.74,30.19,48.62
2016-11-11,85.67,106.64,43.94,64.95,78.66,32.06,28.39,12.57,80.43,1.14,93.01,91.1,107.09,67.31,55.5,75.24,47.78,59.99,30.0,47.84
2016-11-14,85.28,106.59,44.13,65.77,78.71,33.08,28.61,12.1,77.08,1.14,94.17,91.62,106.89,67.06,55.51,74.44,47.63,58.72,30.77,47.37
2016-11-15,86.82,108.96,45.28,68.49,81.16,33.19,28.76,12.25,80.12,1.05,94.44,91.25,106.96,65.85,55.78,75.93,48.34,59.46,32.07,48.52
2016-11-16,85.75,108.35,44.38,68.93,81.04,32.82,28.57,12.26,81.55,1.11,93.35,91.25,106.16,65.54,54.97,73.97,48.43,58.99,31.6,49.16
2016-11-17,85.23,108.12,43.61,67.81,80.1,31.16,28.7,12.58,82.97,1.13,92.78,91.77,106.95,64.79,54.7,73.87,47.5,58.86,31.49,49.77
2016-11-18,85.28,109.2,44.76,68.22,80.0,29.21,28.52,12.33,82.46,1.1,92.34,91.96,105.99,64.15,54.2,73.6,47.13,58.44,31.73,49.91
2016-11-21,86.49,110.18,46.36,69.23,81.71,29.38,28.59,12.3,83.85,1.08,92.9,92.3,106.1,65.54,54.51,74.43,47.54,59.32,32.48,49.85
2016-11-22,86.68,110.62,46.07,69.29,81.5,29.66,28.46,12.74,84.3,1.09,93.62,92.01,106.4,65.58,54.35,73.88,47.6,59.17,32.46,50.09
2016-11-23,86.92,111.0,46.3,69.85,81.4,29.78,28.36,12.88,83.88,1.14,96.18,102.17,107.64,66.49,55.06,73.54,47.23,58.82,32.31,49.34
2016-11-25,87.12,111.0,45.75,69.75,81.29,30.6,28.69,13.11,84.0,1.14,95.81,103.92,107.96,66.81,55.24,74.35,47.78,59.72,32.58,49.73
2016-11-28,86.47,110.5,45.5,68.39,81.06,31.11,29.07,13.07,83.96,1.13,94.9,101.7,107.65,65.98,54.43,76.08,48.31,60.9,33.39,50.62
2016-11-29,85.9,109.34,44.23,67.57,79.92,29.95,29.32,12.64,85.95,1.12,94.04,100.35,107.17,65.69,54.4,76.37,48.31,61.27,33.66,50.63
2016-11-30,87.3,111.56,48.52,71.36,84.05,30.32,28.56,12.63,87.78,1.12,95.56,100.2,107.74,66.51,56.44,73.77,46.82,59.05,32.51,49.9
2016-12-01,87.24,113.29,48.22,71.27,84.61,30.14,28.24,12.13,85.65,1.11,96.24,102.7,107.48,67.65,56.77,72.75,46.59,58.16,32.17,49.67
2016-12-02,87.04,113.0,48.12,70.85,85.01,30.15,28.6,12.1,84.86,1.14,95.14,101.5,106.33,67.76,56.35,73.42,46.76,58.7,33.01,49.95
2016-12-05,87.48,113.25,48.88,70.98,84.43,32.35,28.75,12.45,86.28,1.15,94.45,101.29,106.74,68.01,56.93,73.61,46.87,59.2,33.32,49.45
2016-12-06,87.56,112.76,49.9,70.41,83.96,32.05,28.69,12.39,86.32,1.37,95.22,102.52,106.92,68.45,56.57,73.86,46.93,59.47,33.05,49.33
2016-12-07,88.07,114.44,49.9,68.64,84.35,33.59,29.42,12.88,88.8,1.32,97.33,102.86,110.17,68.9,58.26,74.67,47.15,60.25,33.53,49.76
2016-12-08,88.32,115.17,49.78,69.32,84.47,33.17,29.22,12.82,91.8,1.34,96.27,103.92,109.36,68.98,57.6,74.73,47.41,60.18,34.2,49.79
2016-12-09,89.0,115.81,50.77,70.58,84.78,33.54,29.12,12.81,90.69,1.32,95.53,103.62,109.9,69.53,57.49,75.82,47.94,60.99,34.9,50.35
2016-12-12,90.98,117.15,51.38,71.39,85.01,33.7,29.36,12.83,91.32,1.25,95.08,102.42,111.02,69.86,57.09,76.48,48.72,61.95,34.51,51.49
2016-12-13,92.58,117.42,52.64,72.35,86.13,33.62,29.75,13.21,91.12,1.28,96.02,101.33,111.66,68.85,56.77,77.32,49.19,62.71,35.46,51.98
2016-12-14,90.58,115.96,51.49,70.96,85.16,32.54,29.01,13.25,89.94,1.2,93.74,100.55,110.17,67.67,56.27,75.53,48.48,61.7,35.09,50.33
2016-12-15,90.89,117.05,51.74,71.3,85.28,32.61,29.26,13.17,89.82,1.18,94.53,101.4,110.01,67.89,56.18,76.03,48.46,62.11,35.73,50.38
2016-12-16,91.18,118.08,51.94,73.44,85.5,35.11,29.73,13.5,89.23,1.24,92.58,101.76,110.05,68.06,55.73,76.59,48.92,62.81,35.72,51.07
2016-12-19,90.42,117.65,51.98,72.47,85.12,34.98,29.8,13.52,89.0,1.3,92.71,102.25,110.91,67.82,56.31,77.13,49.09,62.94,35.75,51.76
2016-12-20,90.43,117.95,51.55,72.38,85.28,34.47,29.82,13.92,89.34,1.27,94.34,103.64,111.3,68.45,57.31,77.35,49.2,63.21,35.46,51.55
2016-12-21,90.28,117.91,51.48,72.16,86.16,33.2,29.65,13.85,89.28,1.21,93.82,103.09,110.82,67.82,56.92,77.0,49.24,62.8,35.14,50.92
2016-12-22,90.87,118.77,51.54,72.36,86.38,32.68,29.73,13.9,88.42,1.23,94.12,103.09,110.56,68.07,56.69,77.77,49.36,63.24,35.31,51.06
2016-12-23,90.71,118.42,51.37,72.11,85.51,32.62,29.81,14.22,88.82,1.13,94.32,103.12,110.62,68.26,56.8,77.62,49.33,63.17,35.3,50.84
2016-12-27,90.75,118.22,51.6,72.35,85.44,33.99,29.81,14.64,89.01,1.06,94.55,103.9,110.66,68.49,57.17,77.48,49.3,63.13,35.4,50.62
2016-12-28,90.3,117.91,50.77,71.87,84.63,32.8,29.66,14.65,86.58,0.98,93.15,103.41,109.45,67.7,56.3,77.03,48.9,62.39,35.2,49.96
2016-12-29,90.35,117.82,50.54,71.6,84.2,32.57,30.05,14.31,87.07,0.97,93.29,103.21,109.69,67.61,56.2,78.02,49.37,63.28,35.72,50.49
2016-12-30,90.26,117.7,50.14,71.23,83.95,32.09,29.86,14.25,86.08,1.01,92.74,103.04,109.55,67.09,55.75,77.62,49.19,62.96,35.49,50.32
2017-01-03,90.89,117.85,50.61,72.27,84.8,33.54,29.68,14.47,88.05,1.05,93.99,104.05,109.86,68.53,56.95,77.73,49.04,62.76,35.19,50.56
2017-01-04,89.89,117.82,51.08,71.48,85.43,34.17,29.77,15.13,90.7,1.15,93.57,105.82,110.16,68.17,56.61,77.65,48.99,62.85,35.49,51.0
2017-01-05,88.55,117.31,50.93,70.62,85.3,33.88,29.75,15.12,90.39,1.12,93.0,105.35,110.41,67.35,56.14,77.75,49.14,63.19,35.5,50.88
2017-01-06,88.5,116.84,50.74,71.08,86.48,33.32,29.66,15.27,90.81,1.11,93.04,106.49,112.08,68.01,56.4,77.49,49.01,63.14,36.08,51.46
2017-01-09,87.04,115.84,49.66,70.48,85.77,33.57,29.59,15.42,90.48,1.11,92.37,105.19,111.15,66.88,56.19,76.64,48.53,62.31,35.27,50.69
2017-01-10,85.93,114.96,49.66,69.35,84.6,33.39,29.64,15.32,89.88,1.13,93.83,104.89,111.44,67.21,56.69,76.5,48.38,62.12,35.06,50.53
2017-01-11,86.81,115.93,51.22,69.35,85.66,35.0,29.85,15.32,93.3,1.44,94.65,105.71,111.59,68.46,57.57,77.1,48.74,63.18,35.39,51.06
2017-01-12,86.34,116.16,50.15,69.03,85.33,34.87,29.88,15.31,93.75,1.36,93.99,105.17,111.23,68.2,57.47,77.54,49.0,63.29,35.44,50.92
2017-01-13,86.35,116.38,50.59,69.08,84.82,35.75,29.76,15.85,94.0,1.54,94.48,105.79,111.64,68.66,57.12,77.21,48.8,63.23,35.44,50.88
2017-01-17,87.36,116.28,50.15,69.73,86.43,35.17,30.05,15.71,94.35,1.65,93.57,104.34,110.85,67.56,56.31,77.46,49.69,63.81,35.88,51.7
2017-01-18,86.28,115.94,50.27,69.32,87.48,34.41,30.01,15.89,92.6,1.89,93.33,105.24,111.64,67.8,57.22,77.5,49.62,63.46,35.71,51.89
2017-01-19,84.73,115.58,49.86,68.73,87.2,34.42,29.82,16.25,93.05,1.78,93.38,105.02,111.49,67.73,58.43,77.12,49.05,62.7,35.74,51.04
2017-01-20,85.89,115.6,50.73,68.59,86.49,34.75,29.82,16.32,93.36,1.85,94.58,106.74,111.41,67.93,58.83,77.33,49.06,62.91,35.8,51.22
2017-01-23,84.97,115.39,49.94,67.99,84.27,33.66,29.7,16.59,93.7,1.7,94.46,107.12,111.02,67.74,58.29,77.03,48.83,62.71,35.3,51.1
2017-01-24,85.09,116.37,50.27,67.87,84.58,32.53,29.7,16.97,95.55,1.66,96.24,107.67,111.54,69.17,59.11,77.18,48.57,62.78,35.13,51.34
2017-01-25,85.34,117.24,50.69,68.13,85.51,32.9,29.75,16.96,94.0,1.71,98.15,108.06,111.47,71.18,60.26,77.08,48.49,62.53,35.35,51.28
2017-01-26,85.6,116.55,50.63,68.55,84.88,32.28,29.69,16.83,95.48,1.64,97.22,107.63,111.55,71.31,60.08,77.12,48.63,62.64,35.29,51.14
2017-01-27,85.51,113.79,49.43,68.95,84.5,31.48,30.34,16.86,95.42,1.6,98.99,107.99,111.98,70.95,60.14,76.94,48.48,62.97,35.08,50.72
2017-01-30,84.86,111.82,47.48,67.88,83.61,31.02,30.61,16.71,94.57,1.49,96.79,107.06,112.63,70.41,59.14,77.12,48.66,63.21,35.04,50.41
2017-01-31,83.89,111.35,48.76,67.77,83.71,31.19,30.93,16.8,92.64,1.49,95.66,107.05,111.88,70.78,58.66,78.54,49.43,64.06,35.88,51.2
2017-02-01,82.94,111.0,48.5,67.61,83.17,31.79,30.66,16.62,93.41,1.51,95.11,107.15,111.58,71.31,58.78,77.36,48.55,63.09,35.45,50.71
2017-02-02,83.45,112.21,48.69,68.5,82.44,31.59,30.86,16.77,92.91,1.47,93.77,107.43,111.57,70.02,58.88,77.79,48.98,63.78,35.82,51.36
2017-02-03,83.54,113.57,50.43,69.18,82.5,32.15,31.05,16.76,94.27,1.43,93.28,107.99,112.7,70.22,59.54,77.65,48.83,64.03,35.78,51.4
2017-02-06,83.31,112.98,50.09,68.19,81.69,32.13,30.96,17.18,94.29,1.42,92.87,108.06,112.85,69.98,59.86,77.57,48.76,63.82,35.81,51.3
2017-02-07,82.77,111.39,49.42,66.82,81.07,31.79,31.08,17.17,92.8,1.45,93.31,108.76,113.2,70.24,62.54,77.75,48.77,63.93,36.01,51.27
2017-02-08,81.48,111.58,49.6,66.77,81.12,31.55,31.57,17.47,94.35,1.54,92.91,108.41,113.21,69.97,62.41,78.64,49.22,63.8,35.23,52.1
2017-02-09,81.84,112.26,49.81,68.19,81.21,32.23,31.16,17.95,93.91,1.56,93.96,109.12,114.09,70.79,62.71,77.75,48.86,63.42,34.85,51.83
2017-02-10,82.52,113.05,50.14,68.47,82.16,32.85,31.37,17.95,93.7,1.56,96.31,110.24,115.22,71.0,63.26,78.1,49.05,63.95,35.02,52.17
2017-02-13,83.0,113.91,49.7,67.39,81.82,33.33,31.5,18.71,94.75,1.51,98.5,110.75,116.89,72.2,64.15,78.69,49.22,63.79,35.1,52.58
2017-02-14,82.82,112.52,50.14,67.16,82.46,33.92,31.5,18.73,91.19,1.5,98.09,110.05,116.89,72.01,64.14,78.04,48.59,63.27,35.36,52.16
2017-02-15,83.16,112.57,49.36,67.21,81.75,34.73,31.32,18.65,92.76,1.6,99.02,109.12,117.52,72.1,63.73,76.78,48.35,63.29,35.22,52.16
2017-02-16,82.3,110.68,48.34,66.44,81.13,34.11,31.55,17.93,92.41,1.61,98.26,109.17,117.4,71.78,62.9,78.9,48.24,63.7,35.42,52.95
2017-02-17,81.76,110.33,47.51,66.27,80.65,34.84,31.71,18.15,91.92,1.64,98.85,110.27,117.78,71.63,61.89,78.36,47.8,64.11,35.58,52.92
2017-02-21,81.89,111.72,48.13,66.98,80.68,36.62,32.06,18.49,93.78,1.69,98.1,109.61,117.92,71.89,62.17,79.09,48.28,64.76,35.92,53.24
2017-02-22,80.93,110.38,47.1,65.91,79.7,33.57,32.11,18.23,92.44,1.61,98.2,109.65,118.24,72.5,61.82,79.87,48.99,65.31,35.69,53.58
2017-02-23,81.78,111.02,47.3,65.25,80.47,37.19,32.29,17.07,92.41,1.69,95.55,107.73,118.03,72.12,60.61,80.91,49.67,66.01,35.98,54.26
2017-02-24,81.08,110.12,47.04,64.89,80.15,37.9,32.74,17.13,92.93,1.86,95.48,108.62,118.23,72.39,60.48,81.96,50.5,67.15,37.18,54.55
2017-02-27,81.54,111.75,47.36,65.47,81.06,37.83,32.47,16.42,92.46,1.9,97.44,109.51,118.09,72.35,60.43,81.86,50.27,66.7,36.57,54.41
2017-02-28,81.32,112.5,47.57,65.55,80.36,36.19,32.75,16.67,101.51,1.79,96.66,109.49,117.72,71.98,60.1,82.55,50.82,66.97,36.71,55.15
2017-03-01,83.02,113.88,49.05,66.24,82.27,35.02,32.35,16.67,102.66,1.61,98.58,111.22,120.33,73.24,60.88,81.93,50.06,66.12,36.07,54.83
2017-03-02,83.3,113.36,48.21,65.5,80.95,35.52,32.73,16.7,103.06,1.53,94.36,109.54,119.46,72.11,60.31,82.36,50.32,66.5,36.42,54.88
2017-03-03,82.46,113.55,47.82,64.86,80.7,34.61,32.7,16.77,104.77,1.47,95.12,110.83,119.34,71.93,60.37,81.91,50.37,66.52,36.32,54.62
2017-03-06,82.83,113.17,48.32,64.73,80.72,33.33,32.66,16.75,102.11,1.36,95.66,110.84,119.22,71.84,60.33,81.87,50.24,66.35,36.07,54.97
2017-03-07,82.52,111.81,47.72,64.7,79.95,32.63,32.66,16.57,103.79,1.28,95.93,110.24,119.39,71.54,60.22,81.69,50.4,66.24,36.13,55.29
2017-03-08,81.03,109.61,45.91,62.06,78.1,32.66,32.36,16.46,102.74,1.22,93.23,110.47,119.7,71.83,59.79,80.32,49.77,65.15,35.72,54.22
2017-03-09,81.67,110.04,46.48,62.5,78.7,32.48,32.19,16.33,102.5,1.14,91.39,109.58,119.32,71.6,59.28,80.05,49.5,64.84,35.78,54.02
2017-03-10,81.61,110.61,45.67,62.6,78.69,32.4,32.52,16.25,103.05,1.33,92.31,109.92,120.13,72.49,59.52,80.64,49.63,65.4,35.97,54.7
2017-03-13,81.42,109.35,45.84,62.88,78.59,32.84,32.62,16.41,104.5,1.23,92.64,109.88,119.83,72.75,60.13,80.87,49.73,65.81,35.94,54.88
2017-03-14,80.99,107.36,44.94,63.04,78.38,32.07,32.64,17.2,103.95,1.28,91.86,109.21,118.87,71.82,58.97,80.87,49.88,65.79,35.64,54.58
2017-03-15,82.0,108.88,45.84,65.06,80.25,33.0,32.98,17.05,105.22,1.37,93.36,110.79,120.06,73.96,60.27,82.0,50.63,66.68,36.28,55.62
2017-03-16,82.07,107.86,45.84,63.82,79.65,32.98,32.48,17.47,104.01,1.37,92.85,110.73,119.48,73.35,60.23,81.62,50.19,66.01,35.98,55.08
2017-03-17,82.0,107.68,45.69,64.09,79.55,31.83,32.56,17.43,106.21,1.4,92.91,110.45,120.24,73.25,60.6,81.84,50.67,66.47,36.01,55.38
2017-03-20,82.0,107.66,45.86,63.66,78.92,30.34,32.47,17.46,106.07,1.34,95.4,110.88,119.62,73.37,60.1,81.18,50.38,66.13,35.57,55.2
2017-03-21,81.83,108.04,45.18,63.36,78.69,29.04,32.96,16.71,104.25,1.25,92.43,109.61,118.82,71.99,58.96,82.68,51.01,66.98,35.96,55.63
2017-03-22,81.76,108.39,44.65,63.51,78.38,28.87,33.1,17.0,105.22,1.24,92.43,109.77,118.67,72.54,59.12,82.76,50.73,67.44,36.3,55.97
2017-03-23,81.86,107.87,44.48,63.04,77.67,28.58,33.02,16.99,105.15,1.24,92.23,109.53,118.69,72.78,58.99,82.68,50.37,67.45,35.96,55.79
2017-03-24,81.23,107.99,44.1,62.83,76.96,28.31,33.2,17.54,104.45,1.24,92.15,108.98,117.98,72.84,58.57,82.99,50.42,67.79,36.12,56.23
2017-03-27,81.25,106.28,44.29,62.87,77.02,28.23,32.77,18.01,104.6,1.24,91.51,107.16,117.72,72.68,58.43,82.79,50.3,67.69,35.84,55.8
2017-03-28,81.84,107.17,45.38,63.4,78.31,28.28,32.81,18.5,104.88,1.25,92.95,108.33,118.46,73.29,59.44,82.93,50.09,67.84,35.67,56.03
2017-03-29,82.02,108.07,45.95,63.78,78.67,28.03,32.64,18.49,105.04,1.3,92.86,108.18,118.48,73.94,59.55,82.42,49.95,67.39,35.93,55.64
2017-03-30,83.7,107.78,50.0,64.27,77.84,27.47,32.03,18.53,105.14,1.35,93.22,109.17,118.59,74.2,59.61,82.04,49.67,67.16,35.7,55.12
2017-03-31,82.01,107.37,49.87,63.36,78.1,27.1,32.09,18.55,105.64,1.37,92.76,108.86,118.07,74.15,59.86,82.01,49.78,67.13,35.98,55.25
2017-04-03,82.07,107.8,49.45,63.74,77.7,26.33,32.18,19.9,105.03,1.37,92.27,108.78,117.56,74.16,59.82,82.25,49.96,67.15,35.82,54.93
2017-04-04,82.37,108.66,49.73,64.01,78.21,26.82,32.38,20.25,105.5,1.4,94.13,109.5,117.42,74.88,59.71,82.37,50.02,67.29,36.14,55.19
2017-04-05,82.53,108.64,49.11,63.43,78.3,26.58,32.66,19.67,105.21,1.29,94.24,109.25,116.85,74.65,59.56,82.87,50.43,67.83,36.06,54.72
2017-04-06,83.01,109.29,49.81,63.28,78.62,26.62,32.44,19.91,106.03,1.35,95.82,110.44,117.09,74.73,59.69,82.59,50.13,67.62,36.27,54.88
2017-04-07,82.76,108.86,49.54,62.99,78.33,26.81,32.23,20.17,105.94,1.36,95.52,109.32,117.51,74.57,59.36,82.26,49.69,67.32,35.97,54.84
2017-04-10,83.13,109.43,50.15,64.14,78.71,27.97,32.36,20.83,104.86,1.35,97.14,109.63,117.69,75.6,59.62,82.4,49.67,67.5,35.81,55.33
2017-04-11,82.84,108.97,50.15,64.98,79.65,28.1,32.33,20.58,105.61,1.34,97.1,111.16,117.76,75.39,59.73,82.19,49.3,67.39,36.14,55.24
2017-04-12,82.97,108.97,49.44,65.06,79.57,27.91,32.63,19.79,104.12,1.34,94.86,109.35,116.45,74.24,58.42,82.78,49.66,67.79,36.19,55.73
2017-04-13,81.69,106.1,48.62,64.09,78.15,27.42,32.69,20.27,103.62,1.31,93.1,108.0,115.83,73.51,57.87,82.59,49.42,67.54,35.97,55.75
2017-04-17,81.58,106.17,48.95,64.03,78.24,27.34,32.73,20.1,104.63,1.31,94.14,108.8,116.71,74.28,58.4,82.93,49.78,67.74,35.9,56.13
2017-04-18,81.05,105.68,48.69,62.7,77.93,26.89,32.98,20.02,105.77,1.26,94.39,108.47,116.38,74.47,58.41,82.86,49.97,67.98,35.78,56.25
2017-04-19,80.49,104.23,48.0,61.96,76.48,26.54,32.88,20.37,105.84,1.19,93.47,108.22,116.06,73.63,58.21,82.35,49.75,67.74,35.46,55.75
2017-04-20,81.01,104.88,47.95,61.93,76.51,26.74,32.72,20.17,105.52,1.18,94.66,108.8,117.03,74.03,59.17,82.03,49.77,67.44,35.05,56.15
2017-04-21,80.69,104.89,47.74,61.86,74.84,26.8,33.26,20.37,105.1,1.23,94.32,107.54,120.16,73.85,59.0,82.21,49.98,67.86,35.03,56.26
2017-04-24,81.11,105.93,47.91,62.07,74.1,27.08,33.19,20.54,106.83,1.28,96.81,110.25,122.73,75.48,59.86,82.58,50.15,67.97,35.5,56.65
2017-04-25,81.73,106.73,48.79,62.5,74.09,27.54,33.23,20.92,108.09,1.29,104.42,113.15,122.26,76.52,61.22,82.69,50.16,67.86,35.08,56.8
2017-04-26,81.4,106.08,48.34,62.43,74.11,28.99,33.21,20.68,108.3,1.27,104.66,112.55,123.02,76.72,61.22,82.6,49.97,67.69,34.9,56.49
2017-04-27,81.26,105.47,47.86,61.52,72.84,29.44,33.38,20.58,108.18,1.24,102.68,111.18,122.81,76.49,60.83,82.9,50.07,68.1,34.84,56.7
2017-04-28,81.65,106.7,47.91,61.54,72.59,29.55,33.39,20.94,108.91,1.19,102.26,111.61,124.0,75.64,60.28,82.5,49.8,67.83,34.63,56.51
2017-05-01,82.06,105.92,47.48,60.82,72.3,29.55,33.26,21.52,109.39,1.2,102.0,111.97,123.78,76.13,60.37,82.07,49.59,67.47,34.33,55.9
2017-05-02,82.05,105.36,46.7,60.04,71.45,30.32,33.51,21.26,108.38,1.23,101.51,110.93,124.05,77.11,59.16,82.39,49.51,68.01,34.46,56.07
2017-05-03,82.7,106.72,47.08,60.17,71.53,33.91,33.34,20.73,107.65,1.16,101.54,110.79,123.94,76.33,59.27,82.04,49.47,67.9,33.98,55.71
2017-05-04,81.64,104.81,45.92,58.02,70.94,34.24,33.59,19.7,108.71,1.12,99.39,112.03,124.06,75.84,58.17,82.59,49.79,68.02,34.05,55.69
2017-05-05,82.02,105.79,46.77,60.4,71.97,34.54,33.58,20.56,110.01,1.16,99.64,113.11,124.26,76.86,58.94,82.98,50.07,68.41,34.34,56.08
2017-05-08,82.89,106.68,47.13,60.6,72.22,35.15,33.74,20.48,109.56,1.17,99.37,112.64,123.99,76.78,58.62,82.92,50.03,67.73,34.26,55.97
2017-05-09,82.31,105.08,46.27,59.88,72.28,35.78,33.44,21.42,109.33,1.15,99.29,113.58,124.73,76.76,58.85,82.11,49.98,67.31,33.59,55.77
2017-05-10,81.91,106.5,47.61,61.33,72.67,36.57,33.54,21.68,110.57,1.06,100.36,113.55,124.57,77.09,58.93,82.48,49.87,67.41,33.76,55.83
2017-05-11,82.61,106.21,47.42,61.07,71.78,36.62,33.66,21.54,110.74,0.92,100.99,113.47,124.72,77.03,58.16,83.0,49.77,67.55,33.5,55.69
2017-05-12,82.55,105.96,46.97,60.87,71.02,36.38,33.89,21.65,110.38,0.83,100.71,113.11,124.33,76.68,57.44,83.48,49.87,68.06,34.13,55.8
2017-05-15,82.8,106.85,47.44,61.31,72.0,37.21,34.03,21.06,112.05,0.77,102.42,113.8,124.8,76.97,58.34,83.58,49.98,68.56,34.7,55.98
2017-05-16,82.55,107.25,47.13,60.53,71.37,36.78,33.98,21.13,112.37,0.76,102.34,114.8,124.83,77.24,58.6,83.12,49.34,67.86,34.51,55.31
2017-05-17,81.99,104.7,46.41,60.27,70.99,34.98,34.11,20.41,110.54,0.71,100.14,113.23,122.87,76.18,57.99,82.78,49.64,68.15,34.85,55.28
2017-05-18,81.75,105.17,46.42,60.29,71.43,34.96,34.23,20.87,110.0,0.7,100.22,112.67,123.32,76.07,58.45,83.25,49.77,68.31,35.08,55.38
2017-05-19,81.93,106.52,47.48,60.64,71.75,36.34,34.32,20.72,110.32,0.72,102.43,120.9,124.25,78.01,59.4,83.37,49.88,68.72,35.06,55.75
2017-05-22,82.29,106.12,46.93,60.59,71.89,36.43,34.59,20.69,110.58,0.79,102.29,121.71,124.67,77.7,59.46,84.1,50.01,69.42,35.53,56.44
2017-05-23,82.58,106.27,46.76,61.56,72.09,36.47,34.74,20.26,111.71,0.76,103.63,122.13,124.67,77.65,59.24,84.3,50.08,69.59,35.37,56.63
2017-05-24,82.29,106.22,46.67,61.16,71.36,38.9,35.04,20.68,112.05,0.74,103.95,122.78,124.95,77.57,59.77,84.69,50.38,70.2,35.81,56.88
2017-05-25,81.75,105.11,45.05,60.71,69.39,37.94,35.17,21.12,112.59,0.73,105.02,122.43,126.47,77.31,59.25,85.14,50.5,70.8,36.03,57.27
2017-05-26,81.55,104.72,45.35,61.0,70.09,36.84,35.18,21.68,112.86,0.72,105.66,122.79,126.0,77.56,58.92,85.07,50.45,70.87,35.82,57.24
2017-05-30,81.1,104.06,44.79,60.12,68.74,39.5,35.16,22.34,112.46,0.75,105.47,122.26,125.7,77.72,58.95,85.41,50.57,71.21,36.06,57.83
2017-05-31,80.5,103.48,44.69,58.93,69.59,38.51,35.36,22.73,113.6,0.76,105.43,122.46,125.75,77.38,59.12,85.68,50.61,71.78,36.31,58.24
2017-06-01,80.7,104.27,44.86,60.51,69.78,38.32,35.48,22.69,113.36,0.77,105.65,124.7,126.19,78.08,59.25,86.4,50.93,72.21,36.73,58.57
2017-06-02,79.5,103.11,44.26,60.7,68.96,38.33,35.68,22.66,114.09,0.82,105.95,124.91,126.74,77.88,59.34,86.28,51.01,72.67,36.6,58.75
2017-06-05,80.12,103.19,44.02,60.06,69.27,37.67,35.46,23.15,113.61,0.78,105.2,125.33,126.23,76.77,59.07,85.83,50.81,72.4,36.63,58.72
2017-06-06,81.21,104.17,44.48,61.65,69.97,37.44,35.48,23.52,112.68,0.75,104.55,125.05,125.52,76.33,58.65,85.81,50.79,72.13,36.69,58.53
2017-06-07,80.91,103.77,43.56,60.13,68.67,36.94,35.65,23.98,112.8,0.76,103.51,125.29,125.5,74.95,57.62,86.09,51.01,72.62,36.61,58.73
2017-06-08,80.62,104.0,43.07,58.61,68.31,37.8,35.36,24.67,114.27,0.8,105.01,126.0,126.28,75.47,59.65,85.38,50.74,71.95,36.4,57.77
2017-06-09,82.13,106.4,44.82,61.01,69.68,36.65,35.06,23.82,115.4,0.78,105.92,125.95,126.51,75.74,60.71,85.72,50.68,71.86,36.62,57.5
2017-06-12,82.93,108.04,45.72,60.85,69.31,36.4,34.85,23.93,111.19,0.77,106.07,126.0,126.01,75.77,60.95,85.62,50.85,71.41,36.48,57.35
2017-06-13,82.96,108.13,46.43,61.0,69.35,36.46,34.99,25.06,112.66,0.82,105.75,126.42,127.08,76.11,60.84,85.95,51.06,71.65,36.55,57.23
2017-06-14,82.07,106.6,45.42,60.12,68.18,36.19,35.29,25.38,109.27,0.8,104.71,126.43,126.93,75.34,59.99,86.32,51.22,71.96,36.69,57.2
2017-06-15,82.26,106.33,45.39,59.4,67.33,35.73,35.47,25.02,106.05,0.79,106.4,126.37,127.15,76.14,60.26,86.95,51.71,72.14,36.82,57.49
2017-06-16,83.49,108.35,46.53,61.83,68.58,35.83,35.71,24.76,108.09,0.77,107.6,127.9,127.3,76.8,60.68,87.14,51.53,72.42,37.08,58.2
2017-06-19,82.76,107.46,46.36,62.03,68.1,36.35,35.6,24.65,108.33,0.8,107.49,126.99,128.45,78.07,61.38,86.89,51.42,72.06,36.84,57.99
2017-06-20,82.31,106.48,45.82,60.77,66.75,35.45,35.49,24.82,107.74,0.84,107.04,126.04,127.57,77.06,60.23,86.91,51.71,72.56,36.89,57.76
2017-06-21,81.44,104.49,44.95,59.88,65.47,37.23,35.27,25.09,106.19,0.83,103.47,124.78,126.94,75.92,58.64,86.57,51.2,72.4,36.67,56.94
2017-06-22,81.08,104.45,44.81,60.21,65.37,38.42,35.4,25.51,105.2,0.87,103.84,123.86,126.77,75.77,58.73,86.28,50.38,71.79,36.66,56.69
2017-06-23,81.61,105.0,44.83,60.12,65.93,39.74,35.78,25.56,104.85,0.89,104.11,123.6,126.7,76.88,59.08,85.96,49.84,71.55,36.5,56.41
2017-06-26,81.24,104.14,44.23,60.01,65.89,40.17,36.06,25.17,105.02,0.86,104.25,123.35,126.95,76.77,58.99,86.7,50.1,71.87,37.21,57.02
2017-06-27,81.11,104.07,43.97,59.63,65.36,40.05,35.57,24.16,104.47,0.85,103.93,122.0,125.7,76.43,58.64,85.7,49.4,70.72,36.76,56.86
2017-06-28,81.53,104.28,43.96,59.57,65.25,40.49,35.26,24.75,106.92,0.87,106.45,123.47,126.68,77.44,59.06,84.97,49.15,70.15,36.19,56.59
2017-06-29,80.7,104.12,44.08,59.8,65.38,40.08,34.99,24.05,104.67,0.85,105.64,121.91,125.12,76.63,58.38,84.03,48.29,69.6,35.84,56.49
2017-06-30,80.73,104.33,43.96,59.87,65.84,39.88,35.03,24.11,105.54,0.87,107.46,123.59,126.04,77.83,59.62,83.59,47.88,69.47,36.07,56.38
2017-07-03,82.1,106.3,45.66,61.26,66.97,40.07,34.91,23.51,106.03,0.86,106.97,124.95,126.43,78.35,60.25,83.31,47.65,69.0,35.84,56.09
2017-07-05,80.85,104.62,44.16,59.75,65.74,39.04,34.7,21.81,108.02,0.82,107.49,125.6,126.52,78.63,59.32,83.29,47.42,68.82,35.52,55.57
2017-07-06,80.12,103.82,43.31,58.87,65.13,38.67,34.89,20.59,108.05,0.82,106.51,125.09,126.11,78.55,59.18,83.21,47.4,69.02,35.68,55.46
2017-07-07,80.22,103.49,43.0,58.68,65.08,39.4,35.12,20.88,109.99,0.8,106.92,126.64,126.82,79.36,59.47,83.42,47.36,69.15,35.58,55.27
2017-07-10,80.16,103.04,43.24,58.77,65.35,39.54,35.26,21.07,111.34,0.83,107.84,128.14,127.36,80.4,59.74,83.19,47.28,68.89,35.76,55.38
2017-07-11,80.6,103.12,43.35,58.94,65.79,39.81,35.19,21.81,112.95,0.79,108.24,128.06,126.92,80.45,59.82,83.18,47.28,68.84,35.72,55.44
2017-07-12,80.96,103.89,43.24,59.16,65.58,41.79,35.2,21.97,116.54,0.82,108.96,123.48,127.44,80.51,60.06,83.98,47.51,68.99,36.07,55.75
2017-07-13,80.97,104.13,43.25,59.5,66.49,41.53,35.15,21.56,117.68,0.81,108.47,124.42,127.97,80.32,59.81,83.37,47.12,68.28,35.72,55.8
2017-07-14,81.28,104.44,43.45,59.82,66.85,42.94,35.41,21.85,117.57,0.82,108.77,125.47,128.44,80.61,60.18,83.84,47.26,68.17,36.06,56.08
2017-07-17,80.86,104.21,43.19,60.04,66.83,42.72,35.24,21.3,116.86,0.8,108.84,125.88,127.9,80.21,60.36,84.03,47.04,68.55,37.03,56.02
2017-07-18,80.6,103.72,43.07,60.24,66.18,44.02,35.37,21.88,117.73,0.8,107.07,126.09,127.83,80.23,59.83,84.19,47.12,68.36,37.16,56.1
2017-07-19,80.85,104.46,43.66,60.89,67.44,45.67,35.45,21.68,119.16,0.8,107.85,126.31,128.74,80.38,60.6,84.35,47.23,68.65,37.39,56.47
2017-07-20,80.86,104.63,43.23,60.52,67.02,46.27,35.87,21.99,117.91,0.85,107.32,125.6,127.61,79.56,60.3,84.93,47.32,68.7,37.6,57.03
2017-07-21,80.12,103.25,42.65,60.03,66.53,45.15,36.09,21.89,118.34,0.86,106.59,125.75,128.93,78.97,60.04,85.2,47.88,69.98,37.48,57.47
2017-07-24,79.87,103.2,42.61,59.41,66.42,44.98,35.79,22.83,118.6,0.89,108.18,126.55,130.22,78.65,60.03,84.55,47.25,69.19,37.2,56.66
2017-07-25,80.27,104.39,43.65,61.01,67.01,45.46,35.78,22.64,118.8,0.99,114.54,127.9,129.78,79.33,60.43,83.81,46.78,68.84,37.02,56.38
2017-07-26,80.37,105.12,43.7,61.59,66.99,45.44,36.37,22.92,117.2,1.01,113.52,127.82,130.95,79.0,59.8,84.45,47.4,69.45,37.68,56.66
2017-07-27,80.83,106.11,44.66,62.14,67.78,44.81,36.16,22.3,116.37,0.95,114.37,128.44,129.53,78.49,59.91,85.05,47.82,70.67,37.99,56.54
2017-07-28,79.6,108.12,45.26,62.73,68.46,48.87,36.28,22.34,116.5,0.96,114.1,128.91,129.35,78.43,59.53,84.91,47.51,70.43,38.4,56.52
2017-07-31,80.04,109.19,45.37,61.93,68.6,49.31,36.52,21.56,115.8,0.94,113.95,128.28,128.71,78.25,59.61,85.12,47.93,70.54,38.34,56.51
2017-08-01,80.17,110.78,44.75,61.53,69.01,49.65,36.64,21.3,117.43,0.96,113.1,129.02,129.55,74.26,59.96,85.17,48.53,70.62,38.55,57.24
2017-08-02,80.6,110.46,45.61,61.37,69.13,48.63,36.69,21.73,119.45,0.94,113.09,128.98,131.17,74.1,60.99,85.74,49.78,70.93,38.42,57.52
2017-08-03,80.49,109.43,44.91,61.55,68.22,47.3,36.88,23.14,118.8,0.94,113.56,129.51,131.97,73.61,60.68,86.51,49.36,71.2,38.44,58.02
2017-08-04,80.21,110.11,45.56,62.09,67.54,47.98,36.69,23.79,119.6,0.93,114.35,129.75,132.42,74.53,61.15,86.48,48.79,70.88,38.17,58.59
2017-08-07,80.16,109.78,45.17,61.83,66.55,48.57,36.77,23.68,123.08,0.87,114.71,129.96,131.4,73.99,60.91,86.26,49.0,71.39,38.22,58.56
2017-08-08,79.96,110.35,45.63,61.35,65.49,47.84,36.84,24.35,115.41,0.89,114.41,132.02,131.12,72.99,60.43,86.6,49.12,71.35,38.21,58.74
2017-08-09,80.21,110.89,45.65,61.66,65.49,47.43,36.81,24.24,113.16,0.93,114.34,132.41,131.44,73.14,60.03,86.2,48.85,70.96,37.7,58.37
2017-08-10,78.97,110.11,44.97,61.34,64.4,46.75,36.93,23.69,110.95,0.83,113.15,127.78,129.77,71.65,59.14,86.39,48.81,71.36,37.74,58.03
2017-08-11,78.21,109.23,44.79,61.13,63.83,47.54,36.8,23.86,109.36,0.82,112.85,126.7,129.16,71.48,58.89,85.7,48.42,70.56,37.5,57.8
2017-08-14,78.23,108.71,44.54,61.24,63.95,48.87,37.02,24.25,110.83,0.82,113.71,128.57,130.75,72.48,59.63,86.12,48.64,71.05,37.6,58.22
2017-08-15,78.04,108.57,44.5,60.62,63.44,49.09,37.26,24.16,111.88,0.79,113.65,127.18,129.94,72.31,59.41,86.89,48.96,71.52,37.84,58.4
2017-08-16,77.47,106.84,43.69,59.7,63.71,49.07,37.49,24.19,113.42,0.82,114.12,126.63,130.57,72.67,59.32,86.31,48.99,72.02,38.13,58.48
2017-08-17,76.26,105.92,43.0,58.92,63.03,47.77,37.15,23.46,112.11,0.82,113.14,123.98,128.46,71.72,58.29,85.87,47.92,72.0,37.6,57.9
2017-08-18,76.64,106.48,43.11,59.15,63.32,48.06,37.48,23.16,112.59,0.87,113.92,117.31,127.61,71.2,58.0,86.38,48.3,72.16,37.99,58.27
2017-08-21,76.38,105.78,42.5,58.84,63.0,45.96,37.61,22.52,113.48,0.84,113.6,116.52,128.19,71.14,58.0,86.58,48.29,72.67,37.96,59.2
2017-08-22,76.74,106.36,43.19,59.16,63.35,46.59,37.71,22.76,115.82,0.84,115.82,117.48,129.45,71.9,58.82,86.55,47.95,72.81,38.23,59.14
2017-08-23,76.61,106.61,43.69,59.6,63.19,46.48,37.41,23.52,115.39,0.86,114.75,116.45,128.99,71.21,58.43,86.88,48.04,73.31,38.32,59.31
2017-08-24,76.33,107.44,43.3,59.13,62.88,47.2,37.33,23.53,114.86,0.92,114.78,115.44,129.11,70.64,58.02,86.77,48.02,73.39,38.34,59.53
2017-08-25,76.72,108.23,43.58,59.22,63.88,47.42,37.52,23.2,114.95,0.94,115.35,115.84,129.37,70.7,58.56,87.23,48.31,73.57,38.3,59.52
2017-08-28,76.47,107.76,43.05,59.13,63.45,48.02,37.72,23.04,115.43,0.92,115.07,115.96,129.42,70.44,58.4,87.42,48.35,74.1,38.27,59.6
2017-08-29,76.45,107.86,42.85,59.08,63.5,48.4,37.68,23.16,114.46,0.92,116.01,115.89,130.14,70.52,58.35,87.5,48.18,73.94,38.22,59.39
2017-08-30,76.1,107.73,43.41,59.17,63.39,48.09,37.66,23.55,115.17,0.95,117.55,115.49,130.53,71.05,58.63,87.28,48.21,73.75,37.84,58.88
2017-08-31,76.33,107.62,43.66,59.7,63.51,46.96,37.63,23.73,116.26,0.92,117.49,115.93,130.75,71.76,59.04,87.3,48.26,73.63,37.87,58.97
2017-09-01,76.57,108.76,44.24,59.75,63.35,47.84,37.54,23.69,118.63,0.98,118.28,116.14,130.14,71.63,58.81,87.09,48.26,73.54,37.54,58.97
2017-09-05,77.18,109.44,44.39,60.72,65.1,47.86,37.56,23.31,116.67,1.09,118.3,115.53,129.08,71.1,58.66,87.41,49.16,74.09,37.6,58.82
2017-09-06,78.78,111.79,45.06,61.62,65.72,47.35,37.06,22.97,118.66,1.11,116.98,116.22,129.12,71.33,59.91,86.99,49.28,73.3,37.55,58.6
2017-09-07,79.03,111.8,45.11,61.86,65.87,47.45,37.37,23.37,118.09,1.3,117.77,116.33,129.62,71.32,60.21,87.34,49.95,73.83,38.03,59.48
2017-09-08,78.82,110.78,44.47,60.24,64.86,46.91,37.06,22.89,118.28,1.3,117.82,117.3,130.08,72.14,60.4,87.78,50.2,74.19,38.17,59.58
2017-09-11,79.25,112.52,44.93,60.41,65.77,47.16,37.85,24.25,123.85,1.25,118.87,117.93,131.44,73.35,60.91,88.34,50.61,74.55,38.47,60.03
2017-09-12,79.5,112.49,44.93,60.78,66.43,47.48,37.28,24.18,124.64,1.21,120.94,117.26,131.13,74.6,61.26,87.28,49.56,73.11,37.88,59.17
2017-09-13,79.77,114.18,45.56,61.55,66.92,46.83,37.05,24.42,125.6,1.29,119.63,117.37,130.4,74.93,61.3,86.77,49.42,72.59,37.8,59.06
2017-09-14,80.09,114.45,45.83,61.58,67.7,48.43,37.39,25.18,126.0,1.3,120.48,118.37,129.74,75.62,61.89,87.5,50.4,72.9,38.1,59.55
2017-09-15,80.07,114.63,46.51,61.35,67.24,50.45,37.52,25.32,127.29,1.53,121.37,119.01,131.39,76.91,62.35,87.3,50.64,73.03,37.61,59.65
2017-09-18,80.09,115.19,47.09,61.8,67.87,48.54,37.08,25.67,131.02,1.51,123.83,119.89,130.18,77.9,62.99,86.06,50.07,72.27,37.4,58.83
2017-09-19,80.22,116.34,47.55,61.86,67.89,48.86,36.98,25.01,134.65,1.51,124.74,123.08,130.25,77.03,63.21,85.98,49.87,71.98,37.28,58.79
2017-09-20,80.55,116.37,48.33,62.49,67.62,48.85,36.69,24.93,136.08,1.52,124.85,123.95,131.14,77.77,63.89,85.2,49.45,71.68,36.91,58.29
2017-09-21,79.89,116.47,48.69,62.75,68.09,48.76,36.7,24.43,134.89,1.41,124.79,124.78,133.19,78.06,63.44,85.16,49.27,71.45,37.15,57.95
2017-09-22,79.92,117.29,49.08,62.94,68.8,51.41,36.59,23.41,134.29,1.41,124.43,123.75,134.04,78.1,63.44,84.25,48.82,70.57,37.12,57.97
2017-09-25,80.98,117.99,49.98,64.58,69.65,46.88,36.7,23.0,128.89,1.36,124.32,123.77,133.15,77.55,63.61,85.14,49.03,71.04,37.6,58.44
2017-09-26,80.89,117.52,49.67,64.44,68.82,46.17,36.92,23.02,128.42,1.37,124.51,123.28,132.61,77.11,63.1,84.82,48.79,71.19,37.17,58.13
2017-09-27,81.43,117.45,50.22,65.19,69.08,47.05,36.56,22.73,130.02,1.45,124.52,123.32,131.97,77.12,63.34,83.94,48.52,70.31,37.15,57.25
2017-09-28,82.19,117.62,50.0,64.97,69.16,46.14,36.75,22.64,132.32,1.51,125.23,123.66,132.93,76.09,62.86,84.26,48.94,70.5,37.4,57.29
2017-09-29,81.98,117.5,50.05,64.21,69.76,45.88,36.64,22.74,136.31,1.52,124.71,125.59,134.03,76.79,62.84,83.92,49.14,70.24,37.67,57.06
2017-10-02,81.63,117.43,50.31,64.11,69.32,47.18,36.69,22.77,136.62,1.53,124.72,127.29,134.9,77.54,63.2,84.36,49.14,70.43,38.14,56.99
2017-10-03,81.76,117.82,49.24,63.98,69.06,47.23,36.72,23.21,137.42,1.59,125.51,128.1,134.91,77.45,63.33,83.85,48.79,70.29,37.84,56.94
2017-10-04,81.79,117.58,49.31,64.39,68.82,47.65,37.14,23.67,138.22,1.52,126.74,128.33,134.79,78.06,63.92,84.47,49.1,71.52,38.19,57.28
2017-10-05,82.02,118.58,49.7,64.35,68.87,47.93,36.94,23.69,139.66,1.53,126.4,128.01,135.28,77.8,63.98,84.29,49.36,71.49,38.35,56.01
2017-10-06,81.71,117.03,48.86,63.91,68.34,48.21,36.87,23.79,137.19,1.49,126.93,128.13,135.8,77.75,63.7,84.64,49.59,71.53,38.15,55.98
2017-10-09,82.03,117.71,48.91,64.0,68.33,46.91,36.98,22.86,136.55,1.43,126.88,128.64,135.79,77.68,63.82,84.82,49.65,71.74,38.04,56.31
2017-10-10,82.26,118.8,49.19,64.5,68.33,47.67,37.26,23.71,137.77,1.38,128.19,128.25,135.51,77.98,63.42,85.79,50.24,72.39,38.3,56.91
2017-10-11,82.6,119.33,49.6,64.39,67.74,47.2,37.47,23.64,137.42,1.4,128.6,127.77,134.95,78.53,63.43,86.39,50.48,72.76,38.46,57.47
2017-10-12,82.43,119.14,49.81,64.22,67.29,47.11,37.67,23.71,137.3,1.41,129.99,128.5,135.4,78.72,63.92,86.97,50.74,73.34,38.94,57.98
2017-10-13,82.41,119.16,49.4,64.73,67.17,47.6,37.64,23.7,138.94,1.39,130.71,127.91,135.57,78.53,63.97,86.79,50.94,73.16,39.24,57.44
2017-10-16,82.81,120.13,49.72,64.77,66.8,47.31,37.88,23.37,140.16,1.41,131.47,127.72,135.93,79.23,64.44,87.13,51.14,73.12,39.67,57.23
2017-10-17,82.96,120.22,49.72,64.64,66.5,47.24,38.17,23.72,139.41,1.37,130.54,128.69,135.62,78.07,65.48,87.51,51.14,73.2,39.6,57.02
2017-10-18,82.76,118.15,49.71,64.63,65.91,46.94,38.13,23.98,139.66,1.26,131.29,128.72,135.63,77.97,65.51,87.04,51.27,73.01,39.62,56.52
2017-10-19,82.74,118.2,49.71,64.84,64.5,47.64,38.47,23.45,139.49,1.29,131.55,128.52,135.8,78.02,65.16,87.85,52.0,73.83,39.77,57.05
2017-10-20,83.11,118.64,50.25,65.47,63.15,47.73,38.54,23.01,140.78,1.37,131.36,129.15,137.44,78.93,65.78,87.93,52.21,73.98,39.58,57.06
2017-10-23,83.24,118.93,50.26,65.05,61.91,48.92,38.59,22.47,138.53,1.32,131.68,129.59,137.98,78.48,66.1,87.54,52.2,73.92,39.74,57.22
2017-10-24,83.47,119.23,50.99,65.82,62.44,48.61,38.55,22.49,138.72,1.33,138.24,131.02,138.17,79.58,66.74,87.99,52.37,73.97,39.96,57.48
2017-10-25,83.17,118.44,49.96,65.35,63.44,47.39,38.47,21.72,138.53,1.27,136.84,130.56,138.05,78.98,66.5,87.75,52.21,73.58,40.07,57.16
2017-10-26,83.47,118.44,51.46,64.62,63.37,47.92,38.35,21.74,139.04,1.32,136.94,132.14,137.9,79.5,66.83,87.36,52.06,73.76,39.88,57.55
2017-10-27,83.71,113.54,51.21,65.05,63.55,57.67,38.96,21.39,139.08,1.36,137.81,133.25,138.24,79.77,67.38,87.95,52.09,74.02,40.25,57.82
2017-10-30,83.54,114.39,51.39,64.96,64.11,60.43,38.84,21.34,139.51,1.49,136.49,132.3,136.77,79.23,67.34,88.11,52.09,74.17,40.24,58.73
2017-10-31,83.35,115.89,51.15,64.57,64.0,54.82,38.77,22.1,140.89,1.53,135.8,132.88,136.32,80.02,64.46,88.31,52.2,74.41,40.21,58.75
2017-11-01,83.87,115.9,52.1,65.46,64.28,57.21,38.34,21.41,142.33,1.4,136.29,134.27,137.04,81.51,64.07,87.86,52.08,74.01,40.15,58.31
2017-11-02,83.53,115.33,52.48,67.9,63.25,57.87,37.47,19.95,136.91,1.45,136.47,134.44,137.5,79.38,63.62,88.56,53.25,73.72,40.72,58.91
2017-11-03,83.18,114.99,52.96,68.26,63.58,59.87,38.16,20.41,140.04,1.48,136.63,135.03,137.08,78.1,64.1,88.52,52.44,74.08,40.94,59.49
2017-11-06,83.75,117.04,53.67,68.82,67.08,61.47,37.97,20.19,141.97,1.49,137.71,135.31,137.68,78.31,64.52,87.87,51.65,73.73,40.69,59.44
2017-11-07,83.58,117.24,53.48,68.75,66.43,60.96,38.87,20.4,143.13,1.46,138.81,135.71,138.97,78.67,63.08,89.36,51.72,75.19,41.27,60.26
2017-11-08,83.47,116.67,53.52,68.17,67.06,61.79,38.73,20.29,144.58,1.75,137.29,134.64,138.87,79.05,62.52,89.23,51.77,75.52,41.32,60.52
2017-11-09,83.97,117.24,53.53,68.7,66.89,60.54,38.81,20.2,140.84,1.83,135.34,131.28,137.53,77.86,61.48,89.63,52.01,75.49,41.14,60.69
2017-11-10,82.94,117.18,52.99,68.17,65.74,61.59,38.79,20.2,140.62,1.97,136.48,132.23,137.82,77.92,61.61,88.89,51.36,74.78,41.3,60.56
2017-11-13,82.89,117.23,52.57,67.93,65.04,61.57,39.2,21.03,143.37,2.32,136.53,131.91,138.74,77.94,61.39,89.88,51.82,76.13,42.09,60.98
2017-11-14,82.24,116.92,51.23,67.32,62.78,61.28,39.6,20.58,137.65,2.37,137.54,132.88,139.3,76.89,60.74,91.09,52.31,77.39,42.39,61.12
2017-11-15,81.21,116.45,50.49,66.67,61.55,60.6,39.34,20.75,134.54,2.61,134.1,132.27,138.4,75.87,59.59,90.58,51.92,76.59,41.77,60.2
2017-11-16,80.56,114.57,50.22,67.17,61.31,60.35,39.32,20.83,135.33,2.78,136.36,134.61,138.89,76.44,59.02,89.21,51.94,76.76,41.24,59.93
2017-11-17,80.24,114.71,50.13,68.4,61.96,60.18,39.01,21.0,136.21,2.77,136.13,135.77,138.52,75.64,59.85,88.52,50.97,76.38,41.26,59.76
2017-11-20,80.55,114.72,50.08,67.81,61.72,61.06,38.98,20.58,135.4,2.56,136.91,136.92,139.89,75.69,60.26,88.66,51.18,76.44,41.35,59.4
2017-11-21,80.87,115.17,50.01,67.88,61.88,60.24,39.05,21.19,136.7,2.78,137.6,139.23,141.22,76.3,60.35,88.81,51.3,76.77,41.39,59.41
2017-11-22,81.1,115.91,50.22,68.23,62.14,60.51,38.8,20.84,135.25,2.81,138.01,145.25,140.88,76.22,61.88,88.63,51.36,76.59,41.5,59.33
2017-11-24,81.42,116.51,50.47,68.42,61.93,60.61,39.01,21.04,137.06,2.66,137.39,145.5,141.52,75.92,61.63,88.78,51.39,76.47,41.63,59.35
2017-11-27,81.11,115.59,49.16,68.08,61.36,61.65,39.25,21.12,136.23,3.0,137.19,148.77,142.24,75.53,61.88,88.88,51.56,76.74,41.65,59.72
2017-11-28,81.67,116.45,50.13,68.96,62.29,62.13,39.45,21.17,136.89,3.14,138.99,149.38,144.45,76.85,64.15,88.98,51.49,77.02,41.96,59.79
2017-11-29,82.27,117.18,50.73,69.9,62.15,60.02,39.44,20.5,131.95,2.87,138.06,148.44,144.9,76.84,63.87,89.0,51.09,77.14,41.69,60.13
2017-11-30,83.29,118.99,50.88,70.5,62.85,62.1,39.51,20.59,134.32,2.9,141.15,149.86,147.47,77.78,64.82,89.18,51.2,77.63,41.71,60.49
2017-12-01,83.46,119.51,51.74,70.24,64.73,60.3,39.37,20.44,132.15,2.9,141.52,149.94,146.0,77.7,64.69,88.73,51.11,77.24,41.83,60.24
2017-12-04,83.57,120.84,51.29,70.06,64.6,57.27,38.99,20.35,129.35,2.65,141.5,150.97,145.4,76.41,65.1,88.62,50.33,77.39,41.56,60.24
2017-12-05,82.89,120.39,51.23,70.0,63.45,61.21,38.91,20.25,127.99,2.76,140.14,150.67,144.73,74.95,64.68,87.96,50.36,76.27,41.25,58.11
2017-12-06,82.28,119.61,50.38,69.27,62.07,63.24,39.45,20.88,127.48,2.7,140.34,149.45,144.67,75.79,64.73,88.31,50.89,76.73,41.12,58.16
2017-12-07,82.55,119.63,50.54,69.41,62.07,68.43,39.55,20.75,129.08,2.8,142.89,151.11,144.94,77.26,65.78,87.9,51.33,76.61,40.81,58.22
2017-12-08,82.66,119.92,51.57,68.87,63.54,70.02,39.76,21.01,130.6,2.77,143.86,151.58,145.3,77.29,66.55,88.05,51.06,76.93,41.05,58.34
2017-12-11,83.03,120.42,51.69,69.5,64.56,70.05,39.81,21.93,131.14,2.7,143.77,151.33,144.87,77.77,66.41,88.37,51.68,77.08,41.92,59.02
2017-12-12,82.76,119.68,51.96,70.03,64.18,68.91,39.27,22.74,130.36,2.72,143.42,151.07,145.37,77.76,66.67,87.13,51.19,76.02,41.01,57.34
2017-12-13,83.12,119.93,51.68,69.97,63.3,68.48,39.12,22.6,130.1,2.66,148.57,151.95,147.32,77.57,67.2,87.56,51.68,76.51,41.13,57.62
2017-12-14,82.9,119.53,52.31,70.55,62.37,67.89,39.49,22.53,127.58,2.7,146.28,149.44,144.89,76.44,66.51,87.56,51.52,76.29,40.81,57.89
2017-12-15,83.03,119.73,52.17,70.62,62.09,68.96,39.61,22.9,129.57,2.8,146.69,150.87,145.86,77.29,67.26,87.84,51.31,76.54,40.74,58.27
2017-12-18,82.94,119.7,52.34,70.97,63.6,70.63,39.09,22.59,132.08,2.56,149.77,154.04,146.18,77.06,68.36,86.54,50.55,75.5,40.48,57.53
2017-12-19,82.44,119.84,52.68,70.9,64.39,69.15,38.52,22.07,132.02,2.47,150.91,154.48,145.72,76.86,68.54,85.01,49.81,74.51,39.62,56.09
2017-12-20,82.87,120.89,54.25,71.88,65.28,68.69,38.41,21.93,131.33,2.52,152.52,154.37,146.31,77.15,68.96,84.49,49.94,74.5,39.04,55.97
2017-12-21,83.85,124.82,55.95,72.58,67.86,69.11,38.62,22.11,128.65,2.55,154.64,155.86,145.35,78.1,69.58,84.3,49.49,73.74,39.07,53.45
2017-12-22,83.97,124.98,55.5,72.99,67.44,68.85,38.63,21.68,129.29,2.53,155.75,157.53,145.14,77.51,69.66,84.17,48.5,73.65,39.01,54.16
2017-12-26,83.98,125.98,56.23,73.54,67.61,68.04,38.5,21.15,129.04,2.42,156.44,158.75,145.39,77.32,69.53,83.6,48.05,72.99,38.81,53.97
2017-12-27,83.9,125.55,55.59,73.32,67.92,68.84,38.82,20.78,128.43,2.45,157.52,158.58,145.57,77.42,69.75,83.98,48.05,73.24,38.99,53.91
2017-12-28,84.02,125.58,55.18,73.7,67.46,68.35,39.09,21.02,128.45,2.49,158.42,157.7,145.74,78.16,69.98,83.99,48.28,73.65,39.3,53.54
2017-12-29,83.64,125.19,54.89,73.66,67.39,67.52,39.05,20.76,127.89,2.41,157.58,156.51,145.01,79.01,69.69,84.11,48.09,73.57,39.41,53.46
2018-01-02,85.03,127.58,55.32,73.98,69.52,70.43,38.77,21.37,131.53,2.6,157.04,158.01,145.35,78.86,70.74,83.23,47.17,72.41,39.59,52.67
2018-01-03,86.7,128.51,56.34,75.0,71.33,69.8,37.95,21.15,131.79,2.58,157.28,158.73,144.14,81.64,71.39,82.97,46.9,71.8,39.06,54.07
2018-01-04,86.82,128.11,56.99,74.96,73.1,69.14,37.76,20.97,130.22,2.5,159.44,159.64,146.09,80.77,71.49,82.32,46.7,70.95,38.51,53.71
2018-01-05,86.75,127.9,56.88,74.55,73.6,69.17,37.93,21.11,131.72,2.47,161.96,160.32,147.11,81.39,72.43,81.94,46.78,70.8,38.19,54.23
2018-01-08,87.14,128.53,57.46,75.19,74.8,69.62,38.24,22.43,137.45,2.41,166.03,161.11,146.32,82.03,72.2,82.2,47.2,71.42,38.6,54.24
2018-01-09,86.77,127.84,57.93,74.89,74.9,70.02,37.96,22.25,135.44,2.38,166.43,165.6,147.52,81.98,72.32,81.24,46.61,70.58,38.16,53.81
2018-01-10,86.08,128.66,57.65,74.25,75.6,69.64,37.65,22.32,132.96,2.26,165.87,164.94,148.54,82.47,72.59,80.11,45.96,69.5,37.95,53.59
2018-01-11,86.93,132.57,59.18,75.82,77.05,76.27,37.62,22.53,134.69,2.4,169.2,167.46,149.33,83.99,73.88,79.28,45.25,68.73,38.41,53.35
2018-01-12,87.52,133.6,60.05,76.53,77.97,73.41,37.58,22.41,133.52,2.24,170.3,169.3,150.41,84.24,73.91,78.9,44.84,67.46,38.39,53.45
2018-01-16,86.97,132.01,58.84,75.27,77.17,71.22,37.63,22.67,128.0,2.09,169.31,167.54,149.3,83.35,72.83,78.42,44.66,67.5,38.47,53.53
2018-01-17,88.0,132.36,59.86,75.86,77.21,72.0,37.97,23.14,126.95,2.1,168.5,167.43,149.79,83.6,73.07,78.41,45.05,68.25,39.09,53.3
2018-01-18,87.43,131.59,59.76,75.39,76.37,71.09,37.7,22.97,117.91,1.94,168.83,167.9,149.19,83.56,73.45,77.34,44.9,67.8,38.59,53.01
2018-01-19,87.15,131.3,59.75,75.55,76.42,70.03,37.54,23.33,116.01,1.95,170.41,170.32,150.05,83.95,73.14,76.82,44.44,67.76,37.97,52.99
2018-01-22,88.25,132.56,60.67,77.63,79.79,68.96,37.51,23.44,113.53,1.97,170.89,170.38,149.91,84.36,73.26,76.95,44.04,68.13,38.05,52.52
2018-01-23,88.3,131.02,60.47,77.42,79.21,68.48,38.18,23.52,113.0,2.06,169.43,168.66,150.91,85.12,73.12,77.71,44.47,68.77,38.53,53.11
2018-01-24,88.53,131.39,60.49,77.56,78.18,68.98,37.71,23.06,112.4,2.02,168.34,169.6,151.26,84.5,72.63,77.24,44.08,68.48,38.21,52.84
2018-01-25,88.37,130.65,59.48,76.74,77.33,70.44,38.27,22.51,116.9,2.09,169.37,169.13,153.03,85.22,72.68,78.9,44.62,69.7,38.68,53.2
2018-01-26,89.0,131.19,60.39,77.18,77.61,70.56,39.42,22.86,114.41,2.14,167.06,171.49,156.01,86.49,74.05,78.83,44.31,68.75,38.86,52.77
2018-01-29,88.01,128.48,59.66,76.24,76.38,68.35,38.92,23.3,111.68,2.03,162.58,169.18,152.68,85.59,72.99,77.29,43.99,67.9,38.33,52.23
2018-01-30,86.78,125.23,58.46,74.76,74.54,67.09,38.77,23.05,111.37,2.03,163.76,168.51,150.32,84.74,72.47,77.66,44.8,68.35,38.29,52.91
2018-01-31,87.3,125.35,58.81,74.97,73.58,67.17,39.6,23.62,111.59,2.2,162.78,166.42,150.98,83.97,72.23,78.5,45.11,68.78,38.51,53.51
2018-02-01,89.07,125.57,59.35,76.1,75.51,67.55,39.09,23.28,109.2,2.17,162.24,167.85,150.96,87.86,72.58,76.84,44.38,67.84,37.84,53.27
2018-02-02,84.53,118.58,57.72,73.58,73.69,66.44,38.98,22.92,105.51,2.07,157.49,164.96,148.13,85.09,70.57,76.53,44.17,67.75,37.72,52.79
2018-02-05,79.72,112.62,55.94,70.91,71.35,63.5,38.57,22.21,105.15,2.3,151.08,157.02,142.0,81.58,68.44,75.81,43.72,66.48,36.92,52.12
2018-02-06,78.35,117.18,55.94,71.22,71.04,63.48,37.39,22.26,107.54,2.31,156.41,161.88,143.16,82.68,69.25,74.49,43.49,64.91,36.47,51.7
2018-02-07,76.94,115.29,55.63,69.87,69.75,62.94,37.02,23.0,106.63,2.53,154.34,161.44,142.96,81.62,68.96,74.4,43.34,64.45,36.15,52.05
2018-02-08,76.07,112.3,53.24,68.47,67.4,60.69,36.32,21.02,105.18,2.28,145.99,153.66,138.07,79.41,66.4,74.32,43.4,63.38,35.98,51.68
2018-02-09,75.78,113.5,52.02,68.18,65.19,61.22,37.02,20.69,107.72,2.29,149.21,154.93,139.85,80.77,69.07,76.1,44.33,64.72,36.86,53.05
2018-02-12,76.42,113.98,53.41,69.87,66.84,62.52,37.5,21.05,111.59,2.66,152.29,159.21,141.34,82.02,70.31,76.81,44.68,64.8,37.17,53.31
2018-02-13,76.3,113.29,53.32,69.72,65.92,64.22,37.77,21.58,108.45,2.85,153.97,161.3,140.42,81.83,70.38,77.08,44.62,65.58,37.01,53.41
2018-02-14,76.46,113.63,55.51,69.85,65.87,65.24,37.52,21.49,111.72,2.67,158.06,163.28,142.2,82.67,71.31,75.48,43.58,65.3,36.6,52.73
2018-02-15,76.21,112.53,54.54,69.43,66.21,65.82,38.61,22.27,114.61,2.76,159.98,166.81,145.07,82.76,71.5,76.2,44.56,66.68,37.5,53.99
2018-02-16,76.54,112.14,54.65,68.16,66.28,65.85,39.01,22.37,112.24,2.82,156.29,169.44,145.65,82.79,72.99,76.7,43.93,67.26,37.78,54.51
2018-02-20,75.75,110.98,54.84,67.99,65.61,66.58,38.45,22.32,114.58,2.55,155.56,164.77,145.94,81.71,71.07,75.69,43.47,66.37,37.68,53.77
2018-02-21,74.89,109.06,53.75,67.21,64.4,66.7,37.94,22.22,113.01,2.63,155.23,162.09,145.67,81.56,71.81,75.33,42.92,65.58,37.06,52.72
2018-02-22,75.86,109.89,54.91,67.92,64.96,66.28,38.08,23.08,113.68,2.43,158.86,164.16,144.97,81.88,72.09,75.54,43.02,65.68,37.24,53.32
2018-02-23,77.53,112.59,57.05,68.32,66.5,61.79,39.06,23.47,118.75,2.47,162.41,166.24,146.68,82.22,72.19,77.22,44.07,67.37,38.24,54.78
2018-02-26,78.84,114.6,56.59,67.27,66.73,65.1,38.66,23.83,110.1,2.68,163.69,167.46,147.98,82.28,73.53,77.92,44.03,66.97,38.03,54.76
2018-02-27,77.5,113.61,55.83,66.75,66.91,63.48,37.92,23.4,111.57,2.79,161.26,163.58,145.54,81.96,73.09,76.33,43.4,65.95,37.24,55.02
2018-02-28,75.74,111.92,54.31,65.6,65.64,62.85,38.04,22.87,100.43,3.32,154.63,160.87,142.89,80.7,71.06,75.34,43.06,65.58,37.04,54.49
2018-03-01,75.2,112.04,53.88,65.63,65.22,62.09,38.31,22.06,96.01,3.31,150.23,156.81,139.2,79.59,69.58,75.56,43.98,65.62,36.94,53.82
2018-03-02,75.55,111.64,54.06,65.64,65.47,64.33,38.21,22.34,95.02,3.43,146.38,153.31,140.08,79.7,69.36,75.35,44.2,65.18,36.92,53.55
2018-03-05,76.27,113.15,53.99,65.92,66.16,66.05,38.76,22.22,96.44,3.71,151.12,157.54,140.43,80.22,70.15,77.49,44.84,66.49,37.68,55.34
2018-03-06,76.18,113.65,54.06,65.66,66.63,67.45,38.31,21.88,100.14,3.85,153.75,158.51,141.2,80.94,70.47,75.86,44.1,65.5,37.17,54.68
2018-03-07,74.26,113.84,54.07,65.19,66.23,67.95,38.26,22.15,100.05,3.92,151.51,157.9,142.22,81.03,69.59,75.25,43.67,64.92,36.82,54.28
2018-03-08,74.12,113.35,53.57,62.96,66.74,67.69,38.58,21.94,99.28,3.79,153.59,161.06,143.0,81.14,70.21,75.99,43.41,65.3,37.45,54.9
2018-03-09,74.56,117.22,55.06,63.67,68.78,67.9,38.7,21.81,101.76,3.87,158.25,167.93,145.82,83.14,72.27,76.13,43.76,65.65,37.5,54.54
2018-03-12,75.24,116.79,54.74,63.89,68.09,70.05,38.6,23.03,102.99,4.05,154.5,164.03,143.95,81.53,71.42,76.55,43.82,65.87,37.53,54.88
2018-03-13,74.53,116.46,53.96,64.2,67.14,69.15,38.67,22.79,103.13,3.98,153.69,161.32,143.26,81.28,71.23,76.47,43.59,66.04,37.44,55.35
2018-03-14,73.6,115.13,53.96,64.04,66.43,69.52,39.5,21.78,100.33,4.25,152.54,160.21,142.23,80.09,70.74,77.0,44.05,66.59,37.83,56.43
2018-03-15,74.42,115.58,54.03,63.91,65.35,68.74,39.53,21.71,98.07,4.41,154.57,159.6,142.85,80.27,70.93,76.74,43.93,66.99,37.87,56.1
2018-03-16,75.12,115.4,54.93,64.45,66.1,69.87,40.26,21.42,98.37,4.72,156.46,163.88,143.52,80.98,72.38,77.59,44.19,67.81,38.38,56.51
2018-03-19,74.15,113.89,53.57,63.65,64.7,71.26,39.98,20.9,96.91,4.74,152.15,159.53,142.03,80.46,70.73,77.04,44.17,67.45,38.22,56.22
2018-03-20,73.99,114.5,54.7,63.91,65.56,73.0,40.1,20.7,95.32,4.76,154.06,159.99,142.29,81.16,70.55,76.43,43.85,67.45,38.31,55.3
2018-03-21,75.04,117.04,57.04,66.04,67.74,73.87,40.02,21.1,97.47,4.71,155.8,158.05,143.12,81.48,71.15,76.18,43.9,66.91,38.07,55.2
2018-03-22,73.5,113.7,56.5,65.18,65.52,72.09,40.47,20.61,94.11,4.73,146.9,151.58,138.89,79.43,68.77,76.19,43.81,67.36,38.37,55.26
2018-03-23,72.89,112.98,57.74,65.49,64.14,70.65,39.87,20.1,93.24,4.83,144.29,148.0,135.48,78.18,67.36,75.17,43.11,66.39,37.71,54.48
2018-03-26,74.0,115.35,59.08,67.2,64.46,74.02,40.36,20.28,94.36,4.92,149.19,153.34,138.94,81.1,69.51,75.92,43.82,67.31,38.1,54.99
2018-03-27,73.7,114.66,59.14,65.82,64.48,71.51,40.65,18.61,93.43,5.08,146.99,152.16,136.49,79.71,67.92,77.1,44.53,68.43,38.47,55.59
2018-03-28,72.81,112.1,58.73,63.15,63.21,69.32,40.57,17.19,89.56,4.59,145.16,151.48,135.46,79.05,67.3,77.42,44.64,68.66,38.54,55.16
2018-03-29,74.61,114.04,59.29,64.96,64.78,70.98,40.83,17.74,92.74,4.57,147.38,155.32,136.65,79.91,68.3,77.47,44.66,68.59,39.01,55.61
2018-04-02,73.22,112.24,58.09,64.67,63.48,69.39,40.59,16.83,88.96,4.51,143.89,151.82,134.68,77.69,66.28,77.1,44.21,68.28,38.26,55.06
2018-04-03,75.02,114.83,60.03,66.63,64.79,69.76,40.5,17.84,90.42,4.24,145.06,153.04,136.41,77.86,67.85,77.26,44.17,68.45,38.75,54.69
2018-04-04,74.87,114.48,59.56,66.62,64.81,70.19,40.58,19.13,91.6,4.42,145.18,148.57,136.96,78.58,68.13,77.71,44.79,68.67,38.78,55.17
2018-04-05,76.02,117.29,60.46,67.77,65.77,71.64,41.0,20.38,95.77,4.36,148.13,151.34,138.43,79.25,68.41,78.6,45.01,68.94,39.0,55.77
2018-04-06,74.87,114.76,59.26,67.53,64.36,69.7,40.69,19.95,91.8,4.14,142.99,145.39,134.97,75.97,66.31,78.16,44.79,68.53,38.63,55.56
2018-04-09,74.87,115.98,60.62,68.93,64.26,70.85,40.53,19.31,91.22,4.15,143.08,142.96,135.06,75.93,66.19,78.47,44.77,68.71,38.59,55.89
2018-04-10,77.07,118.85,62.34,70.51,66.71,70.79,40.45,20.31,92.33,4.0,148.09,148.01,137.71,77.59,67.56,77.52,44.3,67.87,38.67,55.84
2018-04-11,77.43,119.25,63.23,71.68,67.55,71.25,40.26,20.06,93.31,3.96,146.79,144.41,136.43,77.17,67.08,77.08,44.47,67.79,38.48,55.49
2018-04-12,77.22,119.23,63.24,71.78,67.56,71.23,39.77,19.61,93.39,4.07,150.14,150.26,138.5,77.44,68.2,76.14,43.82,66.64,37.76,55.13
2018-04-13,77.84,119.92,64.9,73.63,67.95,70.68,40.05,20.02,95.5,3.94,150.23,149.98,138.17,77.26,68.42,76.67,43.94,67.34,38.34,55.31
2018-04-16,78.54,120.7,65.73,74.91,68.52,70.12,40.53,19.41,96.87,3.96,152.14,148.98,138.76,77.45,68.81,77.96,45.07,68.27,38.59,55.9
2018-04-17,78.33,121.46,66.51,75.22,68.66,72.68,40.8,19.18,96.63,4.26,153.31,149.15,140.61,77.95,69.39,78.5,45.82,68.86,39.07,56.3
2018-04-18,79.22,123.82,66.42,75.92,70.34,77.58,40.72,19.56,98.79,4.25,155.95,149.77,141.24,79.19,70.62,78.28,45.43,68.73,38.94,55.8
2018-04-19,79.42,123.71,66.31,75.99,70.28,76.96,40.63,20.01,98.59,4.58,155.7,148.1,140.07,79.15,70.67,78.52,45.6,68.52,38.96,55.19
2018-04-20,79.0,122.31,65.79,76.47,69.23,75.51,40.2,19.35,97.75,4.91,153.25,146.96,142.38,79.06,70.2,77.68,45.22,68.46,38.6,54.91
2018-04-23,79.57,123.58,65.48,77.24,68.91,74.37,40.28,18.89,97.34,4.96,153.99,146.04,140.53,78.53,69.9,77.99,45.24,68.44,38.66,54.65
2018-04-24,78.35,122.54,65.31,77.34,68.28,74.07,40.54,18.9,95.78,4.46,144.44,138.11,139.21,75.93,68.3,78.22,45.7,68.88,39.18,54.95
2018-04-25,79.5,122.72,65.06,77.36,69.1,73.58,40.08,18.71,95.46,4.39,145.19,138.0,139.06,76.73,68.71,78.89,46.03,69.09,39.16,54.66
2018-04-26,80.86,124.22,66.97,77.6,69.47,75.08,40.8,19.03,96.55,4.38,146.31,136.33,138.81,75.91,67.49,79.84,46.09,69.77,39.51,55.19
2018-04-27,77.79,126.62,64.95,77.04,69.08,77.95,40.99,19.6,96.95,4.26,144.72,137.56,138.93,76.15,67.82,80.5,46.4,70.55,39.85,55.81
2018-04-30,77.75,125.11,65.5,77.26,68.56,70.91,40.98,19.59,96.96,4.15,144.36,135.33,136.81,75.03,66.41,80.16,46.12,69.98,39.68,55.9
2018-05-01,76.95,124.86,65.71,76.58,68.4,67.51,40.8,19.99,97.62,4.06,144.42,135.37,136.65,73.86,68.98,79.83,45.81,69.44,40.15,55.83
2018-05-02,76.8,125.49,65.45,76.83,68.66,68.02,40.86,20.08,97.84,4.63,143.86,134.75,135.2,72.82,67.6,79.98,46.25,69.19,40.38,55.58
2018-05-03,76.54,126.01,65.99,77.29,67.72,65.98,40.77,18.96,97.89,4.5,143.78,136.87,135.56,73.07,67.42,79.76,46.26,69.24,40.85,55.7
2018-05-04,76.9,125.53,66.86,77.71,68.79,66.37,41.02,19.61,100.06,4.3,146.37,137.3,136.06,74.87,68.42,79.88,46.03,69.39,41.08,55.9
2018-05-07,77.74,124.94,66.77,77.28,69.21,67.15,40.84,20.18,100.11,4.59,149.82,140.22,136.32,74.7,69.3,79.5,45.45,68.78,41.3,55.34
2018-05-08,78.09,126.57,67.74,78.2,69.54,67.26,39.98,20.13,100.72,4.49,149.93,142.07,136.38,74.82,69.76,77.88,44.15,67.25,40.74,53.22
2018-05-09,79.93,128.72,68.7,82.4,70.88,69.43,39.57,20.46,101.75,4.68,152.61,145.16,137.76,75.66,71.93,77.64,43.79,66.27,39.97,52.57
2018-05-10,81.72,128.82,69.34,83.86,71.12,73.01,40.06,20.33,98.39,5.21,153.97,146.61,139.28,76.45,71.97,78.16,44.71,67.02,40.6,53.2
2018-05-11,81.28,129.84,69.44,84.97,71.08,72.78,40.19,20.07,98.54,5.09,154.86,147.32,139.34,76.47,72.0,77.91,44.93,67.16,40.64,53.54
2018-05-14,81.83,130.39,69.59,84.89,71.6,73.54,40.05,19.46,99.24,5.18,155.28,146.75,139.28,76.58,72.16,77.83,44.55,67.11,40.34,53.26
2018-05-15,81.79,129.74,70.09,84.27,71.6,73.44,39.71,18.95,100.81,5.3,152.59,145.53,139.33,76.73,71.83,76.93,44.21,66.81,40.21,52.62
2018-05-16,82.02,129.56,69.85,84.26,73.11,72.77,39.29,19.1,102.35,5.6,153.8,147.35,139.52,77.33,71.95,76.03,43.89,66.15,39.79,51.67
2018-05-17,81.88,129.46,70.66,86.16,74.43,71.39,39.1,18.97,104.8,5.53,153.69,146.81,139.11,77.67,72.97,74.15,43.62,65.22,39.35,51.09
2018-05-18,81.3,127.86,69.55,85.42,74.29,70.0,39.11,18.45,104.92,5.34,155.71,155.25,140.27,78.59,73.14,73.8,42.73,64.93,39.44,50.98
2018-05-21,82.28,129.37,70.66,85.79,75.03,70.92,40.05,18.97,104.07,5.5,158.92,158.33,142.3,79.89,74.08,73.68,43.44,65.09,39.64,51.32
2018-05-22,81.64,128.23,70.13,84.95,73.73,69.99,39.86,18.33,102.34,5.54,156.2,155.09,142.66,79.16,73.26,74.07,43.55,65.44,39.87,51.72
2018-05-23,82.15,128.7,69.12,85.33,73.45,68.42,40.07,18.6,101.84,5.65,157.74,156.58,143.09,79.0,73.01,74.87,43.99,66.47,40.3,52.43
2018-05-24,80.27,126.61,68.45,83.86,71.22,68.37,40.3,18.52,95.02,5.8,157.7,158.18,142.86,78.91,73.25,75.74,44.25,66.84,40.53,52.6
2018-05-25,78.71,122.19,65.47,82.4,68.6,68.25,40.6,18.59,94.82,5.61,155.85,159.0,142.46,78.27,72.49,75.81,44.52,67.22,40.67,52.59
2018-05-29,78.42,121.39,65.71,81.83,68.07,69.21,40.93,18.92,93.03,5.85,153.62,155.01,140.14,76.94,70.77,76.6,44.3,67.62,40.71,52.9
2018-05-30,81.5,125.16,68.05,84.07,69.48,69.04,41.32,19.45,93.59,6.23,155.46,155.08,142.25,77.91,71.65,76.98,44.74,68.0,41.22,53.12
2018-05-31,81.24,124.3,67.39,84.2,68.67,67.61,41.45,18.98,93.47,5.73,151.91,149.51,139.86,76.58,70.84,77.16,44.9,67.95,41.39,53.27
2018-06-01,81.83,123.85,68.29,85.1,68.96,65.93,40.77,19.45,94.26,5.78,153.52,153.39,141.92,76.9,71.37,76.08,44.2,66.68,40.99,52.15
2018-06-04,80.97,122.26,67.9,85.36,69.07,61.74,40.29,19.78,94.44,5.79,152.5,151.54,141.97,76.97,71.51,75.37,43.93,66.05,40.54,51.7
2018-06-05,80.68,122.73,67.56,85.51,68.46,58.24,39.83,19.41,94.65,5.62,153.01,154.45,141.71,79.45,72.67,74.75,43.77,65.29,40.43,51.41
2018-06-06,82.06,123.38,67.88,86.46,68.89,55.53,39.03,21.3,95.67,5.3,156.51,158.55,142.78,80.28,73.29,73.14,42.89,63.81,39.71,50.35
2018-06-07,82.88,126.96,69.48,86.48,69.6,53.28,39.09,21.07,95.22,5.32,156.29,158.65,143.81,80.34,73.37,73.48,43.18,64.15,40.14,50.38
2018-06-08,83.6,126.44,69.43,85.47,69.43,52.67,39.2,21.18,95.37,5.03,155.32,157.12,143.6,80.35,73.15,73.12,43.28,64.11,40.0,50.72
2018-06-11,83.1,127.56,70.49,86.15,69.87,51.82,38.85,22.14,95.37,4.62,156.3,156.68,143.61,80.81,73.18,72.12,42.84,62.93,39.93,58.59
2018-06-12,82.42,127.08,69.43,84.93,68.6,53.85,39.35,22.85,95.74,4.5,157.49,157.59,143.97,80.41,73.21,72.48,43.44,63.57,40.49,58.56
2018-06-13,81.51,127.07,69.62,84.33,67.97,52.69,39.28,22.99,94.18,5.98,154.71,153.34,143.57,80.05,72.78,72.25,43.78,63.46,40.52,57.01
2018-06-14,81.89,126.51,68.13,84.35,68.33,53.71,39.7,23.85,93.66,6.44,153.14,150.18,142.97,79.28,72.9,73.46,44.21,64.62,41.07,56.66
2018-06-15,80.66,124.04,65.36,83.33,66.83,51.06,39.88,23.88,93.33,5.69,150.02,148.75,142.05,79.25,72.28,74.3,44.43,65.05,41.49,55.95
2018-06-18,80.82,125.97,66.6,83.79,67.04,51.83,40.1,24.72,92.87,6.1,148.68,147.79,141.79,79.23,72.14,74.41,44.57,65.46,41.72,56.34
2018-06-19,80.7,125.54,66.26,82.58,65.7,52.23,40.75,23.5,91.4,6.2,143.3,142.28,139.27,78.21,70.56,75.67,45.06,66.87,41.61,56.63
2018-06-20,80.45,125.29,67.47,83.24,65.55,51.67,40.67,24.15,91.61,6.16,143.13,144.35,138.57,77.94,70.39,76.19,45.05,66.9,41.8,56.28
2018-06-21,79.69,122.59,65.11,82.09,64.79,52.31,40.84,23.17,91.97,6.22,139.53,142.01,136.14,76.36,69.2,76.91,45.29,67.47,41.43,56.55
2018-06-22,81.38,125.1,67.78,83.33,66.58,52.65,41.08,22.24,93.46,6.62,139.94,143.17,136.16,76.59,69.87,77.43,45.81,67.35,41.5,57.57
2018-06-25,79.74,122.61,66.14,81.35,65.43,52.64,41.6,22.2,91.96,6.98,136.58,139.65,136.2,75.94,69.15,79.08,46.6,69.03,41.85,58.3
2018-06-26,80.64,124.16,67.34,82.68,66.02,51.91,41.69,22.8,92.52,7.3,135.54,139.65,136.17,75.51,68.95,78.79,46.09,69.3,42.03,57.87
2018-06-27,81.71,126.0,68.74,83.77,66.81,50.98,42.02,22.97,93.41,6.81,134.61,139.38,135.35,75.26,68.55,79.52,46.33,69.85,42.2,57.97
2018-06-28,81.97,125.66,68.41,83.4,67.01,52.13,41.7,23.33,93.64,6.95,136.03,139.42,135.34,74.44,68.59,79.23,46.34,69.34,42.28,57.55
2018-06-29,82.73,126.43,69.62,83.68,67.03,52.66,41.76,22.86,94.33,6.73,135.67,139.8,136.21,74.74,69.14,79.08,46.31,69.25,42.6,58.05
2018-07-02,81.76,124.25,68.59,82.52,65.21,53.05,42.25,22.34,93.48,7.14,136.29,141.16,136.93,74.93,69.44,79.76,46.9,70.05,42.9,57.77
2018-07-03,82.24,124.73,69.56,83.86,65.84,52.36,42.14,20.72,96.62,7.03,133.83,140.24,137.05,75.45,68.77,79.81,47.0,70.5,42.81,58.06
2018-07-05,82.31,123.98,68.93,84.19,66.43,53.3,42.13,20.61,94.78,7.01,135.81,139.7,137.03,75.84,69.18,80.61,47.56,71.13,42.92,58.65
2018-07-06,82.33,124.14,69.65,84.25,67.03,54.53,42.58,20.59,95.54,7.03,135.41,139.98,137.79,76.02,69.28,81.62,47.76,71.56,43.09,58.89
2018-07-09,82.9,125.99,71.0,85.25,68.34,54.83,41.33,21.23,95.98,7.4,140.97,144.42,139.4,77.8,70.84,78.64,46.37,68.87,41.85,57.81
2018-07-10,83.66,127.59,71.74,85.7,69.49,55.22,41.86,21.5,95.81,7.48,141.25,144.55,139.98,78.31,70.99,79.52,47.34,69.78,42.17,58.65
2018-07-11,82.59,123.52,70.05,83.93,68.34,54.72,42.1,21.26,94.68,7.04,136.76,141.42,136.66,75.76,69.07,80.38,47.77,70.75,42.45,57.84
2018-07-12,82.69,124.26,71.45,84.56,67.47,54.7,42.12,21.11,95.35,7.02,139.42,140.8,139.84,76.87,70.23,80.5,47.98,70.38,42.35,57.81
2018-07-13,83.31,124.04,72.0,83.64,68.08,54.06,42.38,21.26,95.57,7.04,140.75,137.58,139.47,77.76,70.58,80.62,47.96,70.35,42.39,58.26
2018-07-16,82.49,122.98,70.58,82.53,67.42,54.01,42.38,20.67,94.96,6.73,138.08,136.27,138.43,77.34,69.31,80.78,47.71,70.42,42.15,57.88
2018-07-17,82.31,121.91,70.28,82.69,66.74,53.75,42.55,21.51,96.97,6.63,138.95,138.0,140.41,77.82,69.48,80.65,47.65,70.44,41.92,57.8
2018-07-18,82.22,121.53,70.35,82.96,67.06,54.0,42.35,21.59,96.74,6.69,141.12,139.21,141.03,78.37,69.69,80.44,47.55,70.24,41.92,57.16
2018-07-19,82.01,121.67,69.69,82.98,66.92,53.88,42.56,21.35,96.21,7.02,139.42,140.3,139.51,78.21,69.8,81.2,47.92,70.64,42.24,57.66
2018-07-20,81.4,122.27,70.01,83.08,66.09,53.48,42.49,20.91,93.9,6.76,136.82,137.17,144.8,77.64,69.28,80.65,47.52,70.41,42.05,57.13
2018-07-23,81.4,121.33,69.98,82.45,65.74,52.62,42.21,20.21,90.92,6.72,136.28,135.53,145.34,76.87,67.89,79.97,47.36,69.44,41.61,56.78
2018-07-24,83.01,123.85,70.85,83.46,65.52,53.05,42.55,19.83,90.9,6.62,137.97,139.84,146.72,77.45,68.87,79.89,47.54,69.06,41.65,57.25
2018-07-25,83.59,124.9,71.51,84.33,65.78,54.04,41.94,20.58,91.79,6.48,140.48,141.32,149.42,78.98,70.2,80.18,47.55,69.38,41.88,57.73
2018-07-26,84.24,123.95,71.8,84.16,66.86,53.67,42.04,20.44,93.06,6.18,142.58,142.73,150.46,79.96,71.26,81.14,48.08,71.04,42.27,57.88
2018-07-27,81.92,125.97,71.45,83.47,67.04,51.65,41.74,19.81,93.26,5.59,142.56,140.8,150.67,80.57,71.26,81.09,47.97,71.14,42.2,57.48
2018-07-30,81.74,127.83,72.27,83.31,67.58,51.57,41.56,19.34,92.42,5.68,139.75,138.2,148.38,79.86,70.53,80.77,47.91,70.4,41.8,57.24
2018-07-31,81.51,126.27,72.17,83.93,67.52,52.35,41.88,19.88,94.2,5.95,143.8,144.79,150.96,83.17,72.28,81.62,48.6,71.14,42.5,57.8
2018-08-01,80.39,125.39,71.81,82.64,66.66,53.38,41.98,20.06,91.01,5.59,138.54,141.91,148.35,82.37,71.3,81.05,48.08,70.3,42.0,57.45
2018-08-02,79.91,123.76,71.56,82.24,65.94,53.59,42.36,23.3,92.02,5.7,138.01,142.09,147.42,81.17,71.28,80.45,48.47,70.49,42.29,58.02
2018-08-03,80.2,124.05,71.29,82.29,65.89,52.84,42.79,23.21,92.61,5.36,138.51,143.36,146.6,81.57,71.48,81.55,48.93,71.18,42.49,58.4
2018-08-06,80.18,124.3,71.73,82.3,65.74,53.57,42.75,22.8,92.66,5.76,139.48,143.93,146.54,81.19,71.62,81.12,48.99,71.27,42.61,57.67
2018-08-07,81.27,125.18,72.9,81.94,66.68,53.6,42.66,25.3,92.81,5.87,142.38,146.12,147.85,82.58,74.66,80.88,49.08,71.24,42.77,57.98
2018-08-08,80.73,123.88,71.39,81.2,66.41,54.46,42.52,24.69,98.77,5.75,139.71,144.81,146.75,81.91,74.04,80.43,46.88,70.93,42.85,57.53
2018-08-09,80.32,122.53,71.75,77.79,65.4,54.45,42.71,23.5,100.76,5.68,138.52,139.83,145.58,81.71,74.05,80.81,46.81,70.98,43.37,57.37
2018-08-10,79.42,123.34,71.94,78.78,66.04,52.79,42.73,23.7,98.5,5.71,135.92,137.05,144.76,80.55,73.86,80.89,46.13,70.85,43.13,57.22
2018-08-13,78.56,122.44,71.07,78.14,64.97,52.47,42.83,23.76,95.63,5.37,135.02,136.91,144.06,80.12,73.45,80.94,46.4,70.94,43.31,57.45
2018-08-14,78.31,122.58,72.15,79.66,64.8,52.01,42.98,23.18,97.33,5.05,134.92,138.65,145.74,80.14,74.24,81.22,46.72,71.02,43.35,57.12
2018-08-15,76.94,117.94,67.82,76.93,62.29,50.7,43.19,22.58,95.54,4.89,132.02,135.7,144.84,79.63,73.56,81.86,47.15,71.77,43.63,57.23
2018-08-16,78.0,117.66,69.41,78.02,62.49,50.86,43.7,22.36,97.06,4.98,136.26,137.35,145.71,80.51,73.96,81.79,47.5,72.34,44.33,58.01
2018-08-17,78.26,117.8,69.77,78.55,62.83,51.0,43.79,20.37,95.44,4.77,139.34,140.59,146.73,81.0,74.86,82.28,46.97,72.5,44.53,58.42
2018-08-20,78.81,117.75,70.52,79.01,63.5,52.32,43.58,20.56,95.54,4.97,138.67,140.53,147.01,81.35,75.54,81.81,46.61,72.18,44.26,58.48
2018-08-21,78.83,117.94,70.89,78.89,64.76,52.93,43.16,21.46,94.84,4.91,139.99,143.83,148.44,82.03,76.6,81.28,46.0,71.65,44.09,58.12
2018-08-22,79.96,118.92,72.0,79.33,65.09,52.55,42.93,21.44,94.53,4.94,139.63,142.61,147.63,81.49,75.16,80.83,45.26,70.74,43.93,57.74
2018-08-23,79.08,118.1,72.05,78.98,64.65,51.57,42.91,21.34,93.77,4.9,136.79,141.18,149.32,80.92,75.57,80.88,45.14,71.36,43.9,57.84
2018-08-24,79.62,119.01,72.61,79.34,65.25,52.08,43.17,21.52,96.0,4.91,138.21,144.76,148.94,81.68,75.67,81.41,45.03,71.55,44.03,58.2
2018-08-27,80.4,120.35,72.84,80.21,64.85,52.61,42.87,21.28,96.89,4.79,142.04,146.2,150.68,83.09,76.65,80.59,44.63,71.16,43.65,57.82
2018-08-28,80.28,119.86,72.05,80.11,64.07,51.94,42.64,20.79,96.94,5.01,142.0,146.5,151.39,83.57,76.53,80.35,44.33,71.11,43.4,57.78
2018-08-29,80.86,120.22,73.54,80.23,64.49,53.07,42.63,20.33,96.72,5.21,141.86,145.99,151.58,83.57,76.8,80.73,44.54,71.7,43.82,58.34
2018-08-30,80.51,119.81,73.56,80.13,64.34,52.16,42.71,20.21,95.05,4.71,139.06,143.32,150.77,82.83,76.36,81.32,44.19,71.81,43.94,58.3
2018-08-31,80.17,118.46,73.43,79.87,63.16,52.08,42.52,20.11,95.52,4.89,138.85,143.8,150.4,83.14,76.73,81.24,43.78,71.73,43.71,58.04
2018-09-04,80.29,118.87,73.11,79.27,61.92,51.31,42.51,19.26,96.57,4.89,138.24,141.7,150.95,82.77,76.4,81.42,43.89,72.26,43.99,58.49
2018-09-05,81.36,118.92,73.0,79.14,61.02,51.26,42.91,18.72,96.45,4.61,140.59,144.88,152.99,84.56,77.27,83.19,44.66,73.24,44.2,59.07
2018-09-06,80.46,115.23,70.54,77.57,60.21,50.15,43.45,18.73,97.66,4.43,141.57,145.1,155.08,84.67,76.21,83.47,45.76,73.33,44.36,59.02
2018-09-07,81.83,114.6,70.22,76.65,59.7,48.51,43.02,17.55,97.19,4.45,141.32,147.63,153.95,83.81,75.79,82.47,44.33,72.68,44.07,58.42
2018-09-10,81.71,114.48,71.15,76.88,59.98,48.16,43.01,19.03,97.39,4.42,142.05,148.61,154.48,85.25,76.27,82.31,44.36,73.4,44.62,58.8
2018-09-11,82.86,115.02,71.47,77.12,60.32,48.45,43.04,18.63,98.84,4.47,142.03,148.6,154.19,85.06,76.22,81.38,44.17,72.98,44.2,58.61
2018-09-12,83.13,115.79,71.97,75.74,60.82,48.9,43.12,19.37,99.46,4.41,144.28,147.78,154.97,85.97,77.11,80.89,44.12,72.51,44.12,58.89
2018-09-13,82.32,116.3,72.55,76.64,61.02,48.41,43.65,19.3,100.61,4.1,145.54,148.87,156.69,86.7,77.75,82.15,44.29,72.97,44.44,59.34
2018-09-14,82.92,117.38,73.5,77.58,61.23,48.21,43.41,19.68,100.9,4.03,144.9,147.76,156.12,87.15,77.54,81.7,43.9,72.6,44.08,59.37
2018-09-17,83.41,117.51,74.24,77.6,60.97,47.75,43.47,19.66,102.45,3.89,146.22,149.04,156.73,87.13,77.77,82.08,44.39,72.8,44.47,59.44
2018-09-18,83.63,118.13,75.04,78.88,60.99,49.55,43.36,19.0,103.06,4.36,149.07,149.04,157.1,86.93,78.41,81.92,44.79,72.43,44.2,58.63
2018-09-19,84.63,119.51,75.53,79.38,61.23,49.6,42.29,19.93,105.49,4.23,152.76,152.39,156.78,88.01,77.41,80.09,43.7,70.98,43.24,57.57
2018-09-20,84.82,119.42,75.36,79.23,61.57,50.29,42.32,19.89,106.6,4.42,156.0,154.07,157.48,88.32,78.38,80.62,43.29,71.08,43.39,57.16
2018-09-21,85.17,121.13,76.28,79.6,61.13,49.98,42.69,19.94,105.42,4.4,156.38,152.81,158.23,88.5,78.01,79.82,44.01,71.4,43.65,57.6
2018-09-24,86.6,122.62,77.06,80.75,61.6,50.23,42.2,19.98,104.94,4.21,154.0,151.55,156.46,87.45,77.48,79.61,43.83,70.64,43.2,56.79
2018-09-25,86.5,123.37,78.11,81.31,62.53,49.65,41.71,20.07,102.53,4.62,154.09,151.29,156.55,87.15,77.21,78.81,42.73,69.81,42.58,56.23
2018-09-26,85.78,121.95,77.28,81.01,60.88,48.55,41.11,20.64,101.32,4.54,153.17,152.32,156.74,86.91,76.65,78.09,42.66,68.97,42.2,55.53
2018-09-27,85.77,122.47,77.52,81.17,61.17,48.52,41.4,20.5,100.95,4.94,152.47,151.22,156.36,86.76,76.79,78.94,43.24,69.76,42.81,56.0
2018-09-28,85.02,122.28,77.4,82.17,60.92,48.42,41.9,17.65,99.78,4.85,152.49,150.33,157.34,86.73,76.58,80.02,43.6,70.88,43.66,56.88
2018-10-01,85.81,124.39,79.89,83.13,61.59,48.98,41.75,20.71,100.84,4.96,152.28,150.86,159.15,87.45,77.64,79.55,43.18,70.9,43.41,56.91
2018-10-02,86.46,124.74,78.28,82.87,61.89,49.23,42.34,20.07,101.85,4.99,154.82,154.82,158.76,87.85,77.86,80.42,43.43,71.35,44.01,57.87
2018-10-03,86.15,125.31,78.57,82.45,62.62,48.3,42.06,19.65,104.04,4.93,158.22,158.21,158.14,87.72,78.52,79.19,42.79,70.22,43.1,57.31
2018-10-04,85.58,124.95,78.28,82.18,62.85,47.65,42.31,18.79,104.22,4.64,156.75,158.31,157.5,87.7,78.16,79.94,42.98,70.56,43.24,57.45
2018-10-05,85.34,125.33,78.39,81.4,63.0,46.97,43.09,17.46,103.06,4.51,153.31,156.4,156.89,86.67,78.06,81.4,43.71,71.87,43.81,58.1
2018-10-08,86.13,124.84,78.28,81.75,62.94,47.27,43.33,16.7,102.25,4.63,153.35,153.82,157.64,86.67,77.9,82.14,43.92,72.85,44.01,58.27
2018-10-09,86.51,126.82,79.4,82.23,63.11,47.13,43.43,17.52,97.28,4.54,149.46,150.45,153.89,84.93,75.98,82.25,44.12,73.05,44.02,58.2
2018-10-10,84.52,122.6,75.09,77.92,60.82,46.36,43.19,17.13,95.67,4.33,143.72,147.46,149.76,81.75,73.35,81.88,43.94,72.7,43.56,57.73
2018-10-11,81.6,118.43,72.79,76.53,59.12,45.37,42.27,16.82,94.36,4.5,140.97,146.47,146.89,79.53,71.2,79.98,43.54,71.22,42.73,57.23
2018-10-12,81.38,117.77,73.83,76.96,59.33,45.53,42.34,17.25,95.09,4.6,142.07,148.42,149.36,79.77,71.92,79.99,43.58,70.9,42.91,57.52
2018-10-15,80.82,116.94,73.27,72.24,59.55,46.12,42.41,17.31,96.05,4.94,141.8,148.45,149.37,79.16,71.42,80.13,44.22,71.02,43.03,57.55
2018-10-16,81.2,117.51,73.8,73.12,59.68,47.61,42.82,18.44,97.14,4.89,143.71,151.96,152.57,80.26,73.57,80.94,44.51,71.7,43.46,57.88
2018-10-17,81.5,117.29,72.48,72.92,59.24,47.22,42.7,18.12,96.32,4.92,141.34,151.64,151.13,79.81,74.0,80.77,44.31,71.72,42.99,57.65
2018-10-18,81.85,117.47,72.59,71.9,58.43,46.71,42.89,17.59,95.67,4.87,135.8,147.2,148.39,78.38,72.44,81.26,44.3,71.68,43.08,57.95
2018-10-19,81.97,118.14,72.49,72.18,58.47,46.59,43.37,17.33,95.63,4.74,131.32,145.91,146.75,77.29,72.27,82.75,45.07,73.26,44.13,58.3
2018-10-22,81.15,117.21,72.05,72.29,56.81,45.35,43.16,17.4,97.26,4.7,128.71,145.44,145.93,76.56,71.72,82.64,44.97,73.15,43.5,57.81
2018-10-23,79.84,113.4,69.22,70.64,55.09,44.19,42.66,19.61,96.16,4.51,118.98,139.63,144.01,73.51,68.97,82.3,44.73,73.44,43.53,57.09
2018-10-24,77.62,110.21,65.69,68.23,53.01,42.43,43.9,19.23,93.64,4.26,112.34,133.89,138.98,70.39,66.01,84.75,46.02,75.56,44.52,57.95
2018-10-25,78.31,111.58,68.02,68.65,53.3,43.52,43.3,20.99,95.41,4.4,115.63,136.78,141.02,72.2,67.1,83.64,45.27,73.54,43.85,57.52
2018-10-26,77.53,111.53,68.48,67.91,52.9,39.38,42.47,22.06,95.24,4.19,115.05,133.0,139.65,72.01,66.25,81.89,44.86,72.74,43.62,56.41
2018-10-29,77.05,108.93,67.35,66.46,51.45,36.91,43.2,22.32,95.16,4.15,113.98,130.56,139.31,71.03,66.33,83.46,45.89,74.04,44.08,56.27
2018-10-30,78.78,110.85,69.52,67.55,52.32,39.78,43.39,21.99,97.12,4.24,117.46,132.76,141.19,70.35,67.81,83.83,45.82,74.29,44.38,55.9
2018-10-31,79.68,111.65,69.9,67.07,51.31,41.8,43.12,22.49,99.22,4.54,121.32,135.44,143.03,71.67,67.88,82.63,45.03,73.36,43.81,55.06
2018-11-01,80.67,111.17,69.58,68.35,51.66,41.46,42.62,22.95,105.42,4.91,124.7,140.65,142.66,73.75,69.95,81.66,44.9,72.97,43.65,55.02
2018-11-02,81.95,114.73,67.84,68.31,51.4,43.0,42.04,23.09,106.44,5.15,125.79,141.72,143.68,73.24,69.62,82.59,44.74,72.69,43.4,54.52
2018-11-05,81.64,118.94,69.03,69.95,51.96,43.93,42.68,22.76,106.21,5.39,126.41,142.65,145.36,73.75,70.35,83.58,45.25,73.5,44.18,56.28
2018-11-06,81.99,118.9,69.5,73.34,52.08,42.83,42.87,22.74,107.79,5.15,129.33,145.47,146.61,75.28,70.53,84.33,45.67,74.45,44.31,56.6
2018-11-07,83.03,120.87,70.03,73.72,52.32,44.17,43.38,23.21,107.99,5.64,135.1,148.43,148.34,75.42,69.87,84.7,47.01,75.13,44.67,58.78
2018-11-08,81.71,119.36,66.91,72.63,51.58,42.67,43.49,23.43,105.87,5.81,131.39,146.67,148.68,74.24,69.76,84.33,46.58,74.17,44.75,58.98
2018-11-09,80.87,119.51,66.73,73.55,50.4,42.22,44.14,23.37,102.38,5.56,126.91,144.81,148.46,73.43,68.49,85.58,46.81,75.32,45.04,58.35
2018-11-12,79.83,117.39,65.14,72.16,49.45,42.71,44.62,22.09,98.07,5.43,125.0,144.57,146.29,72.51,67.01,85.92,46.89,76.2,45.72,57.7
2018-11-13,78.0,115.35,63.72,70.78,47.34,42.45,44.66,22.58,99.2,5.44,125.96,147.23,145.85,72.31,66.76,86.35,47.27,76.43,45.91,58.01
2018-11-14,77.39,115.72,64.12,70.95,47.81,42.54,44.2,22.93,99.94,5.4,125.1,147.22,145.7,72.36,67.4,86.42,47.4,76.13,45.22,56.38
2018-11-15,78.19,116.95,65.21,72.59,48.08,44.08,44.8,23.23,102.7,5.54,129.42,146.7,145.94,73.98,68.81,86.14,47.18,76.79,45.55,55.49
2018-11-16,78.96,119.06,66.12,73.38,48.22,44.37,45.1,23.62,100.98,5.45,129.96,147.87,146.71,74.24,69.62,86.68,46.89,77.02,45.88,57.44
2018-11-19,79.22,119.42,66.44,73.36,48.31,43.94,45.5,23.56,99.61,5.29,125.98,142.57,145.64,73.48,68.46,87.64,47.04,77.43,46.1,57.62
2018-11-20,76.97,116.1,63.99,70.3,46.9,42.05,44.69,23.17,95.74,4.92,122.27,138.52,142.26,72.95,67.11,88.52,46.66,77.82,45.44,56.97
2018-11-21,77.56,117.57,65.48,72.08,47.64,42.6,44.05,22.55,95.52,5.08,123.87,141.88,142.31,74.08,67.28,86.45,45.63,75.65,44.95,56.01
2018-11-23,75.49,113.6,63.8,69.83,46.37,43.34,44.33,21.72,96.77,5.21,122.32,142.84,141.48,74.09,65.81,86.75,45.72,75.86,44.85,56.05
2018-11-26,76.98,114.98,64.7,70.64,46.63,43.43,44.26,23.07,96.61,5.3,124.8,148.92,141.45,75.09,66.62,86.98,45.65,75.96,45.2,56.02
2018-11-27,77.05,115.21,65.28,69.38,46.2,44.87,44.5,22.93,95.43,5.32,124.6,147.81,141.12,75.35,66.75,87.83,46.09,76.58,45.53,56.34
2018-11-28,78.45,118.14,66.35,70.71,46.41,45.4,44.51,23.19,96.62,5.57,130.77,152.01,142.51,76.57,68.07,87.6,46.12,76.22,45.82,56.62
2018-11-29,79.06,118.85,66.87,70.91,45.9,44.34,44.28,22.74,96.42,5.42,130.23,149.97,143.93,76.01,67.33,87.6,46.54,76.35,45.67,56.34
2018-11-30,79.5,118.94,66.18,70.27,45.1,44.45,45.43,23.37,96.32,5.4,135.67,154.88,144.93,76.94,67.52,88.57,47.33,77.74,46.39,57.61
2018-12-03,81.22,120.67,69.11,71.32,46.3,46.4,45.62,23.9,98.46,5.78,138.95,162.21,147.13,78.01,68.86,89.62,47.49,78.31,46.48,58.23
2018-12-04,79.43,117.24,66.92,69.67,44.12,44.5,45.54,23.98,93.19,5.66,129.32,151.59,140.91,74.99,65.65,90.05,47.24,78.42,46.95,58.43
2018-12-06,78.39,115.91,66.61,67.52,42.32,43.71,45.66,24.2,91.19,5.87,128.37,154.39,139.81,73.29,63.79,89.83,46.52,78.76,46.9,57.85
2018-12-07,77.64,115.49,65.91,66.54,43.04,42.59,45.72,23.86,88.65,5.68,123.55,147.26,136.99,71.25,62.95,89.99,46.98,79.32,46.96,57.98
2018-12-10,76.54,114.94,65.2,64.44,41.97,43.21,45.65,24.34,89.04,5.68,123.39,147.03,136.24,71.33,62.55,90.51,47.22,79.36,47.0,58.09
2018-12-11,76.68,115.47,65.44,64.7,41.24,42.45,45.74,24.45,89.08,5.7,123.24,147.0,135.11,70.92,62.28,90.79,47.56,79.76,46.89,58.53
2018-12-12,76.02,115.62,65.27,65.41,41.44,43.6,45.33,24.44,88.78,5.8,125.37,148.14,136.58,71.11,61.08,89.6,47.01,79.52,46.89,58.33
2018-12-13,76.98,115.94,66.13,66.68,41.02,45.3,45.55,25.12,87.94,5.76,125.9,148.31,137.1,70.8,60.73,90.9,47.55,80.36,46.95,58.8
2018-12-14,75.58,113.83,64.55,65.1,39.1,43.64,45.31,24.38,84.97,5.68,126.77,149.01,134.75,70.58,60.44,90.75,47.33,80.01,47.06,59.24
2018-12-17,74.04,112.45,63.12,64.11,39.05,42.04,43.91,23.23,80.51,5.53,124.47,146.08,132.71,69.18,58.72,88.09,46.0,77.33,45.61,57.47
2018-12-18,72.0,109.74,61.91,63.14,37.84,43.23,44.0,22.47,81.03,5.25,124.27,149.23,133.5,68.88,58.49,87.66,45.53,77.26,45.8,56.92
2018-12-19,70.78,107.83,61.28,62.24,37.79,42.25,43.63,22.2,79.8,5.19,122.33,146.08,131.61,68.01,57.68,87.23,45.28,76.86,45.72,56.97
2018-12-20,68.63,104.98,60.0,60.63,36.2,42.37,43.73,21.03,76.16,5.0,121.55,144.64,129.05,67.11,56.7,88.14,45.09,77.62,45.81,56.53
2018-12-21,68.12,104.21,59.8,59.98,35.7,40.55,43.53,21.32,74.84,4.74,120.07,142.99,127.84,66.37,56.87,87.67,45.09,76.43,45.89,55.91
2018-12-24,65.51,100.99,57.01,57.11,35.19,39.24,42.02,19.69,73.13,4.64,116.95,137.38,123.28,64.86,55.49,83.91,43.02,73.55,43.83,53.7
2018-12-26,68.64,107.39,61.5,60.6,36.61,41.99,42.59,21.74,76.28,4.99,124.76,143.27,127.96,67.79,58.47,85.25,43.64,74.36,44.48,53.99
2018-12-27,68.94,109.32,62.23,60.76,36.33,42.3,43.04,21.08,77.22,4.9,126.67,146.72,129.94,68.73,59.33,85.96,43.95,75.04,44.78,53.8
2018-12-28,68.17,108.65,61.67,60.47,36.6,42.39,43.18,22.26,76.74,4.83,125.61,145.28,129.14,68.24,59.13,86.12,43.95,74.73,44.74,53.63
2018-12-31,68.19,108.79,62.35,61.38,36.08,42.45,43.45,22.19,77.07,4.73,127.07,149.17,130.48,68.66,59.75,86.3,43.92,74.74,45.1,54.09
2019-01-02,69.69,110.69,63.38,62.0,37.2,42.56,42.46,20.67,78.11,4.92,126.38,148.1,130.2,68.61,59.75,84.7,43.72,72.94,44.07,53.38
2019-01-03,68.62,108.57,62.18,61.24,37.6,43.44,42.35,20.02,72.69,4.76,121.51,144.05,128.46,66.63,58.46,84.67,44.34,72.77,44.12,53.62
2019-01-04,71.15,110.82,63.75,63.21,39.09,46.32,43.13,21.18,76.24,5.08,128.15,151.68,132.95,68.53,59.72,85.37,44.71,73.44,44.62,55.23
2019-01-07,71.52,112.26,63.47,64.48,40.17,45.79,43.07,22.33,76.58,5.26,128.23,154.16,133.69,68.73,60.17,85.01,44.61,73.03,44.7,55.22
2019-01-08,72.04,111.77,64.32,64.99,40.67,46.23,43.38,22.36,77.33,5.35,129.77,156.92,133.42,68.18,60.67,86.08,45.88,73.93,45.39,56.77
2019-01-09,72.42,113.27,66.45,65.78,41.24,46.96,43.2,22.57,76.84,5.63,130.27,154.33,134.04,69.06,61.4,84.81,45.49,73.37,45.02,56.21
2019-01-10,72.05,113.45,67.94,66.19,41.65,47.74,43.85,23.0,77.27,5.63,132.96,159.12,136.04,70.19,62.11,85.27,46.34,74.72,45.79,57.22
2019-01-11,71.72,112.54,66.39,66.22,41.74,47.5,43.93,23.15,77.41,5.68,132.1,158.28,135.66,70.22,62.02,84.61,46.61,74.44,45.79,57.03
2019-01-14,71.63,111.72,65.61,65.58,41.32,46.73,42.81,22.29,76.97,5.82,131.8,157.41,135.9,70.38,61.69,83.66,46.16,73.79,45.04,55.88
2019-01-15,71.67,112.12,66.03,65.52,41.72,46.86,43.68,22.96,73.64,6.15,130.69,157.05,136.06,69.88,61.52,85.14,46.79,75.38,45.79,56.27
2019-01-16,71.64,111.4,65.66,65.14,41.25,47.3,43.67,23.07,73.93,6.68,131.66,157.41,136.31,70.1,61.38,85.27,46.87,75.72,45.8,56.33
2019-01-17,72.13,111.96,67.06,65.83,41.37,48.38,43.87,23.15,75.29,6.82,134.54,160.07,138.15,70.97,62.0,85.64,47.07,76.0,46.02,56.18
2019-01-18,72.99,114.37,67.9,67.03,44.73,47.94,44.02,20.15,76.63,6.53,136.6,164.61,140.09,71.87,63.68,85.6,47.22,76.09,46.08,56.34
2019-01-22,71.89,112.34,65.75,65.12,43.96,46.21,44.34,19.93,75.37,6.59,132.24,158.84,138.09,70.44,63.01,85.61,47.07,76.38,46.25,56.19
2019-01-23,71.3,111.39,65.86,64.57,43.31,46.54,44.84,19.17,73.92,6.51,131.82,157.61,139.0,70.15,62.4,86.13,47.58,77.01,46.87,56.45
2019-01-24,71.4,113.51,66.12,64.98,43.56,48.6,45.07,19.43,74.02,6.66,132.73,158.43,139.43,70.16,63.04,86.7,47.96,77.75,46.96,56.67
2019-01-25,71.72,113.22,66.99,66.53,45.0,49.86,43.55,19.8,76.58,6.72,136.86,161.5,139.95,71.07,63.94,85.85,47.5,76.8,46.43,56.55
2019-01-28,71.24,112.17,65.35,66.08,44.24,50.7,43.12,19.76,77.09,6.9,124.37,156.49,138.74,69.11,62.41,85.65,47.43,76.85,46.15,56.5
2019-01-29,71.51,111.83,65.3,66.48,44.0,50.08,43.22,19.83,78.32,7.1,126.53,160.48,139.98,71.11,63.43,85.63,47.58,76.97,46.2,56.92
2019-01-30,72.29,113.01,65.69,66.97,45.0,50.71,43.4,20.58,80.21,7.16,130.11,162.91,141.5,72.88,65.69,86.05,47.87,77.16,46.65,57.45
2019-01-31,73.28,114.65,67.69,66.78,44.21,50.59,44.74,20.47,80.73,7.23,133.16,164.0,141.85,76.25,65.47,87.78,48.6,79.12,47.76,58.49
2019-02-01,75.92,118.37,68.68,68.04,44.56,48.43,44.45,20.81,81.3,7.0,130.91,163.88,142.92,76.48,66.65,87.78,48.49,79.11,47.46,58.38
2019-02-04,74.82,119.74,69.93,67.74,44.6,49.29,44.52,20.86,81.94,7.0,130.88,164.51,146.1,77.1,67.65,87.82,48.61,79.47,47.34,58.59
2019-02-05,75.59,119.48,69.26,67.3,45.14,49.31,44.54,21.42,81.32,7.3,132.0,164.21,146.85,77.15,66.9,88.5,48.73,79.01,47.29,58.55
2019-02-06,75.26,118.88,69.11,66.63,45.07,48.89,44.52,21.15,82.19,7.32,130.54,163.68,147.05,76.94,67.01,88.46,48.54,79.21,47.32,58.88
2019-02-07,74.68,118.23,67.48,64.92,43.46,48.0,45.34,20.5,80.64,7.48,128.78,161.8,146.31,76.36,66.34,89.48,49.16,79.45,48.13,59.01
2019-02-08,73.98,117.58,66.26,64.96,42.78,48.1,45.75,20.39,81.01,7.44,128.6,162.75,146.77,75.83,66.74,90.3,49.12,80.02,47.72,58.96
2019-02-11,74.1,116.95,66.74,64.84,43.69,49.72,45.75,20.86,80.86,7.73,128.93,161.94,146.64,75.63,66.92,90.17,49.24,80.09,47.8,57.48
2019-02-12,75.4,118.72,67.45,65.75,44.06,50.26,45.82,20.79,80.45,7.6,132.67,165.19,148.5,76.67,68.07,90.23,49.37,80.3,47.92,57.06
2019-02-13,76.25,119.57,67.78,65.85,44.42,50.64,45.71,20.54,81.73,7.68,133.1,162.7,149.6,77.67,68.41,89.59,49.22,79.55,47.9,57.12
2019-02-14,76.27,118.16,69.1,66.57,44.14,51.02,45.65,20.25,80.42,7.66,132.62,162.42,148.65,77.2,66.48,87.82,49.2,79.35,47.86,57.02
2019-02-15,77.71,119.35,70.18,67.19,44.95,49.18,46.01,20.53,81.37,7.65,136.2,158.99,151.42,78.73,68.31,87.51,48.56,79.27,48.26,57.63
2019-02-19,78.23,119.31,69.49,67.63,45.54,52.06,46.34,20.38,83.13,7.56,135.8,157.26,151.38,78.8,67.89,87.94,48.92,80.08,48.15,58.13
2019-02-20,78.53,120.28,70.65,68.25,45.9,51.69,46.41,20.17,82.81,7.23,140.31,159.88,152.66,79.72,68.58,88.85,49.74,80.52,48.13,58.56
2019-02-21,77.82,119.14,70.24,66.6,44.72,51.95,46.64,19.42,89.26,7.37,138.88,162.85,150.72,79.69,67.74,89.59,50.22,81.15,48.49,58.84
2019-02-22,78.42,119.39,69.97,65.93,44.36,53.73,47.03,19.65,89.18,7.78,138.68,165.97,151.3,80.79,68.55,89.91,50.37,81.72,48.74,59.24
2019-02-25,78.5,119.62,69.25,66.23,44.79,51.77,46.97,19.92,91.57,8.06,141.41,164.86,152.15,80.92,68.75,89.48,49.56,80.78,48.42,58.8
2019-02-26,78.66,119.94,68.92,66.04,44.31,51.89,47.06,19.86,91.0,8.09,137.98,163.8,152.01,80.49,68.34,88.88,49.22,80.42,48.56,59.45
2019-02-27,79.47,120.08,69.22,66.65,44.35,52.38,46.7,20.98,92.28,8.87,139.58,163.59,152.68,80.64,68.54,89.28,49.38,80.63,48.3,60.16
2019-02-28,79.03,119.58,67.85,66.15,44.06,52.55,46.93,21.33,91.29,9.07,137.34,164.04,152.16,79.77,68.15,89.66,49.69,81.15,48.59,60.22
2019-03-01,80.0,122.03,68.93,67.55,45.19,53.41,46.89,19.65,90.79,9.1,137.47,163.31,153.79,80.23,68.4,89.53,49.98,81.4,48.54,60.63
2019-03-04,80.31,122.12,69.9,67.45,45.24,52.49,47.06,19.02,88.49,8.78,138.35,165.82,152.59,81.3,68.06,89.88,50.1,81.42,48.45,60.66
2019-03-05,80.19,123.29,69.01,67.53,44.79,52.19,47.08,18.44,87.93,8.7,137.14,161.45,152.24,80.8,67.73,89.53,50.07,81.03,48.42,60.54
2019-03-06,79.28,123.53,68.29,66.19,43.37,51.37,46.89,18.42,86.37,8.38,134.83,158.24,151.83,80.95,67.7,89.57,50.13,81.26,48.43,60.48
2019-03-07,80.16,121.94,67.95,65.74,42.49,50.36,46.98,18.44,84.6,8.29,132.8,158.02,150.59,79.93,67.3,89.58,50.49,81.45,48.55,60.85
2019-03-08,79.01,121.62,65.43,62.71,41.29,51.16,47.17,18.94,82.97,8.46,131.35,159.01,149.71,79.38,66.6,90.2,50.9,81.95,48.78,61.15
2019-03-11,79.78,123.62,65.87,63.88,42.08,53.62,47.38,19.39,85.51,8.84,133.11,160.42,151.29,80.31,67.44,90.36,51.4,82.6,49.08,61.59
2019-03-12,80.0,123.9,65.63,64.2,42.59,53.93,47.72,18.89,85.47,9.0,132.48,159.14,151.6,80.36,67.32,90.51,51.68,83.11,49.46,62.0
2019-03-13,80.71,124.67,67.35,65.06,43.15,54.71,47.74,19.26,86.21,9.36,133.5,159.68,153.12,80.59,67.92,90.56,51.73,83.18,49.63,62.17
2019-03-14,80.44,124.6,67.02,65.21,43.09,54.44,47.74,19.33,84.73,9.38,133.69,157.76,153.33,80.99,67.48,90.36,51.53,82.98,49.62,62.23
2019-03-15,80.15,125.31,67.59,65.47,42.39,53.71,47.81,18.36,85.42,9.05,132.67,158.15,153.42,80.58,67.33,90.65,51.86,83.81,50.0,62.31
2019-03-18,81.08,125.88,67.61,67.01,43.36,54.68,47.72,17.97,86.43,9.67,134.1,160.3,154.99,82.1,68.79,90.06,51.78,83.48,49.67,62.33
2019-03-19,80.87,125.28,67.35,66.17,43.25,55.45,47.12,17.83,85.23,9.2,134.15,160.97,155.29,82.22,68.42,89.12,50.99,82.56,49.08,61.97
2019-03-20,81.32,124.69,67.54,67.26,44.29,55.65,47.47,18.24,84.44,9.18,133.01,159.66,154.35,81.23,68.28,89.38,51.18,82.87,49.1,62.52
2019-03-21,81.79,125.86,68.14,67.24,44.22,54.81,47.98,18.27,85.51,9.38,134.06,159.73,156.49,82.01,69.26,89.91,51.57,84.09,49.66,62.94
2019-03-22,80.48,123.09,66.07,65.24,42.47,52.41,48.48,17.64,82.72,9.19,129.77,155.94,153.9,79.02,66.86,90.7,51.88,85.14,50.28,63.03
2019-03-25,79.92,122.89,67.07,65.13,42.47,51.72,48.4,17.36,81.58,9.03,131.38,157.33,154.0,78.96,66.48,90.77,52.05,85.32,50.38,62.52
2019-03-26,80.96,124.13,68.56,67.08,43.05,50.92,48.75,17.85,81.04,8.71,131.84,157.6,155.53,79.52,67.28,91.53,52.53,85.98,50.68,62.74
2019-03-27,80.34,122.79,67.91,66.35,42.68,51.19,48.48,18.32,80.15,8.8,131.2,158.27,155.16,79.37,67.15,90.48,52.23,85.23,50.53,62.7
2019-03-28,80.74,123.02,67.38,66.57,43.62,52.02,47.98,18.57,81.17,9.08,132.37,158.08,156.58,79.86,67.56,89.38,51.35,83.79,49.76,62.23
2019-03-29,80.8,123.18,66.74,66.2,43.57,52.84,48.33,18.66,81.98,9.23,135.49,159.84,156.95,80.56,68.47,90.0,51.68,83.75,50.13,62.93
2019-04-01,81.73,124.94,67.69,67.18,44.76,54.11,47.62,19.28,84.2,9.26,140.25,161.91,159.47,82.24,70.13,89.28,51.41,82.82,49.84,63.31
2019-04-02,81.38,124.93,66.35,66.63,44.49,53.9,47.37,19.06,82.9,9.35,140.19,162.12,159.04,82.64,69.93,89.13,51.64,83.08,50.29,63.62
2019-04-03,80.9,123.89,65.51,66.06,43.59,54.85,47.33,19.45,84.21,9.69,139.26,163.39,158.3,82.87,70.77,88.85,51.5,82.91,49.94,63.62
2019-04-04,82.05,124.8,65.16,66.44,44.1,55.38,47.1,17.85,85.55,9.52,140.13,164.24,159.07,83.18,71.12,89.35,51.2,82.62,49.64,63.51
2019-04-05,82.49,126.42,66.12,68.04,45.0,56.29,47.52,18.33,86.14,9.84,140.36,165.03,159.7,83.25,71.14,90.53,51.65,83.57,49.9,64.12
2019-04-08,83.0,126.68,66.55,68.37,46.17,57.08,47.16,18.21,86.94,10.24,139.82,165.0,160.05,83.68,71.71,90.11,51.51,83.15,49.62,63.9
2019-04-09,81.93,125.54,65.7,67.28,45.58,56.13,47.43,18.15,84.78,10.03,136.35,158.83,158.86,82.35,70.81,90.25,51.95,83.57,49.52,63.95
2019-04-10,81.56,125.49,66.97,67.18,45.55,60.77,47.16,18.4,85.55,10.15,137.53,158.63,157.99,82.42,71.13,89.94,51.77,83.35,49.56,63.72
2019-04-11,81.95,125.99,66.37,67.18,45.31,60.63,47.51,17.89,82.71,9.8,138.87,160.16,158.91,82.98,71.46,90.26,52.12,83.94,49.78,64.05
2019-04-12,80.92,119.76,67.37,65.33,45.65,60.18,47.71,17.85,83.66,9.93,141.2,161.46,160.46,83.88,72.1,90.45,52.5,84.15,49.7,64.92
2019-04-15,80.65,120.14,66.34,63.36,46.4,60.23,47.79,17.76,82.26,9.59,140.25,162.49,159.99,83.61,71.8,90.44,52.72,84.26,50.19,64.28
2019-04-16,81.2,121.17,65.84,63.67,47.34,60.51,47.38,18.22,83.21,9.66,142.03,164.56,160.84,84.15,72.18,89.09,52.39,83.05,49.2,63.63
2019-04-17,81.43,120.27,65.78,62.65,47.41,60.66,47.41,18.08,82.1,9.73,142.74,165.45,160.87,84.43,72.31,89.06,52.16,83.2,48.89,63.65
2019-04-18,81.13,119.86,65.9,61.82,45.56,59.85,47.34,18.22,82.57,9.45,143.36,169.05,166.96,85.21,72.51,89.14,51.96,83.01,49.4,63.7
2019-04-22,82.9,121.9,66.96,63.05,45.85,59.96,47.59,17.52,82.17,9.28,142.38,169.15,166.16,84.94,72.73,88.73,51.93,82.93,49.48,62.69
2019-04-23,83.38,122.02,66.45,62.36,45.89,61.62,47.45,17.59,79.05,9.75,142.03,167.76,169.68,85.59,73.16,89.01,51.84,83.57,49.74,63.06
2019-04-24,81.76,118.28,64.7,62.0,44.24,61.82,47.52,17.24,76.8,9.83,137.73,165.31,169.17,85.34,72.53,89.68,52.23,84.02,50.07,63.2
2019-04-25,82.22,117.9,63.97,61.84,43.3,61.25,47.62,16.51,74.87,9.91,136.13,161.81,168.31,83.8,71.28,90.45,52.44,84.83,50.39,63.67
2019-04-26,80.49,117.1,62.78,61.31,43.3,61.54,47.93,15.68,75.56,10.43,139.03,165.01,170.12,83.77,71.72,90.32,52.54,84.71,50.47,64.03
2019-04-29,79.97,117.72,62.65,60.13,43.43,61.84,47.94,16.1,75.71,10.21,139.02,166.29,170.41,83.99,71.07,89.58,52.26,84.04,50.08,62.9
2019-04-30,80.28,120.06,63.12,58.88,42.68,61.53,48.61,15.91,75.06,10.04,139.42,165.63,171.48,82.82,70.99,91.12,53.22,85.55,50.95,63.98
2019-05-01,78.67,117.81,62.67,57.48,41.37,60.87,48.32,15.6,74.07,12.98,138.15,164.54,168.82,81.91,70.28,90.41,52.52,84.95,50.29,63.1
2019-05-02,77.29,116.38,61.29,57.35,41.12,59.86,47.93,16.27,76.09,12.93,135.17,164.12,169.26,81.42,70.1,89.81,52.75,84.7,49.73,62.98
2019-05-03,77.47,117.27,62.01,57.95,41.28,61.76,48.1,17.0,77.05,13.83,139.06,166.91,171.39,82.8,71.1,90.16,53.24,85.43,49.88,63.73
2019-05-06,77.13,118.4,61.88,58.77,41.24,60.29,47.73,17.02,77.05,13.75,136.76,160.18,170.47,82.04,70.15,89.48,53.01,84.83,49.39,63.2
2019-05-07,76.72,118.27,61.0,59.69,40.6,61.69,47.44,16.47,75.85,14.21,133.67,157.76,167.75,81.03,67.53,89.26,52.86,84.63,49.08,62.85
2019-05-08,76.84,117.5,61.43,60.21,40.27,60.33,46.97,16.32,72.58,13.93,131.95,155.59,168.25,80.96,66.29,87.8,52.2,83.73,48.58,62.88
2019-05-09,76.77,121.19,61.54,56.33,40.27,58.92,47.15,16.13,72.61,13.56,131.2,155.48,168.28,80.96,66.8,86.83,52.36,82.87,48.76,63.1
2019-05-10,76.56,121.99,61.92,54.97,39.56,59.99,47.94,15.97,72.63,14.02,131.34,156.05,169.5,81.49,66.93,87.99,53.37,84.66,49.33,64.61
2019-05-13,75.71,120.44,61.19,54.17,38.16,58.4,48.73,15.13,68.55,13.69,125.3,146.28,164.75,78.5,64.64,88.05,54.1,86.34,49.82,64.66
2019-05-14,75.81,121.64,62.32,54.55,39.0,59.33,48.73,15.49,70.22,14.02,127.47,147.11,166.08,79.15,65.15,87.01,53.63,85.56,48.97,64.68
2019-05-15,76.37,122.14,62.04,54.25,39.33,59.86,48.72,15.46,69.58,14.58,127.3,144.84,167.28,79.54,65.55,86.79,53.64,85.05,48.77,64.94
2019-05-16,76.36,120.8,62.57,53.75,39.86,60.67,49.28,15.22,69.41,14.82,126.61,145.99,168.67,80.01,65.66,86.24,54.06,85.4,48.91,65.36
2019-05-17,75.91,120.52,62.1,52.76,39.02,58.38,49.74,14.07,67.76,14.65,122.76,134.82,167.84,78.75,64.82,87.2,53.82,85.85,48.98,65.22
2019-05-20,75.9,120.84,62.45,53.46,39.12,57.77,49.84,13.69,67.78,14.31,122.43,135.37,166.53,78.42,63.9,86.96,54.08,86.6,48.93,65.59
2019-05-21,76.25,121.34,63.62,53.51,39.5,58.94,49.73,13.67,68.5,14.88,124.95,138.89,167.5,79.92,65.33,87.08,53.97,86.61,48.93,65.75
2019-05-22,75.56,120.57,63.05,52.78,38.34,59.06,50.48,12.85,67.96,15.22,123.56,138.78,167.21,78.93,64.67,87.81,54.11,87.29,49.27,67.15
2019-05-23,73.79,117.87,59.5,52.91,37.49,57.33,50.88,13.03,66.34,14.68,122.26,136.47,164.38,77.03,62.68,88.9,54.34,88.18,49.66,67.94
2019-05-24,74.1,118.71,59.88,53.47,37.0,57.31,50.84,12.71,66.8,15.36,122.9,138.95,164.61,77.39,62.53,88.81,54.35,88.29,49.56,67.17
2019-05-28,72.61,118.31,60.05,52.28,36.5,58.35,50.29,12.58,67.43,15.81,121.59,137.57,163.21,76.19,61.2,87.12,53.56,86.67,48.78,66.55
2019-05-29,72.16,116.77,60.14,52.0,36.18,57.86,49.68,12.66,65.8,16.29,121.48,141.13,162.33,75.59,60.99,85.81,52.89,85.69,48.25,65.38
2019-05-30,71.97,115.38,58.95,51.91,35.18,59.64,49.73,12.55,65.57,15.77,121.84,141.68,163.4,75.85,61.2,85.53,53.0,85.3,48.04,65.78
2019-05-31,70.77,113.85,58.96,49.77,34.69,58.04,49.55,12.34,63.3,15.17,119.81,140.17,162.27,74.49,60.24,85.61,53.5,86.12,48.08,65.72
2019-06-03,71.88,115.99,59.42,49.32,35.49,58.75,49.9,11.93,65.05,15.71,120.65,143.29,164.41,75.38,60.58,86.02,54.16,87.37,48.52,65.95
2019-06-04,73.59,117.3,59.1,49.69,35.73,60.87,49.84,12.91,67.54,15.97,122.08,145.62,166.07,77.77,62.46,85.9,54.2,87.05,48.71,66.09
2019-06-05,72.98,117.65,57.08,47.43,34.94,60.93,51.16,13.11,67.37,15.92,123.12,146.22,167.31,78.22,63.29,87.22,54.81,89.37,49.72,67.01
2019-06-06,74.31,120.68,58.2,49.04,35.05,61.42,51.44,13.73,68.46,15.68,123.39,146.49,168.15,78.3,62.65,87.71,55.38,90.0,50.23,67.49
2019-06-07,74.58,121.48,58.96,47.84,35.6,62.53,51.1,13.63,69.08,16.36,124.46,148.71,170.13,79.08,63.68,87.04,54.71,89.54,49.95,67.25
2019-06-10,74.91,122.29,59.26,47.9,35.47,63.16,50.85,14.19,70.93,16.19,125.74,149.81,169.16,79.32,64.63,86.29,54.48,89.02,49.57,67.05
2019-06-11,74.84,121.17,58.73,49.05,36.69,64.25,50.49,14.47,73.43,17.07,127.28,150.0,169.52,79.21,63.46,85.64,54.55,88.32,49.21,67.36
2019-06-12,74.03,120.19,58.55,48.79,35.58,59.88,51.14,13.95,72.18,17.08,127.1,148.79,170.76,78.67,62.74,86.65,55.15,89.39,50.45,67.84
2019-06-13,74.68,120.91,59.06,49.73,36.79,62.15,51.19,14.26,72.76,17.51,127.17,151.53,171.04,79.29,63.2,86.77,55.15,89.59,50.17,68.42
2019-06-14,74.35,120.81,58.82,49.31,35.93,61.24,51.74,14.33,70.88,17.33,127.23,151.51,170.67,78.37,62.77,87.87,55.65,90.58,50.8,68.88
2019-06-17,75.09,121.39,59.01,49.81,36.66,60.94,51.59,15.0,71.24,17.75,127.32,154.37,170.22,77.64,62.68,87.95,55.5,90.08,50.45,68.97
2019-06-18,75.74,122.93,59.83,50.35,36.93,62.87,51.35,14.98,70.77,18.8,130.33,159.38,173.57,79.47,63.96,87.24,55.26,89.78,49.9,68.62
2019-06-19,75.32,122.89,59.65,50.3,36.51,62.78,51.56,15.1,68.94,18.63,130.61,159.94,173.24,79.95,63.48,87.65,55.74,90.86,50.0,69.53
2019-06-20,76.61,124.28,60.7,51.3,38.25,63.04,51.59,14.64,69.49,18.4,133.63,162.76,174.11,82.64,65.51,88.58,56.02,90.87,50.24,70.16
2019-06-21,77.69,124.93,60.33,50.61,38.88,62.91,51.89,14.79,68.34,17.64,133.89,164.28,172.15,83.22,65.63,89.53,56.27,91.55,50.4,70.52
2019-06-24,76.95,124.91,60.52,49.89,38.65,62.68,52.05,14.91,68.01,17.49,134.37,166.88,172.45,82.27,65.41,89.91,56.28,90.9,50.16,70.42
2019-06-25,76.27,123.64,59.77,49.38,38.58,61.76,51.55,14.65,67.79,16.29,133.71,166.31,171.78,82.08,65.29,90.12,55.98,90.37,49.04,70.23
2019-06-26,76.6,123.93,62.75,50.42,39.02,62.57,50.77,14.62,69.16,16.79,135.15,166.12,171.44,82.63,65.85,87.98,54.98,88.5,47.79,68.5
2019-06-27,75.82,123.11,61.27,49.75,39.11,65.47,51.14,14.86,69.52,17.92,135.5,164.82,171.69,82.72,66.1,88.55,55.08,87.9,47.56,67.77
2019-06-28,76.63,124.44,61.0,50.28,39.74,65.68,51.22,14.9,70.41,18.23,136.29,165.71,172.43,83.28,66.72,88.24,55.28,88.01,47.94,68.72
2019-07-01,76.56,124.84,62.25,49.78,39.32,66.13,51.01,15.14,70.33,18.3,136.6,165.14,174.62,83.18,66.71,88.01,54.84,88.13,48.05,68.33
2019-07-02,75.72,122.93,60.1,48.78,39.18,66.65,51.91,14.97,69.87,18.56,135.85,165.13,174.43,81.74,66.3,89.14,55.86,89.19,48.83,69.1
2019-07-03,76.44,123.35,60.5,49.17,39.49,66.19,52.18,15.66,71.54,18.97,135.59,165.29,176.19,82.32,66.19,90.1,56.31,90.14,49.03,68.83
2019-07-05,76.13,123.54,59.9,49.28,39.57,66.84,52.03,15.54,70.51,19.64,135.49,163.42,174.4,81.81,65.4,89.68,56.36,89.84,49.2,69.19
2019-07-08,76.48,123.6,59.89,49.3,39.89,66.64,52.28,15.36,70.19,19.97,134.84,163.89,173.49,81.26,64.85,89.66,56.31,89.93,48.77,69.26
2019-07-09,76.43,123.35,59.89,49.61,40.2,67.11,52.04,15.34,70.62,20.42,134.29,163.35,173.34,80.25,64.25,89.4,56.56,90.36,48.98,69.53
2019-07-10,77.51,125.44,61.21,50.24,40.62,66.26,52.37,15.93,70.49,19.89,132.64,160.81,172.3,79.04,63.7,89.63,56.91,90.81,49.37,69.83
2019-07-11,77.57,125.43,61.46,50.44,40.97,66.11,52.6,15.91,70.58,19.48,133.96,161.26,172.38,79.15,64.16,89.45,56.49,90.93,49.54,70.19
2019-07-12,77.63,125.98,61.76,51.72,40.81,65.98,52.18,16.34,72.63,19.67,138.36,165.37,174.94,81.21,65.69,88.7,55.67,90.25,49.06,69.94
2019-07-15,77.08,125.72,60.65,51.63,40.47,66.0,52.21,16.9,72.42,19.66,139.64,166.0,172.84,80.69,65.69,89.38,56.11,91.19,48.88,70.0
2019-07-16,75.93,124.76,59.75,51.1,40.07,64.49,51.97,16.83,73.05,20.35,139.09,166.15,172.61,81.15,66.24,89.03,55.66,90.51,48.4,69.63
2019-07-17,75.48,124.14,59.78,51.18,38.63,64.81,52.48,16.99,72.64,20.19,135.73,163.08,166.53,79.35,64.67,89.14,55.79,91.02,48.6,69.97
2019-07-18,74.84,124.68,60.32,51.01,38.78,65.96,53.09,16.9,73.0,20.66,134.89,163.24,171.73,79.06,64.23,89.79,56.13,91.76,48.76,70.58
2019-07-19,74.99,125.04,60.33,52.33,38.71,66.53,52.43,17.21,74.47,20.81,136.23,165.61,170.85,79.86,65.29,88.45,55.27,90.28,47.57,70.03
2019-07-22,75.07,125.31,60.44,52.51,39.49,66.59,52.34,17.05,73.18,21.26,135.24,165.14,171.43,79.56,65.4,88.15,55.48,90.12,47.28,70.28
2019-07-23,75.37,125.82,60.28,51.8,39.75,66.4,51.83,17.34,74.58,19.65,138.1,168.35,172.69,81.81,66.85,87.68,55.42,89.51,46.36,69.47
2019-07-24,75.36,126.54,60.08,52.05,40.33,66.04,52.52,17.66,75.53,20.02,131.91,167.18,171.8,82.73,67.26,87.18,55.64,89.61,45.48,69.88
2019-07-25,74.93,125.63,59.04,51.14,39.95,65.57,51.91,15.25,74.61,19.8,134.71,166.91,171.62,81.98,66.93,86.49,55.36,89.08,46.13,70.23
2019-07-26,74.81,123.72,58.75,51.59,40.01,65.02,52.29,15.2,74.58,20.8,132.92,170.39,171.46,81.57,66.66,86.91,55.74,88.95,45.82,70.13
2019-07-29,75.34,124.23,58.19,50.91,39.21,66.05,52.84,15.72,73.09,21.2,134.46,170.26,172.37,81.07,66.3,87.79,56.11,89.74,46.05,69.75
2019-07-30,75.35,124.34,59.51,52.47,39.55,66.04,52.35,16.15,73.6,21.65,132.95,170.03,171.75,83.12,67.29,87.74,55.29,88.72,46.05,68.23
2019-07-31,74.36,123.11,59.08,51.36,39.97,64.49,51.79,16.11,72.96,28.15,131.67,165.65,170.32,82.19,64.88,86.72,56.2,87.81,45.06,67.72
2019-08-01,72.46,120.74,58.8,53.17,38.51,66.83,52.56,15.59,69.59,30.1,126.79,161.21,167.45,79.97,62.76,87.5,56.98,88.81,44.4,67.84
2019-08-02,71.75,120.73,56.47,51.18,37.42,66.63,52.85,15.62,68.68,29.12,124.54,158.7,165.93,79.3,61.66,88.12,57.36,88.7,44.75,67.84
2019-08-05,70.28,118.74,54.68,49.42,35.99,62.01,52.01,15.22,65.41,27.45,121.65,151.06,160.0,76.83,59.45,86.96,55.93,88.02,44.42,66.06
2019-08-06,70.96,119.38,54.23,47.58,35.46,62.8,52.85,15.38,65.45,28.72,122.08,152.78,162.48,78.89,60.82,88.92,56.94,89.14,45.21,66.97
2019-08-07,70.5,119.1,53.32,46.0,34.74,63.87,53.22,15.56,67.59,30.78,120.78,151.24,161.37,78.09,59.58,88.84,57.45,89.74,45.01,67.58
2019-08-08,72.38,123.23,55.07,47.13,35.21,64.76,53.8,15.89,73.49,31.58,122.02,155.06,164.94,79.76,60.77,89.31,58.19,89.51,45.42,68.36
2019-08-09,70.84,122.42,54.01,47.13,34.53,63.5,54.12,15.67,70.25,31.85,119.38,154.84,164.6,79.03,59.48,89.75,58.33,89.97,45.2,68.84
2019-08-12,69.63,121.55,53.12,44.99,34.27,60.94,53.86,15.27,67.38,30.9,116.72,147.05,162.65,77.95,58.29,89.5,58.68,90.43,45.2,68.57
2019-08-13,70.49,122.39,53.87,44.76,34.63,62.19,53.91,15.67,68.45,32.17,119.01,147.17,165.9,79.41,59.19,89.82,57.2,90.25,45.52,68.67
2019-08-14,67.65,117.74,51.78,43.7,32.34,58.99,53.74,14.64,64.29,30.22,115.21,143.17,162.01,75.19,57.14,88.81,57.06,88.48,44.48,68.38
2019-08-15,67.25,116.95,50.91,43.96,31.65,59.26,54.29,14.38,61.66,29.78,115.25,143.71,160.26,75.91,56.41,89.28,57.63,90.36,44.65,69.27
2019-08-16,68.3,115.81,51.47,44.57,32.72,61.69,54.38,14.66,63.09,32.03,116.43,149.23,162.98,77.32,57.92,89.77,57.48,90.23,45.13,69.44
2019-08-19,69.45,117.31,53.94,45.58,34.1,63.07,54.74,15.12,64.92,33.4,117.36,152.39,163.8,79.14,58.55,90.67,57.94,90.55,45.28,69.82
2019-08-20,69.03,116.13,52.71,45.26,33.9,63.08,54.78,15.06,64.17,33.88,116.67,152.1,161.44,78.16,57.98,91.18,57.69,90.77,45.21,69.83
2019-08-21,69.72,117.88,52.63,45.06,33.69,63.87,55.31,14.72,65.91,34.83,117.68,154.86,161.76,78.65,58.46,91.24,57.95,91.35,45.44,70.42
2019-08-22,69.57,117.73,52.26,44.7,33.71,63.05,55.41,14.81,63.22,33.75,117.89,155.37,160.88,78.37,58.2,91.32,58.45,90.97,45.52,70.06
2019-08-23,67.49,115.18,50.42,42.37,32.03,60.89,55.48,14.09,59.95,33.4,114.06,147.02,154.55,76.59,57.0,90.74,57.68,89.58,44.88,69.5
2019-08-26,67.85,115.74,51.37,42.13,31.59,62.24,55.91,14.33,60.81,34.62,114.42,150.81,154.97,76.83,57.28,91.35,58.34,90.83,45.68,70.89
2019-08-27,67.19,115.83,50.98,42.35,31.25,61.86,56.0,14.27,59.3,33.05,113.38,150.1,155.53,76.86,57.27,92.15,57.76,90.67,46.24,70.72
2019-08-28,67.68,116.83,51.95,43.11,31.62,62.05,55.3,14.37,59.32,33.27,114.86,152.72,157.57,77.87,57.83,92.3,57.81,89.63,46.43,71.0
2019-08-29,68.43,117.52,52.29,43.37,32.26,62.49,55.28,14.78,60.49,31.15,117.77,156.48,161.57,79.64,59.14,92.76,58.12,90.72,46.75,71.12
2019-08-30,68.48,117.72,52.18,43.48,32.43,62.07,54.77,15.04,61.73,29.67,119.0,154.91,162.58,80.72,59.59,92.74,58.26,91.15,47.26,70.81
2019-09-03,68.56,116.27,52.04,42.68,31.72,60.97,56.39,15.0,60.23,27.7,117.03,150.82,161.5,78.49,58.4,93.67,59.77,92.78,47.92,71.75
2019-09-04,69.29,117.25,53.3,43.58,32.98,62.46,56.03,14.71,61.31,27.86,119.1,151.72,165.07,79.17,59.61,93.97,60.11,93.05,48.0,72.0
2019-09-05,70.27,117.64,53.44,45.09,34.06,62.83,54.95,15.31,62.97,25.29,122.99,156.3,168.26,81.95,61.84,93.41,59.5,91.53,48.12,70.92
2019-09-06,70.93,118.26,53.63,45.46,34.2,62.81,55.03,15.16,63.23,25.4,122.7,156.52,169.04,83.25,62.25,93.76,59.68,91.09,48.12,71.0
2019-09-09,71.49,119.39,54.97,44.97,36.23,62.0,54.97,15.45,65.36,23.8,127.25,158.36,167.56,84.85,63.78,93.72,59.02,91.38,48.03,70.5
2019-09-10,72.07,121.85,56.32,46.43,37.46,62.38,54.53,15.7,68.28,23.28,130.29,164.04,167.51,86.84,64.81,93.94,59.19,91.09,48.35,70.89
2019-09-11,71.93,121.28,57.2,46.29,37.32,63.31,55.02,16.47,69.25,24.72,133.09,165.15,169.16,88.03,65.2,94.49,59.71,91.69,48.73,71.63
2019-09-12,71.98,121.42,56.35,45.4,36.9,62.23,55.19,16.39,69.28,22.2,131.75,163.26,166.54,87.3,64.71,94.96,59.99,92.02,47.88,71.83
2019-09-13,72.64,121.5,57.34,45.09,37.33,63.7,54.62,16.35,69.28,22.08,133.78,165.42,165.63,87.47,65.55,93.9,60.13,91.54,47.27,70.85
2019-09-16,73.73,124.12,62.53,47.8,39.31,63.44,54.58,16.19,68.84,23.26,133.15,164.59,164.15,86.46,65.66,93.12,59.86,91.71,47.38,70.88
2019-09-17,73.17,123.89,61.22,45.15,38.17,65.82,55.55,16.32,67.76,25.07,132.17,163.99,164.4,86.1,64.95,93.87,60.55,92.73,47.29,71.52
2019-09-18,72.82,124.18,60.01,44.62,38.03,65.75,55.98,16.23,67.4,25.2,131.07,165.38,165.89,84.98,64.91,94.26,60.8,93.02,47.94,70.1
2019-09-19,72.33,123.66,59.97,45.79,37.76,67.07,56.23,16.44,68.29,27.12,130.12,164.44,164.7,84.51,65.17,94.49,61.06,93.18,47.8,70.41
2019-09-20,72.08,124.32,60.82,45.7,37.3,66.7,56.43,16.04,68.86,27.47,128.16,164.07,166.22,83.57,64.95,95.27,61.11,93.18,48.45,71.11
2019-09-23,72.13,124.9,60.18,45.5,37.33,67.31,56.32,16.08,68.22,27.23,128.42,165.21,165.07,83.91,64.93,95.4,61.32,93.4,48.31,70.94
2019-09-24,71.14,123.74,59.3,45.47,35.56,65.48,57.13,14.88,67.89,25.02,125.99,165.96,163.71,82.32,63.99,96.28,61.98,94.59,48.8,72.12
2019-09-25,71.35,123.51,59.48,45.33,35.24,67.1,57.34,15.25,68.3,25.06,126.61,165.19,164.86,82.67,64.46,96.0,61.73,94.23,49.01,72.0
2019-09-26,70.97,120.16,57.68,45.35,34.54,62.54,57.93,16.17,67.19,23.18,126.39,166.41,164.96,82.49,64.19,96.2,61.86,94.29,49.18,72.36
2019-09-27,71.48,118.6,57.9,45.14,34.33,58.46,57.81,16.14,68.14,22.25,126.59,166.26,165.96,83.01,66.4,96.26,61.77,94.2,48.58,72.24
2019-09-30,70.61,118.6,56.98,44.47,34.17,58.01,58.25,16.06,69.52,22.23,126.31,168.68,167.1,83.15,66.86,95.86,61.77,93.69,48.31,73.81
2019-10-01,68.95,116.01,55.15,43.77,32.7,56.28,58.01,16.31,68.31,21.71,122.37,165.5,162.16,80.8,65.25,96.19,61.88,93.22,47.98,73.04
2019-10-02,67.15,112.29,53.07,42.94,31.76,55.91,57.28,16.21,66.57,21.9,119.96,163.25,159.08,77.76,63.5,94.71,61.15,92.13,47.62,71.86
2019-10-03,67.98,113.15,53.66,43.2,32.05,57.17,57.54,15.54,67.23,22.42,120.04,164.83,159.52,78.47,64.4,95.1,61.36,92.5,47.72,72.83
2019-10-04,68.97,113.85,53.5,43.07,31.88,59.31,58.4,15.43,66.32,23.44,121.04,167.69,161.6,79.32,65.19,97.17,62.05,93.61,48.45,73.61
2019-10-07,68.02,113.26,54.6,42.18,31.8,56.96,58.14,15.85,65.68,23.75,120.25,166.55,161.16,78.3,64.45,96.92,61.92,93.71,48.46,73.22
2019-10-08,66.7,111.71,53.9,40.83,30.71,56.96,57.49,16.0,63.7,24.25,117.97,164.97,156.65,76.25,63.16,96.09,61.36,92.56,47.77,72.95
2019-10-09,67.44,113.14,54.94,40.84,30.9,56.2,58.34,16.3,63.6,24.22,119.44,166.43,157.86,77.39,63.62,96.03,61.9,92.88,47.91,73.32
2019-10-10,68.25,114.59,55.88,41.03,31.07,56.63,58.0,16.32,65.46,24.53,122.69,167.8,158.98,78.6,65.05,96.29,61.8,92.61,47.42,73.2
2019-10-11,68.98,116.15,56.43,41.12,32.48,56.82,57.38,16.53,68.91,24.28,128.4,170.95,161.5,81.36,67.04,95.97,61.52,92.34,47.51,72.75
2019-10-14,69.18,116.18,56.13,40.51,32.57,56.49,57.23,17.13,67.56,24.75,128.38,168.93,160.96,80.86,67.21,95.13,60.92,92.03,47.1,72.72
2019-10-15,69.42,116.31,55.95,40.8,32.81,55.88,56.88,17.19,67.87,24.14,131.03,172.64,161.61,82.12,67.73,95.0,60.7,91.74,47.06,72.5
2019-10-16,68.23,115.11,54.61,40.34,31.95,55.01,57.48,17.32,67.58,24.17,130.19,171.06,161.6,81.07,67.32,95.13,61.09,92.6,44.91,72.42
2019-10-17,68.14,115.35,54.53,40.33,31.89,55.25,57.77,17.46,68.22,25.1,132.07,172.14,165.44,81.41,68.05,95.17,61.06,93.0,44.06,72.48
2019-10-18,67.61,114.74,53.95,40.45,32.31,55.22,58.12,17.13,67.13,24.75,130.71,173.92,163.52,82.56,68.65,95.35,61.14,94.14,44.66,73.11
2019-10-21,68.74,116.61,55.96,40.82,33.59,56.34,58.2,16.9,67.24,25.89,132.23,174.03,166.85,83.5,69.43,95.33,61.59,94.48,44.71,73.24
2019-10-22,69.09,117.8,56.54,42.22,34.82,56.22,59.06,17.04,66.79,23.71,133.69,175.15,166.85,84.72,70.23,95.32,61.44,94.15,45.25,73.44
2019-10-23,69.75,117.98,56.25,42.92,35.33,55.28,59.0,16.98,67.46,23.4,135.34,175.0,167.75,84.66,70.56,96.17,61.95,94.44,45.65,74.0
2019-10-24,69.09,117.58,56.16,42.29,35.11,55.89,59.39,19.98,69.45,23.21,133.85,172.11,169.34,84.25,69.88,96.07,61.95,95.72,46.18,74.03
2019-10-25,69.25,118.67,56.35,42.53,35.09,52.66,59.22,21.88,63.59,24.55,139.73,173.11,169.5,85.62,70.82,95.43,61.35,94.35,45.89,71.98
2019-10-28,68.64,118.48,55.68,42.28,35.02,53.24,58.31,21.85,63.74,25.44,140.06,173.35,170.54,87.22,70.99,94.1,61.01,93.37,45.6,70.58
2019-10-29,68.44,118.13,57.09,42.33,34.79,53.29,58.15,21.08,63.03,25.19,141.33,174.11,171.01,88.96,70.86,93.53,60.92,93.17,45.86,70.6
2019-10-30,67.72,116.36,55.04,41.36,33.1,51.85,58.87,21.0,62.67,18.76,140.34,173.82,172.44,88.25,71.03,94.01,62.63,94.1,46.66,70.78
2019-10-31,67.57,116.14,55.2,40.5,32.69,51.79,59.59,20.99,60.74,19.43,137.8,174.14,170.59,87.11,70.15,94.26,62.66,94.39,45.49,72.25
2019-11-01,69.6,116.21,57.15,42.29,34.44,52.58,58.93,20.89,64.49,18.83,144.49,176.11,173.94,88.61,71.79,94.38,62.26,93.56,45.34,73.64
2019-11-04,71.67,121.57,58.0,44.23,36.24,53.06,57.4,21.16,67.7,17.95,146.92,179.1,177.77,91.16,73.22,93.64,61.74,92.8,44.5,72.92
2019-11-05,73.09,121.94,58.51,41.91,36.72,53.87,56.78,21.15,67.37,18.59,146.37,178.92,178.44,90.64,73.79,93.15,61.36,91.4,44.78,71.67
2019-11-06,71.49,119.9,57.63,39.61,35.56,53.36,56.87,21.77,66.72,18.2,145.49,175.97,178.57,91.2,73.6,93.36,61.85,91.98,44.82,71.61
2019-11-07,73.01,121.89,59.54,39.03,36.08,52.63,55.77,22.37,71.39,18.0,147.01,177.89,177.43,90.9,73.79,92.58,60.71,89.34,44.7,71.06
2019-11-08,70.77,120.93,59.16,40.1,36.34,51.97,55.52,22.48,67.98,18.44,148.16,178.36,178.96,92.22,73.88,89.95,61.26,89.07,44.71,71.06
2019-11-11,70.34,120.81,58.91,38.88,36.41,52.48,55.55,23.01,67.73,18.74,148.0,179.8,178.59,91.88,73.81,87.6,60.47,88.77,44.02,71.17
2019-11-12,69.37,120.96,58.23,38.44,36.21,52.97,55.8,23.33,65.31,19.12,146.34,176.39,179.75,92.35,74.07,87.59,60.69,88.5,44.32,72.47
2019-11-13,68.8,122.28,57.56,38.12,35.03,53.09,56.98,23.07,65.18,18.92,144.49,175.67,179.7,90.78,73.58,88.53,61.91,89.86,44.5,73.42
2019-11-14,68.5,121.96,57.25,37.76,34.71,52.54,57.47,23.29,65.54,18.99,143.44,174.38,177.42,90.89,72.73,88.25,62.39,89.6,44.63,72.73
2019-11-15,69.19,120.64,58.25,38.95,35.36,53.36,57.85,23.48,66.14,19.32,145.31,174.48,179.5,91.79,73.53,88.58,62.2,89.56,45.02,73.06
2019-11-18,68.52,118.55,56.7,39.3,34.69,53.15,58.04,23.33,67.1,18.61,143.59,174.91,177.57,90.73,73.07,88.65,62.48,90.15,45.41,73.81
2019-11-19,67.82,116.45,57.17,38.14,34.31,54.59,58.16,23.97,66.46,19.19,143.18,173.65,177.89,90.21,73.28,87.03,62.21,90.67,45.37,73.61
2019-11-20,68.03,117.34,59.36,38.48,36.14,54.32,58.8,23.48,65.05,18.12,141.52,172.07,175.02,89.82,72.75,87.13,62.78,91.46,45.36,73.93
2019-11-21,69.67,118.77,60.21,39.12,36.62,53.86,58.78,23.66,65.13,18.82,143.36,176.03,174.34,90.16,73.56,86.66,62.68,91.07,44.39,73.4
2019-11-22,69.37,118.63,59.9,39.58,36.61,54.38,58.34,22.2,64.9,19.37,143.88,175.38,174.6,90.74,73.66,87.14,62.89,91.54,44.43,73.3
2019-11-25,68.91,118.38,61.05,39.93,37.08,54.96,58.14,22.42,65.14,21.15,146.42,176.61,174.32,92.15,74.35,87.6,62.18,90.89,44.17,73.19
2019-11-26,68.74,117.79,60.11,38.57,36.39,55.09,58.73,21.93,65.59,21.51,146.09,176.65,176.31,92.7,74.43,88.2,62.25,91.5,44.01,73.44
2019-11-27,68.7,118.07,60.34,38.75,36.77,55.62,58.27,22.09,65.5,23.04,145.69,169.06,177.2,93.0,74.44,88.56,62.31,91.59,44.27,73.78
2019-11-29,68.13,117.13,59.94,38.57,36.2,55.24,58.45,22.0,65.38,21.87,144.73,168.05,176.34,92.5,73.86,88.17,61.99,91.35,44.4,73.64
2019-12-02,68.42,116.8,60.37,38.68,36.36,54.72,57.81,22.32,65.04,22.07,142.96,165.29,172.16,91.98,73.36,87.29,61.6,90.28,43.91,73.2
2019-12-03,67.88,115.89,58.89,38.02,34.99,54.35,58.06,22.41,63.65,23.74,140.06,163.5,170.41,91.4,72.61,87.86,62.37,90.88,44.26,73.96
2019-12-04,68.65,116.94,60.63,38.45,36.19,54.79,58.56,22.2,62.92,24.27,140.12,165.27,171.06,91.12,73.5,88.95,62.69,92.03,44.54,73.79
2019-12-05,68.41,116.33,59.84,37.98,35.85,52.3,58.64,22.02,63.68,23.37,141.05,164.58,171.85,91.86,73.98,89.29,62.76,92.46,44.86,73.69
2019-12-06,69.51,118.01,61.97,39.01,36.89,53.37,58.6,22.39,64.3,24.11,142.72,165.21,173.29,93.08,75.09,89.76,62.14,92.39,44.86,72.92
2019-12-09,69.66,117.3,61.83,37.34,37.16,52.44,58.57,22.64,64.72,24.04,142.83,167.9,172.33,92.76,75.16,89.28,61.44,91.86,44.93,72.92
2019-12-10,69.06,117.89,61.76,37.57,37.34,52.47,58.61,23.26,65.3,24.02,142.87,169.9,171.88,92.68,74.55,89.05,60.33,91.94,44.72,73.74
2019-12-11,68.96,116.23,61.68,37.54,38.4,53.87,58.95,23.51,65.67,24.21,144.0,169.7,173.83,93.39,75.73,89.0,60.69,92.15,44.2,74.39
2019-12-12,70.34,118.81,62.59,38.25,39.07,55.04,58.48,23.98,68.02,23.68,146.78,173.82,175.19,94.45,76.97,89.56,60.71,91.14,44.1,73.44
2019-12-13,69.23,117.96,62.7,37.71,39.0,54.98,59.24,23.89,66.63,24.62,145.53,172.5,174.79,93.6,75.98,90.1,60.76,92.05,43.82,74.39
2019-12-16,70.0,119.36,62.82,38.32,39.4,56.53,59.87,25.43,66.2,25.76,145.36,172.85,174.21,94.08,76.16,90.49,62.27,93.03,44.7,75.32
2019-12-17,69.68,118.6,63.52,38.32,39.46,56.3,59.95,25.27,68.77,25.85,146.37,173.84,174.51,94.23,76.15,90.55,63.7,93.22,44.98,75.06
2019-12-18,69.87,118.55,63.2,38.67,39.62,56.49,60.07,26.21,68.9,25.74,147.12,172.61,172.48,94.43,76.04,90.61,63.63,93.75,45.37,75.82
2019-12-19,69.39,118.13,63.19,38.7,39.61,57.07,60.16,26.94,69.45,25.96,145.02,172.76,174.31,94.24,76.09,89.95,63.07,93.97,44.98,76.02
2019-12-20,69.94,119.68,63.72,39.01,39.43,57.31,60.68,27.04,70.36,25.94,147.57,174.65,174.22,94.4,76.27,90.62,63.86,94.9,45.45,75.69
2019-12-23,70.29,120.33,64.6,39.71,40.79,57.86,59.7,27.95,72.43,26.81,148.5,175.05,174.24,95.13,76.79,90.15,63.26,93.75,45.2,75.28
2019-12-24,70.02,120.34,64.67,39.89,40.65,57.98,60.13,28.35,72.32,27.02,147.48,174.5,174.13,94.48,76.1,90.23,63.13,93.84,45.32,75.33
2019-12-26,70.13,120.6,65.0,40.15,40.07,58.66,60.49,28.73,72.49,27.34,148.22,174.8,174.69,95.04,76.67,90.39,63.17,93.88,45.32,75.81
2019-12-27,69.89,120.3,64.98,40.16,40.0,56.41,60.63,28.69,72.01,26.75,148.28,175.81,174.29,94.99,76.51,90.97,63.46,94.19,45.41,75.44
2019-12-30,69.48,119.85,64.61,40.7,40.4,56.26,60.32,27.65,71.93,25.37,147.52,174.16,174.23,94.93,76.44,90.79,63.34,94.03,45.38,75.53
2019-12-31,69.78,120.51,65.03,41.21,40.2,55.96,60.54,27.89,73.04,26.13,147.68,173.26,174.81,94.72,76.26,91.21,63.7,94.51,45.59,75.74
2020-01-02,70.9,121.43,65.46,42.58,40.17,57.24,59.66,28.68,72.61,29.34,150.53,176.86,178.55,95.87,77.48,90.34,62.62,93.46,45.43,74.56
2020-01-03,70.33,121.01,65.7,43.61,40.56,57.02,60.08,29.53,71.57,29.29,148.44,175.55,176.64,95.16,76.42,90.4,62.56,93.36,45.57,73.88
2020-01-06,70.87,120.6,66.48,45.05,40.82,55.83,60.38,30.1,71.49,29.66,148.34,176.81,175.31,95.34,77.05,90.84,62.81,93.67,45.63,74.5
2020-01-07,70.29,119.06,66.48,45.27,40.61,56.67,60.33,31.27,72.43,29.99,146.38,173.74,175.41,94.84,77.24,90.27,62.62,93.69,45.68,74.44
2020-01-08,69.23,117.7,64.94,44.98,39.41,56.7,60.3,32.81,71.18,31.0,147.68,175.9,175.56,95.13,77.51,90.4,62.6,93.41,46.01,74.95
2020-01-09,69.76,117.51,66.07,45.37,39.86,56.7,60.77,32.09,72.74,31.59,147.31,177.6,176.85,95.19,77.8,90.62,63.26,93.88,46.15,74.41
2020-01-10,69.14,116.44,65.42,45.9,39.83,56.5,60.89,31.88,72.1,30.67,146.13,173.43,176.47,94.98,76.94,90.44,63.66,94.34,46.26,74.88
2020-01-13,69.8,116.66,65.13,46.57,39.23,57.44,61.6,34.99,75.86,30.79,146.82,174.74,179.02,94.86,77.39,91.24,64.54,94.63,46.19,75.58
2020-01-14,69.2,116.3,65.14,47.24,39.53,58.78,61.93,35.86,78.18,30.2,146.68,173.67,178.21,94.1,76.87,91.3,64.92,94.98,45.81,75.61
2020-01-15,69.09,116.13,65.0,47.26,38.33,54.75,62.9,34.57,80.12,30.16,145.57,172.92,178.49,93.9,76.66,92.49,65.58,96.6,46.55,77.07
2020-01-16,68.82,116.89,65.07,46.67,38.78,53.93,63.07,34.23,80.42,30.83,147.87,175.47,180.0,94.82,77.87,93.18,66.15,97.31,46.74,77.59
2020-01-17,68.56,115.58,65.07,45.83,38.37,53.52,63.35,34.03,80.9,31.5,147.78,176.2,180.96,95.68,77.78,93.72,67.26,98.56,47.39,78.6
2020-01-21,67.58,113.31,64.03,44.32,36.95,51.55,64.22,36.48,81.32,31.26,145.85,172.56,178.69,94.52,77.25,94.79,68.12,99.34,47.58,78.98
2020-01-22,67.19,112.9,63.01,43.29,36.68,50.56,64.97,37.97,81.38,31.62,142.63,171.16,177.82,97.16,77.02,95.31,68.3,100.0,47.66,78.78
2020-01-23,66.77,113.1,63.14,42.52,36.43,52.02,65.02,38.15,81.9,32.07,142.75,172.06,177.35,97.9,77.59,96.08,68.96,100.97,47.95,80.03
2020-01-24,66.32,111.85,62.62,42.22,35.77,51.94,65.93,37.65,81.18,32.7,140.38,170.12,174.93,96.84,76.7,96.28,69.44,102.16,47.73,79.88
2020-01-27,64.74,110.39,61.04,41.24,33.96,50.49,66.69,37.2,78.94,29.95,135.73,163.28,171.39,94.64,73.74,96.1,69.74,101.78,47.27,79.27
2020-01-28,64.65,111.12,61.18,41.2,33.96,51.11,66.45,37.79,80.2,32.24,136.74,162.98,173.29,96.27,74.43,96.21,70.05,102.19,47.73,79.91
2020-01-29,64.11,110.37,60.49,40.47,33.73,50.9,66.44,38.73,80.73,32.56,135.78,160.16,173.49,96.87,73.91,96.75,70.1,102.81,47.81,79.34
2020-01-30,64.79,111.4,60.89,40.59,34.04,50.72,67.48,42.72,80.78,33.49,135.37,161.11,176.13,97.23,73.83,97.47,70.85,104.1,48.06,80.56
2020-01-31,62.12,107.14,59.43,39.72,33.51,49.58,67.05,43.37,80.28,31.52,131.35,158.58,171.07,94.47,71.63,97.63,70.4,104.22,47.59,80.32
2020-02-03,60.73,106.28,59.18,40.08,33.46,50.24,66.7,52.0,80.79,32.92,129.77,158.29,169.2,95.49,72.6,97.67,70.7,104.22,48.2,80.53
2020-02-04,59.97,106.85,56.49,40.5,34.07,52.67,66.14,59.14,90.43,36.9,133.51,164.43,173.04,100.91,73.24,96.6,69.54,102.87,48.09,79.48
2020-02-05,62.73,110.28,58.78,42.12,35.07,53.1,66.68,48.98,87.58,36.91,137.44,168.35,174.71,102.34,76.01,97.14,69.03,102.12,48.33,79.53
2020-02-06,61.88,109.49,58.41,42.12,34.51,52.65,67.08,49.93,86.95,38.39,137.25,168.86,174.16,102.48,75.25,96.93,68.84,102.25,48.26,80.25
2020-02-07,61.47,108.94,57.99,41.89,34.42,52.46,67.39,49.87,82.54,38.05,133.37,167.45,173.11,101.96,73.77,96.27,68.38,101.34,48.19,79.3
2020-02-10,59.96,109.79,57.87,40.5,34.35,52.75,67.94,51.42,83.25,38.61,134.32,168.24,174.76,102.91,73.39,96.23,68.44,101.92,48.31,78.99
2020-02-11,60.53,111.21,58.71,41.17,34.29,53.52,68.04,51.63,84.71,39.66,136.19,170.26,176.93,103.53,73.83,96.99,68.59,102.22,49.34,79.28
2020-02-12,61.27,112.04,59.76,42.49,35.05,56.12,67.56,51.15,86.83,41.5,139.59,171.83,178.93,104.03,75.4,97.92,68.62,101.79,49.26,79.44
2020-02-13,60.93,111.66,58.82,42.04,34.67,54.61,68.87,53.6,87.93,41.34,139.72,170.76,177.89,102.89,73.14,100.11,69.54,102.85,49.57,79.5
2020-02-14,60.65,110.08,58.62,41.6,34.42,55.26,69.63,53.34,89.64,41.09,137.99,168.07,178.57,103.55,73.51,101.28,69.02,103.76,49.76,80.48
2020-02-18,59.88,110.24,58.3,41.56,33.65,55.65,70.51,57.23,88.7,40.17,136.58,166.3,177.2,104.47,71.44,102.02,69.4,104.33,50.38,80.44
2020-02-19,60.34,110.74,59.26,42.51,34.29,57.37,68.67,61.16,89.34,57.22,136.86,164.93,178.62,104.31,71.86,101.42,68.61,103.5,49.6,79.86
2020-02-20,59.86,109.81,58.88,42.97,33.83,59.32,69.26,59.96,94.31,58.74,136.93,165.83,178.46,105.1,72.02,101.43,69.81,102.38,49.85,79.94
2020-02-21,59.13,109.01,58.44,42.12,33.39,50.59,69.4,60.07,92.43,59.09,137.21,177.43,177.65,104.93,72.09,102.43,68.99,101.71,49.72,79.22
2020-02-24,56.36,104.71,56.38,39.48,30.93,51.21,68.48,55.59,89.61,55.26,132.17,171.86,173.1,101.65,69.19,102.3,67.8,100.04,48.82,77.08
2020-02-25,54.2,100.71,53.83,36.19,29.34,48.57,67.58,53.33,85.83,50.9,129.0,166.65,165.72,98.21,66.6,99.27,66.86,98.17,47.63,74.78
2020-02-26,53.01,98.04,51.17,34.22,28.38,46.11,67.37,51.92,85.65,51.87,128.25,166.92,165.11,96.58,66.63,98.94,66.19,97.43,47.05,73.44
2020-02-27,49.82,94.13,47.13,31.81,26.84,44.25,63.96,45.27,80.8,48.76,123.27,159.99,157.57,93.24,64.38,94.99,62.88,91.86,45.14,70.71
2020-02-28,51.44,93.34,48.42,32.74,27.09,45.77,63.19,44.53,81.85,48.97,124.24,156.48,160.16,90.72,64.11,91.7,60.36,89.26,43.11,69.89
2020-03-02,53.88,96.59,49.23,32.95,27.79,44.95,67.09,49.57,84.3,51.4,127.6,163.92,162.2,95.68,66.3,96.67,63.93,95.09,45.43,71.11
2020-03-03,51.3,94.39,48.12,32.99,26.81,44.21,66.29,49.7,82.79,52.37,124.38,157.78,159.88,92.85,63.74,95.61,63.9,95.45,44.19,70.51
2020-03-04,52.42,98.53,49.43,32.93,27.08,45.48,70.56,49.97,86.27,53.47,127.4,163.07,169.07,98.12,66.67,101.65,67.8,99.82,46.82,73.92
2020-03-05,50.11,97.19,47.7,31.48,25.83,45.47,69.04,48.3,84.77,56.69,121.97,159.07,162.88,93.66,64.73,100.13,67.57,98.79,46.13,70.88
2020-03-06,47.69,95.32,45.33,26.86,23.85,43.37,67.95,46.9,82.6,53.05,121.41,164.04,162.0,92.77,62.14,99.05,66.87,97.7,45.17,70.94
2020-03-09,41.86,80.67,34.07,12.51,17.31,39.15,65.32,40.53,72.96,43.38,104.07,150.0,150.97,83.13,50.36,94.58,62.16,94.96,41.91,63.88
2020-03-10,43.41,84.98,34.88,14.34,18.19,41.08,63.93,43.02,75.19,45.59,106.49,154.99,159.69,89.06,53.86,95.05,62.02,94.72,43.12,65.3
2020-03-11,41.98,83.03,32.56,11.8,17.38,37.23,60.31,42.28,70.07,41.73,100.69,145.88,151.49,84.37,52.14,90.94,58.18,89.72,39.81,61.48
2020-03-12,37.18,76.26,28.2,11.89,14.42,36.56,52.22,37.37,64.79,33.02,92.26,130.39,133.18,75.92,46.18,80.48,52.19,82.54,35.27,52.13
2020-03-13,38.12,83.42,31.38,14.26,16.16,35.96,55.39,36.44,68.01,32.86,99.64,138.96,147.56,85.56,50.33,85.77,53.97,86.47,36.36,53.46
2020-03-16,34.49,69.7,26.08,12.02,14.41,31.54,50.34,29.67,58.96,27.45,93.41,120.05,133.59,75.32,46.96,76.58,47.62,81.66,30.51,44.31
2020-03-17,36.81,70.69,26.25,11.34,14.0,32.26,55.44,28.68,67.06,29.28,100.2,126.71,130.17,73.74,47.42,86.0,56.56,91.2,36.0,49.19
2020-03-18,33.12,55.05,22.67,10.53,12.05,30.2,52.66,24.08,68.64,23.99,100.12,114.21,118.13,68.82,41.14,79.28,55.92,88.28,33.04,51.2
2020-03-19,34.43,57.39,25.59,10.83,13.87,33.46,51.77,28.51,61.94,26.25,103.01,119.66,117.49,72.45,46.02,75.05,50.9,80.81,32.41,50.0
2020-03-20,32.74,59.39,26.84,10.23,14.28,33.69,47.94,28.5,53.45,26.0,95.5,111.63,111.11,64.93,44.09,68.4,46.36,71.45,31.0,49.82
2020-03-23,31.45,54.22,24.55,9.69,12.83,33.07,45.41,28.95,50.9,27.51,91.85,111.15,102.57,57.77,38.08,64.15,43.23,70.0,29.98,46.71
2020-03-24,35.44,66.55,30.74,10.72,14.65,33.71,51.63,33.67,56.03,34.34,101.34,126.0,118.03,71.21,44.3,71.5,49.04,72.05,34.51,52.02
2020-03-25,37.29,69.27,30.94,12.0,14.6,34.79,52.57,35.95,60.02,36.81,104.67,128.49,128.04,74.6,47.61,74.71,50.14,73.29,34.55,57.01
2020-03-26,38.82,76.38,32.09,12.83,15.52,37.62,57.77,35.21,60.46,36.13,110.5,139.09,135.7,78.25,48.8,81.19,55.14,81.8,36.59,61.8
2020-03-27,36.95,68.78,29.25,11.61,13.76,35.63,57.99,34.29,55.02,32.38,105.44,135.11,129.64,74.54,45.58,80.19,56.01,83.4,35.5,60.56
2020-03-30,37.5,71.95,29.29,11.01,13.28,36.06,61.5,33.48,55.6,32.0,111.71,141.23,130.12,78.32,46.63,83.46,57.99,83.71,37.23,59.99
2020-03-31,37.97,72.46,30.8,11.58,13.49,36.06,60.16,34.93,56.37,32.29,116.04,138.16,132.13,77.69,47.65,80.88,54.14,79.98,36.81,56.49
2020-04-01,37.53,68.56,29.62,10.74,12.59,33.44,54.56,32.1,54.84,29.77,111.35,133.67,128.1,73.14,45.7,77.57,50.14,74.57,33.48,51.85
2020-04-02,40.4,76.12,33.86,12.77,13.88,35.31,56.61,30.3,53.66,29.92,116.74,139.38,131.16,73.59,47.73,79.39,52.4,76.79,34.68,53.13
2020-04-03,39.21,75.11,32.91,13.0,14.29,34.38,55.41,32.0,52.7,28.69,114.67,135.52,125.87,71.25,45.72,76.02,50.27,72.5,32.75,52.14
2020-04-06,40.47,80.39,32.8,13.44,15.67,36.75,58.63,34.42,56.93,34.05,120.43,143.49,132.34,77.4,49.39,81.25,55.4,78.59,36.32,57.02
2020-04-07,41.24,80.92,33.27,13.84,16.47,37.35,57.12,36.36,57.0,35.04,121.92,142.82,133.56,76.16,50.29,80.11,55.12,78.75,35.79,58.34
2020-04-08,43.85,85.98,35.68,15.56,17.28,38.9,58.38,36.59,61.82,37.93,127.4,146.77,137.52,80.14,52.1,85.5,58.18,83.3,37.59,61.02
2020-04-09,43.13,84.31,34.73,15.36,16.47,40.45,61.32,38.2,67.02,38.06,125.03,145.75,141.65,81.44,51.78,90.31,60.33,86.31,39.15,65.27
2020-04-13,42.76,84.91,34.3,15.33,15.95,40.61,59.05,43.4,63.31,37.78,114.14,139.8,136.23,78.39,51.19,87.36,57.72,83.5,37.75,63.49
2020-04-14,42.43,84.61,34.08,14.9,15.54,42.12,60.59,47.33,63.68,41.4,116.48,138.13,138.85,79.84,50.49,90.42,59.0,86.25,39.07,63.97
2020-04-15,40.48,82.49,32.2,13.61,14.73,40.93,59.3,48.66,58.25,39.61,111.53,135.31,133.17,75.74,47.91,87.54,55.89,83.61,37.03,60.76
2020-04-16,39.15,79.99,31.07,12.2,14.05,40.15,59.37,49.68,58.57,38.79,113.22,129.95,130.69,75.82,47.37,87.59,55.32,84.05,37.1,58.73
2020-04-17,43.22,87.17,35.26,13.63,15.28,42.2,61.56,50.26,61.47,38.96,116.3,138.46,136.61,79.26,50.54,90.1,57.47,86.38,38.44,62.22
2020-04-20,41.18,83.57,34.57,12.59,15.21,41.0,59.4,49.76,60.0,39.01,114.6,137.3,134.02,77.89,50.92,86.65,55.53,82.91,37.07,61.28
2020-04-21,40.96,81.64,33.19,12.34,14.69,39.18,58.85,45.78,57.86,35.51,109.85,134.06,130.36,76.91,50.77,85.44,55.5,82.47,35.68,59.63
2020-04-22,42.13,84.44,34.98,13.02,15.34,40.23,61.79,48.81,59.45,38.24,110.64,136.21,131.38,77.65,52.11,87.15,57.05,85.0,37.2,61.83
2020-04-23,43.45,86.8,36.18,13.87,16.52,42.29,60.28,47.04,60.66,39.48,112.91,137.11,133.01,78.15,52.91,85.12,56.8,83.02,36.32,62.75
2020-04-24,43.73,87.01,36.09,13.81,16.11,40.84,59.92,48.34,61.53,37.73,114.04,138.63,133.84,78.86,53.82,85.69,57.73,83.23,36.6,63.48
2020-04-27,43.94,89.71,37.15,14.15,16.05,43.26,60.9,53.25,62.25,37.21,115.2,139.7,138.15,82.54,56.03,86.75,58.48,83.62,37.83,64.4
2020-04-28,44.97,89.91,38.48,15.17,16.15,41.77,59.83,51.27,64.31,43.0,115.46,141.56,140.99,83.1,57.53,87.63,58.06,84.63,37.84,63.48
2020-04-29,47.46,94.62,42.21,16.78,18.2,45.55,58.78,53.37,64.67,48.99,120.06,147.1,144.35,85.78,59.07,86.63,57.37,83.13,38.32,64.79
2020-04-30,46.47,92.0,42.1,16.6,16.82,44.01,57.78,52.13,61.43,46.83,116.38,145.06,140.14,83.5,57.03,84.66,56.73,83.11,37.08,61.92
2020-05-01,43.14,89.44,39.14,15.24,15.75,41.98,56.76,46.75,57.44,43.25,110.88,138.19,135.55,82.07,53.79,82.64,54.41,81.39,35.8,59.97
2020-05-04,44.88,91.44,40.36,15.52,16.23,43.4,57.52,50.75,57.26,43.98,107.72,132.94,133.52,79.32,54.29,82.63,54.92,83.05,35.45,62.06
2020-05-05,44.83,92.89,40.92,15.32,16.25,43.1,57.52,51.21,58.47,44.37,108.91,135.15,133.2,80.8,54.7,83.14,55.63,83.31,35.87,62.11
2020-05-06,43.99,90.05,40.49,13.4,15.82,43.12,55.66,52.17,57.93,52.68,107.67,132.13,131.39,79.92,54.58,80.07,53.64,78.82,34.47,61.01
2020-05-07,44.24,92.64,42.42,13.88,16.73,44.66,56.12,52.0,59.74,54.49,107.29,136.0,131.14,80.26,55.26,80.31,54.23,78.6,35.04,61.87
2020-05-08,46.18,95.47,43.08,15.02,18.05,44.16,57.43,54.63,64.25,57.28,112.11,137.0,135.21,82.25,56.1,81.78,55.41,79.86,37.43,62.12
2020-05-11,45.74,93.37,42.27,15.03,17.36,42.87,56.84,54.09,64.41,59.58,108.61,134.89,132.62,81.08,56.02,81.66,55.81,79.17,37.28,62.4
2020-05-12,44.12,91.1,41.58,14.58,17.08,40.35,56.98,53.96,59.26,59.27,105.0,130.05,126.01,77.46,53.44,81.88,55.52,77.91,36.83,60.7
2020-05-13,41.93,88.7,39.89,13.44,15.85,39.43,57.53,52.73,59.92,57.47,104.48,125.82,121.45,73.87,51.9,81.89,53.79,77.73,35.68,59.12
2020-05-14,42.3,90.05,39.93,13.76,16.1,39.79,58.06,53.56,59.71,56.98,106.19,126.8,125.48,74.91,53.38,82.3,54.75,78.1,36.1,60.17
2020-05-15,42.0,89.16,40.87,13.82,15.95,39.37,56.96,53.28,61.35,58.38,107.92,126.01,123.86,73.71,52.94,81.19,52.54,78.43,35.29,59.6
2020-05-18,45.34,92.55,43.6,15.07,17.95,42.37,58.86,54.24,63.93,64.42,115.02,137.9,134.35,78.27,56.42,84.92,54.42,79.88,37.54,62.0
2020-05-19,43.94,89.62,42.67,14.37,17.11,43.23,57.62,53.87,63.51,67.04,112.08,136.15,130.31,76.34,55.7,83.29,53.57,77.14,36.71,63.05
2020-05-20,45.37,93.0,44.15,14.99,18.21,43.94,58.2,54.37,68.14,64.17,115.69,142.31,134.34,77.93,56.81,83.31,54.83,77.75,36.97,61.32
2020-05-21,44.56,92.04,43.72,14.25,17.79,43.76,57.23,55.17,67.97,59.93,114.06,142.81,135.98,78.29,56.25,82.34,53.83,77.37,36.44,60.54
2020-05-22,44.6,90.28,43.28,14.13,17.58,43.47,58.46,54.46,68.11,56.42,112.47,140.71,137.46,78.67,55.87,83.23,54.58,78.78,36.85,61.91
2020-05-26,45.91,93.3,43.67,14.4,18.4,46.56,58.58,54.59,74.93,58.43,117.41,148.03,143.14,81.92,59.27,82.81,54.66,79.92,37.6,62.62
2020-05-27,46.24,93.9,44.67,14.42,19.05,46.61,60.28,54.68,75.04,57.86,122.42,153.36,146.75,86.28,61.89,83.72,55.01,81.44,37.94,62.45
2020-05-28,45.04,90.87,43.01,13.64,18.79,45.52,62.84,53.72,75.93,55.8,120.74,153.16,145.73,85.13,61.03,85.83,56.91,85.1,38.26,63.7
2020-05-29,45.47,91.7,42.18,12.95,18.47,46.62,63.89,55.67,76.52,58.19,120.13,152.12,144.04,84.9,61.02,85.63,57.07,85.25,38.31,63.16
2020-06-01,46.28,92.79,43.39,13.81,18.43,48.01,63.91,59.87,77.42,59.68,120.5,149.14,144.37,84.66,60.4,87.44,57.7,86.14,38.84,64.53
2020-06-02,47.31,94.69,44.2,14.75,18.86,47.9,64.15,58.77,78.59,56.95,123.32,152.95,146.51,85.62,61.15,87.67,58.0,85.98,38.93,65.16
2020-06-03,49.24,97.18,45.12,15.45,19.61,49.5,64.89,58.86,78.94,53.32,127.09,158.35,151.45,89.33,62.92,89.23,58.71,86.99,39.91,65.8
2020-06-04,49.1,96.28,44.71,15.55,20.33,49.61,62.97,57.63,79.97,51.64,128.96,161.14,153.98,91.99,63.13,88.44,57.95,84.4,38.98,64.39
2020-06-05,53.08,100.81,48.59,20.79,21.99,51.38,63.6,59.04,84.31,54.59,135.12,166.72,159.37,95.43,67.1,89.49,58.45,85.51,40.36,66.89
2020-06-08,54.74,103.24,50.31,24.4,23.65,54.44,65.12,63.33,86.74,52.9,137.72,168.81,160.9,95.67,69.33,91.91,60.27,87.91,41.86,67.39
2020-06-09,53.52,101.53,48.63,23.18,22.51,53.06,64.67,62.71,85.0,51.58,134.19,164.81,156.14,95.42,67.51,90.32,59.36,85.91,40.51,65.16
2020-06-10,50.65,97.58,45.91,20.76,20.96,51.19,64.2,68.34,83.86,49.35,132.44,161.0,152.21,91.98,65.88,90.19,59.2,85.37,40.0,64.28
2020-06-11,46.18,89.37,42.12,17.41,18.51,48.94,62.08,64.86,74.52,47.66,121.55,151.09,141.66,85.13,60.46,87.08,56.09,81.76,38.05,61.74
2020-06-12,47.17,92.39,43.73,18.5,19.0,49.42,61.73,62.35,77.32,48.63,123.15,154.97,142.72,86.01,61.35,86.74,56.17,81.8,37.91,62.02
2020-06-15,47.14,91.23,43.35,19.05,19.32,50.11,62.14,66.06,76.41,50.45,123.61,155.47,144.81,86.69,62.27,86.96,56.42,81.76,38.31,62.62
2020-06-16,48.2,94.03,45.11,20.29,19.55,51.31,62.04,65.48,79.23,52.76,130.11,158.3,147.26,88.94,63.46,86.95,56.22,81.6,38.59,62.18
2020-06-17,46.63,91.54,44.02,19.04,19.83,49.9,62.25,66.12,79.17,39.04,128.23,155.51,146.5,88.84,62.59,86.21,56.04,82.25,38.45,62.09
2020-06-18,46.92,91.94,44.45,19.67,20.18,50.47,62.23,66.93,78.81,45.72,127.59,154.87,146.39,87.53,61.39,85.77,56.11,81.77,38.2,62.28
2020-06-19,45.98,90.63,43.7,19.71,19.71,50.2,60.55,66.73,78.35,46.72,127.46,154.87,143.57,89.34,61.98,82.11,53.61,79.71,37.53,58.62
2020-06-22,46.42,91.59,43.56,19.91,19.82,49.8,61.76,66.29,75.78,45.56,125.79,154.56,143.14,87.08,61.44,82.53,54.67,80.62,37.57,59.73
2020-06-23,46.7,91.44,43.81,19.79,19.57,51.92,60.8,66.79,76.12,45.49,126.25,153.96,143.06,87.12,61.82,81.85,53.27,80.95,37.25,59.74
2020-06-24,44.5,87.64,40.99,18.0,17.86,49.08,60.42,64.06,73.32,46.68,122.06,150.49,136.64,84.01,59.63,80.47,52.38,80.71,36.47,60.02
2020-06-25,45.17,89.21,42.06,18.54,18.42,50.38,59.79,65.73,73.95,45.8,124.71,154.45,140.69,85.47,60.35,79.45,51.25,79.3,35.42,58.66
2020-06-26,43.62,86.46,40.35,17.69,17.44,48.76,59.06,63.98,74.64,45.3,122.39,149.04,136.5,85.5,59.87,78.93,50.92,78.0,34.71,56.3
2020-06-29,44.32,87.67,41.3,17.86,18.01,49.61,59.56,67.29,76.33,47.45,125.25,153.71,141.46,86.91,61.38,80.25,51.56,79.57,35.99,59.06
2020-06-30,44.72,89.23,42.02,18.3,18.39,49.5,60.04,71.99,77.21,47.57,126.5,157.15,142.8,87.48,62.03,79.89,51.85,79.64,36.29,58.62
2020-07-01,43.71,87.62,40.74,17.41,17.72,49.09,61.56,74.64,76.06,49.06,126.06,156.85,142.32,87.1,61.21,81.93,52.87,82.0,37.36,60.67
2020-07-02,44.08,88.31,41.78,17.78,17.98,49.88,61.6,80.58,78.56,48.86,127.72,157.9,143.22,88.24,61.65,81.84,52.79,82.52,37.48,60.47
2020-07-06,44.39,88.57,41.63,18.18,18.75,53.41,61.74,91.44,81.22,50.16,129.43,160.22,145.4,88.88,62.51,79.81,52.61,82.12,37.4,60.23
2020-07-07,43.24,86.31,40.64,17.15,18.18,53.16,61.68,92.66,78.0,50.64,127.2,158.7,143.17,87.4,60.82,80.82,52.72,82.39,37.0,58.88
2020-07-08,43.14,86.35,41.04,17.28,18.07,58.06,63.32,91.06,77.95,54.93,128.13,158.38,143.79,87.34,61.09,81.44,53.06,82.42,37.15,58.62
2020-07-09,41.36,82.74,38.35,16.28,17.13,57.2,63.0,92.95,75.75,55.8,125.73,157.65,139.62,85.64,59.47,79.74,51.94,82.02,36.62,58.15
2020-07-10,42.65,85.23,39.69,16.71,17.79,57.49,64.9,102.98,78.89,55.43,128.01,159.09,140.68,86.44,59.77,81.32,53.23,84.15,37.39,59.59
2020-07-13,42.66,85.4,39.66,16.16,17.38,56.21,64.06,99.8,81.56,52.32,130.57,163.83,141.71,87.43,60.83,81.42,53.18,84.76,37.47,60.09
2020-07-14,44.07,88.35,41.31,16.68,18.39,61.78,65.64,101.12,84.15,55.88,136.88,169.56,146.26,90.67,62.09,81.69,53.68,85.35,37.87,60.92
2020-07-15,44.63,88.89,41.62,17.18,18.9,60.98,64.75,103.07,86.6,57.95,138.36,172.39,150.05,93.4,63.63,80.43,53.02,84.68,38.05,61.58
2020-07-16,44.28,88.36,41.59,17.01,18.82,59.03,67.1,100.04,86.45,57.74,138.56,173.42,151.18,93.56,63.14,81.07,53.74,85.09,38.06,61.31
2020-07-17,43.52,87.19,39.96,16.28,18.62,61.0,68.85,100.06,88.46,59.31,136.9,176.51,153.08,94.57,63.53,82.4,54.58,87.51,39.4,62.41
2020-07-20,42.5,85.27,39.33,15.69,18.44,62.16,68.58,109.53,87.04,63.54,134.63,173.81,151.49,92.78,62.35,81.1,54.26,86.72,38.32,61.31
2020-07-21,44.65,91.39,41.66,17.41,19.56,60.74,69.08,104.56,87.18,61.1,135.87,175.65,152.84,93.56,63.79,82.33,54.87,87.56,38.73,62.64
2020-07-22,43.61,91.04,40.89,16.95,19.17,61.15,70.11,106.16,87.69,62.08,136.98,175.49,152.69,93.97,63.96,84.15,55.78,89.28,38.98,63.94
2020-07-23,43.7,91.01,40.46,16.82,19.3,62.5,70.24,100.87,87.93,61.67,136.6,176.73,151.82,93.83,64.01,83.99,55.56,88.71,38.64,63.67
2020-07-24,43.43,90.13,40.28,16.74,19.48,62.16,70.06,94.47,87.04,59.65,137.58,175.35,147.58,93.61,63.36,82.79,54.85,88.05,37.8,62.81
2020-07-27,44.07,91.04,39.77,16.7,19.68,62.26,69.41,102.64,85.78,62.22,139.89,176.0,148.89,95.23,63.41,81.29,54.26,83.26,37.58,61.49
2020-07-28,43.55,89.11,38.96,16.35,19.15,59.68,70.01,98.43,83.7,57.23,138.03,175.79,150.13,93.34,62.27,84.6,55.28,84.74,37.97,62.33
2020-07-29,44.03,90.07,39.94,17.03,19.43,60.11,70.36,99.94,83.83,59.12,140.53,180.25,152.66,96.89,63.74,84.97,55.39,84.8,38.56,62.51
2020-07-30,41.87,86.27,37.64,15.77,18.44,59.7,70.58,99.17,83.0,59.14,136.73,178.04,147.31,94.46,62.65,84.57,55.24,86.07,38.47,61.88
2020-07-31,42.08,83.94,37.39,15.74,18.14,59.55,70.18,95.38,82.46,60.36,132.88,176.31,147.52,93.13,62.01,84.74,54.61,86.88,38.61,62.23
2020-08-03,42.25,84.81,36.71,15.25,18.72,60.84,69.4,99.0,83.33,61.21,131.78,177.62,146.69,94.87,62.77,83.81,54.01,85.77,37.99,62.02
2020-08-04,43.47,86.49,37.64,15.74,19.23,64.04,71.26,99.13,85.33,68.95,131.52,178.11,145.5,94.65,61.93,84.69,54.44,85.54,38.75,62.51
2020-08-05,43.85,87.2,38.02,15.94,19.5,65.73,70.94,99.0,88.6,74.99,134.97,182.82,148.95,96.34,64.69,83.51,53.4,84.83,37.72,63.52
2020-08-06,43.64,87.47,38.05,15.45,19.32,64.46,70.7,99.31,83.34,71.37,134.39,181.26,150.69,96.51,65.12,84.21,53.89,85.37,37.9,64.1
2020-08-07,43.44,86.8,38.3,15.45,19.63,72.93,71.94,96.85,84.44,72.84,134.92,183.5,153.19,97.76,66.37,86.61,54.69,86.6,38.93,64.95
2020-08-10,44.51,89.73,39.64,16.48,20.22,72.5,70.91,94.57,87.22,71.84,142.02,189.91,157.45,99.76,68.17,84.76,55.07,85.94,38.31,66.78
2020-08-11,44.97,89.62,39.71,15.16,20.3,70.19,69.45,91.63,92.45,67.3,142.53,193.22,158.29,102.18,70.29,83.67,54.19,83.29,37.9,65.56
2020-08-12,44.09,90.72,41.66,14.92,20.36,73.53,71.15,103.65,91.02,71.19,142.57,192.31,158.09,102.55,71.79,84.32,54.86,84.15,38.71,67.09
2020-08-13,43.01,89.82,40.63,14.6,19.87,75.71,71.1,108.07,91.6,74.88,140.67,189.5,157.01,101.43,70.2,82.74,55.01,83.66,37.94,67.33
2020-08-14,43.2,90.35,40.82,14.64,20.07,74.31,70.13,110.05,92.39,73.16,139.96,191.13,158.29,100.89,69.73,82.15,53.56,82.95,37.93,65.94
2020-08-17,42.64,90.77,40.7,13.91,20.01,73.61,70.75,122.38,91.77,75.06,138.72,192.99,156.79,100.9,69.25,82.6,53.59,81.23,37.34,64.84
2020-08-18,42.43,87.63,40.33,13.95,19.77,74.41,70.76,125.81,92.2,75.16,138.37,192.13,155.43,100.71,68.36,81.66,53.05,81.55,37.07,64.68
2020-08-19,41.96,86.39,39.65,13.82,19.72,75.85,70.58,125.24,92.25,75.49,138.02,191.99,154.91,100.48,68.32,81.66,53.19,80.92,37.02,64.11
2020-08-20,41.32,84.81,38.77,13.4,18.77,73.66,70.53,133.46,91.05,73.09,137.48,191.1,154.23,99.47,67.66,81.04,52.25,79.41,36.31,63.11
2020-08-21,41.01,85.08,38.16,13.16,18.58,74.1,70.6,136.67,89.74,73.14,138.43,199.5,155.55,100.59,67.86,81.0,52.37,79.08,36.52,62.74
2020-08-24,42.22,87.2,38.87,13.62,19.55,76.52,70.66,134.28,91.98,73.36,141.68,205.4,157.4,102.88,69.65,81.47,52.86,80.78,26.88,63.69
2020-08-25,40.88,86.13,38.85,13.51,19.26,77.37,70.33,134.89,91.09,75.93,141.15,205.6,162.49,102.82,69.78,80.85,52.41,79.77,26.48,62.76
2020-08-26,40.01,84.78,37.56,12.96,18.67,78.19,69.75,143.54,91.9,75.24,141.83,211.01,163.26,102.4,70.27,79.55,51.72,78.61,26.58,61.17
2020-08-27,39.74,84.91,38.15,13.04,18.7,77.61,69.72,149.25,91.13,73.44,143.37,209.83,163.93,102.09,69.59,79.55,52.2,78.37,26.31,61.8
2020-08-28,40.69,85.63,38.38,13.13,19.42,80.0,69.89,147.56,92.32,76.04,143.63,209.9,166.29,103.51,70.65,79.71,52.42,78.35,26.41,61.16
2020-08-31,39.94,83.93,37.89,12.74,19.01,76.59,69.79,166.11,91.01,77.23,142.31,210.06,163.5,102.1,69.47,80.34,52.18,78.83,26.32,61.83
2020-09-01,39.43,83.08,37.16,12.48,18.63,78.42,69.28,158.35,97.39,78.71,146.05,217.69,165.89,103.43,70.13,79.21,51.81,77.82,25.91,61.12
2020-09-02,39.19,83.19,36.38,12.4,18.77,77.45,72.07,149.12,99.65,77.02,149.27,217.11,170.33,105.57,70.7,81.47,53.21,80.31,27.12,62.27
2020-09-03,39.11,82.28,35.99,12.59,19.12,72.5,70.15,135.67,93.18,67.8,146.76,210.81,164.24,102.15,68.74,81.14,52.6,79.56,26.59,61.36
2020-09-04,39.08,81.93,35.86,12.25,19.31,72.06,69.33,139.44,94.72,66.15,148.18,211.34,164.62,102.58,69.54,80.97,52.29,79.05,26.45,60.45
2020-09-08,38.18,78.97,34.06,11.06,18.38,69.37,69.48,110.07,93.14,65.05,148.52,210.24,162.23,100.48,67.76,80.73,52.85,78.98,25.97,59.55
2020-09-09,37.95,80.03,34.46,11.07,18.61,71.7,70.59,122.09,95.42,67.71,152.69,215.52,163.7,102.56,68.7,82.59,52.85,79.91,26.15,60.48
2020-09-10,37.0,78.15,32.92,10.19,17.71,69.89,69.23,123.78,93.5,66.1,149.86,215.11,162.23,101.0,67.51,82.0,51.56,78.52,25.56,59.06
2020-09-11,36.9,77.69,33.11,10.22,17.87,69.91,69.54,124.24,94.96,65.1,153.83,215.96,164.39,102.52,67.92,83.03,51.76,79.15,25.55,58.9
2020-09-14,36.66,77.29,33.52,10.17,18.03,71.46,70.48,139.87,98.17,69.49,153.51,218.33,166.38,103.18,68.19,84.38,52.86,80.34,25.86,59.58
2020-09-15,36.27,76.35,33.8,10.71,18.2,72.89,73.93,149.92,98.39,72.16,148.6,215.77,166.21,102.88,68.41,84.45,53.01,80.0,25.79,58.81
2020-09-16,37.81,78.56,35.08,11.64,19.18,71.96,70.09,147.25,97.8,72.83,151.11,215.4,167.89,104.39,68.68,84.84,53.29,80.46,25.86,60.42
2020-09-17,37.8,78.79,36.09,11.86,19.08,64.0,69.88,141.14,100.45,66.87,153.87,219.94,168.23,105.01,69.09,84.6,53.52,80.04,25.62,60.52
2020-09-18,37.19,78.21,35.87,11.65,18.73,61.75,69.23,147.38,97.96,68.27,152.39,221.97,166.61,103.4,67.85,82.95,52.81,78.78,25.01,59.99
2020-09-21,36.43,76.3,34.36,11.29,17.27,61.67,69.05,149.8,95.13,70.72,145.33,214.21,159.37,97.38,64.98,82.57,53.03,79.36,24.78,58.33
2020-09-22,35.53,75.53,34.3,11.08,17.33,61.55,69.51,141.41,95.24,72.23,147.15,217.58,160.66,99.31,65.23,82.69,53.12,79.85,25.11,59.52
2020-09-23,34.39,71.95,32.92,10.41,16.61,62.02,68.33,126.79,80.42,70.27,144.38,214.55,156.82,98.78,63.89,81.28,52.53,79.18,24.59,57.25
2020-09-24,34.32,71.8,33.6,10.64,16.62,61.3,69.39,129.26,83.31,69.41,145.14,216.52,156.79,99.65,64.39,81.67,53.05,80.49,24.82,57.87
2020-09-25,34.64,71.83,33.7,10.22,15.92,63.05,70.46,135.78,84.52,73.62,145.91,219.25,159.49,99.96,64.33,82.47,53.81,80.65,25.33,58.8
2020-09-28,35.31,73.93,33.71,10.34,16.45,65.37,71.04,140.4,84.84,78.14,147.68,221.9,162.6,102.34,65.52,82.87,53.71,80.65,25.49,58.35
2020-09-29,34.28,71.9,32.46,9.99,15.6,65.76,70.78,139.69,86.86,80.8,147.41,220.18,162.47,101.18,65.16,82.41,53.7,80.97,25.19,58.09
2020-09-30,34.33,72.0,32.84,10.01,15.56,66.2,69.39,143.0,89.28,82.59,149.15,221.63,162.57,102.03,65.57,88.56,54.22,81.73,25.5,59.18
2020-10-01,33.13,70.42,32.43,9.68,15.01,68.57,70.69,149.39,86.73,89.51,146.71,219.04,161.65,100.59,64.63,90.05,54.62,83.06,25.55,59.56
2020-10-02,32.98,71.19,33.07,9.87,15.57,67.24,70.29,138.36,89.29,90.43,149.94,224.79,163.56,102.65,65.54,91.58,56.26,85.3,25.63,60.25
2020-10-05,33.74,72.7,34.28,10.51,16.07,71.5,71.98,141.89,94.76,98.05,153.49,226.96,166.63,105.09,67.59,91.74,57.17,87.05,26.23,60.88
2020-10-06,33.39,72.3,33.3,10.13,15.67,73.44,72.57,137.99,93.74,98.57,151.53,226.12,164.82,104.44,67.28,90.77,57.83,88.43,26.5,61.12
2020-10-07,33.5,73.78,34.33,10.28,15.95,78.71,74.28,141.77,96.69,107.82,154.77,230.57,169.42,106.95,68.88,91.3,57.8,88.61,26.99,61.36
2020-10-08,35.26,75.22,35.53,11.18,16.43,77.12,75.26,141.97,96.95,105.5,156.66,234.24,171.63,107.48,69.28,93.15,58.71,89.38,28.04,63.35
2020-10-09,34.74,74.0,35.13,10.82,16.23,78.81,75.73,144.67,96.03,109.18,158.94,234.81,172.22,107.53,69.95,93.3,58.74,89.82,27.95,63.01
2020-10-12,34.63,74.51,35.59,10.81,16.12,79.31,76.42,147.43,94.94,104.43,162.61,236.52,173.19,108.21,69.58,93.11,58.86,90.48,28.51,63.39
2020-10-13,34.22,73.4,34.88,10.52,15.73,82.93,75.37,148.88,95.14,106.65,162.12,237.22,169.42,107.6,68.89,92.92,58.34,89.23,29.22,63.27
2020-10-14,34.15,72.95,34.53,10.45,15.95,83.72,75.16,153.77,94.59,108.97,163.61,238.47,171.32,108.19,69.38,92.67,58.0,89.34,29.26,63.55
2020-10-15,34.45,73.51,35.4,10.61,16.42,82.28,74.61,149.63,94.35,110.71,165.04,238.24,170.47,108.63,69.58,91.96,58.02,89.54,29.52,64.27
2020-10-16,34.1,72.89,33.77,10.09,14.97,84.18,76.4,146.56,93.42,110.84,168.75,240.06,172.69,109.26,70.28,92.37,58.35,91.52,30.01,64.06
2020-10-19,33.42,71.28,32.7,9.82,15.01,83.43,74.89,143.61,92.57,114.69,167.53,238.17,169.46,107.89,69.96,92.07,58.04,91.28,29.85,63.98
2020-10-20,33.7,71.68,32.58,10.07,15.49,84.3,75.25,140.65,93.56,116.14,168.99,238.87,171.11,108.74,70.0,92.06,58.6,90.68,30.23,64.84
2020-10-21,33.16,70.87,30.64,9.66,15.01,81.6,74.42,140.88,95.87,101.53,167.4,236.4,170.73,108.28,69.21,92.51,58.87,90.4,30.05,64.65
2020-10-22,34.86,73.4,31.91,10.17,15.3,82.65,75.57,141.93,94.96,103.46,169.66,236.88,174.66,109.88,69.76,93.89,60.56,92.2,30.11,66.14
2020-10-23,34.16,72.57,32.54,10.02,15.4,85.37,75.77,140.21,96.48,103.33,168.59,239.53,173.36,109.81,70.02,92.78,60.85,91.88,30.09,66.93
2020-10-26,33.35,70.94,30.32,9.46,15.17,83.75,75.66,140.09,94.48,103.67,163.2,234.25,168.06,107.42,67.73,93.18,60.61,93.59,29.73,65.66
2020-10-27,32.82,69.51,30.26,9.27,15.09,82.39,75.78,141.56,95.18,98.63,157.91,228.51,164.68,105.42,66.92,93.06,60.21,92.53,29.34,65.14
2020-10-28,31.57,66.88,28.79,8.88,14.18,93.31,74.46,135.34,90.78,102.81,151.16,223.37,159.16,102.31,64.99,90.98,58.36,90.32,28.22,63.05
2020-10-29,32.97,68.8,29.16,9.13,14.45,87.46,74.01,136.94,93.77,102.51,154.67,228.02,162.56,104.22,64.44,92.24,58.21,90.54,28.64,63.61
2020-10-30,32.62,69.5,28.62,9.13,14.94,87.04,73.21,129.35,93.21,98.09,157.05,225.91,162.91,103.79,64.79,92.11,57.45,89.93,28.44,62.68
2020-11-02,33.99,72.15,30.23,9.65,15.58,88.89,75.13,133.5,96.84,103.83,163.27,231.7,171.46,107.34,67.96,93.82,59.01,91.23,29.21,63.81
2020-11-03,33.41,71.74,29.31,9.69,15.76,87.24,76.02,141.3,97.62,104.75,167.69,239.96,176.99,111.25,70.4,95.52,59.86,90.89,30.28,64.55
2020-11-04,33.23,71.77,30.38,9.81,15.97,79.78,73.32,140.33,93.43,106.19,155.23,233.3,176.69,105.9,68.15,93.55,59.76,90.15,30.11,64.22
2020-11-05,33.17,72.14,30.12,10.47,15.52,86.9,74.75,146.03,105.5,120.26,163.09,246.02,181.01,109.81,70.47,94.22,60.17,90.71,30.71,63.51
2020-11-06,32.78,71.15,29.19,10.01,15.22,88.27,75.72,143.32,112.22,122.53,161.29,247.64,181.99,109.96,70.12,93.44,59.96,90.92,30.55,62.41
2020-11-09,36.93,79.4,33.38,12.23,18.25,86.11,75.51,140.42,116.73,117.08,170.82,248.87,194.55,113.5,76.29,95.4,62.32,90.26,30.89,65.19
2020-11-10,36.86,83.07,35.53,12.38,18.31,80.75,75.99,136.79,117.93,109.39,172.3,253.97,199.48,114.86,77.44,97.14,64.17,90.79,30.65,67.98
2020-11-11,36.48,82.46,35.28,11.9,17.71,84.2,77.54,139.04,118.57,120.43,169.46,249.35,196.82,114.07,74.9,97.31,63.92,91.15,31.26,66.82
2020-11-12,35.23,80.67,34.01,11.31,17.3,81.4,76.67,137.25,118.64,117.21,169.13,248.01,194.8,113.32,74.23,94.25,63.52,89.64,30.45,66.15
2020-11-13,36.08,83.03,35.36,11.8,18.0,79.95,77.19,136.17,122.48,116.59,171.71,251.79,199.04,114.45,75.81,94.98,63.9,89.87,30.58,67.28
2020-11-16,38.16,88.96,38.08,12.7,20.04,80.21,77.75,136.03,128.92,119.93,173.19,259.1,206.01,117.5,77.99,95.01,64.12,89.21,30.9,67.72
2020-11-17,38.67,87.04,38.85,12.99,20.09,81.48,76.61,147.2,127.95,125.12,171.91,258.21,202.79,116.07,76.39,92.92,62.36,86.73,30.71,67.03
2020-11-18,37.21,84.28,39.18,12.87,19.97,81.99,75.79,162.21,126.54,124.92,172.74,257.33,198.62,116.75,76.89,91.53,61.78,84.13,30.45,66.52
2020-11-19,37.4,85.73,39.47,13.36,20.46,84.06,75.13,166.42,125.8,128.89,172.9,255.59,200.21,118.12,77.24,91.7,61.07,82.45,30.2,65.12
2020-11-20,36.94,85.79,39.65,13.49,20.21,84.69,75.55,163.2,127.89,129.59,172.23,258.56,199.5,117.4,75.96,92.58,60.88,82.49,29.86,65.21
2020-11-23,39.36,91.03,42.71,15.76,21.61,86.92,74.57,173.95,134.06,134.43,174.78,261.11,202.04,120.26,77.81,93.33,60.45,83.41,29.64,65.52
2020-11-24,41.98,95.62,44.41,16.78,22.23,90.41,74.98,185.13,137.26,136.02,176.9,261.51,205.31,123.25,79.95,96.26,61.19,84.82,30.48,66.16
2020-11-25,40.81,92.14,43.63,16.72,22.1,92.45,75.97,191.33,134.73,139.07,174.63,256.43,205.11,122.19,78.26,96.15,60.89,85.37,30.11,65.98
2020-11-27,40.19,91.31,42.78,16.56,21.88,94.7,75.13,195.25,137.66,140.56,175.08,261.95,206.81,121.9,78.16,94.6,60.65,84.92,29.76,65.23
2020-11-30,38.13,87.18,39.56,15.76,20.79,93.43,73.59,189.2,135.97,136.57,173.59,261.62,201.39,121.11,76.82,92.66,59.85,84.89,29.29,63.74
2020-12-01,38.5,87.45,39.27,15.13,21.07,91.06,74.15,194.92,135.88,128.85,173.26,255.13,203.64,120.7,75.77,93.26,60.57,85.21,29.41,63.88
2020-12-02,39.94,89.87,39.97,15.89,21.64,90.49,74.31,189.61,135.25,127.93,173.87,259.0,205.42,118.92,75.9,93.87,61.88,85.87,29.64,65.72
2020-12-03,40.21,89.8,41.2,16.39,22.07,88.92,73.35,197.79,131.72,127.67,174.63,252.68,205.64,116.73,75.48,92.35,61.88,84.74,29.27,66.0
2020-12-04,41.68,93.28,44.27,18.59,23.45,89.26,72.52,199.68,139.22,130.46,182.21,253.39,210.04,118.82,80.1,91.15,61.52,83.39,29.19,64.08
2020-12-07,40.9,90.76,42.82,18.19,22.83,88.75,73.27,213.92,140.0,129.32,178.71,252.01,208.48,117.4,79.17,91.87,61.73,83.84,29.37,64.11
2020-12-08,42.24,91.54,42.68,19.13,23.23,89.89,73.68,216.63,143.95,134.74,178.84,252.6,209.44,117.86,81.34,91.51,61.0,83.49,29.46,64.65
2020-12-09,42.8,90.44,42.7,19.39,23.37,86.22,73.67,201.49,142.55,127.26,180.07,254.83,209.61,117.89,81.6,91.39,60.77,83.6,29.3,64.48
2020-12-10,44.01,93.35,44.0,21.31,23.38,86.54,73.28,209.02,141.43,131.21,178.85,253.45,209.34,115.15,81.36,91.76,60.5,82.48,29.38,64.36
2020-12-11,43.8,92.45,43.48,20.89,22.94,86.37,73.8,203.33,138.65,139.91,179.29,255.77,211.97,115.6,82.42,91.54,60.42,82.76,29.37,64.0
2020-12-14,42.22,89.44,42.32,19.17,22.18,86.59,73.55,213.28,134.57,145.07,178.05,252.72,209.22,113.84,80.41,91.13,59.66,82.21,29.28,64.02
2020-12-15,43.04,89.37,42.8,19.84,22.97,91.26,74.91,211.08,137.94,160.46,181.74,261.99,211.52,116.54,82.44,92.11,60.86,84.29,30.46,65.47
2020-12-16,43.7,88.69,42.32,19.45,22.84,91.77,74.44,207.59,135.78,163.31,179.5,261.12,207.7,115.37,81.28,90.61,60.43,82.83,30.26,64.56
2020-12-17,43.48,88.41,41.97,19.18,22.93,92.32,75.06,218.63,137.48,163.52,179.17,264.53,209.31,115.29,81.16,91.52,61.07,83.86,30.41,65.87
2020-12-18,42.73,87.19,40.98,18.52,22.31,93.59,74.51,231.67,138.9,164.41,180.96,270.7,207.44,116.08,80.9,90.32,60.14,83.29,30.36,65.35
2020-12-21,41.95,86.09,40.24,17.47,21.78,96.41,74.4,216.62,142.02,170.78,180.16,267.75,208.05,116.98,80.57,89.1,60.0,82.12,29.6,63.35
2020-12-22,41.24,84.36,39.03,16.92,21.36,105.16,74.71,213.45,146.27,177.27,176.58,269.26,205.36,116.61,79.33,89.53,59.72,81.4,29.78,63.13
2020-12-23,41.77,85.69,40.08,17.89,21.92,101.83,74.33,215.33,149.91,180.32,178.42,267.94,207.39,117.02,80.02,89.04,59.38,80.71,29.74,62.98
2020-12-24,41.6,85.33,39.49,17.67,21.64,102.4,74.98,220.59,149.64,181.39,179.56,269.21,206.93,118.07,79.98,89.67,59.8,81.42,29.83,62.95
2020-12-28,41.74,84.9,39.3,17.4,21.57,101.19,75.49,221.23,149.72,175.49,178.37,267.5,207.34,117.72,79.87,90.25,59.99,81.28,30.1,63.24
2020-12-29,41.27,84.61,39.07,17.24,21.38,96.98,75.33,222.0,146.22,170.2,176.65,265.34,206.54,117.16,79.24,89.86,60.07,81.18,29.83,63.2
2020-12-30,41.6,85.33,40.01,17.91,21.88,100.34,75.91,231.59,149.29,172.93,180.04,266.15,208.34,119.3,79.82,90.56,60.61,81.51,29.9,62.91
2020-12-31,41.22,84.45,39.99,17.31,21.83,98.92,77.15,235.22,147.52,175.47,182.02,269.05,210.06,120.14,80.37,91.56,61.43,83.27,30.11,63.7
2021-01-04,41.5,84.71,39.57,17.45,21.95,101.24,74.22,243.26,152.63,172.24,182.15,267.64,205.37,118.75,78.01,89.71,59.36,81.54,29.36,61.9
2021-01-05,43.5,87.0,41.84,19.21,23.13,92.16,74.77,245.04,162.93,181.48,183.64,274.28,205.88,120.01,79.36,89.75,59.75,81.43,29.31,61.7
2021-01-06,44.61,89.8,43.51,20.0,24.41,99.69,78.43,251.99,175.1,203.38,193.86,290.36,209.63,126.45,82.03,90.91,61.21,82.08,30.27,61.91
2021-01-07,44.96,90.22,44.7,20.57,24.88,105.5,79.29,272.01,184.0,213.76,194.23,299.73,209.98,129.09,82.07,89.89,61.14,79.89,29.97,59.95
2021-01-08,45.46,91.08,44.7,20.08,24.84,104.1,81.13,293.34,184.1,207.41,194.26,293.91,207.43,126.88,81.82,90.05,61.57,79.18,30.1,59.89
2021-01-11,46.84,91.6,45.36,20.08,24.99,103.76,79.69,270.4,177.29,201.68,193.86,294.92,205.78,126.96,82.62,89.29,61.21,78.78,29.85,59.2
2021-01-12,47.88,93.34,47.42,22.62,26.14,104.32,79.75,283.15,182.5,206.49,197.54,302.09,206.29,128.34,83.97,88.93,58.82,77.84,30.01,59.0
2021-01-13,48.42,93.25,47.03,22.33,25.46,104.18,81.84,284.8,179.92,203.69,195.89,301.22,204.45,125.41,82.64,91.56,59.71,78.15,30.52,60.58
2021-01-14,50.31,95.49,47.87,24.24,25.96,106.04,82.53,281.67,182.37,208.83,197.4,302.85,206.02,124.62,83.34,91.66,59.04,78.83,30.36,61.27
2021-01-15,47.89,92.09,45.12,22.39,24.91,96.58,82.04,275.39,180.14,190.59,194.62,295.4,203.42,123.17,82.75,92.11,59.66,80.47,30.92,61.08
2021-01-19,48.84,94.51,46.0,23.07,25.42,100.24,82.81,281.52,185.25,201.28,194.06,294.99,204.2,125.5,83.43,90.38,61.06,80.71,30.53,60.74
2021-01-20,49.53,95.38,45.36,23.02,25.35,101.75,84.05,283.48,180.19,199.4,192.34,300.94,205.5,125.98,84.39,90.78,60.65,80.75,30.7,61.44
2021-01-21,48.11,92.01,43.19,21.54,24.19,107.53,83.71,281.66,176.41,212.09,192.19,305.5,202.69,125.13,84.26,90.18,59.88,80.97,30.68,61.19
2021-01-22,47.43,91.73,42.69,21.49,24.41,106.67,84.21,282.21,173.71,212.07,191.94,305.17,199.74,124.43,83.73,90.29,60.14,82.08,30.33,60.73
2021-01-25,46.9,90.9,42.58,21.51,23.74,104.94,86.87,293.6,176.92,202.73,187.34,298.2,199.37,121.82,82.48,92.91,61.02,82.59,30.91,62.98
2021-01-26,45.87,89.36,41.68,20.38,22.74,104.69,85.23,294.36,175.38,187.34,187.21,296.01,198.57,120.74,81.89,92.92,59.69,81.82,30.55,62.3
2021-01-27,45.35,88.2,40.65,20.58,21.81,102.81,80.19,288.05,168.85,179.02,180.63,280.73,196.91,114.86,79.52,91.71,58.54,80.44,29.25,59.98
2021-01-28,46.06,89.02,41.11,20.95,22.64,105.1,82.46,278.48,166.37,193.74,184.34,292.96,200.33,118.29,81.08,91.48,59.04,80.56,29.98,62.34
2021-01-29,44.84,85.2,40.03,20.06,22.21,99.15,80.87,264.51,162.66,182.35,182.84,288.8,192.95,117.7,79.35,94.0,58.92,80.91,29.64,61.88
2021-02-01,44.92,86.41,40.71,20.39,22.16,98.31,81.7,279.94,166.37,186.34,184.72,292.21,193.14,121.54,80.82,93.16,59.11,81.18,30.01,62.47
2021-02-02,45.63,87.06,40.97,20.73,22.51,97.29,82.93,290.93,169.25,192.63,192.5,302.54,197.64,120.44,83.78,93.1,59.64,82.11,30.55,62.29
2021-02-03,47.42,88.96,43.21,22.02,24.18,98.94,83.05,284.9,161.88,196.34,191.45,301.14,196.67,119.54,83.68,93.39,59.45,81.28,30.29,61.66
2021-02-04,48.33,89.0,44.01,22.3,24.81,98.59,83.0,283.33,154.9,195.63,191.65,309.27,198.1,120.54,84.16,94.35,60.34,82.21,31.14,63.03
2021-02-05,49.95,89.26,44.42,22.56,25.01,97.4,83.6,284.08,157.17,193.2,193.0,309.24,200.41,121.94,86.11,94.74,60.88,82.19,31.15,63.12
2021-02-08,52.1,91.48,46.78,25.45,25.99,100.33,83.4,287.81,161.56,197.87,197.45,317.04,201.33,120.22,86.52,93.6,60.73,80.98,31.19,62.42
2021-02-09,50.63,90.96,46.88,24.65,26.0,101.85,83.83,283.15,158.69,200.1,197.28,315.33,199.52,119.83,85.9,93.32,60.64,79.84,31.07,62.67
2021-02-10,51.12,92.52,47.25,25.6,26.62,99.88,83.91,268.27,156.05,202.07,197.72,313.64,199.65,121.76,85.06,93.7,60.93,80.01,30.89,63.42
2021-02-11,49.84,92.02,46.44,24.98,26.37,99.59,83.95,270.55,159.85,199.08,198.35,314.46,199.67,123.53,85.16,90.42,61.29,78.95,30.48,62.9
2021-02-12,50.52,92.55,47.16,25.39,26.77,100.75,83.13,272.04,164.64,206.51,197.99,313.0,201.05,123.98,85.33,89.82,60.1,78.61,30.1,62.25
2021-02-16,52.04,93.13,48.85,26.46,26.81,98.71,81.19,265.41,162.2,193.5,202.38,317.09,200.92,125.0,85.07,88.38,59.3,78.19,29.93,62.34
2021-02-17,52.85,95.92,49.36,26.73,26.87,95.84,80.68,266.05,157.47,189.34,202.3,312.08,199.4,125.03,84.87,89.2,59.27,78.49,30.07,62.3
2021-02-18,52.02,95.0,47.69,25.28,25.58,91.38,80.73,262.46,141.46,180.84,199.92,300.25,201.0,125.19,84.38,89.53,59.85,80.48,30.45,62.13
2021-02-19,52.37,95.8,48.42,25.42,26.12,90.96,78.1,260.43,156.17,189.74,209.91,330.0,201.04,127.8,85.45,88.43,59.31,79.08,29.51,62.28
2021-02-22,54.3,98.39,50.88,26.47,27.54,86.61,75.1,238.17,156.49,167.86,218.06,337.51,201.1,130.85,86.17,88.35,59.29,76.77,28.95,61.33
2021-02-23,55.05,99.63,52.1,26.06,27.74,86.97,74.71,232.95,154.62,170.89,220.18,337.41,202.5,130.86,86.8,89.04,58.92,78.09,29.09,61.78
2021-02-24,56.7,103.31,54.67,28.16,29.41,88.03,73.76,247.34,160.9,180.87,222.47,345.66,208.41,132.68,88.97,87.34,58.38,77.1,28.66,61.28
2021-02-25,55.76,102.35,53.03,26.75,28.51,81.4,74.06,227.41,153.48,167.37,221.82,348.03,202.25,130.16,87.33,87.12,57.76,76.3,27.75,59.54
2021-02-26,54.37,100.0,52.01,26.61,27.91,81.02,73.48,225.17,157.21,176.06,215.88,349.12,199.84,130.19,85.9,85.59,56.72,74.85,27.52,57.99
2021-03-01,56.4,102.05,52.61,27.64,28.72,84.89,75.91,239.48,152.95,186.45,219.76,359.51,203.66,134.24,88.44,87.04,57.78,76.71,28.03,58.95
2021-03-02,56.07,102.44,52.28,27.82,28.14,83.19,75.54,228.81,153.72,171.69,215.82,351.44,204.02,133.97,87.63,87.24,57.83,76.45,28.03,58.56
2021-03-03,56.52,103.59,53.66,28.66,28.37,78.88,72.52,217.73,147.0,161.12,214.91,343.06,204.44,135.53,88.53,87.27,57.59,76.32,28.19,58.48
2021-03-04,58.71,104.5,55.62,29.9,28.58,75.36,71.29,207.15,141.51,149.88,212.77,337.95,200.43,134.45,88.49,86.46,57.41,77.25,28.36,58.49
2021-03-05,60.93,109.0,58.34,31.23,29.07,73.7,70.7,199.32,143.88,143.55,220.16,349.83,204.02,137.39,91.04,88.53,58.35,78.9,28.27,59.59
2021-03-08,60.87,109.75,58.78,29.77,29.71,71.45,70.86,187.67,140.69,132.06,221.58,353.7,205.13,139.44,92.13,90.22,59.61,80.49,29.01,61.45
2021-03-09,59.93,109.5,57.9,28.65,29.35,76.67,74.02,224.53,145.77,148.7,216.8,352.69,205.04,136.25,90.0,90.95,59.41,80.6,29.61,61.72
2021-03-10,61.77,111.37,59.42,29.36,29.95,75.72,74.46,222.69,152.3,152.43,221.06,361.22,210.27,139.25,91.72,90.79,59.78,81.2,29.85,63.24
2021-03-11,61.31,111.19,59.83,30.98,29.4,81.02,74.86,233.2,161.27,165.34,219.76,364.46,209.87,139.21,91.31,90.69,59.28,80.0,29.97,63.45
2021-03-12,61.97,111.56,59.19,30.63,29.01,81.95,75.67,231.24,157.28,164.71,229.0,369.49,211.72,140.77,92.2,91.4,59.84,81.04,30.37,64.38
2021-03-15,60.39,110.25,58.16,29.3,29.12,82.53,75.52,235.98,158.83,174.16,230.74,374.37,213.52,139.55,90.92,92.33,60.98,82.28,30.92,66.0
2021-03-16,59.11,107.64,56.58,28.17,28.06,82.46,75.38,225.63,155.36,166.31,226.46,373.52,209.19,136.83,89.06,93.02,61.25,83.5,30.92,65.61
2021-03-17,59.37,108.03,56.83,29.04,28.31,80.14,72.96,233.94,155.91,163.82,233.63,379.26,210.39,138.0,90.52,91.85,60.7,82.12,30.64,64.75
2021-03-18,56.81,104.12,53.38,26.62,27.25,77.61,71.13,217.72,152.52,148.48,230.68,380.41,212.36,136.96,89.46,92.33,60.4,82.6,30.45,64.81
2021-03-19,56.49,103.38,52.6,28.1,27.05,79.97,70.84,218.29,151.5,154.95,225.29,372.48,210.27,133.26,88.49,92.72,59.7,83.67,30.64,64.31
2021-03-22,55.91,102.54,52.24,27.46,27.65,81.83,71.69,223.33,152.15,161.11,226.02,371.59,209.5,134.86,89.35,93.12,59.69,83.63,30.51,64.05
2021-03-23,55.22,101.97,51.71,26.59,26.67,80.52,74.02,220.72,146.47,155.97,218.25,357.49,206.01,132.93,87.22,94.02,60.63,84.64,30.52,64.76
2021-03-24,56.34,104.7,53.21,27.06,27.42,80.72,72.83,210.09,146.63,147.98,221.23,360.91,209.59,134.45,88.06,94.39,60.69,84.99,30.61,64.48
2021-03-25,56.18,105.07,53.57,26.7,27.4,80.73,73.45,213.46,148.93,148.48,224.25,366.8,211.23,135.82,89.19,95.53,61.38,84.72,30.93,65.49
2021-03-26,57.71,107.48,55.04,27.76,28.31,85.69,74.06,206.24,150.4,152.07,229.5,372.29,215.82,138.69,91.57,95.83,61.66,84.99,31.04,66.07
2021-03-29,57.4,106.92,53.84,27.0,27.7,81.61,74.8,203.76,146.41,142.14,230.22,367.97,216.17,138.55,91.23,97.58,62.32,85.84,31.2,66.09
2021-03-30,56.69,105.93,53.43,27.33,27.22,86.53,74.22,211.87,145.39,150.6,233.08,373.92,215.39,139.66,91.14,96.24,61.54,84.73,31.02,65.78
2021-03-31,55.83,104.79,52.97,26.62,27.19,87.3,75.61,222.64,146.11,162.16,231.87,374.14,214.38,138.28,90.22,96.53,62.16,84.7,31.19,66.29
2021-04-01,57.39,105.75,54.02,27.38,28.1,86.15,75.77,220.58,150.74,162.69,232.74,372.12,214.11,139.49,90.41,96.28,62.33,85.54,31.31,65.9
2021-04-05,56.5,104.51,52.21,25.31,27.55,83.12,76.78,230.35,150.22,149.42,233.71,374.81,216.55,142.36,91.61,96.93,62.66,86.29,31.72,66.92
2021-04-06,56.34,103.58,52.58,25.35,27.44,84.21,77.56,230.54,152.89,157.92,230.64,375.61,216.47,141.12,91.47,97.57,63.11,86.77,31.77,67.12
2021-04-07,56.59,104.19,52.38,25.3,27.35,81.0,77.41,223.66,143.7,150.01,230.41,374.79,215.79,140.38,91.09,97.82,62.8,86.69,32.05,66.76
2021-04-08,56.0,103.02,51.24,24.73,27.06,81.19,77.76,227.93,146.17,153.13,230.48,374.07,217.14,139.9,91.04,97.62,62.86,86.07,32.02,66.58
2021-04-09,55.87,102.92,51.23,24.59,26.76,79.61,77.94,225.67,147.32,151.35,230.75,377.0,224.17,140.45,91.94,97.54,62.73,85.89,31.97,67.14
2021-04-12,55.5,101.78,50.86,24.23,26.54,78.75,77.64,233.99,147.71,151.87,230.93,378.26,225.77,141.29,92.01,97.64,62.89,86.0,31.9,66.64
2021-04-13,55.71,102.24,50.79,24.29,26.04,78.99,79.04,254.11,148.58,153.09,229.35,378.67,226.16,139.8,90.63,98.5,63.56,86.72,32.21,67.52
2021-04-14,57.32,104.27,52.69,25.55,27.31,78.57,79.13,244.08,152.93,151.91,232.58,381.5,226.54,140.24,91.54,98.79,63.89,87.07,32.41,67.72
2021-04-15,56.98,103.42,51.9,24.86,26.66,77.17,80.18,246.28,150.51,145.79,232.52,382.14,226.99,140.8,91.72,99.75,64.49,87.81,32.64,68.81
2021-04-16,56.66,102.96,51.09,24.38,26.29,80.14,80.94,246.59,152.03,150.01,233.36,383.07,229.23,141.15,92.2,100.67,65.01,88.55,32.92,69.07
2021-04-19,56.48,103.26,50.89,24.54,26.53,80.21,79.79,238.21,157.5,141.14,232.39,380.72,228.11,140.78,91.79,100.2,64.92,88.65,32.44,69.12
2021-04-20,55.29,101.33,48.65,23.2,25.25,79.36,80.53,239.66,148.52,147.0,227.63,370.27,224.51,138.46,90.83,101.41,66.09,90.14,32.66,69.93
2021-04-21,56.0,102.73,50.04,24.45,25.73,83.65,77.97,248.04,153.05,155.08,232.46,375.6,227.64,141.51,92.11,101.09,65.73,89.35,32.57,69.3
2021-04-22,55.27,100.95,49.46,24.1,25.25,87.15,78.32,239.9,155.8,160.88,228.89,368.36,226.42,141.4,91.52,100.08,65.1,87.95,32.15,68.72
2021-04-23,55.57,101.55,49.72,24.65,25.71,88.56,78.24,243.13,161.23,166.97,230.11,376.27,221.72,142.97,92.46,99.85,65.33,87.7,32.02,68.53
2021-04-26,55.68,101.52,50.25,24.9,26.37,89.79,77.93,246.07,170.57,172.65,230.56,380.45,218.77,143.37,92.13,99.2,64.66,87.6,31.84,68.25
2021-04-27,56.41,102.7,51.3,25.09,26.18,89.69,77.28,234.91,169.75,171.1,230.34,382.36,220.17,144.59,92.16,98.61,64.33,87.2,31.76,67.47
2021-04-28,58.11,105.22,53.04,26.1,27.36,88.7,77.09,231.47,169.4,146.91,232.3,379.8,220.11,144.53,92.08,98.57,64.34,86.73,31.81,67.46
2021-04-29,58.94,106.9,53.13,25.94,27.82,87.29,77.22,225.67,167.62,143.4,227.47,376.39,221.13,145.02,92.79,99.55,65.16,88.09,32.01,68.06
2021-04-30,57.24,103.07,51.14,25.36,27.05,76.53,77.51,236.48,168.17,139.25,228.11,370.85,220.28,142.93,90.49,100.69,66.17,88.71,32.05,68.78
2021-05-03,58.82,105.53,52.74,26.14,28.22,75.77,76.7,228.3,165.99,136.41,228.17,373.77,220.43,144.36,90.93,100.71,66.05,88.68,32.01,69.03
2021-05-04,59.19,106.11,52.57,25.86,28.39,73.82,75.69,224.53,162.11,127.83,233.41,379.58,222.64,144.67,91.11,100.78,66.42,88.38,31.93,68.99
2021-05-05,60.97,108.96,55.44,27.05,30.34,74.39,73.78,223.65,167.15,126.88,237.88,378.86,223.39,145.48,90.89,99.36,65.45,87.47,31.04,67.74
2021-05-06,61.55,109.02,55.7,26.65,30.73,73.63,74.01,221.18,152.85,121.94,237.07,389.91,225.83,146.44,93.72,100.54,66.05,88.12,31.72,68.31
2021-05-07,62.43,110.02,57.1,27.39,31.89,74.62,74.53,224.12,162.72,122.96,240.99,394.22,225.95,147.52,95.05,100.86,66.26,87.19,31.86,68.91
2021-05-10,62.58,109.57,57.0,26.63,31.63,72.19,74.8,209.68,159.48,118.12,242.61,391.4,228.08,147.42,95.38,103.74,66.31,87.56,31.75,69.51
2021-05-11,60.59,106.7,55.72,24.53,31.26,71.89,74.07,205.73,160.5,121.42,239.3,383.2,226.32,145.76,95.26,103.63,65.8,86.41,31.69,69.27
2021-05-12,60.04,107.37,55.69,25.12,32.1,69.73,71.54,196.63,154.6,117.17,237.32,373.63,217.31,143.69,93.35,101.22,64.36,84.98,30.74,67.61
2021-05-13,59.3,106.68,54.24,23.71,31.76,69.57,72.63,190.56,157.69,114.61,240.07,378.11,220.91,145.8,94.71,103.0,65.73,86.52,31.67,68.86
2021-05-14,60.77,109.47,56.52,25.1,32.81,72.58,73.12,196.58,163.81,119.78,242.23,384.0,224.54,148.16,95.84,103.06,65.11,86.76,32.15,69.06
2021-05-17,62.19,110.81,58.3,26.39,34.05,71.55,71.9,192.28,157.79,118.42,244.79,383.55,223.66,147.43,95.52,102.45,64.44,85.45,32.15,68.77
2021-05-18,60.43,106.18,57.29,25.87,33.07,72.39,72.29,192.62,159.35,122.51,239.47,369.69,219.56,144.33,94.22,102.49,64.16,85.75,32.55,68.67
2021-05-19,58.98,103.2,55.58,25.07,32.0,74.24,72.66,187.82,156.98,130.67,236.87,358.42,218.58,142.76,93.32,101.16,63.98,85.92,32.47,67.97
2021-05-20,58.84,103.56,55.39,24.95,31.77,76.64,74.29,195.59,157.99,141.82,234.99,355.22,219.38,143.63,93.44,102.27,64.06,86.26,32.62,67.87
2021-05-21,58.92,104.12,55.65,25.12,31.95,75.93,74.44,193.63,159.58,142.28,237.24,359.75,220.43,143.43,93.65,102.86,64.38,86.65,32.69,68.48
2021-05-24,59.61,105.6,56.1,25.44,31.7,75.38,74.03,202.15,159.59,140.87,239.05,359.36,222.21,143.64,94.01,102.31,64.42,86.57,32.82,68.88
2021-05-25,58.26,103.87,54.88,24.62,31.24,74.8,73.37,201.56,158.02,138.53,237.17,360.69,221.26,142.81,93.41,101.31,64.08,85.93,32.02,67.72
2021-05-26,58.94,104.12,55.42,25.29,31.55,77.53,73.47,206.38,162.2,143.04,237.71,357.74,221.49,142.98,93.31,101.11,63.72,85.75,32.21,68.52
2021-05-27,58.56,103.01,55.53,26.07,31.34,76.93,73.0,210.28,168.56,142.31,241.28,362.21,228.4,144.59,95.45,100.01,63.66,85.55,31.8,67.65
2021-05-28,58.37,103.79,55.74,25.96,31.33,76.11,73.22,208.41,167.08,143.05,241.08,361.1,228.05,145.25,95.69,100.22,63.92,86.0,32.17,67.75
2021-06-01,60.46,106.65,58.27,28.47,32.93,76.88,72.12,207.97,171.43,139.44,242.76,364.61,230.06,146.29,97.1,100.08,63.43,85.1,32.19,67.97
2021-06-02,60.94,108.08,58.99,29.23,35.46,76.96,72.71,201.71,170.36,139.17,243.46,356.71,227.88,145.97,97.48,100.68,63.9,85.65,32.23,67.92
2021-06-03,61.18,107.59,59.47,29.28,36.52,75.37,72.37,190.95,168.17,134.13,243.84,358.91,226.36,146.42,97.5,101.67,64.46,85.96,32.64,68.5
2021-06-04,61.45,108.45,59.85,29.14,36.42,75.84,72.34,199.68,173.54,134.7,244.02,356.64,227.2,148.51,98.21,101.48,64.35,86.03,32.52,68.21
2021-06-07,61.05,107.75,59.81,29.16,35.83,75.01,72.47,201.71,170.78,137.47,239.76,355.43,225.36,146.85,97.87,101.86,64.67,85.67,32.7,68.05
2021-06-08,62.13,108.73,60.47,29.19,35.9,75.96,72.14,201.2,176.01,139.15,240.16,356.58,226.96,147.12,98.51,100.59,63.44,82.97,32.62,67.72
2021-06-09,62.65,107.78,59.68,28.35,35.76,76.81,72.45,199.59,174.37,136.97,234.65,349.53,224.99,146.41,97.9,101.39,63.63,84.45,33.06,69.72
2021-06-10,62.75,108.41,60.17,28.33,34.94,80.4,73.51,203.37,167.78,143.5,225.73,341.44,223.45,146.82,97.59,101.71,63.88,84.73,33.31,69.84
2021-06-11,62.17,107.91,59.97,28.33,34.89,79.59,73.49,203.3,170.18,147.13,220.7,341.57,222.39,146.63,97.03,101.93,63.85,84.76,33.45,71.12
2021-06-14,62.07,107.97,60.31,28.28,34.05,78.61,73.31,205.9,168.34,147.65,219.01,335.54,220.4,146.0,97.38,102.53,63.79,85.13,33.59,71.62
2021-06-15,64.33,110.3,61.17,29.2,34.19,76.17,73.43,199.79,166.03,144.92,219.46,338.1,219.74,147.85,98.61,103.22,64.32,85.24,33.59,72.03
2021-06-16,64.1,109.67,61.13,30.54,34.04,77.4,73.3,201.62,165.28,152.02,217.16,336.56,216.28,146.37,98.24,101.81,62.98,84.4,32.94,70.58
2021-06-17,61.99,107.07,59.01,28.22,32.47,78.53,74.58,205.53,163.87,161.99,209.45,328.38,213.61,142.62,94.02,102.42,63.35,84.39,32.8,70.29
2021-06-18,60.4,103.03,57.53,27.99,31.29,76.97,73.28,207.77,157.97,165.85,208.86,328.97,209.87,139.26,92.27,99.61,61.45,82.35,31.77,68.89
2021-06-21,62.59,106.05,60.45,29.5,33.12,78.19,74.33,206.94,161.41,163.08,213.21,337.88,213.32,143.04,94.93,101.31,62.5,83.19,31.88,69.23
2021-06-22,63.79,106.4,60.79,30.01,33.02,78.38,74.11,207.9,161.58,167.3,213.13,342.1,212.82,142.83,94.78,100.4,62.08,83.26,31.61,68.47
2021-06-23,64.26,106.27,60.76,30.96,32.88,80.19,73.35,218.86,163.67,170.24,213.79,347.75,212.0,144.41,94.5,99.23,61.47,82.65,31.48,67.78
2021-06-24,64.52,107.14,61.39,31.74,33.26,84.51,72.88,226.61,165.97,170.77,219.34,350.62,214.99,145.65,95.35,99.07,60.98,82.85,31.55,67.78
2021-06-25,64.66,107.3,61.31,32.91,33.35,87.87,73.86,223.96,166.77,175.39,216.31,349.99,216.03,146.69,96.0,99.72,61.53,84.77,31.82,68.73
2021-06-28,63.01,103.99,59.59,31.24,32.02,92.71,75.15,229.57,169.05,188.33,216.27,349.89,214.1,146.5,95.03,100.01,61.49,84.9,32.0,68.64
2021-06-29,62.62,103.76,59.05,31.3,31.88,92.67,74.08,226.92,167.54,185.71,215.1,348.93,213.27,146.49,94.69,98.12,60.46,83.93,31.77,66.86
2021-06-30,63.08,104.74,60.9,31.27,32.01,90.51,73.28,226.57,168.46,183.63,217.63,352.71,216.63,148.18,96.24,98.72,60.51,84.59,31.6,66.24
2021-07-01,63.26,106.21,62.88,32.86,33.07,90.17,74.19,225.97,172.03,183.11,216.71,354.29,217.89,150.17,96.92,99.55,61.48,85.26,32.07,67.05
2021-07-02,63.17,106.07,62.75,32.58,32.79,90.82,74.28,226.3,170.65,186.41,217.76,352.5,218.58,151.4,97.44,99.51,61.53,85.2,32.18,67.39
2021-07-06,61.37,103.99,60.28,30.51,31.17,91.19,75.13,219.86,168.56,188.81,213.52,349.45,215.85,149.7,95.7,99.83,61.64,85.24,32.0,66.69
2021-07-07,60.41,102.93,59.01,29.48,30.68,91.27,75.33,214.88,170.04,181.83,214.69,351.88,218.0,152.18,97.07,100.37,61.69,85.62,32.18,66.72
2021-07-08,60.14,102.6,59.21,29.66,30.53,89.91,75.13,217.6,167.91,179.72,212.11,343.58,216.6,150.57,96.03,100.56,61.55,85.31,32.04,65.97
2021-07-09,61.23,104.07,60.13,30.24,31.19,92.54,74.99,218.98,175.51,183.8,217.42,349.48,221.56,153.56,97.61,100.66,61.47,85.39,32.02,66.43
2021-07-12,61.17,104.28,59.8,29.99,31.22,94.29,75.09,228.57,187.49,185.72,218.58,354.28,222.23,155.07,98.61,101.53,61.8,85.41,32.29,66.72
2021-07-13,60.88,103.93,59.46,30.08,30.61,92.79,74.86,222.85,184.86,184.06,215.19,350.77,221.3,154.04,97.8,101.53,61.34,85.24,31.94,66.06
2021-07-14,59.53,101.97,57.67,27.83,29.55,90.04,75.7,217.79,182.52,170.79,211.64,345.57,224.95,153.4,98.06,102.7,61.89,86.18,32.19,66.08
2021-07-15,58.95,101.3,57.08,27.23,28.73,85.6,76.82,216.87,185.83,165.29,211.41,346.1,229.92,153.87,98.52,103.94,62.67,87.18,32.61,66.28
2021-07-16,57.32,98.62,55.5,25.94,27.87,83.49,77.92,214.74,180.66,163.45,207.95,342.49,227.48,152.74,97.26,104.76,63.11,87.49,32.79,67.1
2021-07-19,55.35,95.96,53.7,24.82,26.65,83.05,76.99,215.41,178.08,165.28,203.08,334.95,217.93,149.19,93.81,103.89,62.79,85.77,32.32,64.91
2021-07-20,55.96,96.53,54.47,25.37,27.24,82.68,77.17,220.17,187.25,172.09,207.96,348.03,226.81,154.09,97.13,103.74,62.95,85.74,32.84,65.96
2021-07-21,57.76,99.82,57.02,27.18,28.43,85.19,75.88,218.43,190.22,179.79,210.73,353.0,228.98,155.63,98.27,103.16,62.82,84.72,32.69,65.15
2021-07-22,57.11,98.82,56.67,27.01,27.98,83.68,76.12,216.42,192.76,178.94,209.16,351.33,229.86,156.05,97.44,102.92,62.98,84.88,32.81,64.56
2021-07-23,57.04,98.86,55.34,26.58,28.41,82.95,77.2,214.46,190.35,178.18,209.53,354.7,226.48,156.73,98.48,104.47,63.86,85.98,33.17,65.36
2021-07-26,58.48,100.95,56.87,27.12,29.46,81.35,76.91,219.21,194.84,176.68,211.03,355.46,226.41,156.03,98.34,104.58,63.73,87.68,33.09,65.35
2021-07-27,57.83,100.61,56.33,26.26,29.18,81.36,77.86,214.93,188.99,172.86,209.9,353.52,227.51,156.14,98.34,106.36,64.54,89.39,33.69,66.31
2021-07-28,58.22,101.18,56.72,26.9,29.32,83.48,77.85,215.66,194.54,181.42,211.44,353.56,227.63,155.46,98.36,105.65,63.99,88.99,33.5,66.39
2021-07-29,58.93,102.57,57.08,26.78,29.64,83.74,78.16,225.78,202.82,182.06,212.56,359.8,229.99,157.71,100.0,105.68,64.46,89.14,33.74,66.22
2021-07-30,57.57,101.81,56.06,26.1,28.83,86.04,77.9,229.07,206.04,189.6,206.75,361.59,230.89,158.05,100.89,105.11,63.87,88.12,33.37,65.33
2021-08-02,57.58,101.63,55.38,25.79,28.5,88.27,78.81,236.56,206.9,183.11,205.16,355.95,229.54,156.49,99.72,106.19,64.08,88.34,33.54,65.62
2021-08-03,58.2,102.6,56.64,26.43,28.9,92.34,79.42,236.58,206.98,192.62,208.5,365.86,229.77,162.81,101.16,106.61,64.13,89.09,33.79,65.99
2021-08-04,56.84,100.3,54.93,25.69,27.63,92.21,79.87,236.97,206.84,193.93,204.52,360.67,226.74,161.83,100.2,106.73,64.03,88.83,33.35,65.43
2021-08-05,57.2,101.23,55.95,26.19,27.92,91.62,80.49,238.21,218.62,183.45,207.19,364.32,227.03,161.92,101.06,107.93,64.78,89.66,33.99,66.47
2021-08-06,57.86,101.95,56.5,26.39,28.42,93.15,80.61,233.03,226.71,179.74,208.35,366.88,226.83,162.89,101.44,106.96,64.7,89.34,33.94,66.17
2021-08-09,57.2,100.25,55.45,25.61,27.99,94.71,80.56,237.92,231.38,185.56,208.89,369.32,225.4,163.29,101.16,106.15,64.85,88.76,33.82,65.63
2021-08-10,58.18,102.08,56.48,26.26,28.42,95.75,80.53,236.66,239.03,184.09,214.07,376.62,229.01,167.35,103.07,106.9,65.21,88.75,33.92,65.88
2021-08-11,58.35,102.85,57.19,26.84,28.98,95.91,82.37,235.94,235.99,182.29,221.66,386.08,231.28,166.91,104.28,107.14,65.63,89.17,34.37,66.0
2021-08-12,57.35,102.64,57.04,26.87,28.55,96.94,83.0,240.75,236.54,181.29,220.24,385.62,229.07,167.17,104.11,105.69,65.72,88.95,34.25,66.21
2021-08-13,56.77,101.96,55.97,25.79,28.35,96.6,83.45,239.06,235.22,175.0,218.57,384.0,228.89,167.62,103.74,106.0,65.53,89.69,34.48,66.89
2021-08-16,55.94,100.92,54.81,24.79,27.78,96.83,83.95,228.72,225.9,167.54,217.71,383.03,230.84,168.51,103.64,107.81,66.38,90.3,34.64,66.78
2021-08-17,55.56,100.73,54.52,24.08,27.19,93.51,83.96,221.9,216.45,163.48,213.44,376.33,228.58,166.9,102.71,107.71,66.45,90.54,34.48,66.94
2021-08-18,54.39,96.7,53.53,23.45,26.81,93.65,84.42,229.66,217.73,162.47,209.81,371.61,225.59,166.44,101.63,107.05,66.01,89.75,34.38,66.3
2021-08-19,52.73,94.29,52.44,22.09,26.44,92.99,84.55,224.49,213.35,162.89,204.45,358.98,224.91,166.94,101.23,106.88,66.38,90.4,34.79,65.98
2021-08-20,52.74,94.3,52.77,21.95,26.46,94.54,86.28,226.75,219.68,165.99,204.94,351.43,224.88,167.46,101.7,107.21,67.32,91.08,35.2,66.68
2021-08-23,54.91,96.73,54.79,23.47,27.49,96.04,84.4,235.43,227.94,172.24,209.14,362.8,226.27,168.84,102.6,105.83,66.67,90.12,34.98,65.94
2021-08-24,55.36,97.84,55.41,24.38,28.22,94.47,84.14,236.16,229.2,172.92,212.59,367.98,227.58,169.39,103.42,105.15,65.73,89.23,34.88,65.48
2021-08-25,55.46,98.51,56.02,24.63,28.45,93.63,84.53,237.07,234.17,172.91,214.76,376.37,227.8,170.21,104.2,105.38,65.87,89.33,34.86,65.8
2021-08-26,54.71,97.22,55.13,24.0,28.13,93.68,83.81,233.72,230.7,172.43,211.24,379.81,228.02,169.36,104.14,104.85,66.14,89.25,34.78,65.89
2021-08-27,55.77,98.64,56.74,25.66,29.08,94.44,83.41,237.31,236.65,174.99,212.83,379.49,228.28,170.03,104.77,104.67,65.99,89.29,35.0,65.93
2021-08-30,55.16,98.39,56.2,25.25,28.28,95.69,83.95,243.64,236.98,177.78,211.45,381.0,229.0,170.21,105.27,104.79,65.75,89.62,35.12,65.91
2021-08-31,54.52,96.77,55.53,25.69,28.04,94.0,83.99,245.24,236.74,173.73,210.87,378.03,229.04,168.36,105.5,104.66,65.73,89.57,34.95,66.18
2021-09-01,53.77,95.71,54.65,25.08,27.98,94.06,85.34,244.7,239.2,176.43,207.96,376.71,226.95,166.75,104.05,106.12,66.48,90.5,35.37,66.8
2021-09-02,55.08,97.71,56.6,26.58,28.61,94.87,86.48,244.13,244.03,176.89,211.78,384.95,228.11,168.13,105.7,106.65,66.85,90.93,35.72,67.33
2021-09-03,54.87,97.49,56.24,25.92,28.09,94.06,85.69,244.52,241.86,173.94,210.37,389.34,225.53,166.38,105.38,105.68,66.27,90.41,35.52,66.7
2021-09-07,54.55,97.06,55.98,25.66,27.83,94.48,85.03,250.97,238.78,168.73,208.23,371.74,220.17,163.7,103.67,103.2,66.19,88.91,35.3,66.11
2021-09-08,54.05,96.39,55.28,24.91,26.66,95.43,86.44,251.29,239.28,163.38,206.77,370.23,221.62,163.36,103.1,105.33,67.31,90.68,35.91,67.0
2021-09-09,54.09,96.0,55.58,25.07,26.62,98.89,85.84,251.62,243.41,161.36,205.42,364.84,220.17,161.53,100.08,104.62,67.18,90.4,35.82,66.91
2021-09-10,53.98,96.07,55.73,24.98,26.78,99.41,84.93,245.42,241.17,158.22,205.01,363.07,219.61,160.39,100.09,103.2,66.21,88.83,35.59,66.25
2021-09-13,55.37,97.97,57.59,26.65,28.11,106.17,84.58,247.67,229.13,160.09,206.2,361.52,220.83,158.27,99.16,102.73,66.33,88.32,36.05,67.0
2021-09-14,54.58,96.2,56.94,26.28,27.67,105.16,84.64,248.16,230.47,157.95,202.33,355.98,217.46,156.3,97.65,101.61,65.97,87.83,35.92,66.92
2021-09-15,56.42,98.24,59.32,27.88,29.24,104.7,84.61,251.94,233.98,155.53,205.73,359.77,218.94,160.55,99.33,102.03,66.01,87.33,36.26,68.38
2021-09-16,55.82,97.32,59.23,27.33,28.86,103.29,84.0,252.33,231.25,156.79,203.6,355.33,216.93,159.29,98.78,101.41,65.38,85.98,35.78,67.56
2021-09-17,55.16,96.76,58.92,26.94,28.31,104.02,81.64,253.16,226.85,160.89,199.75,349.09,215.78,157.53,96.46,99.67,64.14,84.1,35.55,66.69
2021-09-20,53.69,94.78,57.07,25.48,27.25,95.69,81.69,243.39,215.48,152.44,190.82,339.73,213.06,156.5,94.67,99.64,63.96,83.3,35.45,65.52
2021-09-21,53.64,94.85,59.33,25.43,26.93,95.01,81.92,246.46,216.49,154.29,189.84,336.95,212.24,154.59,93.71,98.92,63.81,82.99,34.95,65.23
2021-09-22,55.21,97.64,62.26,26.75,27.15,95.71,81.9,250.65,223.28,158.21,191.35,340.84,214.33,156.43,95.5,98.54,63.61,82.72,35.21,65.42
2021-09-23,57.08,100.06,63.71,27.96,28.88,93.45,81.27,251.21,229.15,158.32,196.62,351.5,216.98,158.0,96.96,98.4,63.4,82.31,35.4,64.52
2021-09-24,57.59,100.6,65.02,28.1,29.01,91.15,80.7,258.13,226.4,153.66,196.82,349.25,216.47,156.01,96.31,98.46,63.16,82.05,35.11,64.89
2021-09-27,59.3,102.97,66.71,30.19,30.19,95.56,78.76,263.79,222.25,155.06,200.0,352.42,215.2,155.15,96.73,97.63,62.44,81.36,34.86,64.44
2021-09-28,59.92,103.36,67.8,29.9,30.91,95.25,77.27,259.19,216.45,150.71,200.55,353.94,212.31,153.99,95.67,97.05,61.94,81.28,34.37,61.81
2021-09-29,59.88,103.33,68.04,30.03,30.33,94.07,78.35,260.44,218.97,148.4,197.87,350.87,212.26,153.47,95.64,98.34,62.64,82.17,34.68,63.73
2021-09-30,58.82,101.45,67.77,29.58,29.64,95.46,78.52,258.49,218.97,149.97,191.97,335.07,209.65,149.31,94.2,97.59,61.97,81.18,34.47,63.25
2021-10-01,60.93,104.33,70.1,31.15,30.36,96.57,79.21,258.41,218.89,155.36,194.33,342.2,212.98,150.65,95.16,98.46,61.75,81.38,34.08,62.79
2021-10-04,61.72,104.72,71.49,31.81,30.88,95.01,79.36,260.51,215.21,145.03,193.13,338.44,211.56,148.36,93.64,100.76,62.43,83.04,34.48,63.26
2021-10-05,61.62,105.86,71.73,32.77,30.59,95.6,79.48,260.2,222.39,147.41,192.5,338.29,213.05,151.26,95.48,100.17,62.06,83.02,34.47,63.32
2021-10-06,60.49,104.93,71.81,32.0,29.94,95.18,81.18,260.92,222.37,153.58,191.86,338.4,214.17,151.7,95.64,101.85,62.73,84.56,35.02,63.88
2021-10-07,60.66,105.68,71.51,32.48,31.02,97.52,80.92,264.54,222.3,157.23,195.75,344.09,215.66,153.92,97.34,100.96,62.67,84.14,34.73,62.8
2021-10-08,62.18,108.05,74.92,33.63,31.66,98.67,80.21,261.83,215.06,154.36,195.16,343.17,215.0,153.56,96.64,100.53,62.56,83.58,34.48,62.31
2021-10-11,61.56,107.13,73.97,33.39,32.46,102.29,77.83,263.98,214.16,161.26,192.89,332.59,212.62,152.56,94.18,99.71,61.92,82.51,33.92,61.56
2021-10-12,61.24,107.15,73.41,33.01,32.88,105.27,78.87,268.57,216.87,169.84,189.92,330.6,211.67,151.62,92.32,99.82,62.1,82.55,34.43,62.2
2021-10-13,61.07,107.79,73.23,32.28,32.76,106.02,80.19,270.36,223.66,173.21,188.94,329.0,212.91,153.39,91.87,100.7,62.51,83.46,35.0,63.42
2021-10-14,62.0,108.81,73.85,31.99,33.52,106.2,81.46,272.77,231.33,173.78,194.33,329.77,215.88,159.57,94.75,101.65,63.26,84.05,35.75,64.03
2021-10-15,62.59,109.61,74.14,31.66,34.0,105.11,81.67,281.01,228.77,172.92,199.02,332.76,217.98,161.45,95.73,100.35,63.13,83.49,35.52,64.2
2021-10-18,62.56,109.56,74.5,32.93,34.16,104.78,80.99,290.04,236.91,179.97,198.18,331.84,217.9,161.27,95.77,99.86,62.45,82.99,35.57,63.71
2021-10-19,63.5,111.7,75.32,32.94,34.54,108.28,82.03,288.09,235.95,187.06,201.14,343.09,219.03,161.48,96.42,101.13,62.97,83.8,35.88,64.72
2021-10-20,63.85,113.16,76.02,33.36,34.74,103.23,83.92,288.6,235.17,180.1,204.19,344.05,220.87,163.2,97.27,102.23,63.71,84.9,36.52,65.64
2021-10-21,62.69,111.74,74.59,32.8,34.3,106.29,83.81,298.0,234.16,179.8,202.14,342.93,221.74,162.12,96.65,103.0,64.16,85.2,36.42,65.13
2021-10-22,63.12,112.8,75.72,33.93,33.91,106.22,84.42,303.23,231.51,176.7,200.65,340.71,214.71,162.38,96.64,103.78,62.95,85.58,36.59,65.58
2021-10-25,64.35,113.85,76.52,35.22,34.36,109.04,84.29,341.62,239.44,179.43,202.21,352.72,214.84,162.51,96.55,102.84,62.81,84.67,36.79,65.18
2021-10-26,65.84,114.1,77.03,35.36,34.26,108.94,85.47,339.48,236.16,173.46,199.64,341.15,215.61,161.34,97.1,103.29,63.28,84.42,37.09,65.72
2021-10-27,64.13,112.07,74.43,33.3,32.54,110.23,85.01,345.95,231.75,216.22,196.13,338.23,213.05,160.12,96.15,102.76,62.64,84.3,37.07,64.94
2021-10-28,64.31,113.12,75.15,33.83,33.3,117.88,86.42,359.01,246.21,224.46,204.09,349.7,215.77,164.96,97.51,102.49,62.74,84.71,37.61,64.86
2021-10-29,64.47,114.49,74.49,33.53,32.26,119.59,85.33,371.33,250.47,231.63,204.01,342.31,215.91,164.76,97.01,102.01,62.32,84.71,37.93,63.81
2021-11-01,65.63,114.53,74.59,34.81,33.3,121.14,85.59,402.86,255.87,239.53,205.38,358.75,217.04,164.34,97.9,102.31,62.48,85.13,38.43,64.44
2021-11-02,64.82,113.83,73.03,34.36,33.2,118.65,85.42,390.67,260.02,237.61,207.12,355.3,218.45,171.63,100.15,102.45,62.49,85.3,38.32,64.02
2021-11-03,63.93,113.01,72.74,33.85,32.98,116.83,85.24,404.62,261.95,236.58,203.55,343.05,220.04,169.49,95.27,102.54,62.55,84.93,38.54,64.09
2021-11-04,64.41,113.51,73.31,33.75,33.15,116.66,84.76,409.97,272.66,242.6,203.59,350.85,219.73,171.98,97.16,101.02,62.5,83.89,38.58,63.67
2021-11-05,65.02,114.74,75.45,33.42,33.51,116.31,85.53,407.36,272.51,237.9,205.88,355.2,223.26,171.3,97.93,101.68,63.1,85.04,38.61,63.67
2021-11-08,65.72,115.15,75.93,34.29,34.3,115.03,84.59,387.65,278.52,241.62,214.25,360.86,222.93,173.72,97.75,101.42,62.62,83.9,37.88,62.79
2021-11-09,66.36,116.0,75.75,33.74,34.14,114.1,84.94,341.17,274.57,239.39,209.81,355.81,224.93,174.66,97.5,101.96,63.35,83.04,38.57,62.53
2021-11-10,64.19,114.15,73.0,31.82,32.73,110.99,85.2,355.98,265.75,231.48,206.67,352.61,222.62,171.87,97.03,101.62,63.86,84.18,38.83,62.3
2021-11-11,64.31,114.16,72.14,32.12,32.78,113.6,85.37,354.5,272.31,250.49,208.53,356.01,218.27,169.92,97.29,100.25,63.05,82.61,39.0,60.8
2021-11-12,63.82,114.23,72.36,32.08,32.76,110.92,86.31,344.47,276.4,251.62,209.27,358.86,219.63,171.8,97.42,99.88,61.89,82.02,38.79,61.05
2021-11-15,64.37,116.82,72.72,31.98,32.72,112.31,87.34,337.8,271.29,244.71,207.71,361.15,219.71,172.74,96.38,100.6,62.2,82.88,39.05,62.28
2021-11-16,65.02,117.28,72.64,31.84,32.89,104.49,86.98,351.58,272.47,251.59,205.43,362.01,218.63,173.8,96.21,99.08,62.0,82.56,38.68,63.0
2021-11-17,64.31,115.42,71.97,30.76,32.06,103.94,87.78,363.0,273.39,254.86,202.98,353.52,217.76,173.1,94.31,98.99,62.17,83.24,38.21,62.12
2021-11-18,63.61,114.45,72.72,30.64,31.86,103.43,87.6,365.46,274.66,254.48,201.42,357.11,217.96,173.32,94.57,98.37,61.63,82.82,38.18,61.37
2021-11-19,60.67,111.91,69.61,29.12,30.05,108.37,88.31,379.02,281.43,267.74,200.44,346.15,215.78,172.3,93.34,98.42,62.67,83.38,38.23,61.38
2021-11-22,61.51,113.91,71.89,30.01,30.34,108.16,87.36,385.62,283.8,261.12,202.38,349.16,215.44,172.32,94.44,100.25,63.12,84.3,38.48,62.48
2021-11-23,63.13,116.3,73.78,31.92,31.18,107.14,87.31,369.68,275.16,250.5,205.33,349.28,213.32,172.57,94.47,100.74,63.01,84.31,38.78,62.66
2021-11-24,63.48,117.19,74.83,32.01,31.41,108.28,87.21,372.0,274.48,255.1,207.07,367.86,209.58,170.95,94.23,100.18,63.1,83.82,38.87,62.77
2021-11-26,61.25,114.51,71.48,29.7,29.7,105.92,86.09,360.64,266.85,247.42,198.73,359.3,205.63,167.51,90.31,99.28,62.04,82.55,38.1,60.84
2021-11-29,61.59,114.85,72.15,30.06,29.65,106.85,88.66,379.0,275.89,256.71,195.92,348.09,205.09,167.38,90.86,100.22,62.82,83.31,38.63,62.1
2021-11-30,59.84,112.87,70.13,29.65,28.68,103.6,86.78,381.59,266.49,250.0,193.35,345.54,199.73,162.06,87.84,97.01,61.1,81.05,37.6,59.94
2021-12-01,59.79,112.1,69.2,28.95,28.38,101.64,87.84,365.0,259.85,236.86,191.47,341.55,196.95,161.47,86.79,96.62,61.14,80.28,37.29,59.83
2021-12-02,61.28,115.14,71.26,29.65,29.32,102.04,88.62,361.53,261.39,235.0,196.79,350.62,201.47,166.63,90.38,97.65,62.01,81.31,37.74,61.2
2021-12-03,60.89,114.41,71.11,29.16,29.24,98.25,88.03,338.32,251.47,217.1,197.8,349.24,200.98,166.44,90.28,99.88,62.83,82.34,37.61,61.88
2021-12-06,61.58,116.2,72.81,29.84,30.01,99.11,89.15,336.34,248.54,212.94,201.28,354.51,203.69,169.83,90.94,101.21,64.66,83.49,38.17,62.73
2021-12-07,62.27,117.92,74.57,31.12,30.76,101.2,90.41,350.58,259.53,222.56,204.49,361.34,204.58,170.59,92.23,101.17,64.47,83.91,38.45,63.45
2021-12-08,62.45,118.45,74.11,30.77,31.06,100.71,90.32,356.32,264.64,225.61,204.19,361.06,202.11,169.92,92.48,100.85,64.75,84.02,38.1,63.06
2021-12-09,62.61,118.14,72.55,30.24,30.62,96.64,89.91,334.6,257.47,216.35,204.13,361.92,203.45,168.59,91.99,100.28,64.57,83.52,37.89,63.1
2021-12-10,63.01,118.34,73.49,30.77,30.99,97.2,90.28,339.01,262.87,215.02,203.46,358.36,207.21,170.46,92.59,101.51,65.08,83.99,38.44,63.4
2021-12-13,61.63,115.88,71.02,29.23,29.83,97.07,91.74,322.14,248.8,213.52,201.25,351.42,206.64,169.7,92.33,103.04,66.18,84.98,38.61,63.15
2021-12-14,61.54,116.22,70.68,28.74,29.67,95.32,90.03,319.5,243.83,202.32,201.64,348.55,204.12,164.84,91.35,102.77,65.97,85.13,38.4,63.08
2021-12-15,61.27,115.56,70.71,28.52,29.31,95.18,92.0,325.33,239.79,204.04,202.55,343.94,207.16,169.26,92.73,103.82,66.75,87.23,39.0,63.84
2021-12-16,61.37,116.64,71.7,28.38,29.7,91.2,92.23,308.97,230.92,190.85,206.17,348.29,207.01,168.8,93.89,104.54,67.55,88.0,38.76,64.3
2021-12-17,60.03,113.6,68.61,28.04,28.97,93.16,90.94,310.86,229.87,189.11,201.37,347.03,202.63,165.07,90.69,103.04,66.84,86.54,38.16,63.44
2021-12-20,59.16,113.65,68.6,26.98,28.47,85.76,89.94,299.98,218.13,178.73,195.46,338.66,197.37,164.06,89.46,103.67,67.12,87.23,38.08,63.77
2021-12-21,60.5,115.47,70.68,28.6,29.45,89.12,90.45,312.84,224.15,189.0,198.31,349.81,199.17,167.24,91.03,103.02,66.39,86.75,38.46,64.25
2021-12-22,60.99,116.13,71.08,28.92,29.5,87.92,90.8,336.29,225.23,189.33,202.15,347.0,199.34,166.74,89.87,103.16,66.65,86.62,38.77,64.58
2021-12-23,61.02,116.41,71.19,28.85,29.57,87.37,90.7,355.67,227.9,188.17,206.2,349.22,202.68,168.04,91.28,102.97,66.54,86.52,38.86,64.7
2021-12-27,61.89,118.79,73.21,29.64,29.84,87.86,91.32,364.65,233.1,188.69,206.38,350.75,203.87,170.67,92.17,103.29,66.96,87.08,39.08,65.08
2021-12-28,61.69,118.56,73.12,29.48,30.11,87.35,91.88,362.82,232.8,186.79,206.62,349.77,204.48,171.2,92.89,104.57,67.73,88.21,39.65,65.39
2021-12-29,61.15,117.95,72.92,29.26,29.65,87.18,91.99,362.06,232.53,185.47,207.33,345.71,204.96,171.71,92.95,104.76,68.07,88.58,40.4,65.72
2021-12-30,60.79,117.43,72.28,28.97,29.82,88.04,92.77,356.78,234.35,186.41,206.08,342.03,204.54,171.42,92.66,104.79,68.36,88.69,40.89,65.89
2021-12-31,61.19,117.35,72.18,28.99,29.95,87.16,93.36,352.26,233.77,182.94,206.74,342.89,205.93,172.82,92.97,104.9,68.58,88.97,41.19,66.14
2022-01-03,63.54,119.26,73.77,31.06,31.72,88.58,91.66,399.93,236.67,184.45,207.0,350.11,204.24,168.66,91.76,103.49,68.17,88.61,40.69,66.0
2022-01-04,65.93,121.43,76.97,33.38,33.26,87.28,90.68,383.2,242.58,178.28,218.08,371.29,206.41,171.46,95.83,103.41,68.17,88.65,40.65,67.19
2022-01-05,66.75,122.22,75.65,31.81,33.26,83.51,89.73,362.71,235.64,157.2,219.75,372.05,208.44,169.01,95.69,103.64,68.25,89.47,40.62,67.59
2022-01-06,68.32,123.26,78.49,32.76,34.05,83.97,85.77,354.9,233.38,151.49,221.99,376.36,208.21,169.41,96.23,103.47,68.17,89.18,40.45,68.08
2022-01-07,68.88,125.03,80.64,33.21,35.03,84.68,86.41,342.32,236.02,145.13,224.19,378.65,213.08,167.85,95.69,104.5,68.64,90.8,40.39,69.11
2022-01-10,68.47,125.11,81.03,32.38,35.12,84.3,84.29,352.71,226.97,147.13,221.64,379.86,210.81,166.42,95.3,104.56,68.53,90.5,40.52,68.85
2022-01-11,71.35,127.97,83.59,34.7,36.48,84.45,84.79,354.8,240.17,148.51,219.95,380.55,213.63,167.76,96.38,103.23,67.65,89.77,39.66,67.92
2022-01-12,71.14,127.33,84.4,34.75,36.45,84.12,85.09,368.74,241.07,149.28,222.4,376.25,215.55,171.46,96.92,103.62,67.78,90.29,39.92,68.11
2022-01-13,70.63,126.8,83.62,34.15,36.17,82.78,84.9,343.85,235.23,143.49,227.0,380.39,216.71,171.18,97.28,104.15,68.35,90.86,40.28,68.44
2022-01-14,71.87,128.96,86.74,35.51,37.81,83.02,83.2,349.87,233.67,142.84,228.94,379.56,214.95,170.92,97.47,104.04,68.66,90.98,40.1,68.98
2022-01-18,73.08,129.38,87.51,36.03,37.54,81.5,81.25,343.5,226.3,135.92,229.87,383.91,210.94,166.63,96.37,101.87,68.01,90.32,39.96,67.86
2022-01-19,73.11,128.91,87.28,35.83,37.1,81.37,82.59,331.88,219.69,134.58,221.66,375.9,208.12,163.39,94.92,102.17,68.33,90.3,40.28,67.94
2022-01-20,73.27,128.45,85.63,34.95,37.05,81.49,83.51,332.09,217.15,134.69,216.63,366.98,206.33,161.06,93.65,102.31,67.88,89.92,40.63,67.44
2022-01-21,72.17,126.91,82.72,33.75,36.36,76.82,82.6,314.63,212.75,126.02,214.09,364.28,202.56,160.54,93.2,102.98,67.81,89.97,40.48,67.45
2022-01-24,72.79,127.18,83.02,34.01,36.6,77.93,81.92,310.0,211.92,128.1,214.33,364.03,201.92,160.72,93.04,102.58,67.37,89.12,40.0,65.83
2022-01-25,74.93,132.59,87.11,36.77,38.79,75.94,75.1,306.13,206.01,122.65,214.31,368.22,199.79,157.44,91.21,102.32,67.25,88.96,39.55,66.96
2022-01-26,74.17,132.69,87.06,37.06,39.8,76.37,72.64,312.47,205.62,121.75,214.29,372.24,198.16,158.24,90.58,101.95,67.02,88.83,39.72,67.32
2022-01-27,75.12,135.37,89.66,37.26,38.86,72.22,72.51,276.37,205.43,119.97,212.17,375.96,198.16,155.42,90.63,103.25,68.03,89.4,40.02,67.98
2022-01-28,75.28,130.61,89.22,37.57,39.68,73.42,72.5,282.12,206.23,123.86,201.16,373.79,199.49,156.69,90.71,104.73,69.0,90.13,40.88,68.43
2022-01-31,75.96,131.33,88.62,37.67,39.07,78.38,78.12,312.24,220.74,140.47,201.56,376.4,201.95,158.43,91.95,105.06,69.49,90.4,41.32,69.08
2022-02-01,80.83,134.79,91.54,39.29,39.52,77.7,77.23,310.42,225.2,142.67,205.35,377.88,202.8,159.39,92.48,103.45,67.99,88.35,41.24,68.06
2022-02-02,80.62,135.41,92.21,39.62,39.25,76.37,77.73,301.89,221.49,139.51,204.94,374.48,204.98,161.41,97.56,105.0,68.81,89.88,42.86,69.1
2022-02-03,79.68,134.2,90.87,40.0,38.58,71.28,75.77,297.05,215.06,132.91,200.59,370.89,189.36,156.83,96.59,105.43,69.25,90.19,43.79,68.51
2022-02-04,81.41,135.88,91.87,40.8,38.51,71.0,76.01,307.77,216.02,141.23,198.41,369.49,189.13,151.0,95.38,104.25,68.69,89.17,43.52,68.14
2022-02-07,82.39,138.55,92.94,41.0,40.27,69.74,75.68,302.45,219.78,140.77,199.82,372.2,190.09,150.13,95.73,104.34,67.65,89.81,43.64,68.5
2022-02-08,80.26,136.44,91.33,39.35,38.9,70.39,75.46,307.33,226.69,144.5,201.5,389.88,192.15,151.5,97.12,104.41,67.89,90.2,43.02,68.95
2022-02-09,79.0,137.79,92.95,40.3,39.4,74.17,76.66,310.67,236.43,161.89,203.6,395.4,194.18,156.85,98.42,104.71,68.08,89.38,42.6,68.88
2022-02-10,78.24,136.04,91.91,40.68,39.17,71.22,75.45,301.52,236.04,154.64,203.07,393.15,189.37,154.79,96.87,99.79,65.95,87.39,42.04,67.78
2022-02-11,80.21,138.81,93.52,42.98,40.62,69.31,74.96,286.67,230.89,145.69,201.24,392.67,184.67,150.66,94.74,99.75,66.79,87.65,42.13,67.99
2022-02-14,78.98,136.67,91.55,41.23,39.3,68.23,74.92,291.92,227.68,143.93,199.89,387.26,184.38,152.17,93.97,99.95,65.85,86.18,42.2,67.56
2022-02-15,77.99,134.26,89.68,39.85,40.09,72.1,75.09,307.48,241.39,154.29,203.41,393.4,187.18,155.53,94.88,99.3,65.02,85.44,41.74,67.3
2022-02-16,78.35,134.3,90.21,39.65,41.69,71.67,75.23,307.8,246.0,154.03,203.64,390.56,186.72,157.03,95.87,99.51,64.87,85.41,42.0,67.61
2022-02-17,78.23,133.61,91.16,39.86,41.11,69.95,75.38,292.12,197.02,148.37,194.74,380.53,182.3,152.4,93.19,98.73,64.79,85.49,41.75,67.69
2022-02-18,77.36,133.42,89.63,39.56,40.21,68.57,74.15,285.66,190.76,140.35,191.95,369.1,179.87,153.36,92.77,99.81,63.77,85.71,41.63,67.75
2022-02-22,76.46,132.4,87.83,38.32,39.55,65.85,73.78,273.84,191.85,133.03,191.21,353.78,180.3,151.76,92.74,99.45,64.29,85.99,41.65,67.75
2022-02-23,76.77,135.55,88.23,38.69,39.74,64.9,72.32,254.68,182.0,126.56,186.67,337.52,176.74,149.31,90.91,97.67,62.84,84.64,40.97,66.82
2022-02-24,75.8,134.85,87.73,38.92,38.32,69.04,75.44,266.92,184.2,147.35,184.69,342.76,180.08,150.31,90.0,97.04,62.88,86.56,41.3,67.11
2022-02-25,77.84,140.38,91.27,38.74,39.45,70.68,77.16,269.96,191.95,153.73,187.06,346.98,186.22,154.12,92.82,100.22,65.04,89.46,42.6,70.72
2022-02-28,78.42,144.0,94.86,43.73,39.24,75.29,78.27,290.14,195.89,166.7,187.58,360.02,187.4,154.29,92.92,100.41,64.77,90.65,42.56,72.11
2022-03-01,79.17,149.72,96.96,46.79,37.67,75.62,77.44,288.12,186.44,170.6,182.83,358.65,181.32,146.45,89.51,99.83,64.1,90.21,42.23,72.58
2022-03-02,80.53,154.14,98.04,48.37,39.24,69.51,77.55,293.3,191.12,163.89,192.61,375.98,184.13,152.17,93.23,100.79,64.57,91.24,42.76,74.19
2022-03-03,81.04,156.22,97.41,47.75,38.52,67.37,78.79,279.76,186.33,159.03,194.85,381.93,185.2,154.97,93.22,102.64,66.4,93.98,43.13,74.81
2022-03-04,84.09,158.65,100.27,56.15,38.94,71.85,80.21,279.43,179.07,158.15,195.66,390.07,185.11,149.78,91.58,105.26,67.58,96.33,44.28,75.96
2022-03-07,87.12,162.04,101.27,55.38,42.1,75.0,84.18,268.19,172.09,158.81,196.7,369.0,179.9,145.79,91.64,106.7,69.23,97.26,43.83,76.42
2022-03-08,87.78,170.53,98.8,54.6,45.08,79.52,81.95,274.8,180.74,175.99,210.0,364.93,180.97,146.2,93.7,105.47,67.82,95.25,43.49,76.69
2022-03-09,82.79,166.27,96.21,57.5,42.56,78.89,80.32,286.32,187.13,179.87,209.78,368.86,183.1,149.12,94.39,105.33,67.12,95.01,43.55,76.15
2022-03-10,85.36,170.82,99.72,58.13,43.4,76.5,80.16,279.43,188.37,178.72,211.79,378.15,182.08,148.2,94.74,106.19,68.61,95.99,43.6,77.64
2022-03-11,84.92,170.9,98.41,57.95,42.9,75.39,79.3,265.12,184.76,171.07,214.83,389.48,179.98,146.92,93.0,106.14,68.69,95.54,43.63,77.11
2022-03-14,81.88,166.72,96.55,55.59,41.55,71.99,79.28,255.46,176.29,157.64,215.44,393.86,180.93,148.46,92.32,106.3,68.66,94.74,43.58,76.98
2022-03-15,77.22,158.28,95.05,54.53,39.26,74.96,81.98,267.3,181.95,164.64,216.46,388.47,185.46,150.27,92.65,106.69,68.66,96.11,43.76,77.5
2022-03-16,76.93,157.71,94.82,52.99,37.88,77.59,82.51,280.08,191.25,177.21,216.08,388.2,188.66,153.34,93.76,105.97,68.52,95.07,43.44,77.19
2022-03-17,78.98,160.44,98.83,58.01,39.51,78.22,82.69,290.53,196.37,180.85,221.7,406.15,189.55,154.69,95.49,106.5,68.41,94.94,43.45,77.92
2022-03-18,78.67,161.73,99.6,56.24,39.73,77.6,82.37,301.8,198.24,184.52,220.91,413.15,192.31,155.58,97.0,105.05,68.03,94.07,43.25,78.14
2022-03-21,82.2,164.64,102.76,60.96,41.19,77.39,81.8,307.05,198.68,185.45,223.71,422.29,190.63,154.6,98.2,106.16,68.89,94.69,43.66,79.62
2022-03-22,81.84,164.09,101.77,59.64,41.2,79.08,82.85,331.33,205.6,189.25,222.71,427.55,192.61,155.25,98.02,106.19,68.82,95.25,43.63,79.06
2022-03-23,83.13,165.86,104.37,59.84,42.41,77.99,82.57,333.04,208.21,190.19,222.17,431.52,189.96,152.43,97.29,106.83,68.79,96.01,43.7,79.71
2022-03-24,83.38,166.3,104.54,57.75,42.64,79.53,83.7,337.97,214.15,197.84,222.21,432.22,192.28,153.2,97.77,107.47,69.3,96.44,44.47,79.43
2022-03-25,85.2,169.31,107.5,58.71,43.68,79.65,83.94,336.88,217.58,193.81,223.36,436.45,195.34,154.18,98.51,109.13,70.93,96.84,45.51,81.23
2022-03-28,82.81,166.35,103.5,56.64,41.73,84.09,84.43,363.95,214.34,195.52,221.85,432.61,194.67,154.21,98.22,110.04,71.0,97.61,46.02,81.56
2022-03-29,82.37,164.32,100.69,56.79,42.63,84.59,84.62,366.52,222.48,202.36,221.04,412.92,195.09,157.53,99.06,110.97,72.06,98.69,46.99,82.47
2022-03-30,83.78,165.48,101.1,57.48,42.21,81.94,85.5,364.66,223.15,196.65,223.08,415.55,194.1,155.46,98.98,111.48,72.5,99.42,47.23,83.81
2022-03-31,82.59,162.83,100.0,56.74,41.31,83.74,84.71,359.2,221.15,201.78,222.82,415.46,192.17,151.76,98.05,111.66,72.51,99.77,47.63,84.06
2022-04-01,83.12,164.22,100.58,58.11,41.69,84.01,85.71,361.53,224.92,205.89,219.77,416.8,193.6,151.81,98.42,112.82,74.12,101.51,47.66,85.17
2022-04-04,83.16,164.37,100.55,57.79,41.55,83.96,85.62,381.82,226.04,216.38,220.81,417.45,193.64,150.92,98.3,111.79,73.12,100.65,47.34,83.38
2022-04-05,82.73,163.36,98.05,55.72,40.46,80.33,86.33,363.75,217.3,211.23,216.02,413.71,191.23,146.61,96.56,112.52,74.35,101.31,47.8,82.52
2022-04-06,83.65,164.81,97.54,56.1,40.78,78.13,86.49,348.59,211.47,203.99,216.21,411.25,191.22,144.86,96.18,115.15,76.51,104.49,49.71,84.17
2022-04-07,85.05,167.1,99.96,57.68,40.97,78.54,87.08,352.42,211.85,206.95,215.9,409.46,190.31,145.87,95.89,114.86,75.76,103.37,50.02,84.03
2022-04-08,86.84,169.93,103.05,61.8,42.55,77.61,86.09,341.83,211.0,195.14,217.03,418.3,187.8,145.18,94.57,115.35,76.49,102.99,50.13,84.89
2022-04-11,83.85,165.56,97.98,57.92,41.33,78.86,84.58,325.31,206.0,187.88,216.05,418.51,186.92,142.27,93.18,114.23,74.48,101.4,48.24,84.12
2022-04-12,85.6,169.01,100.0,59.14,41.53,79.1,83.89,328.98,205.02,185.95,216.7,419.73,188.62,140.82,92.82,115.42,75.54,102.31,48.05,84.81
2022-04-13,86.81,171.67,100.23,59.62,42.57,79.7,83.55,340.79,212.5,193.23,218.27,427.29,192.44,141.77,93.31,115.11,75.36,102.25,48.64,85.21
2022-04-14,87.83,171.59,101.37,59.34,43.25,78.12,82.81,328.33,210.89,190.51,227.81,436.75,192.77,139.91,92.86,114.85,75.99,102.04,49.03,85.63
2022-04-18,88.55,173.89,103.47,61.37,43.68,78.66,81.71,334.76,209.67,190.03,229.92,438.45,189.69,140.66,93.97,114.24,75.83,101.66,49.23,85.56
2022-04-19,87.76,171.83,101.56,60.38,43.43,78.73,81.83,342.72,218.15,195.6,232.16,437.82,194.76,145.77,95.69,114.47,76.27,102.43,49.5,85.14
2022-04-20,87.96,172.53,102.67,61.47,42.68,76.93,81.51,325.73,217.19,178.53,235.08,437.39,193.91,149.38,97.14,115.43,76.5,102.83,50.25,86.33
2022-04-21,87.03,164.58,98.67,59.2,40.65,74.43,76.18,336.26,207.24,156.56,232.57,424.36,193.51,149.95,96.71,115.28,76.46,102.12,49.74,85.21
2022-04-22,85.13,160.95,96.01,56.62,41.65,72.37,73.95,335.02,200.64,153.63,216.3,403.57,188.27,146.04,93.6,114.28,75.91,100.25,48.65,84.12
2022-04-25,82.26,157.49,91.66,54.92,38.69,72.45,74.04,332.67,198.46,157.6,216.7,385.51,189.44,147.07,92.21,113.77,74.97,100.5,48.77,82.69
2022-04-26,82.29,156.53,91.32,54.82,39.54,71.44,73.57,292.14,187.76,153.83,210.3,381.77,185.34,143.78,89.67,113.5,73.74,99.24,48.42,82.22
2022-04-27,84.64,156.24,93.06,55.59,39.95,72.14,73.27,293.84,192.23,165.71,213.96,385.53,184.04,145.71,90.61,113.09,73.48,99.53,47.79,81.85
2022-04-28,87.2,161.79,97.55,57.03,40.11,72.26,73.49,292.5,195.26,164.47,212.44,384.82,187.57,147.88,92.31,113.8,75.58,102.43,48.34,82.75
2022-04-29,85.25,156.67,95.52,55.09,39.01,73.03,71.02,290.25,192.83,161.4,210.54,377.55,191.11,145.02,90.18,110.16,73.39,99.11,46.78,80.68
2022-05-02,86.41,159.75,95.92,58.3,39.11,73.64,69.87,300.98,191.42,168.33,212.07,381.23,194.43,146.5,90.43,108.7,73.21,98.13,46.65,79.83
2022-05-03,88.19,162.49,98.93,59.24,40.15,75.11,70.76,303.08,197.12,174.53,213.62,389.44,194.6,146.58,90.48,108.36,73.12,98.58,46.69,80.35
2022-05-04,91.7,167.59,103.86,61.57,42.6,78.7,73.06,317.54,215.47,191.94,222.59,396.35,203.3,149.93,91.34,110.51,74.57,100.72,47.92,82.25
2022-05-05,90.31,166.26,102.86,62.29,42.08,76.41,71.84,291.09,236.5,181.14,215.93,383.04,195.42,148.38,89.23,110.05,74.06,99.66,46.9,80.56
2022-05-06,91.69,170.69,107.69,64.94,43.03,72.14,72.47,288.55,242.41,165.89,214.65,377.46,193.01,147.29,88.01,111.32,74.67,99.65,47.06,82.45
2022-05-09,84.46,159.25,97.2,57.84,38.04,68.25,70.71,262.37,221.64,150.51,206.29,364.53,191.56,147.96,84.41,110.8,74.23,99.69,46.73,81.01
2022-05-10,85.02,160.78,98.0,59.41,37.89,67.58,69.99,266.68,221.43,151.65,202.99,364.75,192.36,140.98,83.61,108.91,73.2,99.08,46.76,79.27
2022-05-11,86.79,163.16,99.04,60.1,38.37,61.72,70.2,244.67,213.03,137.55,205.21,364.03,189.64,140.81,83.13,109.91,73.98,99.78,47.62,79.41
2022-05-12,86.3,164.71,99.6,59.22,39.03,61.4,68.51,242.67,213.45,140.94,203.03,362.98,190.53,141.75,82.75,108.85,74.08,98.53,45.85,78.98
2022-05-13,88.86,167.87,102.91,64.08,40.74,64.25,69.8,256.53,228.82,157.79,204.33,366.69,191.13,141.33,83.68,109.3,73.65,99.69,46.73,80.53
2022-05-16,90.95,173.01,105.5,67.72,42.14,62.77,70.12,241.46,226.32,151.03,207.19,374.45,191.56,138.98,84.45,110.03,74.25,99.39,46.87,80.75
2022-05-17,92.11,174.03,107.02,67.94,42.95,65.4,72.02,253.87,239.23,158.11,213.09,384.26,196.59,143.38,86.39,109.35,74.15,100.4,47.54,81.93
2022-05-18,90.65,168.06,104.48,64.3,41.13,65.36,71.0,236.6,235.98,156.17,207.94,368.67,191.47,136.52,83.56,108.9,73.82,99.88,47.13,81.39
2022-05-19,91.14,166.86,104.61,63.96,40.85,66.47,70.46,236.47,239.08,165.54,206.76,364.62,190.26,136.08,83.3,108.95,73.33,99.04,47.35,80.94
2022-05-20,91.86,167.82,105.02,63.26,41.12,65.77,71.22,221.3,236.44,168.25,197.82,313.31,187.4,134.14,83.64,109.83,73.41,99.7,47.15,80.06
2022-05-23,93.89,171.72,109.02,65.42,43.81,66.06,72.55,224.97,242.94,169.55,204.15,335.36,187.23,136.76,84.97,110.81,74.15,100.27,47.89,81.89
2022-05-24,94.4,172.64,109.48,65.07,43.9,64.59,74.67,209.39,243.15,162.51,205.65,337.03,187.61,133.83,83.89,112.98,75.69,102.22,48.83,83.06
2022-05-25,96.3,175.41,111.2,66.39,45.05,66.04,74.79,219.6,237.51,169.28,209.31,342.97,188.08,134.08,84.23,112.39,75.69,102.48,49.02,83.37
2022-05-26,96.64,176.59,113.15,68.66,46.69,68.08,75.04,235.91,255.05,178.78,212.99,347.51,190.71,136.28,86.6,113.23,75.29,102.58,49.16,82.43
2022-05-27,97.59,178.28,114.6,70.86,48.21,72.01,77.43,253.21,270.92,188.95,217.14,360.73,193.92,139.82,88.4,114.4,76.07,103.57,49.85,83.32
2022-05-31,96.0,174.66,112.36,69.31,45.96,70.61,75.69,252.75,260.42,186.19,215.85,357.78,191.22,138.6,88.66,112.52,75.66,102.03,49.15,81.93
2022-06-01,97.84,176.32,115.75,70.42,46.68,70.87,76.17,246.79,240.12,182.49,217.57,352.15,189.53,137.72,88.57,111.67,75.55,102.04,49.19,81.76
2022-06-02,97.67,176.0,114.96,69.3,46.3,74.24,78.52,258.33,251.29,198.93,220.0,361.08,194.6,140.82,89.88,111.79,75.95,102.25,48.99,81.46
2022-06-03,99.09,177.6,118.12,70.29,47.47,74.93,78.69,234.52,250.76,196.34,222.9,361.0,192.41,140.35,90.28,111.16,75.26,101.95,48.73,80.13
2022-06-06,98.84,176.83,117.38,69.61,47.22,71.99,80.19,238.28,257.79,206.97,223.63,362.91,192.77,141.36,90.25,111.11,75.35,102.06,48.55,80.58
2022-06-07,103.37,180.2,122.71,70.55,48.93,72.0,79.78,238.89,257.89,209.63,227.1,367.84,195.17,145.41,91.53,112.34,75.69,102.43,49.05,81.85
2022-06-08,104.59,181.13,121.86,69.03,49.57,71.69,78.49,241.87,253.62,204.77,229.8,355.02,192.11,144.48,91.15,110.49,74.63,100.53,48.17,79.72
2022-06-09,102.33,177.52,118.56,65.18,48.14,69.83,77.34,239.71,241.78,200.51,223.67,345.33,189.63,142.5,89.94,107.73,72.89,98.26,46.66,77.58
2022-06-10,100.46,175.4,116.83,63.87,47.21,68.0,75.91,232.23,236.87,196.19,215.18,335.23,183.97,137.03,87.06,107.77,72.14,98.26,46.01,77.33
2022-06-13,95.85,167.33,111.76,59.83,44.32,63.13,72.41,215.74,222.22,178.24,206.88,324.9,182.13,132.85,85.28,103.43,68.75,93.01,43.68,73.58
2022-06-14,96.1,167.55,111.49,62.09,43.22,61.95,71.48,220.89,223.33,179.52,206.69,326.58,181.01,130.52,84.7,100.94,66.78,90.44,42.31,72.41
2022-06-15,94.89,164.26,109.33,60.28,41.52,64.03,74.19,233.0,215.08,188.48,206.0,330.58,182.68,131.01,85.46,100.18,66.57,90.65,42.26,72.37
2022-06-16,91.39,155.48,102.42,56.81,38.48,62.01,70.87,213.1,202.17,169.6,194.79,317.57,177.65,126.11,81.0,99.54,66.28,89.19,41.22,70.98
2022-06-17,86.12,148.38,93.74,55.68,36.64,66.71,70.81,216.76,212.04,184.75,192.64,322.72,177.47,125.52,78.65,97.82,65.39,88.41,40.91,69.75
2022-06-21,91.48,154.59,99.28,57.87,38.82,68.2,72.73,237.04,216.33,193.29,196.37,329.27,178.27,126.14,80.22,99.21,67.15,89.95,41.6,71.41
2022-06-22,87.86,147.87,93.06,55.77,37.52,67.6,74.69,236.09,216.24,193.43,187.83,317.93,175.53,126.22,78.47,100.16,67.69,90.31,41.69,71.72
2022-06-23,85.21,142.43,87.89,56.09,34.98,69.6,77.2,235.07,213.62,200.67,178.67,297.51,172.41,126.89,77.79,103.41,69.28,92.41,42.23,73.18
2022-06-24,86.9,144.77,90.91,57.52,35.06,70.07,78.02,245.71,224.79,198.39,185.49,310.87,177.79,131.83,82.03,104.53,69.83,93.6,43.29,74.72
2022-06-27,89.03,147.57,92.23,58.9,35.89,70.62,77.89,244.92,226.62,206.17,187.59,315.33,176.08,132.25,82.49,105.2,70.37,94.98,43.89,75.33
2022-06-28,91.5,149.94,95.22,61.71,36.97,67.75,76.44,232.66,223.19,190.65,187.44,309.16,173.77,129.32,81.52,105.7,70.62,95.08,43.88,75.61
2022-06-29,88.12,146.98,91.46,59.1,36.18,66.84,76.0,228.49,211.89,184.64,183.48,300.65,171.05,127.27,80.51,106.01,70.67,95.37,44.34,75.15
2022-06-30,85.64,144.78,89.81,58.88,35.76,68.13,77.46,224.47,208.98,195.24,178.76,299.47,171.66,125.99,79.54,107.21,71.31,95.94,45.32,75.14
2022-07-01,87.55,146.51,90.98,60.44,35.65,68.15,80.56,227.26,205.15,195.72,178.29,301.63,172.94,127.37,80.36,109.62,73.14,97.95,46.07,76.78
2022-07-05,84.81,142.66,84.64,59.11,33.33,66.23,79.11,233.07,200.43,192.59,173.76,292.13,169.96,126.68,79.13,106.34,70.82,93.58,43.62,73.5
2022-07-06,83.28,140.78,83.34,59.11,32.73,66.16,79.57,231.73,198.3,194.93,172.31,289.14,171.06,128.0,79.75,107.58,71.47,94.8,44.26,73.73
2022-07-07,85.94,143.52,86.35,61.47,34.38,70.64,80.38,244.54,203.0,206.84,180.28,303.97,171.64,129.59,80.87,106.83,71.29,94.52,44.39,73.84
2022-07-08,86.08,142.77,86.46,60.67,34.32,72.51,80.25,250.76,205.93,216.45,179.1,304.64,171.19,127.82,80.67,105.91,71.19,94.34,44.29,73.64
2022-07-11,85.64,141.51,85.55,59.52,33.37,69.29,80.68,234.34,199.82,206.06,175.02,298.41,170.7,127.85,80.26,107.96,71.77,95.01,44.43,74.26
2022-07-12,84.5,138.92,83.45,57.37,32.73,68.42,79.95,233.07,195.82,189.47,174.49,295.96,171.46,126.88,79.05,107.67,71.98,94.37,44.23,73.43
2022-07-13,84.84,137.99,83.11,58.01,32.29,69.16,80.26,237.04,196.0,192.63,173.87,296.78,168.75,125.72,78.64,107.24,71.2,93.9,43.6,73.36
2022-07-14,83.14,135.94,81.61,57.23,31.33,71.04,80.13,238.31,196.66,196.92,169.94,294.33,167.41,125.04,77.67,106.95,71.86,94.27,44.15,74.0
2022-07-15,84.54,137.65,82.89,58.71,32.3,65.27,78.71,240.07,200.7,194.91,173.38,297.7,170.66,128.99,79.6,107.43,72.33,95.22,44.23,75.62
2022-07-18,86.1,139.58,85.07,60.05,33.13,67.0,77.51,240.55,203.88,206.43,173.49,297.95,168.83,126.88,79.36,105.43,71.69,93.37,43.76,74.68
2022-07-19,88.27,144.61,88.48,62.82,34.22,70.65,78.93,245.53,211.52,213.34,179.49,311.59,175.03,132.3,82.24,105.54,71.75,93.59,43.7,75.79
2022-07-20,89.24,146.52,90.71,63.55,34.14,72.98,78.32,247.5,219.51,218.83,179.97,315.36,176.05,133.85,82.63,102.99,70.94,92.71,43.1,76.39
2022-07-21,87.75,145.4,88.93,62.0,33.63,73.26,78.87,271.71,225.6,219.78,180.99,316.54,177.8,137.34,83.7,103.54,70.85,92.79,43.26,76.75
2022-07-22,87.08,144.19,88.13,61.06,35.07,72.59,80.25,272.24,221.46,211.54,178.62,312.26,179.22,136.65,83.1,104.98,71.94,94.35,44.02,77.12
2022-07-25,89.98,148.48,92.05,64.41,36.17,74.15,80.98,268.43,227.57,218.55,181.81,322.96,179.01,137.1,84.19,105.98,72.69,95.8,44.42,79.14
2022-07-26,89.63,147.32,91.09,62.07,35.6,73.57,79.91,258.86,225.1,216.1,181.23,319.45,179.17,139.14,84.07,107.02,73.51,96.42,44.7,79.84
2022-07-27,91.57,149.26,93.27,62.78,36.33,76.76,80.38,274.82,234.29,254.77,185.25,325.71,181.38,141.67,86.36,106.52,73.26,96.29,44.46,79.97
2022-07-28,92.64,150.39,94.06,62.64,35.71,88.5,84.54,280.9,236.32,274.18,187.84,331.63,188.08,146.26,88.39,108.95,75.84,97.62,46.27,81.79
2022-07-29,96.93,163.78,97.43,65.75,37.03,99.17,84.49,297.15,244.31,284.18,198.25,343.18,190.07,148.39,90.07,109.93,76.89,98.56,46.49,82.9
2022-08-01,94.48,160.51,95.1,65.23,36.4,99.49,85.31,297.28,239.96,280.89,194.86,338.19,189.61,147.5,89.34,109.85,76.68,99.1,46.11,82.68
2022-08-02,94.07,159.14,94.71,65.06,36.69,99.72,85.67,300.59,243.89,292.26,183.51,333.21,186.78,146.39,89.11,109.62,75.93,98.46,45.83,81.85
2022-08-03,91.02,155.36,91.32,60.99,35.54,97.89,86.46,307.4,239.54,290.25,182.87,336.51,189.13,148.7,89.82,110.82,77.26,99.59,44.31,82.29
2022-08-04,87.19,151.14,89.88,57.46,33.95,99.17,87.98,308.63,234.89,295.82,183.64,342.38,190.06,148.71,89.59,109.73,77.97,99.95,45.06,80.72
2022-08-05,88.45,153.64,92.85,59.01,34.66,101.9,87.98,288.17,237.99,300.91,185.39,343.31,189.89,148.65,90.39,109.16,77.27,99.46,44.77,79.89
2022-08-08,88.95,153.41,93.63,60.04,34.65,106.74,87.52,290.42,244.84,287.74,185.81,343.71,191.57,147.93,90.03,109.04,77.19,100.08,44.98,80.48
2022-08-09,90.59,155.41,95.51,62.41,34.99,109.01,88.92,283.33,244.66,290.82,186.03,343.68,191.68,146.41,86.59,109.81,78.25,100.57,45.4,81.28
2022-08-10,91.45,155.82,95.98,62.86,34.92,114.51,89.78,294.36,259.3,303.25,190.72,352.36,194.79,149.34,87.54,110.06,78.29,101.34,45.53,81.74
2022-08-11,93.19,159.62,100.36,65.69,36.89,114.58,89.43,286.63,265.7,292.9,194.0,361.92,196.05,149.45,87.49,108.51,77.9,101.2,45.7,81.94
2022-08-12,94.0,159.85,102.75,65.73,37.14,117.96,90.47,300.03,281.57,299.26,196.84,368.16,198.38,152.44,89.22,110.25,78.12,103.78,46.17,83.18
2022-08-15,92.32,156.81,100.77,64.34,35.76,118.22,91.0,309.32,284.08,301.13,195.95,366.05,199.74,152.42,88.84,110.98,78.37,104.56,46.7,83.76
2022-08-16,91.46,156.41,100.1,63.51,35.58,116.99,90.53,306.56,280.81,292.94,197.52,369.98,201.15,153.1,89.95,112.11,79.07,104.46,46.69,84.53
2022-08-17,92.2,157.7,101.36,62.97,35.4,116.3,90.2,304.0,277.62,293.13,195.93,364.69,200.27,151.99,88.86,112.03,79.25,104.33,46.25,84.79
2022-08-18,94.38,159.02,104.88,64.88,37.13,117.82,90.24,302.87,279.51,294.0,197.35,367.99,201.2,153.35,90.29,112.58,79.72,104.37,46.31,85.22
2022-08-19,94.08,157.69,105.14,71.29,37.12,115.41,89.71,296.67,270.02,283.7,195.6,369.66,199.06,150.84,88.68,113.24,80.16,104.94,46.14,85.03
2022-08-22,94.01,156.9,105.24,69.03,36.92,114.48,88.54,289.91,275.7,280.76,191.76,369.64,195.39,146.75,86.25,112.05,79.11,103.41,45.35,84.08
2022-08-23,98.0,161.99,108.45,73.79,39.36,114.42,87.98,296.45,281.03,285.41,197.21,374.88,195.1,146.31,86.73,111.03,78.79,102.7,45.07,84.15
2022-08-24,98.58,163.19,110.52,74.91,39.91,118.44,88.71,297.1,287.88,293.09,194.16,381.38,195.34,145.52,86.94,110.93,78.87,102.66,45.49,84.21
2022-08-25,99.09,164.62,112.08,74.48,40.17,121.69,89.39,296.07,295.68,299.81,198.88,388.15,197.95,148.05,87.97,110.7,79.12,103.38,45.82,84.33
2022-08-26,97.87,163.41,112.12,73.55,39.42,121.75,88.06,288.09,288.16,288.59,191.92,379.38,190.67,141.08,84.66,108.73,78.2,101.82,44.71,83.27
2022-08-29,100.12,164.63,113.42,75.26,40.38,121.69,87.02,284.82,284.97,284.82,191.78,380.61,190.04,140.71,84.82,109.2,78.68,102.93,45.0,84.14
2022-08-30,96.31,160.62,110.5,72.01,38.68,122.31,85.7,277.7,272.77,285.77,186.94,368.74,188.34,139.24,83.32,107.68,77.58,101.34,44.06,83.03
2022-08-31,95.59,158.06,109.45,71.0,38.15,127.55,85.06,275.61,267.96,286.44,184.71,365.25,187.0,136.64,81.74,106.91,77.07,100.2,43.91,82.49
2022-09-01,93.87,155.54,107.53,68.4,36.85,127.84,86.26,277.16,256.96,281.86,182.44,363.77,188.37,138.77,82.01,108.19,78.77,102.38,44.45,84.0
2022-09-02,95.59,157.85,110.26,68.77,38.07,126.41,85.11,270.21,259.88,279.07,180.83,362.22,184.57,137.3,81.75,107.0,77.87,101.09,44.08,83.4
2022-09-06,94.95,157.12,108.63,66.88,37.36,127.6,87.37,274.42,266.7,292.82,180.66,361.06,183.3,138.46,81.51,106.76,77.78,101.56,43.89,83.92
2022-09-07,94.14,155.11,106.76,65.43,37.06,134.8,90.24,283.7,279.2,316.31,180.86,365.94,186.75,141.27,82.24,110.25,79.75,104.74,45.11,86.75
2022-09-08,94.91,155.95,108.32,64.61,38.17,137.53,90.27,289.26,291.43,317.41,183.15,368.48,185.49,143.24,83.67,109.2,79.41,103.98,45.37,86.47
2022-09-09,96.5,159.97,111.97,65.61,39.65,135.82,89.9,299.68,300.37,305.7,189.49,372.25,189.31,145.71,84.71,109.88,79.52,104.71,45.84,86.88
2022-09-12,97.61,162.5,114.39,66.8,40.15,136.79,90.81,304.42,296.97,308.93,192.4,374.03,189.65,147.61,85.56,110.88,80.15,105.18,46.11,87.82
2022-09-13,95.33,159.41,112.33,65.34,38.47,136.76,88.86,292.13,298.09,305.5,184.31,363.3,182.69,142.51,82.49,108.19,78.23,102.2,44.02,85.42
2022-09-14,97.67,163.27,117.71,67.2,40.24,135.76,88.88,302.61,307.05,320.62,184.65,360.9,177.74,143.1,82.3,109.27,79.43,103.32,44.35,86.85
2022-09-15,94.83,160.62,115.56,65.09,39.63,132.02,86.01,303.75,286.75,312.18,182.49,358.77,174.67,141.11,80.52,106.28,77.29,100.19,43.24,85.44
2022-09-16,93.21,156.45,113.13,64.41,38.37,135.81,84.79,303.35,287.32,318.01,179.47,354.5,175.15,138.27,78.21,106.11,77.25,100.36,43.21,84.22
2022-09-19,93.2,156.9,112.87,64.68,38.97,137.04,86.84,309.07,296.95,316.23,182.11,362.69,176.42,140.22,79.6,106.81,78.27,101.11,43.39,86.46
2022-09-20,92.44,156.28,112.07,64.28,38.5,133.31,85.69,308.73,287.65,304.71,177.99,355.59,174.82,139.18,78.02,105.64,77.22,99.76,42.78,84.43
2022-09-21,90.95,155.01,111.09,62.68,37.58,135.57,83.97,300.8,285.03,304.56,171.95,349.81,172.14,137.83,76.52,104.29,76.13,98.57,42.1,83.13
2022-09-22,90.57,154.89,110.06,61.88,38.23,131.77,83.54,288.59,272.15,283.63,170.55,346.13,171.1,135.13,75.53,104.68,75.94,98.88,41.68,82.1
2022-09-23,85.75,144.77,100.59,58.73,35.0,129.85,82.52,275.33,269.45,279.49,164.24,334.22,169.26,134.14,73.84,103.71,74.99,97.74,41.67,80.89
2022-09-26,83.98,140.96,99.2,57.88,33.86,128.21,81.15,276.01,265.03,274.92,162.62,332.24,167.96,133.53,73.14,100.84,73.15,95.63,40.58,78.61
2022-09-27,85.74,141.02,98.76,58.53,33.98,132.31,81.08,282.94,269.68,284.81,162.44,335.68,167.96,131.3,73.06,98.32,71.72,92.86,40.15,77.07
2022-09-28,88.86,145.78,103.0,61.41,35.44,136.19,82.37,287.81,277.95,292.31,167.76,345.9,171.68,133.91,75.02,99.61,72.52,93.56,39.68,78.49
2022-09-29,88.68,144.77,103.66,62.11,35.97,130.93,79.97,268.21,265.44,277.84,165.9,341.0,167.96,134.15,74.2,95.1,69.38,89.07,37.75,75.74
2022-09-30,87.31,143.67,102.34,61.45,35.9,132.27,78.41,265.25,264.44,277.47,164.08,333.89,164.9,133.36,73.22,93.02,68.0,86.45,37.46,74.97
2022-10-03,91.92,151.73,109.97,64.06,38.3,136.62,81.19,242.4,273.73,286.61,171.23,344.05,170.9,137.79,75.54,95.33,69.73,88.23,38.48,77.56
2022-10-04,95.27,157.63,115.62,66.17,39.12,143.06,82.82,249.44,283.78,288.25,179.63,360.29,175.98,143.48,78.25,97.12,70.69,90.66,40.01,78.82
2022-10-05,99.12,158.53,115.93,67.74,41.57,134.59,81.77,240.81,276.8,261.6,178.38,355.77,175.61,144.5,79.77,94.02,68.73,87.7,38.7,76.76
2022-10-06,102.06,161.42,117.65,70.5,42.49,132.06,78.91,238.13,280.94,257.45,178.81,355.47,172.87,142.45,79.47,90.77,65.73,84.51,37.76,74.46
2022-10-07,101.03,160.03,118.51,69.8,42.59,129.42,76.73,223.07,272.53,255.15,177.55,356.15,169.29,136.83,77.83,89.07,64.12,82.99,36.96,73.51
2022-10-10,98.84,157.14,116.8,65.63,42.13,131.06,76.74,222.96,278.1,258.18,178.67,359.68,169.76,136.38,78.37,89.15,63.99,84.45,37.81,73.78
2022-10-11,98.0,157.17,115.58,64.03,41.76,131.32,76.03,216.5,272.99,255.8,179.75,363.33,171.47,136.42,78.0,89.53,63.64,84.87,37.47,73.48
2022-10-12,98.43,157.64,116.3,65.11,42.02,126.88,72.75,217.24,251.45,248.13,179.5,361.21,170.65,135.45,77.5,85.97,61.5,81.74,35.96,70.35
2022-10-13,101.87,165.28,122.74,68.0,44.19,126.54,73.09,221.72,256.0,248.7,183.14,367.17,175.35,138.1,80.79,87.99,64.05,84.78,37.23,71.51
2022-10-14,99.19,160.14,117.96,66.68,42.16,123.36,71.77,204.99,237.47,237.87,178.19,357.14,172.0,134.31,78.22,86.82,63.51,83.52,36.59,70.75
2022-10-17,100.62,161.31,118.36,67.36,42.86,118.28,73.65,219.35,248.03,242.29,180.8,362.59,174.85,138.22,80.07,89.1,64.28,85.05,37.1,72.43
2022-10-18,100.8,162.72,117.89,67.78,43.36,121.31,75.06,220.19,251.67,251.42,183.55,371.31,177.65,140.64,81.6,90.81,65.39,86.58,37.56,72.71
2022-10-19,103.79,168.0,121.11,68.46,45.47,120.21,73.64,222.04,256.51,243.19,184.41,371.32,177.06,139.0,81.2,89.29,64.69,85.9,36.85,71.87
2022-10-20,103.93,168.96,121.81,68.85,45.69,118.72,70.64,207.28,255.39,244.29,180.54,365.52,175.44,135.26,80.15,87.23,63.5,83.93,35.54,69.87
2022-10-21,105.86,173.19,124.49,71.26,50.41,122.6,71.65,214.44,270.01,252.0,190.22,383.06,180.54,139.33,83.16,88.46,64.5,85.63,36.72,71.14
2022-10-24,106.6,173.13,125.14,70.83,52.15,124.57,73.28,211.25,270.57,253.3,191.3,385.89,184.58,141.57,83.89,88.69,64.59,86.0,36.87,72.07
2022-10-25,105.88,174.93,123.94,71.09,52.47,127.14,75.86,222.41,281.43,265.59,194.84,391.63,187.3,146.05,84.55,90.24,65.72,87.42,37.76,73.11
2022-10-26,107.14,177.09,126.57,72.52,52.18,131.4,75.6,224.64,282.15,291.87,196.96,391.18,187.91,145.52,85.2,90.81,65.64,87.45,37.61,73.76
2022-10-27,107.55,177.9,126.64,71.87,51.68,131.18,75.47,225.09,282.17,306.08,212.14,394.59,194.05,146.69,85.89,91.04,65.17,87.18,37.7,75.0
2022-10-28,110.7,179.98,127.17,71.84,50.45,132.67,79.03,228.52,280.16,305.25,219.34,396.85,202.39,150.28,87.4,94.0,66.34,89.4,38.76,76.19
2022-10-31,110.81,180.9,126.09,72.6,52.03,145.57,77.5,227.54,279.87,307.0,216.46,395.82,201.49,150.07,86.6,93.18,65.48,87.92,38.59,75.47
2022-11-01,111.91,182.22,127.78,73.8,51.55,148.57,77.71,227.82,279.0,299.48,218.5,388.71,200.58,151.64,85.85,93.74,65.53,88.53,38.76,75.72
2022-11-02,109.61,178.5,126.51,71.1,51.14,150.07,77.28,214.98,266.52,289.5,214.54,385.95,197.99,150.61,84.95,92.88,64.8,88.21,38.04,75.27
2022-11-03,111.1,181.13,133.82,72.16,51.8,157.73,78.18,215.31,274.56,296.11,219.26,393.63,201.86,154.59,87.01,93.22,64.85,88.68,36.96,76.31
2022-11-04,112.31,183.42,132.32,73.27,53.1,153.62,78.8,207.47,284.99,282.44,227.85,395.09,205.27,158.69,89.09,93.61,64.91,89.57,37.18,77.42
2022-11-07,113.64,185.61,134.94,75.97,54.81,147.25,77.29,197.08,286.49,268.83,228.61,398.77,207.17,158.4,91.24,92.23,63.36,88.0,36.68,74.86
2022-11-08,114.0,185.34,134.44,74.83,54.69,147.26,78.27,191.3,306.01,280.07,229.81,404.57,208.74,158.19,91.26,93.2,63.95,89.25,37.71,75.86
2022-11-09,108.9,177.93,125.26,67.93,53.07,151.16,78.2,177.59,300.13,284.75,225.54,397.09,206.04,156.3,90.12,93.45,63.44,87.82,37.69,75.04
2022-11-10,110.5,181.3,129.46,70.48,53.1,157.02,83.2,190.72,320.77,309.25,232.45,407.61,212.14,162.13,94.0,97.1,65.71,91.8,39.0,77.92
2022-11-11,113.95,186.46,133.96,74.33,54.82,150.42,83.31,195.97,325.38,292.01,236.49,406.03,210.09,161.6,95.44,95.17,65.09,89.98,39.11,77.32
2022-11-14,113.37,186.55,133.03,73.28,54.07,153.63,81.66,190.95,316.35,297.94,236.5,406.94,210.36,161.65,94.79,95.45,64.54,88.66,38.06,77.81
2022-11-15,114.13,188.05,134.09,74.43,54.67,159.63,82.91,194.42,295.86,300.73,234.59,406.97,212.76,162.39,96.18,97.13,65.89,89.22,38.24,77.71
2022-11-16,112.91,184.99,129.24,71.93,52.99,158.58,84.32,186.92,286.77,305.18,232.42,406.4,211.35,161.74,95.23,97.94,65.83,89.74,38.06,78.71
2022-11-17,113.06,184.09,131.19,71.46,52.83,164.98,82.35,183.17,277.45,312.96,230.44,412.99,211.85,162.63,94.61,95.52,64.92,89.07,37.48,77.04
2022-11-18,112.08,182.99,128.59,71.25,53.44,166.6,83.2,180.19,276.98,311.94,231.43,414.26,211.87,165.01,93.7,96.79,65.57,91.28,38.58,78.92
2022-11-21,110.97,181.24,125.49,69.59,52.27,165.39,83.6,167.87,282.88,308.1,232.17,411.7,213.88,164.55,94.67,97.04,65.73,93.15,38.7,79.39
2022-11-22,114.18,185.89,129.98,72.77,53.64,167.66,84.11,169.91,283.09,320.44,237.26,416.56,216.05,166.48,96.02,97.68,65.95,93.71,39.45,80.17
2022-11-23,113.61,184.24,126.74,71.12,51.42,169.47,84.92,183.2,283.9,315.78,236.92,437.52,216.2,165.36,95.89,98.54,66.36,95.13,39.87,81.5
2022-11-25,113.21,183.7,126.81,70.28,50.83,171.43,85.34,182.86,272.82,319.42,235.7,441.47,217.32,166.11,96.12,99.62,66.91,95.47,40.07,81.73
2022-11-28,109.81,178.36,123.84,68.23,49.88,165.62,83.73,182.92,266.11,312.21,232.3,441.21,213.1,162.55,94.22,98.61,65.84,95.22,40.23,81.54
2022-11-29,110.54,181.03,124.25,69.11,51.05,161.81,82.49,180.83,270.02,303.39,235.12,440.97,214.03,162.15,94.31,97.94,65.73,94.65,40.0,80.66
2022-11-30,111.34,183.31,123.51,69.49,51.55,172.53,84.7,194.7,277.99,320.59,236.41,441.0,216.83,163.45,95.77,99.93,67.64,96.8,41.37,83.1
2022-12-01,110.8,182.49,123.06,68.8,51.76,168.54,84.83,194.7,275.29,314.0,235.69,441.81,214.7,163.36,95.64,100.31,67.72,96.48,41.53,83.61
2022-12-02,109.86,181.03,122.18,68.21,52.79,168.32,85.2,194.86,284.28,336.0,236.13,445.61,216.37,163.31,96.87,99.52,67.34,95.12,41.45,82.96
2022-12-05,106.85,176.56,119.37,66.36,51.38,167.14,85.15,182.45,265.23,335.82,232.57,436.89,212.93,160.36,95.15,99.13,67.48,94.52,41.75,81.85
2022-12-06,103.88,172.01,115.61,64.14,50.88,157.47,85.18,179.82,257.99,309.73,228.29,438.25,210.55,157.81,94.35,100.51,68.48,96.37,42.87,82.68
2022-12-07,103.65,172.52,114.88,63.95,49.8,154.74,85.29,174.04,257.61,317.05,228.98,440.65,210.8,157.27,94.71,99.58,68.5,96.67,42.31,81.21
2022-12-08,104.42,173.54,112.6,63.71,49.92,152.71,85.76,173.44,256.03,319.87,230.92,442.93,210.71,158.75,94.93,100.45,68.68,97.72,41.77,81.05
2022-12-09,103.54,168.0,110.02,62.6,46.97,150.96,84.51,179.05,253.25,319.55,227.29,434.81,209.01,158.28,94.19,100.35,68.36,96.58,41.42,80.57
2022-12-12,106.09,169.75,111.78,64.03,49.1,150.28,86.55,167.82,259.36,320.86,233.06,437.05,211.84,160.83,96.15,102.32,71.03,98.55,42.5,82.76
2022-12-13,107.25,173.53,113.41,64.28,51.05,157.08,87.15,160.95,261.91,325.99,235.49,437.19,212.3,163.64,98.07,103.1,71.21,98.62,42.54,82.33
2022-12-14,106.46,172.33,112.87,63.68,50.43,160.09,87.05,156.8,247.86,332.8,234.48,438.44,212.06,161.36,97.72,103.3,71.11,98.49,42.82,81.88
2022-12-15,105.44,171.04,112.55,63.16,50.11,159.41,85.81,157.67,240.5,314.06,230.66,429.79,206.38,155.38,95.25,102.51,70.37,95.57,42.38,80.96
2022-12-16,104.7,168.72,110.44,62.53,49.38,155.08,84.14,150.23,242.86,303.39,232.72,431.09,207.14,154.5,94.96,100.34,69.43,94.57,41.93,78.66
2022-12-19,105.17,169.88,110.44,62.41,49.83,156.77,83.52,149.87,233.34,305.01,232.29,432.67,206.81,154.5,94.58,100.23,68.91,94.0,41.77,78.64
2022-12-20,106.69,172.67,112.65,62.37,51.76,156.59,83.52,137.8,233.5,302.07,235.14,435.36,208.87,155.91,95.04,100.21,69.47,93.67,42.06,78.26
2022-12-21,108.06,174.7,116.28,63.73,53.31,162.06,84.65,137.57,232.63,317.1,241.73,441.64,212.43,158.12,96.78,101.92,70.73,95.34,42.63,78.37
2022-12-22,105.88,172.08,112.9,61.8,51.39,156.89,83.34,125.35,225.98,298.87,237.54,435.86,209.68,156.11,95.08,101.95,70.76,94.47,42.52,78.52
2022-12-23,108.68,177.4,117.05,63.95,52.99,156.75,84.17,123.15,226.96,293.95,239.87,436.93,211.22,156.8,95.54,102.99,71.74,95.69,43.04,78.88
2022-12-27,110.19,179.63,118.47,64.33,53.5,150.22,84.0,109.1,214.16,274.54,243.14,436.15,212.23,157.34,96.66,103.67,72.27,96.29,43.15,79.42
2022-12-28,108.38,176.98,115.31,62.08,52.6,146.17,83.16,112.71,214.04,267.38,239.38,430.18,209.56,155.75,95.26,102.9,71.65,95.36,42.94,78.16
2022-12-29,109.2,178.32,116.39,62.28,52.91,148.78,84.08,121.82,217.47,265.49,240.2,428.64,212.09,157.35,96.36,103.84,72.19,96.01,43.13,77.94
2022-12-30,110.3,179.49,118.0,62.99,53.46,149.79,83.6,123.18,216.86,264.96,239.56,428.76,211.64,156.95,96.06,102.99,71.41,94.95,43.23,77.27
2023-01-03,106.51,173.99,113.12,61.05,51.5,145.94,83.83,108.1,214.5,253.31,238.88,424.29,211.64,157.75,96.11,103.7,71.9,94.87,43.16,76.86
2023-01-04,106.82,172.14,113.34,61.11,51.7,146.78,84.49,113.64,223.57,251.64,241.36,423.48,207.44,158.82,95.42,104.81,72.51,95.52,43.73,77.52
2023-01-05,109.21,175.24,116.77,62.22,52.67,145.46,82.63,110.34,218.61,240.37,240.28,414.73,201.94,157.2,95.01,103.26,70.38,93.78,42.78,76.24
2023-01-06,110.53,176.56,118.23,63.75,54.5,156.8,83.65,113.06,221.64,233.65,248.86,426.47,207.66,161.1,97.95,105.18,71.63,96.53,43.67,77.27
2023-01-09,108.47,175.18,117.36,64.08,55.64,159.17,84.07,119.77,224.0,227.94,246.62,428.2,208.06,160.88,97.26,105.19,71.5,97.95,44.15,78.57
2023-01-10,110.09,176.04,118.08,64.15,55.96,171.01,84.54,118.85,223.9,229.83,250.51,437.43,208.72,160.41,97.82,105.43,71.11,97.28,43.69,78.75
2023-01-11,111.37,175.2,118.24,64.09,56.32,172.41,85.0,123.22,236.56,238.82,250.73,433.48,209.67,164.09,98.2,105.66,71.56,97.63,44.14,81.03
2023-01-12,113.22,177.08,120.16,65.74,58.0,178.85,85.07,123.56,243.21,241.72,255.07,436.09,213.3,164.71,98.05,105.08,70.34,96.41,43.38,80.46
2023-01-13,113.15,177.56,121.47,65.31,58.28,180.19,84.68,122.4,242.23,245.83,258.46,439.63,213.93,164.45,97.92,104.98,70.32,94.84,43.38,80.42
2023-01-17,112.93,180.49,120.24,64.72,58.46,177.6,85.74,131.49,243.07,251.06,256.26,438.2,209.61,162.41,91.24,104.22,70.05,94.86,43.16,80.89
2023-01-18,110.61,177.23,118.55,64.42,57.13,177.57,83.8,128.78,243.8,250.31,252.82,425.99,201.71,157.53,89.21,102.25,67.72,92.45,42.23,78.35
2023-01-19,111.32,179.0,119.64,65.67,57.38,165.01,82.59,127.17,239.11,222.97,245.75,408.6,198.17,151.86,86.89,101.97,66.45,91.63,42.04,77.89
2023-01-20,113.35,180.9,121.8,66.91,57.35,167.87,81.82,133.42,248.49,222.54,249.71,410.6,199.53,155.51,87.35,101.82,67.12,92.17,42.34,79.0
2023-01-23,112.76,180.66,120.13,66.5,55.86,176.21,82.67,143.75,260.64,228.44,252.7,409.34,201.93,158.92,89.0,100.99,66.86,92.66,41.82,79.37
2023-01-24,113.81,180.83,118.81,64.43,55.47,171.49,83.9,143.89,264.59,219.47,257.61,416.67,204.37,161.69,89.48,101.37,66.7,92.7,41.51,79.56
2023-01-25,113.21,179.08,120.37,64.52,56.25,168.26,76.59,144.43,270.98,210.32,258.44,413.64,204.11,159.14,89.08,101.42,67.26,92.35,41.42,79.49
2023-01-26,117.76,187.79,124.65,67.09,57.47,175.43,76.4,160.27,279.45,208.02,262.12,421.2,206.76,160.9,90.62,101.34,67.52,92.99,41.6,80.25
2023-01-27,115.61,179.45,123.61,66.54,56.97,179.35,75.58,177.9,281.72,210.09,264.54,418.18,205.55,162.24,89.43,101.58,68.0,93.07,41.69,80.92
2023-01-30,113.56,174.2,120.53,64.13,56.34,170.78,75.05,166.66,271.98,212.22,261.5,420.6,203.23,160.87,89.69,101.64,67.43,92.87,41.75,80.62
2023-01-31,116.01,174.02,121.87,64.79,56.98,177.6,74.63,173.22,281.45,221.38,252.29,422.84,205.9,162.21,90.22,102.45,67.68,93.96,42.19,80.17
2023-02-01,114.74,171.36,117.7,63.5,55.7,180.15,74.24,181.41,285.9,227.14,249.54,426.99,204.16,163.34,91.62,102.54,68.86,94.65,42.3,79.94
2023-02-02,111.15,169.01,111.3,62.47,52.29,168.67,75.6,188.27,290.15,227.7,244.9,406.55,204.81,161.96,91.48,102.04,68.62,94.55,41.89,80.57
2023-02-03,111.92,169.45,108.11,61.24,52.64,168.19,74.67,189.98,287.23,222.93,247.76,406.06,200.18,163.24,91.39,100.58,67.27,92.11,40.9,77.95
2023-02-06,111.73,169.64,107.49,61.55,53.09,167.47,75.51,194.76,276.81,222.99,251.42,410.23,201.51,162.35,90.43,101.81,67.9,92.5,40.96,78.82
2023-02-07,114.92,174.09,112.02,64.6,53.89,165.89,76.08,196.81,279.34,228.46,249.66,409.52,202.92,164.49,91.18,100.82,67.74,92.28,40.82,78.55
2023-02-08,113.92,170.0,110.79,63.93,54.71,165.58,75.03,201.29,268.15,218.87,248.87,407.69,199.71,168.88,85.99,99.18,66.45,90.38,40.24,77.21
2023-02-09,114.35,168.44,109.93,63.2,53.84,163.94,73.27,207.32,267.39,209.6,246.28,408.01,196.75,167.27,85.15,97.55,65.78,88.48,39.99,76.38
2023-02-10,119.17,171.97,115.06,65.63,56.36,163.38,74.74,196.89,268.29,212.07,247.67,417.79,197.99,170.91,85.85,99.11,66.88,90.55,40.71,78.57
2023-02-13,117.8,171.01,112.31,64.76,57.31,167.26,75.62,194.64,269.93,212.57,248.15,415.33,200.85,174.32,86.91,100.04,67.13,91.09,41.19,78.89
2023-02-14,116.42,172.32,113.55,66.34,56.82,165.04,76.03,209.25,270.7,208.35,244.36,409.31,198.51,172.97,85.99,99.47,66.65,90.48,42.03,78.43
2023-02-15,116.07,169.01,111.65,62.9,55.99,172.36,76.94,214.24,272.79,217.87,248.7,410.04,199.21,173.75,86.92,99.26,66.77,90.92,42.67,79.19
2023-02-16,115.73,166.57,108.36,62.5,55.78,165.01,75.69,202.04,285.62,202.8,246.52,402.96,196.89,174.11,85.7,98.29,65.86,90.7,42.49,78.74
2023-02-17,111.28,162.85,104.12,60.73,53.34,164.28,76.07,208.31,258.01,204.99,247.79,433.31,198.92,175.24,85.44,99.49,66.63,92.41,43.05,79.25
2023-02-21,111.17,161.0,105.31,59.82,53.4,160.99,73.66,197.37,241.96,201.65,240.71,427.17,194.32,170.76,82.05,97.68,65.55,90.85,42.23,77.71
2023-02-22,109.73,160.35,104.08,58.42,52.41,163.61,73.68,200.86,246.45,203.57,237.89,426.41,193.07,171.31,82.3,97.47,65.24,90.82,41.84,77.58
2023-02-23,110.74,161.93,105.43,59.22,53.32,165.58,72.87,202.07,253.85,204.71,237.95,425.05,192.6,172.78,82.31,96.84,64.74,90.71,41.84,77.83
2023-02-24,110.75,162.41,105.25,58.98,53.92,162.16,72.92,196.88,249.52,198.96,236.17,417.42,189.66,173.25,82.18,96.92,64.56,90.43,41.32,77.64
2023-02-27,110.55,162.82,105.86,58.96,54.4,166.11,71.86,207.63,257.02,210.78,239.98,421.63,190.07,174.38,82.1,95.81,64.37,90.07,41.43,77.44
2023-02-28,109.91,160.77,103.35,58.56,53.21,169.14,71.03,205.71,254.31,210.53,239.55,419.24,189.11,174.93,82.71,94.26,63.06,87.97,40.39,74.98
2023-03-01,110.89,162.05,106.25,59.71,54.89,195.68,69.87,202.77,252.64,212.95,248.67,419.75,190.49,173.83,83.06,91.91,62.32,86.36,39.75,73.93
2023-03-02,111.4,162.56,108.33,60.27,55.3,198.22,72.21,190.9,250.38,211.56,252.18,421.34,192.04,175.15,83.8,93.77,63.67,87.99,40.38,74.35
2023-03-03,112.81,164.96,108.64,61.25,55.99,210.11,73.83,197.79,259.37,217.16,255.31,430.28,194.38,177.55,85.54,95.39,64.81,89.09,41.38,75.44
2023-03-06,113.81,166.17,109.56,61.68,55.35,212.3,74.4,193.81,256.89,225.35,253.98,425.71,194.6,177.15,87.15,95.98,65.23,89.37,41.49,75.53
2023-03-07,111.61,164.03,107.65,60.85,54.04,214.29,73.75,187.71,248.9,224.21,246.14,418.15,193.2,175.5,85.84,93.52,64.33,88.63,41.0,74.15
2023-03-08,109.98,162.99,107.23,62.15,53.54,214.33,74.25,182.0,253.25,218.31,248.72,424.29,193.15,177.21,85.62,94.67,64.73,89.3,41.25,74.31
2023-03-09,109.13,160.51,105.81,60.56,52.19,211.25,73.76,172.92,236.75,215.85,240.96,421.42,190.49,174.37,83.44,94.22,64.55,88.76,40.59,73.81
2023-03-10,107.78,159.67,104.22,59.86,51.0,207.73,73.01,173.44,225.13,210.22,227.01,395.93,190.93,170.3,82.17,92.83,63.94,87.53,40.18,72.06
2023-03-13,106.54,158.71,100.68,59.15,48.84,203.58,73.29,174.48,222.99,211.53,224.7,398.22,190.71,169.17,81.9,94.17,65.15,89.38,41.39,71.99
2023-03-14,106.94,160.76,101.36,60.19,49.36,207.29,74.55,183.26,225.36,213.01,225.67,402.45,190.58,171.83,83.09,95.09,66.18,90.25,41.34,73.43
2023-03-15,101.62,153.8,95.24,56.8,45.32,203.22,75.52,180.45,214.4,205.76,217.26,390.48,185.79,159.27,80.53,96.83,67.65,92.59,41.84,73.18
2023-03-16,101.03,154.29,96.4,59.04,46.18,206.56,76.23,184.13,214.61,201.1,218.71,391.11,186.8,164.38,81.92,97.2,68.12,92.01,42.15,74.35
2023-03-17,99.84,152.34,94.39,58.48,44.68,199.62,75.67,180.13,208.49,183.64,215.01,385.5,182.35,160.15,80.84,96.39,67.9,90.7,42.14,72.67
2023-03-20,102.45,154.58,96.16,58.98,46.22,204.68,75.97,183.25,213.2,192.51,220.31,394.5,187.53,163.56,82.27,97.31,68.55,91.76,41.82,73.75
2023-03-21,107.04,159.31,99.71,60.24,48.28,209.25,75.36,197.58,222.93,207.63,224.92,402.59,188.79,166.94,83.99,94.77,67.13,88.9,40.68,72.79
2023-03-22,104.59,156.07,98.37,58.68,47.4,205.01,74.13,191.15,216.11,202.15,219.95,394.97,184.84,166.16,83.4,92.95,66.71,86.85,39.68,71.0
2023-03-23,103.41,154.52,96.42,58.48,45.48,210.19,73.81,192.22,215.64,204.66,219.44,391.85,184.6,164.54,83.1,91.55,66.34,85.41,39.2,69.85
2023-03-24,103.53,156.06,95.43,58.18,44.57,211.1,75.69,190.41,217.79,195.99,217.01,386.5,185.83,163.64,82.89,94.37,68.59,89.09,40.24,71.39
2023-03-27,105.8,157.65,97.48,59.65,46.77,210.14,75.44,191.81,218.88,195.83,218.0,393.01,185.66,163.88,82.74,94.69,68.24,88.55,40.52,72.16
2023-03-28,107.12,159.49,97.93,62.21,47.64,210.01,75.24,189.19,218.16,193.52,220.16,395.35,185.59,165.59,83.7,94.75,68.39,88.93,40.82,72.72
2023-03-29,108.96,160.86,99.75,62.09,48.7,215.35,76.11,193.88,224.46,203.95,223.0,400.79,186.73,167.63,84.94,96.27,69.34,90.1,41.15,74.22
2023-03-30,109.49,162.39,99.25,62.32,48.74,213.32,76.59,195.28,222.44,205.27,224.54,403.7,186.78,169.09,85.59,96.16,69.06,90.43,41.45,74.78
2023-03-31,109.66,163.16,99.21,62.43,49.1,217.5,77.08,207.46,221.04,210.28,228.84,412.88,188.75,171.34,87.14,96.47,69.58,90.99,41.89,75.58
2023-04-03,116.13,169.95,108.42,65.18,52.33,208.49,76.67,194.77,218.43,202.6,229.87,414.99,190.88,170.54,87.24,95.09,68.97,90.9,41.81,74.79
2023-04-04,115.02,169.04,106.3,64.83,50.46,208.14,77.16,192.58,209.57,202.54,217.45,397.66,188.57,162.25,85.18,96.23,69.63,91.17,41.86,75.13
2023-04-05,116.99,169.88,107.75,64.57,50.7,201.61,78.33,185.52,196.71,193.67,213.53,373.82,187.08,158.47,83.09,98.84,71.5,94.54,42.93,76.57
2023-04-06,115.05,167.65,106.26,63.04,49.62,204.51,78.97,185.06,194.68,191.0,209.17,369.65,188.1,156.25,83.3,99.74,72.31,94.89,43.06,77.67
2023-04-10,114.54,168.29,105.95,64.09,50.04,212.03,78.43,184.51,199.82,195.8,215.53,377.33,189.3,157.44,84.45,99.13,72.04,94.44,43.26,77.64
2023-04-11,115.35,169.22,106.75,64.37,51.14,210.03,78.34,186.79,201.71,196.88,220.6,380.83,189.81,158.8,84.44,99.35,71.83,94.34,43.26,77.38
2023-04-12,115.23,169.82,107.53,64.84,51.98,207.89,78.59,180.54,201.7,196.03,220.5,384.39,190.84,162.22,83.64,99.41,72.12,94.26,43.08,76.97
2023-04-13,115.77,172.09,109.04,64.77,51.89,211.26,78.85,185.9,203.01,209.69,221.67,384.74,193.47,160.69,85.41,99.14,72.46,93.97,42.89,77.38
2023-04-14,116.05,172.44,108.5,64.48,52.48,208.4,78.02,185.0,204.0,208.9,223.68,387.77,194.11,161.82,86.36,97.64,71.94,92.5,42.13,76.51
2023-04-17,114.7,170.92,105.61,62.94,52.06,218.89,78.54,187.04,205.9,224.92,225.24,391.42,195.41,163.06,86.58,98.41,72.34,93.29,42.67,77.49
2023-04-18,116.94,170.52,104.95,63.0,52.17,219.48,78.3,184.31,205.27,227.87,225.2,396.69,194.49,163.69,87.27,97.41,72.58,92.47,42.85,78.01
2023-04-19,116.57,170.68,105.26,62.47,52.63,218.19,78.94,180.59,203.78,224.27,224.65,392.77,195.36,163.4,86.37,98.4,72.81,93.54,43.04,79.0
2023-04-20,115.64,169.85,103.78,62.03,51.97,215.53,78.75,162.99,193.05,224.79,222.27,390.36,194.31,162.96,85.87,98.22,73.02,93.51,43.0,78.47
2023-04-21,116.01,169.12,102.26,61.87,49.8,216.89,78.99,165.08,173.75,223.61,220.27,386.7,193.65,162.88,85.6,98.36,73.61,93.92,43.22,78.4
2023-04-24,118.2,171.48,103.65,62.76,50.22,209.9,79.04,162.55,183.96,224.6,223.43,388.04,194.34,163.79,85.59,98.9,74.1,94.24,43.45,78.93
2023-04-25,116.52,168.99,102.09,61.33,48.96,210.53,77.82,160.67,176.66,220.6,218.63,379.47,193.53,163.78,84.52,99.74,73.98,94.38,43.61,78.99
2023-04-26,115.45,165.98,100.47,60.26,47.78,199.51,74.07,153.75,181.2,163.83,216.19,374.61,188.53,161.92,82.48,98.35,72.59,92.25,42.79,77.17
2023-04-27,116.83,166.95,101.23,60.58,47.96,200.83,75.85,160.19,186.0,164.18,214.33,371.85,196.15,167.97,82.83,99.47,73.51,92.81,42.78,78.04
2023-04-28,118.34,168.58,102.89,61.53,49.35,182.58,76.63,164.31,185.46,164.2,218.8,378.02,197.36,167.12,83.26,98.88,73.55,92.42,42.44,77.75
2023-05-01,114.67,167.24,102.53,61.17,49.15,180.85,76.8,161.83,177.27,160.59,217.27,382.12,198.0,168.78,83.35,99.09,74.09,92.65,43.18,78.23
2023-05-02,110.1,160.04,98.64,60.04,46.18,176.4,75.94,160.31,173.4,152.88,215.15,383.8,195.8,173.25,82.22,97.6,73.15,91.28,42.57,76.6
2023-05-03,107.93,156.83,96.09,58.97,45.27,174.33,75.39,160.61,172.91,155.42,215.64,382.22,195.51,172.38,83.82,97.33,73.33,90.87,42.33,76.31
2023-05-04,106.04,156.22,97.36,58.7,45.07,171.59,75.51,161.2,175.65,155.42,210.38,373.59,193.79,168.44,82.74,98.11,74.25,91.44,42.56,76.75
2023-05-05,108.68,160.21,100.37,60.69,45.75,178.6,75.51,170.06,179.7,159.65,215.09,381.09,195.96,171.05,84.4,99.36,74.94,92.11,42.85,77.46
2023-05-08,109.11,159.58,100.9,58.96,46.61,177.46,76.06,171.79,185.88,163.29,214.79,380.25,194.51,169.88,83.81,98.9,74.57,92.14,42.77,77.46
2023-05-09,109.14,159.12,101.53,58.96,47.17,178.0,75.58,169.15,195.17,157.83,213.49,381.44,194.69,170.55,83.65,98.05,74.69,91.1,42.62,77.86
2023-05-10,107.74,157.09,100.47,56.85,45.86,180.74,76.89,168.54,194.51,161.42,213.17,380.39,194.89,169.11,82.48,99.14,75.66,91.72,42.92,77.79
2023-05-11,105.79,156.22,99.89,57.93,44.14,183.19,76.1,172.08,198.52,160.79,210.03,372.79,191.58,168.52,81.98,97.33,74.65,90.68,42.48,76.74
2023-05-12,105.78,156.62,99.43,58.09,44.07,231.69,77.96,167.98,195.79,167.55,209.54,373.98,191.22,168.58,82.52,97.45,73.35,91.66,41.75,76.64
2023-05-15,105.07,157.2,100.29,58.52,44.6,221.59,77.54,166.35,203.75,168.71,211.29,370.21,191.9,169.92,83.12,96.33,72.42,90.09,40.76,75.26
2023-05-16,102.52,153.51,98.07,58.14,43.25,212.8,75.84,166.52,205.67,160.96,207.2,362.68,189.24,166.41,81.15,94.01,70.9,88.09,39.37,72.75
2023-05-17,104.82,155.71,100.71,58.92,44.5,209.76,75.34,173.86,207.99,163.73,212.1,368.07,193.59,171.0,82.25,93.02,70.94,87.07,39.26,73.4
2023-05-18,105.77,154.01,100.74,58.25,44.85,206.28,75.1,176.89,210.14,163.72,214.72,370.52,195.79,174.61,82.3,92.81,71.05,86.64,39.39,73.56
2023-05-19,106.26,155.23,102.6,59.13,45.27,203.53,74.48,180.14,204.15,162.37,214.78,363.55,194.9,174.15,82.49,92.51,71.41,86.56,39.87,72.91
2023-05-22,104.97,152.44,103.73,59.04,46.0,201.69,74.58,188.87,206.5,164.65,214.26,360.5,194.49,174.18,81.71,91.97,70.95,86.41,40.12,73.04
2023-05-23,106.4,156.85,104.39,59.68,46.06,200.89,74.16,185.77,216.07,162.83,212.71,360.48,192.55,171.36,81.11,90.75,71.15,86.0,40.44,73.25
2023-05-24,107.59,157.27,103.98,59.39,46.23,198.55,74.24,182.9,212.23,164.05,209.7,354.08,189.48,168.17,78.95,90.16,70.85,85.17,40.15,72.86
2023-05-25,105.66,154.56,101.69,58.81,45.16,200.94,73.39,184.47,204.97,164.59,209.98,354.88,189.89,176.95,79.02,88.89,69.82,82.5,39.51,71.79
2023-05-26,104.97,154.08,101.85,58.94,44.48,201.77,73.92,193.17,203.99,165.2,211.8,357.21,191.35,182.46,79.51,88.7,69.47,82.25,39.39,71.93
2023-05-30,104.04,153.12,101.2,58.59,44.31,202.4,72.69,201.16,201.86,174.12,209.9,350.63,192.14,181.81,78.39,88.01,69.83,81.79,39.34,71.88
2023-05-31,102.18,150.62,99.3,57.66,42.83,202.96,73.46,203.93,193.53,173.88,205.75,345.98,189.23,175.9,77.68,89.29,69.75,83.12,39.65,71.76
2023-06-01,103.36,152.16,99.53,58.12,44.98,208.74,72.96,207.52,195.54,181.47,209.07,352.57,191.46,179.04,79.35,88.12,69.18,82.02,39.48,72.09
2023-06-02,105.76,156.26,102.35,59.69,46.77,206.74,73.85,213.97,208.36,181.86,226.63,371.07,196.39,186.48,82.81,89.68,69.45,83.45,39.69,72.29
2023-06-05,105.29,155.51,102.07,59.4,46.22,203.67,73.59,217.61,206.17,182.73,222.47,363.65,194.74,183.59,82.19,90.16,69.69,84.0,39.98,72.5
2023-06-06,106.15,155.79,101.94,59.44,46.95,196.82,73.38,221.31,213.11,182.61,226.68,373.69,193.91,183.42,82.54,89.75,69.37,83.44,39.75,72.54
2023-06-07,108.53,159.83,104.81,60.04,48.13,191.76,74.17,224.57,218.82,182.09,235.55,381.82,195.93,188.6,84.24,91.57,70.13,84.58,40.34,74.11
2023-06-08,108.19,159.24,104.54,59.71,47.45,192.33,74.9,234.86,219.62,181.4,234.45,380.77,195.69,187.82,84.07,92.0,71.08,84.68,40.13,74.54
2023-06-09,107.39,158.86,103.89,59.32,47.53,192.0,74.07,244.4,220.5,174.58,235.03,378.87,195.44,187.3,84.2,91.52,71.26,83.68,40.08,73.85
2023-06-12,106.42,157.33,102.82,59.19,47.02,196.24,73.98,249.83,218.55,176.89,237.9,387.13,196.04,189.55,84.07,91.39,70.84,83.69,39.91,73.58
2023-06-13,106.44,158.51,103.41,58.77,47.96,195.99,74.35,258.71,228.85,179.66,245.44,398.24,198.62,193.86,86.13,90.76,70.45,83.13,39.8,73.31
2023-06-14,105.16,157.09,102.67,58.47,47.27,193.03,73.4,256.79,226.8,179.2,243.32,399.05,198.04,193.07,85.84,90.85,70.48,83.61,40.12,73.64
2023-06-15,105.89,158.28,104.15,58.42,47.9,192.88,74.36,255.9,230.91,180.51,247.67,406.52,201.21,196.89,88.03,91.69,70.76,84.88,40.82,74.29
2023-06-16,105.13,157.26,104.92,58.15,47.78,188.99,75.59,260.54,228.17,181.81,245.27,407.63,200.45,191.26,87.41,92.18,71.76,84.93,41.21,74.1
2023-06-20,102.72,153.68,102.03,57.23,47.26,186.1,74.76,274.45,232.22,171.99,241.15,407.98,197.92,194.23,86.78,90.95,70.34,84.54,40.74,73.71
2023-06-21,103.87,154.88,103.7,57.47,47.76,184.58,75.78,259.46,230.38,167.99,241.48,416.59,199.3,194.84,87.45,91.65,71.64,85.45,40.91,74.25
2023-06-22,103.3,152.64,101.43,56.52,46.84,187.08,75.13,264.61,226.0,162.53,237.34,415.69,198.16,195.6,87.42,90.9,71.3,85.1,40.54,73.26
2023-06-23,102.4,151.35,100.46,56.07,46.59,184.52,74.17,256.6,220.18,158.69,234.44,404.45,197.61,194.46,86.68,89.72,70.45,83.49,39.87,71.88
2023-06-26,104.29,154.01,101.31,57.25,47.36,178.55,74.29,241.05,225.22,159.21,236.95,410.19,200.07,196.08,88.31,90.84,71.73,83.78,40.57,73.03
2023-06-27,104.55,153.53,100.79,57.13,48.14,182.73,73.91,250.21,227.07,161.03,240.69,409.51,200.82,197.65,89.63,90.52,71.12,83.44,40.82,73.14
2023-06-28,105.4,154.92,102.51,57.46,48.59,184.22,73.44,256.24,217.0,161.42,241.87,405.2,199.99,194.75,89.35,89.1,69.87,81.62,40.09,72.57
2023-06-29,106.7,156.24,103.06,58.52,48.47,184.01,72.81,257.5,218.98,158.77,244.24,401.63,203.91,198.85,89.22,88.88,69.14,83.26,40.11,72.44
2023-06-30,107.25,157.35,103.61,58.8,49.12,190.09,74.2,261.77,223.09,167.48,246.05,405.19,204.93,201.1,90.39,89.74,70.25,84.2,40.74,72.79
2023-07-03,107.46,157.21,104.23,59.21,49.47,191.39,74.38,279.82,229.26,169.55,247.33,406.48,205.72,200.63,90.76,90.72,70.57,85.32,41.05,72.59
2023-07-05,106.91,156.31,104.02,58.89,49.3,186.95,74.95,282.48,229.02,165.34,244.83,404.66,203.87,198.9,89.41,91.61,71.68,85.8,41.48,73.11
2023-07-06,102.92,152.88,100.34,57.61,49.12,183.14,73.02,276.54,227.57,161.38,240.58,401.17,201.48,197.75,88.24,90.56,70.79,85.33,41.06,72.11
2023-07-07,103.16,154.22,103.23,58.61,53.35,189.14,72.05,274.43,237.52,166.17,245.18,405.28,200.74,198.46,88.94,89.77,70.68,84.29,40.96,72.07
2023-07-10,104.69,155.25,104.35,58.7,53.62,190.82,71.71,269.61,239.86,175.47,248.81,407.09,205.17,203.06,89.43,89.22,70.14,84.34,40.98,72.22
2023-07-11,105.97,158.12,107.44,60.55,56.05,189.62,72.19,269.79,239.09,173.78,252.85,413.8,206.14,202.97,91.8,90.88,70.73,86.02,41.71,73.47
2023-07-12,106.49,159.64,109.31,61.32,56.68,194.96,73.47,271.99,243.44,182.8,253.6,407.67,205.94,201.92,92.12,92.36,71.59,87.24,42.05,74.36
2023-07-13,104.54,157.51,110.55,61.44,57.42,196.95,73.71,277.9,241.67,182.64,255.86,409.55,206.12,204.36,92.32,93.31,71.48,87.28,42.18,74.78
2023-07-14,100.94,153.58,107.09,59.38,57.13,191.3,73.2,281.38,235.27,177.94,255.62,414.61,203.59,203.46,92.09,93.01,71.38,87.22,42.02,74.22
2023-07-17,101.38,153.44,106.44,59.29,56.51,206.71,72.66,290.38,237.66,189.67,257.46,420.6,205.59,205.96,91.32,91.78,70.18,85.48,41.78,73.06
2023-07-18,100.92,153.75,108.75,60.08,56.98,201.57,72.05,293.34,237.03,184.05,263.81,431.56,202.71,210.34,91.8,90.91,69.09,84.67,41.28,72.53
2023-07-19,101.62,154.69,109.48,60.16,57.36,198.58,72.1,291.26,232.52,185.49,262.75,436.17,202.63,209.81,91.67,91.65,70.14,85.37,41.51,73.26
2023-07-20,103.41,156.4,111.69,60.46,57.26,198.5,74.1,262.9,223.11,175.92,261.09,439.63,205.38,210.91,91.89,93.2,71.07,86.82,42.01,74.81
2023-07-21,103.89,158.69,112.89,60.74,56.01,197.91,75.9,260.02,215.99,177.48,257.65,436.93,206.01,207.69,91.23,94.78,73.06,87.93,42.55,75.54
2023-07-24,105.52,161.82,114.72,62.32,57.02,197.66,75.5,269.06,210.8,177.81,259.37,442.59,206.73,207.36,92.24,94.77,72.95,87.6,42.83,75.63
2023-07-25,105.68,162.56,116.18,63.41,57.88,200.01,75.44,265.28,212.51,179.47,262.06,446.33,207.08,206.29,92.59,95.29,72.61,87.54,43.02,75.71
2023-07-26,105.09,161.34,116.83,62.85,57.67,197.41,74.37,264.35,210.02,173.36,258.32,432.95,205.68,203.04,92.39,95.56,73.09,87.61,43.2,75.97
2023-07-27,105.42,159.66,115.78,61.85,57.02,198.8,73.27,255.71,205.95,166.8,258.3,428.62,193.98,202.1,91.84,94.44,72.86,85.26,41.96,74.68
2023-07-28,104.16,158.87,115.93,62.08,57.15,208.4,72.85,266.44,208.05,154.33,260.43,427.11,192.77,203.3,90.97,93.34,72.35,85.42,41.7,74.65
2023-07-31,107.24,163.66,117.72,63.13,58.34,207.4,73.3,267.43,212.28,151.83,265.17,429.6,191.72,205.32,91.35,93.62,72.34,84.74,41.86,74.51
2023-08-01,106.62,162.3,117.38,62.64,57.61,202.68,72.17,261.07,207.99,150.32,288.65,433.44,191.08,219.0,91.63,92.15,71.28,84.03,41.47,73.62
2023-08-02,105.29,159.73,115.59,61.47,57.47,194.28,71.91,254.11,202.89,140.69,287.57,430.53,190.51,218.87,95.14,92.53,70.97,84.5,41.5,73.43
2023-08-03,107.12,159.67,114.99,62.21,57.98,196.24,70.1,259.32,199.35,140.36,281.45,423.94,188.15,217.1,95.89,90.37,68.62,81.99,40.5,71.65
2023-08-04,107.42,159.31,113.71,63.52,57.67,194.38,69.17,253.86,200.09,140.0,276.44,424.04,186.87,215.9,95.55,89.46,67.84,81.24,39.92,70.97
2023-08-07,107.2,159.89,114.48,63.9,57.97,195.6,68.64,251.45,196.75,135.45,281.65,431.31,187.25,221.09,97.22,89.66,68.02,80.88,39.97,71.2
2023-08-08,107.73,159.65,115.59,63.75,58.51,196.1,68.71,249.7,195.65,135.77,282.89,430.46,185.32,220.2,96.5,92.13,68.81,80.82,40.08,71.65
2023-08-09,109.56,159.86,116.44,63.81,59.51,203.6,68.92,242.19,194.22,138.46,284.53,436.09,186.89,217.83,96.04,92.82,69.19,80.71,40.25,71.89
2023-08-10,110.12,160.83,115.83,63.73,58.92,205.01,68.29,245.34,191.67,136.46,283.82,434.57,186.4,216.93,95.51,92.91,69.41,81.08,40.19,71.5
2023-08-11,111.83,164.15,117.81,65.84,59.65,204.87,68.92,242.65,187.49,135.2,285.22,435.07,188.31,218.36,95.74,93.82,69.5,81.11,40.51,72.18
2023-08-14,111.92,164.03,117.69,65.11,59.52,211.43,68.56,239.76,185.54,138.59,284.54,437.64,187.16,219.04,95.9,92.79,68.83,80.0,40.08,71.26
2023-08-15,108.16,159.24,115.51,63.55,58.33,199.83,67.35,232.96,184.04,134.56,277.37,431.68,185.47,217.94,95.47,91.44,67.78,79.1,39.59,70.02
2023-08-16,106.34,158.63,114.64,62.55,57.77,191.89,67.56,225.6,181.53,132.88,274.51,423.94,184.18,216.09,96.01,91.7,68.11,79.19,39.81,70.65
2023-08-17,108.4,159.75,116.73,63.16,57.89,183.44,67.51,219.22,182.68,131.44,275.17,419.16,183.68,214.38,95.73,90.7,68.25,78.78,39.96,70.86
2023-08-18,110.04,160.9,117.29,64.07,58.03,181.91,67.83,215.49,183.39,130.34,273.8,397.02,184.27,214.65,95.79,91.2,67.81,79.02,40.01,70.71
2023-08-21,108.71,160.36,117.21,63.73,57.44,181.7,67.08,231.28,188.07,130.16,272.75,390.79,184.63,215.74,95.06,89.63,67.61,78.56,39.74,71.11
2023-08-22,108.1,159.04,116.15,62.91,56.41,176.5,67.52,233.19,188.16,128.32,270.2,385.21,183.7,217.29,96.08,89.59,67.73,78.62,40.0,71.3
2023-08-23,107.15,159.25,115.81,61.82,57.89,180.58,67.89,236.86,191.78,130.36,273.03,394.28,184.76,221.3,96.63,90.34,67.55,79.43,40.25,71.86
2023-08-24,106.35,157.94,114.8,61.35,56.79,174.42,67.22,230.04,190.74,122.34,269.3,386.64,182.87,220.91,95.75,89.99,67.43,78.83,40.08,70.78
2023-08-25,108.25,159.12,116.52,61.84,56.46,177.45,67.96,238.59,189.74,124.09,272.56,390.21,183.99,224.25,97.64,90.58,68.09,79.33,40.3,71.56
2023-08-28,109.16,160.21,117.52,62.24,57.83,176.76,68.02,238.82,189.64,125.3,274.79,394.69,185.55,226.24,98.12,90.02,68.13,79.2,40.25,71.56
2023-08-29,109.81,159.96,117.66,62.4,58.22,181.61,67.51,257.18,197.75,129.05,280.03,404.1,187.17,228.08,98.65,90.29,68.57,79.63,40.5,71.71
2023-08-30,110.88,160.18,118.7,62.63,59.0,184.96,67.09,256.9,198.59,128.11,282.33,413.27,186.22,230.08,98.29,89.95,68.62,79.44,40.42,70.85
2023-08-31,111.19,161.1,119.03,62.79,58.96,189.12,66.8,258.08,198.71,126.53,281.13,410.94,185.61,230.37,98.25,88.8,67.73,78.4,40.12,70.22
2023-09-01,113.52,164.3,122.14,64.57,60.12,186.37,66.87,245.01,200.26,128.73,286.25,418.9,186.06,233.67,98.92,87.93,67.22,77.52,39.99,70.06
2023-09-05,113.53,166.46,122.83,66.18,60.21,186.48,66.2,256.49,200.8,127.77,281.63,414.43,183.4,229.57,97.88,86.65,66.3,76.0,39.51,69.2
2023-09-06,114.51,166.63,123.07,65.57,61.0,182.09,65.69,251.92,189.83,123.03,282.9,414.29,182.22,231.61,98.67,87.49,66.25,76.38,39.86,69.61
2023-09-07,113.95,166.64,121.71,64.57,60.83,180.5,66.25,251.49,187.57,122.23,281.43,411.73,181.84,234.81,99.4,89.4,67.11,77.34,40.57,70.46
2023-09-08,115.61,167.21,122.72,65.28,60.17,183.21,66.83,248.5,184.43,120.23,282.28,399.66,182.23,236.13,98.95,91.02,67.93,77.74,40.58,71.25
2023-09-11,114.16,163.76,120.44,63.84,60.77,179.37,67.53,273.58,186.32,122.19,282.05,400.37,183.9,238.04,100.12,91.78,68.13,77.8,40.58,71.16
2023-09-12,117.49,166.81,123.08,66.43,62.1,180.94,67.73,267.48,184.35,123.35,281.81,402.26,186.87,227.9,99.92,92.12,68.6,77.82,40.56,71.29
2023-09-13,116.44,166.2,122.31,66.32,60.62,170.5,68.43,271.3,184.58,119.6,275.92,402.23,189.22,221.41,97.68,93.88,69.5,79.33,41.13,71.92
2023-09-14,118.52,167.23,124.5,67.3,61.6,177.0,69.28,276.04,184.97,122.31,282.56,411.68,191.16,222.15,98.6,95.45,70.9,80.6,41.84,73.53
2023-09-15,116.7,166.5,123.57,66.15,60.58,174.05,68.64,274.39,183.84,120.3,279.15,412.11,190.65,217.64,98.86,95.18,71.09,80.04,41.65,73.1
2023-09-18,117.64,167.22,124.48,66.32,61.21,167.74,68.24,265.28,181.62,117.16,280.94,410.84,192.05,219.15,99.61,94.96,70.95,80.23,41.49,73.51
2023-09-19,117.33,167.2,123.16,65.81,60.43,169.18,67.59,266.5,179.99,122.09,279.67,398.69,192.93,216.16,98.82,93.84,70.91,80.06,41.07,73.52
2023-09-20,116.4,166.69,121.17,64.25,59.79,169.24,67.35,262.59,174.44,123.97,278.61,402.33,192.03,214.65,98.01,94.37,71.2,80.45,40.83,73.33
2023-09-21,114.76,165.19,119.07,62.56,58.82,166.24,66.91,255.7,168.94,124.85,272.03,387.64,189.06,210.65,96.49,93.41,69.9,79.88,40.46,71.96
2023-09-22,114.94,166.28,119.16,62.89,59.04,162.45,67.7,244.88,168.21,119.92,273.06,380.87,187.43,212.66,97.1,93.33,69.37,79.17,40.21,71.82
2023-09-25,116.23,168.71,121.07,63.16,59.84,164.34,67.47,246.99,166.89,121.1,274.27,384.39,189.48,215.9,98.1,93.31,69.29,78.68,40.3,71.66
2023-09-26,116.41,167.8,120.14,63.15,59.13,161.39,65.34,244.12,163.65,119.15,269.52,379.63,185.56,211.07,95.6,91.12,67.11,76.34,39.15,69.22
2023-09-27,120.2,171.04,123.09,65.6,60.8,158.61,59.96,240.5,162.63,120.11,272.71,384.36,185.55,214.36,96.86,90.09,66.14,75.86,38.8,69.41
2023-09-28,119.47,170.59,122.72,65.88,60.94,161.5,57.08,246.38,172.4,120.02,276.24,384.73,184.79,215.53,97.01,88.68,65.07,74.67,37.88,67.77
2023-09-29,117.58,168.62,119.8,64.88,58.3,161.59,57.29,250.22,170.04,120.15,273.0,377.38,182.45,213.28,96.57,88.26,64.72,75.22,37.79,68.03
2023-10-02,115.63,166.54,117.1,62.3,57.94,156.34,52.15,251.6,162.41,116.84,271.72,373.84,180.35,210.24,95.71,85.44,62.71,71.84,36.61,65.27
2023-10-03,115.83,166.93,117.6,62.46,58.61,151.25,52.78,246.53,156.77,114.22,268.97,372.78,178.9,209.05,94.85,85.76,64.03,72.81,37.05,66.34
2023-10-04,111.5,163.04,113.33,60.04,55.83,151.82,50.62,261.16,158.4,117.18,265.03,377.0,180.24,209.34,94.66,86.12,64.62,73.29,37.41,66.49
2023-10-05,108.99,163.9,113.42,59.42,55.4,145.35,49.45,260.05,155.03,116.01,260.8,375.69,177.79,203.18,93.59,85.48,64.59,71.33,37.41,66.25
2023-10-06,107.17,162.23,115.33,61.4,55.7,148.56,50.24,260.53,159.84,119.16,266.04,378.54,182.37,210.19,95.04,86.92,64.97,72.19,38.08,67.13
2023-10-09,110.92,166.72,121.82,64.18,58.24,143.8,49.32,259.67,155.75,119.75,271.3,382.94,184.21,213.28,95.87,88.23,65.91,73.66,38.7,68.5
2023-10-10,110.45,166.54,120.39,63.98,58.62,151.56,51.58,263.62,162.08,125.75,273.21,390.84,184.03,213.24,96.37,88.94,66.44,74.23,39.28,68.55
2023-10-11,106.49,161.1,120.04,63.35,58.76,151.5,53.54,262.99,164.8,128.61,272.83,389.36,185.08,215.87,97.09,89.87,67.1,75.28,40.04,69.27
2023-10-12,106.47,161.23,121.11,63.22,58.37,149.39,53.0,258.87,170.8,124.58,269.61,382.28,181.66,217.45,96.05,88.03,65.7,73.48,39.83,68.46
2023-10-13,109.87,164.06,124.86,64.37,58.96,147.92,54.49,251.12,163.38,123.81,267.94,380.66,181.29,208.6,94.76,88.68,66.55,74.47,39.95,69.49
2023-10-16,109.95,165.4,125.31,65.37,59.45,151.29,54.38,253.92,167.73,127.11,270.79,390.54,183.92,211.63,96.35,89.46,67.5,76.06,40.17,70.91
2023-10-17,111.39,167.59,125.46,65.53,60.24,158.06,54.17,254.85,169.48,129.24,272.65,391.12,184.01,211.77,95.97,88.96,67.11,75.67,40.06,70.57
2023-10-18,112.95,168.92,126.59,66.5,60.59,153.13,53.24,242.68,152.89,123.84,259.22,382.23,181.2,202.41,93.7,88.19,66.6,75.17,39.91,70.42
2023-10-19,113.02,169.1,126.38,66.46,59.97,151.97,52.39,220.11,144.56,115.9,252.89,381.37,180.01,199.91,93.14,87.78,66.44,74.42,39.77,69.55
2023-10-20,111.08,166.83,124.06,65.18,58.21,150.77,51.96,211.99,138.68,98.89,249.2,375.15,179.07,193.99,91.47,87.03,65.73,73.35,39.3,68.56
2023-10-23,109.45,160.68,121.34,62.82,58.84,151.32,51.52,212.08,136.28,96.29,247.32,373.27,178.28,195.47,90.16,86.33,65.43,73.35,38.4,68.14
2023-10-24,108.39,156.65,119.95,62.53,57.0,155.9,55.12,216.52,139.24,94.84,249.55,373.57,179.21,199.64,90.74,87.76,66.45,74.74,38.86,69.78
2023-10-25,108.59,155.87,120.41,63.27,56.62,151.36,56.46,212.42,135.32,94.35,244.94,371.91,175.88,195.23,88.83,88.15,66.61,75.36,39.0,70.17
2023-10-26,107.6,154.75,118.31,63.27,55.87,151.15,57.57,205.76,135.21,96.18,242.43,369.54,173.88,196.55,88.6,89.2,67.16,75.77,39.15,70.8
2023-10-27,105.55,144.35,117.8,62.23,55.83,143.26,56.24,207.3,134.44,82.09,238.56,361.15,174.81,195.31,88.03,87.53,66.53,74.93,38.43,69.72
2023-10-30,105.88,146.09,118.14,61.67,56.4,136.32,57.2,197.36,127.41,78.66,242.16,367.8,177.52,197.78,88.45,87.9,66.79,75.41,38.45,69.49
2023-10-31,105.85,145.73,118.8,61.81,55.66,142.45,58.3,200.84,126.78,79.58,226.05,365.36,180.99,207.91,88.97,88.89,67.3,75.54,38.94,70.03
2023-11-01,105.64,143.98,116.67,61.36,55.86,142.84,58.43,205.66,122.96,76.73,231.83,370.47,181.71,214.83,89.61,89.54,68.43,76.48,39.53,70.75
2023-11-02,109.11,148.76,122.02,63.27,57.36,147.59,59.91,218.51,124.62,78.92,239.12,373.56,184.12,216.16,91.16,89.89,70.12,79.24,40.7,72.08
2023-11-03,107.78,147.61,119.75,63.01,56.87,151.94,59.38,219.96,127.98,80.81,240.75,382.2,186.65,214.79,91.97,90.28,70.39,79.72,40.56,72.35
2023-11-06,105.87,147.0,118.47,61.75,56.48,146.97,59.04,219.27,119.46,78.18,238.28,378.25,185.18,216.43,91.74,89.72,69.23,79.25,40.02,71.88
2023-11-07,104.21,144.41,115.25,60.2,53.33,144.33,58.46,222.18,122.11,78.83,234.92,369.24,184.3,215.84,84.94,89.28,68.72,78.85,39.74,71.4
2023-11-08,102.93,142.4,114.45,61.15,52.93,137.83,57.5,222.11,119.01,76.9,234.82,369.37,182.33,217.6,84.75,88.36,68.6,78.15,39.58,70.53
2023-11-09,102.96,141.94,114.15,60.58,52.74,132.53,54.72,209.98,114.6,75.56,234.15,369.62,181.4,218.38,85.2,87.96,68.04,77.26,39.25,69.57
2023-11-10,103.75,142.95,115.61,60.98,53.3,133.92,55.14,214.65,116.98,77.98,239.68,373.99,184.4,221.82,86.5,88.27,68.1,77.7,39.43,70.34
2023-11-13,104.84,144.0,115.36,61.61,54.0,133.84,54.5,223.71,114.19,78.55,241.67,369.76,184.2,222.57,86.6,87.02,67.34,75.02,38.8,70.02
2023-11-14,104.29,145.05,115.54,61.73,54.35,149.14,57.55,237.41,125.32,91.39,247.86,374.96,187.88,228.1,88.55,89.85,69.21,77.41,39.59,72.6
2023-11-15,103.66,145.56,115.03,61.3,53.68,152.42,57.0,242.84,127.72,92.81,251.09,380.87,187.2,225.65,88.37,89.61,68.77,76.53,39.67,71.98
2023-11-16,102.46,141.77,111.99,60.31,52.11,154.51,56.6,233.59,122.6,90.67,248.21,378.56,188.35,226.8,87.5,90.18,70.27,77.38,39.48,72.19
2023-11-17,104.96,144.46,114.59,60.96,52.85,155.02,57.37,234.3,127.39,92.86,253.07,384.15,188.84,227.8,89.27,90.01,69.77,77.39,38.95,72.26
2023-11-20,104.5,144.38,115.39,61.14,52.74,159.29,57.34,235.6,130.36,98.5,250.45,380.33,189.42,226.92,88.79,89.3,69.44,77.19,39.08,72.43
2023-11-21,104.46,144.04,115.17,60.75,52.72,158.6,57.98,241.2,126.13,98.32,249.41,382.65,188.87,227.01,88.6,89.88,69.65,78.04,38.88,72.87
2023-11-22,104.01,144.33,114.85,60.21,52.52,159.72,57.47,234.21,126.59,100.2,246.01,370.76,189.93,228.91,88.84,90.36,69.59,78.25,38.86,73.12
2023-11-24,104.57,144.9,115.49,60.16,52.6,154.38,57.55,235.45,128.87,100.22,247.36,370.19,191.01,228.72,88.51,90.74,69.61,78.5,39.19,73.67
2023-11-27,103.96,144.36,114.8,59.87,52.55,154.65,57.58,236.08,120.78,97.8,247.39,362.21,190.58,228.78,87.99,90.93,70.26,78.54,39.14,73.72
2023-11-28,103.9,145.51,114.98,60.06,52.31,155.02,58.16,246.72,123.91,99.1,247.5,360.02,191.86,224.59,87.9,91.13,70.49,79.73,39.16,73.52
2023-11-29,102.34,143.91,113.97,60.33,51.87,155.43,58.36,244.14,123.38,100.96,249.45,363.94,191.85,225.8,88.31,90.71,70.23,79.21,38.39,72.95
2023-11-30,102.74,143.6,115.57,59.15,52.04,157.78,58.51,240.08,121.27,101.02,250.72,364.41,193.49,227.69,88.9,92.28,70.98,79.55,38.51,72.87
2023-12-01,102.99,144.81,115.23,58.83,52.39,160.29,59.17,238.83,126.16,106.52,256.76,368.81,195.33,230.46,90.12,92.64,71.52,80.51,38.99,73.2
2023-12-04,102.43,144.87,114.53,57.86,52.03,159.54,58.67,235.58,119.98,108.87,254.75,368.93,195.9,228.2,88.91,92.73,71.28,80.13,38.73,72.81
2023-12-05,100.44,142.86,113.14,57.28,50.61,155.39,58.23,238.72,113.26,110.0,255.19,361.14,194.51,225.6,88.35,92.47,70.93,79.31,38.5,70.93
2023-12-06,99.11,142.53,110.52,56.48,49.13,145.29,60.2,239.37,118.3,106.77,255.97,365.54,195.34,226.92,87.7,93.94,72.26,80.36,39.41,73.05
2023-12-07,98.42,142.42,110.85,56.4,48.46,144.18,59.85,242.64,125.35,107.17,257.41,361.22,195.34,227.93,88.72,94.46,71.65,80.2,39.34,73.04
2023-12-08,99.55,144.31,112.07,56.47,48.8,145.38,59.7,243.84,127.99,103.01,259.5,363.67,192.2,232.31,89.55,94.39,71.5,79.64,39.21,72.38
2023-12-11,99.62,144.35,112.16,57.06,49.15,146.11,59.71,239.74,126.54,103.55,260.92,361.03,197.91,234.68,89.72,95.36,71.36,80.49,39.52,73.94
2023-12-12,98.05,142.5,111.06,55.55,49.04,139.9,59.52,237.01,127.94,99.82,261.43,359.39,199.01,237.05,90.44,95.33,70.47,80.0,39.44,73.85
2023-12-13,98.92,144.61,111.85,57.22,49.19,146.56,62.51,239.29,140.06,107.61,267.97,377.01,200.56,236.79,92.23,98.08,73.08,83.57,41.0,76.49
2023-12-14,101.58,149.93,114.95,58.76,52.42,158.25,62.78,251.05,145.89,120.22,285.17,388.42,200.89,237.7,96.54,98.31,71.5,83.33,37.9,76.48
2023-12-15,100.9,149.35,114.54,58.56,52.19,168.67,61.5,253.5,147.06,123.92,285.74,386.07,200.88,237.41,95.65,96.63,70.86,82.23,35.49,75.22
2023-12-18,101.65,149.68,114.9,58.97,52.28,165.94,61.0,252.08,145.91,124.03,285.71,382.76,202.56,237.13,96.05,97.17,71.42,81.73,34.45,74.8
2023-12-19,102.99,151.64,116.49,60.3,52.98,172.66,61.57,257.22,148.93,135.32,292.96,393.94,202.06,238.15,95.74,96.81,71.26,82.13,35.41,75.0
2023-12-20,101.27,150.25,116.69,60.17,52.55,164.6,59.84,247.14,142.53,128.0,289.71,387.26,200.39,233.95,94.66,95.68,69.69,80.32,34.81,73.14
2023-12-21,101.73,150.71,116.83,60.44,52.58,170.04,59.6,254.5,145.45,133.86,290.07,393.34,202.51,237.29,95.71,96.36,69.37,80.04,35.07,73.14
2023-12-22,101.91,151.05,117.66,60.81,53.08,170.39,59.75,252.54,150.09,133.99,290.36,396.82,203.09,238.64,96.44,96.86,69.44,80.38,35.26,73.7
2023-12-26,102.14,152.41,119.02,61.44,53.68,171.94,60.21,256.61,152.39,137.34,295.63,401.27,205.46,240.21,97.52,96.73,69.45,80.73,35.53,74.46
2023-12-27,101.66,151.91,118.49,61.04,53.03,172.44,60.58,261.44,149.32,135.63,298.12,401.64,206.43,240.82,97.6,96.3,69.41,80.81,35.41,74.14
2023-12-28,100.19,149.77,116.5,59.97,52.24,173.22,61.02,253.18,149.43,134.79,296.88,399.26,206.58,240.75,97.09,96.92,70.16,81.33,35.85,74.67
2023-12-29,99.98,149.16,116.07,59.71,52.04,172.28,60.74,248.48,144.48,132.14,295.67,399.87,207.11,240.82,97.33,97.04,70.12,81.22,35.9,74.73
2024-01-02,102.36,149.48,117.59,60.05,51.98,172.16,61.57,248.42,146.89,131.24,292.71,400.91,206.41,238.9,95.88,97.81,70.85,83.18,36.47,75.82
2024-01-03,103.22,152.33,119.93,60.61,52.65,167.42,61.99,238.45,140.18,122.63,284.3,393.35,202.0,233.1,94.68,98.78,72.24,83.38,36.18,76.01
2024-01-04,102.32,150.66,116.48,59.12,51.69,166.31,61.8,237.93,135.93,118.07,286.1,392.39,202.36,234.48,95.1,98.49,71.71,83.39,36.02,75.96
2024-01-05,102.63,150.4,116.53,58.94,51.86,166.87,62.08,237.49,135.83,115.39,288.93,395.96,201.01,234.86,95.47,98.54,71.61,84.07,36.31,76.43
2024-01-08,100.92,149.5,114.5,58.27,50.32,166.13,62.92,240.45,136.58,116.0,292.25,397.98,200.15,238.98,95.77,99.39,72.16,84.51,36.69,76.96
2024-01-09,99.67,145.7,112.76,57.46,48.56,166.91,62.01,234.96,133.67,117.06,292.29,393.22,199.13,239.48,94.62,99.09,71.87,84.13,36.44,76.35
2024-01-10,98.69,144.5,111.18,56.8,48.45,162.33,62.28,233.94,132.94,117.54,293.35,393.71,199.89,240.89,94.77,99.28,71.83,82.54,36.64,76.13
2024-01-11,98.67,145.28,111.0,57.13,48.8,160.29,60.72,227.22,128.65,114.29,292.06,390.22,199.17,243.42,94.8,97.15,70.58,80.4,36.21,74.84
2024-01-12,99.95,147.27,111.7,58.06,49.95,160.44,61.04,218.89,126.05,110.22,290.41,386.51,198.61,242.11,94.87,98.46,71.42,81.49,36.07,75.41
2024-01-16,97.69,143.69,108.64,56.62,48.3,149.1,60.35,219.91,125.95,108.75,287.23,385.35,195.32,241.74,93.26,98.03,70.32,80.98,35.7,74.46
2024-01-17,96.98,143.12,107.57,56.22,47.89,147.26,58.27,215.55,120.7,105.55,278.63,378.61,195.5,237.26,92.42,96.83,69.63,79.73,35.59,73.57
2024-01-18,96.8,141.82,106.93,56.47,48.56,147.45,57.65,211.88,117.99,106.66,281.9,381.39,197.65,240.12,93.68,95.86,68.77,78.2,35.3,73.21
2024-01-19,96.95,142.24,107.87,56.42,49.64,145.92,57.26,212.19,115.13,103.59,285.28,382.72,198.29,244.6,94.91,95.56,68.95,77.7,35.04,72.88
2024-01-22,96.82,142.49,108.06,56.74,50.68,149.91,56.85,208.8,120.75,107.15,288.67,384.59,198.55,243.9,96.14,95.06,68.82,77.26,34.86,71.7
2024-01-23,97.91,142.09,107.99,56.73,50.42,151.46,57.38,209.14,122.59,111.3,288.83,387.46,200.43,243.25,95.78,95.61,68.83,78.11,34.75,71.72
2024-01-24,99.6,144.92,109.67,57.31,51.67,148.87,57.01,207.83,121.69,108.07,290.68,388.41,197.39,241.57,94.39,94.54,68.2,76.99,34.08,70.11
2024-01-25,102.13,148.57,112.05,58.01,52.47,149.23,57.98,182.63,118.45,106.83,300.77,393.01,200.05,245.82,96.24,95.73,69.24,78.09,34.9,70.73
2024-01-26,103.0,149.14,112.23,58.4,52.92,147.83,58.48,183.25,119.84,105.37,299.43,393.62,199.3,245.89,95.06,95.87,69.11,77.84,35.01,70.91
2024-01-29,103.13,149.08,111.6,58.22,53.2,149.3,59.57,190.93,123.2,109.17,303.25,397.68,200.53,248.72,95.01,95.77,69.19,78.38,35.29,71.49
2024-01-30,104.85,150.12,114.05,58.9,49.35,149.03,59.28,191.59,120.31,106.35,304.76,396.93,203.35,250.27,94.75,95.53,69.25,78.44,35.05,71.93
2024-01-31,102.81,147.43,111.87,57.57,48.7,146.3,58.63,187.29,114.74,104.13,300.31,393.58,199.75,246.08,91.73,95.83,69.52,78.14,34.81,71.56
2024-02-01,102.39,147.89,111.38,57.32,49.0,147.89,59.75,188.86,116.78,105.44,307.69,393.68,194.86,264.57,93.76,97.79,70.5,79.69,35.02,72.35
2024-02-02,101.97,152.24,110.63,57.04,49.0,141.82,58.15,187.91,114.25,101.76,315.09,392.6,193.68,270.1,93.98,96.22,68.65,78.63,34.35,71.34
2024-02-05,101.55,152.33,109.97,56.98,48.55,139.8,55.97,181.06,108.73,97.8,321.4,386.03,190.62,269.42,93.4,95.25,67.18,76.8,33.62,70.05
2024-02-06,102.25,152.35,111.52,57.57,48.01,141.11,56.23,185.1,113.02,100.51,322.72,388.9,191.24,271.12,94.26,95.06,67.4,77.23,33.91,69.76
2024-02-07,102.22,152.13,112.32,57.62,47.45,145.46,56.38,187.58,115.05,117.51,323.59,385.95,191.69,272.85,104.09,95.5,66.95,77.33,34.1,70.05
2024-02-08,103.97,154.06,113.9,58.05,47.79,143.17,56.29,189.56,114.33,116.88,322.0,385.83,191.06,273.21,102.38,92.65,66.94,75.94,33.75,69.84
2024-02-09,101.77,151.04,111.16,57.47,47.08,151.5,56.58,193.57,115.78,122.47,317.16,381.29,192.43,277.96,103.2,91.69,66.91,76.66,33.84,69.67
2024-02-12,103.17,152.08,111.1,58.03,48.14,157.22,57.55,188.13,120.09,128.9,321.63,389.39,194.9,274.05,104.28,92.65,68.31,77.59,34.38,70.69
2024-02-13,101.34,150.6,109.77,57.61,47.58,152.34,55.25,184.02,112.2,123.56,312.84,379.27,191.61,272.38,104.68,91.61,67.51,78.78,34.19,69.35
2024-02-14,100.84,151.01,110.12,57.3,47.75,158.24,56.01,188.71,114.39,131.62,316.71,384.78,192.46,275.62,106.24,91.34,67.81,78.8,34.12,69.46
2024-02-15,103.73,154.46,111.0,60.11,48.58,159.78,57.27,200.45,117.5,136.39,323.07,364.66,195.5,275.79,105.71,92.36,66.83,81.36,34.86,70.5
2024-02-16,103.73,154.63,110.57,60.52,48.57,156.98,57.03,199.95,122.59,131.87,321.91,360.68,194.73,277.52,106.15,91.88,66.48,81.35,34.91,70.49
2024-02-20,102.75,154.0,109.54,59.56,48.52,153.25,56.61,193.76,114.82,127.55,313.74,357.38,196.47,276.09,104.8,91.94,67.04,80.88,34.73,70.66
2024-02-21,104.85,155.44,112.87,60.47,49.21,150.03,57.1,194.77,118.55,126.24,317.14,357.29,197.06,277.16,104.96,92.99,67.73,82.56,36.21,71.96
2024-02-22,104.76,155.43,112.22,60.53,49.26,144.73,56.67,197.41,118.18,123.44,322.09,356.78,198.32,284.58,105.29,92.13,67.28,82.0,36.03,71.32
2024-02-23,103.84,154.66,111.51,60.02,48.82,142.89,56.78,191.97,120.65,118.19,323.88,364.66,198.14,284.93,105.91,92.73,67.69,82.45,36.13,71.97
2024-02-26,104.25,154.45,112.42,60.47,48.56,144.58,55.15,199.4,121.52,119.84,325.38,363.21,196.72,284.3,106.19,90.65,66.25,80.77,35.63,70.91
2024-02-27,104.03,152.16,111.61,60.6,48.46,144.99,55.56,199.73,128.59,121.11,327.63,360.66,195.72,283.57,106.13,90.85,66.46,84.07,36.21,71.06
2024-02-28,104.32,152.34,112.04,60.26,48.16,149.25,55.04,202.04,132.06,119.1,329.56,364.81,195.12,286.96,105.56,90.74,66.81,83.32,35.8,70.67
2024-02-29,104.52,152.01,112.54,60.61,48.33,153.89,55.19,201.88,137.85,127.01,333.96,365.05,196.27,289.0,106.85,91.83,67.25,85.19,35.84,70.6
2024-03-01,105.84,152.81,114.24,61.36,49.35,158.05,55.21,202.64,142.8,129.66,336.7,367.85,196.21,293.7,108.14,90.86,66.86,84.99,35.49,69.87
2024-03-04,104.36,148.88,111.64,60.68,49.42,156.7,54.97,188.14,133.2,123.97,338.65,364.42,196.77,296.58,109.51,92.42,68.2,84.95,36.2,70.74
2024-03-05,105.64,149.59,111.22,60.58,49.66,159.06,55.4,180.74,109.4,125.09,333.53,366.73,194.9,291.93,109.02,92.69,67.98,84.05,36.27,70.21
2024-03-06,106.77,148.33,111.99,61.09,50.03,158.42,55.53,176.54,119.59,125.36,335.63,366.63,198.02,296.74,109.8,94.07,68.58,83.92,36.67,70.64
2024-03-07,107.37,149.37,112.74,61.05,50.78,160.35,56.25,178.65,122.66,129.69,340.22,375.32,200.1,301.13,110.28,94.48,69.25,84.1,36.83,70.6
2024-03-08,108.38,149.88,113.0,60.8,50.4,161.35,57.81,175.34,118.33,130.28,339.19,374.1,198.26,297.49,110.15,94.94,69.01,83.84,36.96,71.07
2024-03-11,109.02,152.0,115.25,61.52,51.53,162.16,57.87,177.77,124.75,128.69,334.97,375.05,197.81,292.7,109.65,95.84,69.78,83.73,37.19,72.55
2024-03-12,108.32,151.89,115.02,61.14,51.57,159.38,57.15,177.54,123.93,121.0,337.24,372.65,196.66,297.74,110.6,95.01,69.35,83.39,37.01,70.96
2024-03-13,109.53,153.89,117.55,62.06,52.57,158.04,59.54,169.48,125.79,118.17,341.52,378.85,197.25,300.24,110.35,95.5,69.94,83.0,36.99,70.82
2024-03-14,111.47,155.7,119.78,62.58,53.23,149.39,59.54,162.5,119.89,110.41,341.92,380.23,193.92,300.29,110.41,95.05,69.38,81.86,36.57,70.22
2024-03-15,111.27,155.55,120.04,62.65,52.87,147.42,60.08,163.57,122.14,107.73,346.97,383.39,195.24,297.9,110.59,94.71,69.09,82.11,36.48,70.01
2024-03-18,112.3,155.41,120.26,63.2,53.43,149.48,60.17,173.8,124.58,111.19,351.9,385.31,194.32,298.75,111.06,94.94,69.42,82.16,36.6,70.6
2024-03-19,113.09,156.62,122.02,64.06,54.48,147.48,61.27,171.32,120.54,109.16,353.9,391.51,196.57,302.96,111.29,95.14,70.21,83.32,36.81,71.09
2024-03-20,112.99,154.55,121.91,63.79,54.4,151.02,62.2,175.66,124.45,113.7,356.45,394.05,198.69,309.81,112.02,95.41,70.23,82.85,36.56,69.77
2024-03-21,113.49,154.86,123.51,63.93,54.44,152.68,61.36,172.82,124.86,115.38,364.56,397.64,198.88,315.52,112.6,94.96,69.9,83.1,37.03,69.92
2024-03-22,113.49,154.66,123.03,63.81,53.99,153.31,61.78,170.83,120.86,114.61,358.11,398.86,198.24,316.58,112.45,94.61,69.8,82.95,36.7,69.77
2024-03-25,114.65,156.47,126.23,64.55,54.31,154.77,62.61,172.63,118.35,111.05,355.95,398.03,196.02,311.88,111.73,94.84,69.76,82.87,36.85,69.63
2024-03-26,113.79,155.27,125.99,63.32,54.07,153.16,61.43,177.67,119.01,109.35,356.39,398.52,198.51,312.08,111.95,93.67,69.27,82.48,36.56,69.24
2024-03-27,114.97,156.35,126.84,64.2,54.9,167.45,63.79,179.83,128.8,119.8,364.65,409.14,202.59,314.4,113.45,96.09,71.05,84.8,37.31,71.25
2024-03-28,116.24,157.74,127.28,64.99,54.81,168.8,63.91,175.79,131.74,120.98,366.43,410.74,202.71,312.68,113.42,96.71,71.74,86.1,37.57,71.83
2024-04-01,116.99,159.08,128.68,66.38,55.22,171.87,63.38,175.22,129.18,118.29,363.74,404.14,199.51,312.03,113.54,96.07,71.1,84.56,37.23,71.36
2024-04-02,119.28,159.78,130.67,67.26,54.68,167.17,62.88,166.63,126.48,113.55,364.83,404.0,197.75,314.75,113.27,96.54,71.34,85.21,37.58,71.8
2024-04-03,119.3,160.44,131.63,67.71,54.86,166.73,62.55,168.38,128.87,118.6,375.79,406.03,195.52,320.94,113.54,95.97,70.98,84.33,37.21,70.97
2024-04-04,119.72,160.69,131.75,67.63,54.27,171.46,63.73,171.11,121.12,120.78,369.79,407.11,193.62,320.16,113.04,96.12,70.05,83.96,37.22,70.84
2024-04-05,121.37,161.6,133.52,69.25,55.03,174.6,64.18,164.9,123.45,112.27,379.3,412.54,194.71,330.51,114.54,95.91,69.91,83.95,37.34,70.52
2024-04-08,120.55,161.27,132.42,68.73,54.04,179.22,64.86,172.98,131.69,115.24,373.47,410.75,195.31,325.82,114.67,96.31,70.06,84.27,37.78,70.77
2024-04-09,121.18,162.0,132.25,68.55,54.17,184.7,65.38,176.88,129.16,121.98,371.9,411.48,195.95,313.87,114.25,97.32,70.59,85.08,37.87,71.68
2024-04-10,122.2,162.67,132.82,68.94,54.2,185.29,64.01,171.76,127.65,119.6,372.07,411.97,193.23,314.37,114.08,95.41,69.77,83.29,36.91,70.18
2024-04-11,121.79,161.89,132.92,69.26,54.0,184.44,63.94,174.6,130.31,121.7,371.98,412.84,194.43,317.26,113.52,95.29,69.58,82.91,36.8,69.25
2024-04-12,120.37,158.96,131.2,69.01,52.0,182.48,63.08,171.05,122.58,117.02,365.63,397.27,193.73,318.5,112.65,94.9,68.73,82.1,36.48,68.69
2024-04-15,119.68,157.59,130.25,68.34,51.67,175.96,62.75,161.48,120.5,112.47,363.91,393.8,191.64,315.28,111.76,94.13,68.39,80.91,36.27,68.11
2024-04-16,118.69,156.28,129.53,66.82,51.41,173.08,61.7,157.11,114.11,110.47,359.88,393.01,188.36,315.35,111.49,92.87,67.77,79.51,35.75,66.41
2024-04-17,118.63,156.4,128.33,65.98,50.81,178.01,63.79,155.45,114.39,112.05,358.32,396.88,188.0,310.18,109.81,94.5,69.8,81.24,36.42,67.94
2024-04-18,118.52,157.57,127.81,66.04,50.94,174.29,64.01,149.93,111.8,109.17,357.93,400.6,188.71,308.94,109.31,95.93,70.57,82.56,36.68,68.44
2024-04-19,119.88,160.0,129.38,66.63,49.85,175.04,64.3,147.05,112.15,106.48,354.66,400.32,191.85,303.02,108.58,98.24,72.15,84.2,37.55,70.08
2024-04-22,120.56,161.92,129.33,67.0,49.51,176.28,65.31,142.05,112.29,110.51,357.61,399.61,193.16,308.09,108.63,98.12,72.98,84.9,37.67,71.13
2024-04-23,121.03,162.85,129.84,67.39,49.55,180.1,66.2,144.68,114.21,113.48,363.25,397.21,193.73,312.84,109.77,98.2,73.25,85.56,37.56,71.52
2024-04-24,121.05,163.57,129.28,67.33,49.11,177.48,66.56,162.13,115.27,107.17,363.52,394.62,192.38,318.79,109.62,98.96,73.91,86.37,37.77,72.04
2024-04-25,121.33,165.28,130.11,67.88,49.44,175.02,66.9,170.18,114.98,107.83,338.0,394.06,190.63,317.1,109.6,99.03,74.37,86.86,37.66,71.98
2024-04-26,117.96,165.89,130.24,67.78,49.2,178.73,65.99,168.29,116.88,111.93,343.38,393.33,191.05,324.3,109.89,97.71,73.21,85.26,37.32,71.32
2024-04-29,119.64,166.33,130.22,68.23,49.21,180.83,67.42,194.05,125.73,113.85,349.8,400.96,191.37,326.51,109.76,98.73,74.39,86.67,37.72,72.28
2024-04-30,118.27,161.27,125.62,66.14,47.48,176.3,66.97,183.28,120.31,108.76,334.57,391.41,190.34,318.26,107.78,98.26,73.5,86.03,37.58,71.63
2024-05-01,116.03,159.63,124.34,64.45,47.16,177.58,68.61,179.99,119.0,105.16,331.07,387.5,192.88,312.03,106.45,99.78,74.52,88.15,37.84,71.95
2024-05-02,116.24,160.73,122.25,64.66,47.58,180.51,68.85,180.01,125.3,106.06,335.44,395.96,191.24,315.27,106.41,99.31,75.33,88.25,37.89,72.87
2024-05-03,116.0,160.25,122.23,64.39,47.66,191.55,70.14,181.19,128.1,114.2,336.75,400.96,193.38,320.5,106.54,100.26,75.85,88.6,37.41,72.92
2024-05-06,116.75,162.3,123.55,65.02,47.96,193.81,71.25,184.76,130.78,115.08,342.1,401.84,192.58,327.24,106.24,100.42,75.47,88.81,37.55,72.71
2024-05-07,116.17,162.67,123.54,65.07,48.17,194.67,71.95,177.81,131.55,114.93,345.0,405.57,194.41,327.43,107.4,102.26,76.95,89.87,37.91,73.99
2024-05-08,116.15,162.54,123.06,63.68,47.86,190.72,72.85,174.72,130.46,112.36,344.5,405.42,195.6,330.4,112.65,102.38,77.63,90.58,37.82,75.23
2024-05-09,118.44,165.45,123.39,64.24,48.48,193.61,74.58,171.97,133.55,111.13,351.78,409.0,198.14,333.26,115.59,103.02,78.25,90.95,38.33,76.17
2024-05-10,117.96,165.82,121.91,63.57,48.5,191.05,73.79,168.47,129.62,108.35,354.79,407.89,200.41,330.57,115.55,102.67,78.14,91.61,37.67,77.18
2024-05-13,117.91,164.53,121.59,62.91,48.75,189.54,74.58,171.89,131.51,110.78,356.68,407.99,201.27,328.51,114.82,102.89,78.7,91.52,38.13,77.12
2024-05-14,117.67,163.61,121.04,63.06,48.62,186.97,75.42,177.55,135.46,117.11,358.18,412.78,200.69,330.45,114.35,102.31,78.71,90.79,38.4,76.63
2024-05-15,118.58,163.05,120.7,63.38,48.31,191.93,77.05,173.99,127.57,115.47,360.04,414.02,202.52,337.96,114.82,103.35,79.29,91.97,38.73,78.03
2024-05-16,117.87,161.09,119.83,62.86,48.42,194.62,76.41,174.84,129.19,116.85,350.72,394.43,204.06,330.18,112.82,102.84,79.38,92.54,38.62,77.67
2024-05-17,119.64,162.67,121.71,63.41,48.59,197.59,76.09,177.46,131.12,114.32,356.27,397.02,203.42,330.24,112.88,103.89,79.54,92.67,38.58,78.17
2024-05-20,118.67,161.14,120.89,63.57,48.23,196.34,75.87,174.95,130.15,113.45,362.75,391.48,202.08,333.25,113.7,103.66,79.19,92.59,38.46,78.09
2024-05-21,117.85,159.97,120.41,63.35,48.29,212.11,76.95,186.6,126.64,111.5,359.07,386.74,200.99,336.73,113.7,104.38,79.78,92.62,38.52,78.4
2024-05-22,115.48,157.57,118.19,62.66,46.48,251.75,76.32,180.11,126.48,121.23,355.94,386.01,200.29,336.18,114.68,103.44,78.69,91.48,37.9,77.33
2024-05-23,113.51,156.94,117.65,61.96,46.32,249.81,75.32,173.74,122.95,117.5,350.7,379.24,196.92,338.42,112.49,101.79,77.17,89.28,37.03,75.86
2024-05-24,113.42,157.75,117.25,61.95,46.24,276.74,76.61,179.24,127.59,125.18,348.9,374.96,197.22,340.89,113.42,102.17,77.75,88.97,36.69,75.84
2024-05-28,114.86,159.04,118.96,62.21,46.53,280.16,77.53,176.75,127.76,129.38,346.47,369.27,196.71,337.36,112.05,101.18,77.54,88.62,36.78,75.36
2024-05-29,113.63,156.9,115.25,61.12,45.64,278.19,76.68,176.19,123.44,125.69,338.11,364.98,194.63,332.89,110.92,100.42,77.2,87.47,36.18,74.03
2024-05-30,113.99,158.26,113.58,61.21,45.59,276.78,78.19,178.79,123.78,130.66,339.25,368.35,198.42,334.2,110.9,101.3,78.08,88.16,36.73,74.42
2024-05-31,117.26,162.3,116.48,62.5,45.89,271.76,80.02,178.08,122.59,127.9,338.52,374.76,199.68,332.85,112.16,103.57,80.14,90.25,37.55,77.03
2024-06-03,114.45,157.46,113.87,60.57,44.07,272.72,77.71,176.29,120.89,127.55,331.36,368.12,199.95,324.46,109.03,103.41,80.39,90.08,37.2,76.71
2024-06-04,112.67,156.13,112.27,59.89,43.41,266.17,77.15,174.77,118.31,129.77,327.57,369.37,204.66,316.17,106.87,104.6,80.71,90.38,37.36,77.18
2024-06-05,113.12,154.98,112.23,59.84,43.2,273.06,77.05,175.0,118.65,133.24,329.45,370.99,206.68,326.59,108.28,103.2,79.42,88.95,36.79,76.48
2024-06-06,113.97,155.93,112.2,60.08,43.66,273.45,76.7,177.94,118.18,132.3,328.29,371.27,205.87,313.46,105.97,102.86,78.65,88.7,36.52,75.99
2024-06-07,112.75,156.08,112.0,59.48,44.55,267.34,75.39,177.48,114.94,122.75,328.94,368.58,206.19,314.83,107.98,102.62,77.94,88.3,36.17,75.33
2024-06-10,113.08,156.74,113.3,60.48,44.98,279.8,76.97,173.79,114.06,130.67,329.61,368.3,208.13,322.98,108.73,102.52,78.97,88.55,36.21,75.08
2024-06-11,112.17,156.49,113.63,60.61,44.96,294.53,72.74,170.66,113.97,132.41,327.31,365.13,206.88,319.17,107.61,102.36,78.5,88.41,36.21,75.67
2024-06-12,110.93,154.22,112.19,60.3,44.71,300.71,72.26,177.29,112.65,134.52,328.73,370.09,205.92,327.17,108.5,101.32,78.44,87.96,34.75,75.65
2024-06-13,110.04,152.84,110.89,59.8,43.81,291.56,73.18,182.47,108.23,129.72,326.36,377.95,206.04,328.35,108.53,101.26,78.69,87.9,35.41,76.14
2024-06-14,109.11,152.57,109.39,59.84,43.0,273.61,73.06,178.01,103.51,124.61,321.47,378.0,205.95,319.02,106.46,102.36,78.65,88.0,35.54,75.97
2024-06-17,108.36,153.19,109.54,60.2,43.63,261.33,72.31,187.44,100.63,120.83,322.4,379.22,209.32,325.33,107.37,100.8,77.68,87.75,35.17,74.84
2024-06-18,109.38,153.33,109.41,61.26,44.44,262.37,70.44,184.86,99.54,119.01,325.14,382.76,210.23,327.59,108.68,100.03,77.94,87.55,34.89,75.1
2024-06-20,111.74,156.64,111.33,62.44,45.46,260.07,72.46,181.57,93.79,108.57,329.13,381.53,211.49,323.24,108.14,100.1,78.87,87.88,34.94,75.48
2024-06-21,110.76,155.28,111.34,60.92,45.66,258.87,72.81,183.01,94.66,106.67,327.84,375.04,212.42,320.06,108.41,99.84,78.46,87.05,34.78,75.27
2024-06-24,114.05,159.31,115.17,63.25,47.48,261.28,73.85,182.58,96.4,108.02,330.0,378.17,213.21,322.08,109.32,101.51,79.34,88.14,35.33,76.45
2024-06-25,114.37,158.46,114.99,63.1,47.52,256.74,72.98,187.35,92.77,101.85,327.4,369.47,211.79,322.76,107.87,100.2,78.02,86.89,34.82,75.44
2024-06-26,114.41,155.95,113.61,62.87,46.23,247.93,73.37,196.37,100.28,102.95,326.73,376.25,210.79,315.27,106.12,99.95,78.21,87.16,34.8,76.11
2024-06-27,114.9,156.32,113.97,62.69,47.01,249.92,73.72,197.42,96.27,105.23,327.46,376.79,211.72,313.94,108.29,100.59,78.04,88.3,34.7,75.94
2024-06-28,115.12,156.42,114.38,63.03,47.18,225.46,70.81,197.88,95.52,99.71,333.1,373.63,210.89,313.55,110.16,100.23,77.57,87.74,34.61,76.06
2024-07-01,114.96,156.52,114.36,62.88,46.58,222.71,69.9,209.86,97.41,97.26,329.08,360.99,208.34,312.37,108.05,99.35,77.0,87.28,34.55,74.97
2024-07-02,114.18,156.75,114.12,62.36,46.69,216.73,70.47,231.26,97.06,95.77,327.76,364.95,210.59,313.28,109.27,99.81,77.55,87.62,34.53,75.17
2024-07-03,114.76,156.71,114.77,62.32,47.31,231.11,71.83,246.39,100.09,99.17,330.61,362.79,209.83,318.42,109.56,99.84,77.72,87.56,34.73,75.17
2024-07-05,113.37,154.31,112.55,61.79,46.14,222.12,72.09,251.52,98.35,97.14,328.35,360.03,209.61,317.37,109.46,100.56,78.04,87.86,34.31,76.13
2024-07-08,112.18,154.33,112.23,60.95,46.24,227.12,72.11,252.94,99.15,102.81,329.06,355.0,209.01,318.96,109.97,100.64,77.8,87.11,34.24,75.18
2024-07-09,110.94,152.98,111.19,61.02,45.2,225.23,72.12,262.33,90.47,103.59,326.06,348.84,207.99,318.71,109.59,100.94,78.12,87.69,34.43,75.58
2024-07-10,111.92,155.13,112.53,61.41,45.28,228.57,72.9,263.26,96.9,106.75,328.48,351.53,211.83,327.07,111.5,102.83,78.44,88.25,34.69,76.1
2024-07-11,113.25,155.26,113.99,61.48,46.19,233.45,74.7,241.03,97.95,111.68,331.13,361.6,212.19,328.82,114.15,104.46,79.86,90.84,35.32,77.03
2024-07-12,113.27,155.59,113.14,61.2,46.42,233.24,76.0,248.23,97.87,119.34,335.59,365.33,212.44,330.48,114.59,105.39,79.99,90.96,35.24,77.05
2024-07-15,115.21,158.04,114.57,62.0,47.96,213.42,70.97,252.64,95.49,113.06,345.77,371.67,213.05,327.03,116.97,105.32,80.05,90.94,35.35,76.02
2024-07-16,116.04,157.77,115.19,62.12,48.72,221.25,71.9,256.56,97.71,116.17,360.58,377.51,215.76,332.46,118.87,106.53,81.12,91.85,35.52,76.37
2024-07-17,117.64,161.23,116.08,63.15,48.9,208.17,70.9,248.5,95.08,111.15,357.8,385.13,217.48,311.5,118.25,107.52,81.63,93.52,36.43,77.72
2024-07-18,118.8,161.97,116.61,63.73,48.72,213.58,71.67,249.23,93.81,107.94,356.03,380.64,214.97,309.07,116.54,106.91,81.31,93.49,36.24,77.77
2024-07-19,116.07,159.15,114.35,63.13,49.67,216.43,72.0,239.2,92.09,105.46,347.63,378.06,211.95,311.89,115.68,106.92,81.4,93.14,36.13,77.57
2024-07-22,115.27,156.99,112.32,61.21,49.44,220.24,72.9,251.51,93.57,104.74,347.87,379.25,214.28,320.32,117.83,107.54,81.85,94.35,36.25,77.99
2024-07-23,113.41,154.09,110.83,60.41,49.05,223.01,72.11,246.38,91.48,103.64,344.17,371.52,214.69,321.94,117.62,107.12,81.35,93.64,35.87,77.73
2024-07-24,115.01,155.07,111.1,60.07,48.03,221.33,75.41,215.99,90.88,116.91,336.04,369.39,211.0,299.6,114.08,108.6,82.67,95.02,36.47,79.12
2024-07-25,117.43,157.54,111.03,60.53,48.23,216.19,73.44,220.25,91.0,117.52,344.3,381.69,199.94,292.88,114.59,107.56,81.66,95.84,36.48,78.07
2024-07-26,117.33,157.84,110.86,60.54,48.83,226.74,74.26,219.8,92.8,119.34,350.48,386.55,200.23,297.79,116.84,108.03,82.17,96.45,36.75,78.55
2024-07-29,116.1,156.6,109.12,60.18,47.86,220.4,74.34,232.1,91.67,113.72,344.53,376.77,198.9,296.61,117.8,108.68,83.05,97.07,36.89,79.26
2024-07-30,118.17,159.57,109.91,60.27,47.61,210.89,74.28,222.62,92.51,109.37,341.72,371.77,200.13,287.24,115.7,109.9,83.38,98.14,37.22,80.22
2024-07-31,118.59,160.47,111.2,60.82,48.29,215.99,76.39,232.07,93.67,115.11,346.2,371.98,202.21,304.79,117.11,109.27,83.52,98.12,37.2,80.06
2024-08-01,116.95,152.62,108.39,59.38,46.66,218.5,78.39,216.86,93.17,109.68,331.52,357.91,202.04,297.88,113.09,112.6,87.57,101.24,38.26,81.48
2024-08-02,116.88,148.55,105.77,57.67,44.93,213.04,79.2,207.67,86.99,105.19,320.87,353.75,201.17,280.26,109.21,113.92,88.58,101.79,38.77,81.74
2024-08-05,114.77,144.66,104.57,56.18,43.77,207.09,76.68,198.88,83.52,103.39,316.8,344.84,197.24,272.52,106.39,111.01,86.57,98.06,37.52,78.7
2024-08-06,114.16,143.23,105.8,56.13,43.4,210.45,76.97,200.64,79.53,101.53,326.44,346.06,196.34,277.65,107.78,112.92,86.45,98.29,37.59,77.05
2024-08-07,115.68,142.41,106.93,56.11,42.86,208.76,77.56,191.76,79.06,103.42,325.8,345.98,195.47,277.68,99.54,113.51,87.29,99.57,37.84,77.26
2024-08-08,117.89,144.49,108.27,58.53,43.69,213.13,77.54,198.84,81.83,108.8,336.16,349.14,197.34,287.48,104.61,112.43,86.46,98.04,37.54,77.57
2024-08-09,118.85,144.99,108.61,58.41,43.55,211.8,77.46,200.0,81.65,107.86,338.26,346.03,195.77,291.64,103.69,112.67,86.8,97.53,37.48,78.41
2024-08-12,119.0,145.02,110.03,58.98,43.9,219.23,77.58,197.49,76.0,109.11,336.03,345.01,194.35,288.43,103.07,113.37,87.2,97.14,36.9,78.99
2024-08-13,117.86,144.15,108.34,57.46,43.77,230.27,78.12,207.83,77.22,112.52,338.8,350.59,194.29,295.39,104.1,113.72,87.2,98.13,37.13,78.51
2024-08-14,118.95,144.67,109.33,56.94,43.78,225.54,78.01,201.38,72.85,111.15,337.59,351.28,195.15,298.3,103.49,113.46,87.19,97.24,37.03,78.71
2024-08-15,118.73,146.8,111.23,57.81,45.04,229.58,77.41,214.14,79.14,117.12,345.64,373.26,196.0,302.46,104.29,113.11,87.01,96.56,37.5,79.68
2024-08-16,118.17,147.27,111.18,57.61,44.78,225.4,78.57,216.12,79.37,116.39,343.48,377.92,196.04,296.68,103.09,112.3,87.36,96.94,37.61,79.99
2024-08-19,118.53,146.83,111.74,57.39,45.36,228.38,79.35,222.72,82.78,119.71,344.65,372.91,196.57,297.05,103.84,112.72,86.94,97.54,37.61,80.87
2024-08-20,114.58,144.69,109.85,56.17,44.03,220.2,78.98,221.1,84.22,116.98,343.3,372.59,197.59,296.24,103.12,112.38,86.8,97.64,37.54,80.76
2024-08-21,113.85,145.32,109.62,56.02,44.2,222.63,79.64,223.27,88.6,119.31,342.97,377.05,198.92,299.69,104.02,112.73,87.57,98.01,37.87,80.98
2024-08-22,114.73,145.73,109.97,56.1,44.12,218.26,78.92,210.66,86.88,115.49,342.36,376.59,197.66,297.69,104.36,112.12,86.41,98.29,37.88,81.31
2024-08-23,116.32,147.62,111.4,57.24,45.12,231.07,79.66,220.32,90.5,123.0,348.41,381.18,199.97,300.0,104.64,112.36,86.12,98.25,37.79,81.4
2024-08-26,118.81,148.5,113.56,57.37,45.6,233.19,80.64,213.21,88.94,122.59,351.16,383.09,201.32,296.91,104.91,113.01,86.49,99.02,37.97,82.1
2024-08-27,117.68,146.95,112.43,56.84,45.04,235.42,79.61,209.21,88.98,122.53,351.12,375.98,203.56,296.03,103.86,111.9,85.74,98.54,37.68,81.65
2024-08-28,116.52,146.0,112.15,56.78,43.74,228.57,79.41,205.75,88.0,123.65,348.2,377.95,202.45,293.6,103.91,112.7,85.75,98.54,37.89,81.65
2024-08-29,118.13,147.42,114.37,57.21,44.18,223.1,80.03,206.28,91.65,121.3,351.64,381.82,204.94,301.09,104.09,112.99,85.8,99.75,38.03,81.62
2024-08-30,117.94,147.95,113.79,56.98,43.99,227.37,80.51,214.11,90.25,121.04,356.1,385.74,205.33,306.93,105.39,113.95,86.4,100.28,38.09,82.18
2024-09-03,115.47,144.66,109.85,55.4,42.29,212.74,79.93,210.6,84.12,112.91,340.24,385.69,202.32,289.73,102.02,115.79,88.91,101.57,38.49,82.63
2024-09-04,114.06,142.07,108.56,54.63,41.32,215.4,81.08,219.41,84.75,113.11,336.75,391.95,202.99,288.77,100.86,117.06,89.13,102.43,38.89,83.4
2024-09-05,113.17,140.93,107.45,53.74,41.22,214.76,80.33,230.17,82.6,112.08,333.56,383.69,200.46,285.72,99.97,116.85,89.51,103.1,38.42,83.09
2024-09-06,112.64,138.56,106.02,52.03,40.62,208.65,79.98,210.73,76.9,108.65,329.36,381.56,195.67,284.97,98.19,116.6,88.41,102.05,38.2,82.1
2024-09-09,115.01,140.3,105.6,52.18,40.41,205.36,81.19,216.27,78.41,103.04,334.04,387.23,198.67,289.38,99.58,117.16,89.32,103.66,38.73,82.94
2024-09-10,110.82,138.23,104.0,51.39,39.59,208.22,82.3,226.17,78.62,104.61,334.16,387.3,198.46,288.3,99.1,116.93,89.64,103.23,39.05,82.08
2024-09-11,109.72,137.88,102.57,50.66,39.57,239.84,83.43,228.13,89.3,110.59,335.0,388.59,201.51,297.14,99.91,116.2,88.77,103.05,39.3,81.37
2024-09-12,111.23,139.21,102.9,50.99,39.8,235.95,83.46,229.81,88.5,105.83,339.58,387.0,202.13,303.38,101.47,115.97,88.49,102.99,39.86,81.7
2024-09-13,111.15,140.61,103.5,51.05,39.96,228.79,84.65,230.29,87.44,109.91,345.31,394.68,201.62,305.8,102.03,117.31,89.44,104.17,40.23,82.97
2024-09-16,112.71,142.09,105.55,51.29,40.4,233.31,84.64,226.78,89.35,111.49,347.96,394.66,202.14,306.55,102.39,117.7,89.89,104.95,40.43,83.6
2024-09-17,114.18,143.41,108.29,52.06,41.5,239.98,84.97,227.87,89.82,118.53,353.69,397.88,201.71,311.73,103.9,116.73,89.65,104.21,40.2,83.95
2024-09-18,114.58,143.96,108.62,51.75,41.42,241.81,84.28,227.2,86.59,119.74,355.12,401.07,199.14,314.65,103.68,115.88,89.01,103.22,39.5,82.94
2024-09-19,116.0,144.99,110.55,52.03,42.75,240.45,82.29,243.92,89.33,117.36,373.31,409.73,201.18,328.92,105.91,115.14,88.86,101.74,39.29,82.51
2024-09-20,115.27,145.68,109.87,51.64,42.41,240.2,82.76,238.25,86.03,114.9,368.82,405.89,200.83,330.6,105.16,116.37,89.7,102.15,40.27,83.18
2024-09-23,117.36,147.54,109.69,52.24,42.9,249.28,84.82,250.0,88.71,117.0,371.17,408.95,201.24,329.79,105.05,117.31,90.52,102.53,40.4,84.04
2024-09-24,117.05,147.45,108.91,52.4,42.98,244.73,84.29,254.27,90.46,116.69,385.93,410.89,202.73,327.39,106.34,115.98,89.73,101.41,39.99,83.02
2024-09-25,114.77,143.97,105.73,51.12,41.81,241.72,84.62,257.02,86.58,113.29,378.25,406.93,204.22,328.55,104.4,116.21,89.35,101.15,39.99,83.0
2024-09-26,112.8,141.99,102.31,49.91,41.17,255.66,83.46,254.22,95.17,113.61,390.96,411.47,204.46,333.02,108.9,115.17,88.95,100.74,39.93,81.94
2024-09-27,115.82,145.49,104.72,51.03,42.29,255.75,84.54,260.46,96.05,115.0,391.08,418.0,205.06,328.45,109.22,115.97,90.1,101.84,40.38,83.25
2024-09-30,117.22,147.27,105.28,51.54,41.95,249.44,84.53,261.63,94.71,113.02,391.12,417.33,204.15,331.44,109.37,115.3,90.18,102.6,40.55,83.63
2024-10-01,119.93,149.7,109.37,53.25,43.14,240.66,85.27,258.02,94.32,111.2,392.39,416.44,203.52,327.58,109.26,116.22,90.88,102.22,40.77,83.92
2024-10-02,121.52,150.95,110.36,53.44,43.94,234.44,85.43,249.02,94.07,108.26,394.05,416.49,201.35,327.99,110.47,116.68,91.59,101.81,40.95,83.38
2024-10-03,122.58,151.25,112.42,54.79,44.89,235.12,85.05,240.66,94.31,106.79,391.09,408.74,200.37,326.96,109.63,115.76,90.7,101.37,40.78,82.53
2024-10-04,124.83,150.74,114.54,55.76,45.46,231.13,83.85,250.08,102.09,105.95,397.09,407.99,201.25,333.05,111.44,114.05,90.31,100.28,40.21,82.6
2024-10-07,125.37,151.12,114.72,55.91,45.59,229.62,80.29,240.83,104.47,106.36,398.25,406.04,200.81,334.63,112.52,110.23,88.89,98.06,39.54,81.51
2024-10-08,122.04,148.75,110.8,54.32,44.14,225.64,80.5,244.5,100.26,104.17,387.96,400.28,204.43,335.58,109.42,110.67,89.29,98.2,39.61,81.61
2024-10-09,122.09,149.65,110.97,53.9,44.21,226.05,80.58,241.05,101.92,105.32,396.19,405.48,211.05,338.25,110.88,111.32,88.93,97.72,39.6,81.52
2024-10-10,123.14,150.62,111.86,54.57,44.6,205.04,80.94,238.77,102.96,99.19,396.64,405.76,210.95,336.94,110.88,113.12,88.26,97.22,39.27,81.33
2024-10-11,123.61,151.42,110.49,54.76,44.78,211.49,81.86,217.8,102.02,100.97,402.02,411.08,213.31,341.39,112.06,114.17,88.96,98.25,39.74,82.16
2024-10-14,124.08,151.78,109.47,53.91,44.7,209.96,82.91,219.16,99.6,101.47,393.95,407.72,214.9,345.61,112.64,115.09,89.84,98.79,39.93,83.15
2024-10-15,120.35,147.73,105.21,51.56,42.95,201.98,82.79,219.57,95.74,92.04,387.99,401.99,214.58,338.04,109.25,117.12,90.71,99.66,40.56,84.03
2024-10-16,120.66,148.73,105.16,51.26,43.68,205.62,84.39,221.33,98.25,93.13,393.62,409.37,216.25,341.1,110.59,119.78,92.29,101.32,40.97,85.66
2024-10-17,120.35,151.2,106.15,51.72,43.99,203.37,83.78,220.89,94.67,91.57,394.49,405.14,216.83,348.49,110.45,120.58,92.7,100.91,40.77,85.49
2024-10-18,120.01,150.75,105.67,51.66,41.92,200.55,84.38,220.7,95.14,91.64,393.86,408.73,219.27,348.18,110.44,120.76,93.24,100.69,40.95,85.96
2024-10-21,120.08,150.88,104.99,51.82,42.43,196.25,84.03,218.85,93.84,90.42,390.48,406.96,218.76,347.07,110.41,119.89,92.73,100.16,40.5,84.93
2024-10-22,120.7,150.92,105.0,52.1,41.93,201.4,83.7,217.97,96.46,92.23,388.46,406.65,219.59,343.55,109.48,119.88,93.08,99.89,40.53,85.01
2024-10-23,120.27,150.48,104.51,51.32,42.13,192.41,84.96,213.65,93.96,78.47,385.73,408.64,217.61,344.96,108.51,120.57,94.15,100.83,40.74,85.96
2024-10-24,119.59,150.45,104.37,51.35,41.25,196.04,82.81,260.48,95.15,81.1,387.06,411.07,206.51,345.29,108.26,119.02,93.61,99.39,40.71,85.77
2024-10-25,119.49,150.81,104.56,51.58,41.74,198.47,81.43,269.19,93.51,83.83,385.97,407.93,205.42,344.49,108.13,117.21,91.88,98.19,40.07,84.38
2024-10-28,118.9,150.54,103.26,50.63,41.39,205.03,82.87,262.51,98.14,84.68,390.61,412.35,203.55,345.51,108.66,117.06,91.79,99.11,40.23,85.17
2024-10-29,117.28,148.52,102.32,50.08,40.43,199.67,79.56,259.52,96.65,83.07,387.51,406.04,203.43,345.55,108.91,114.41,89.82,97.39,39.55,83.55
2024-10-30,116.69,148.05,102.98,50.17,40.15,197.5,79.09,257.55,95.52,82.47,379.24,404.69,201.67,342.81,109.02,114.0,89.36,97.4,39.7,83.55
2024-10-31,116.78,148.82,109.54,50.11,40.07,194.48,79.25,249.85,94.73,83.04,376.2,404.69,203.13,331.58,108.27,115.27,91.03,98.75,39.3,83.37
2024-11-01,114.95,153.07,107.84,49.57,39.76,204.94,77.35,248.98,98.24,83.54,379.63,400.42,206.6,335.0,108.46,112.68,88.54,97.25,38.15,81.65
2024-11-04,118.61,153.97,108.86,50.56,40.32,212.28,78.37,242.84,100.57,87.46,376.52,401.68,204.97,331.13,109.81,112.52,88.12,98.4,37.97,80.81
2024-11-05,118.96,153.41,109.21,50.4,40.55,215.89,78.65,251.44,99.78,89.94,383.37,400.37,206.19,337.48,117.67,114.08,88.7,100.4,38.47,82.25
2024-11-06,121.0,157.72,113.63,51.39,43.77,194.02,74.52,288.53,96.58,74.81,416.88,405.71,213.72,359.18,126.86,113.63,87.42,96.25,38.32,88.26
2024-11-07,121.15,156.77,112.4,51.21,43.24,196.7,74.62,296.91,99.93,71.59,408.21,411.16,214.8,360.56,127.19,111.08,86.93,96.33,38.09,89.76
2024-11-08,121.11,156.93,111.59,50.53,43.18,193.93,76.97,321.22,100.84,66.9,393.37,394.06,216.77,366.67,127.26,113.23,88.64,96.4,38.11,91.25
2024-11-11,120.47,156.5,112.05,50.81,44.29,193.83,75.91,350.0,110.49,63.66,396.54,402.65,222.45,371.95,129.2,112.46,88.33,94.51,38.4,92.12
2024-11-12,120.35,155.29,110.64,50.29,44.33,182.26,74.26,328.49,102.8,60.09,393.01,393.75,231.01,368.99,128.4,111.88,87.71,92.96,38.16,92.2
2024-11-13,121.47,158.72,111.82,51.12,43.59,182.13,74.24,330.24,108.19,60.39,387.07,389.45,230.18,369.66,130.16,111.31,87.52,93.33,38.14,92.19
2024-11-14,120.56,161.8,112.92,50.67,43.45,195.14,75.28,311.18,102.1,63.56,387.36,394.64,227.81,361.86,129.0,110.68,86.78,93.76,38.12,90.44
2024-11-15,119.31,161.42,112.32,49.97,43.18,190.45,76.35,320.72,103.53,59.52,384.07,398.95,226.15,358.99,126.78,112.17,87.93,96.31,39.11,92.19
2024-11-18,120.31,160.76,113.76,50.91,43.49,195.56,76.39,338.74,104.03,62.4,384.46,404.53,226.01,357.83,129.16,113.54,88.04,96.49,39.23,92.92
2024-11-19,118.63,159.6,113.09,50.5,43.1,187.36,77.08,346.0,106.45,61.36,382.33,400.09,225.37,363.69,129.56,113.58,88.29,96.7,39.1,93.38
2024-11-20,120.32,161.33,113.43,50.91,43.53,184.84,76.88,342.03,109.55,63.38,381.5,404.96,223.86,360.46,129.1,113.74,87.97,96.8,38.73,93.12
2024-11-21,121.93,161.63,111.9,51.54,44.06,181.95,77.36,339.64,108.98,63.57,389.59,437.54,223.29,370.95,128.27,114.86,88.14,98.08,39.31,94.69
2024-11-22,121.79,162.36,111.75,51.93,44.23,186.05,76.0,352.56,108.38,66.29,397.49,446.65,226.27,377.41,130.07,114.7,87.6,97.59,38.71,94.27
2024-11-25,119.97,160.36,106.1,50.44,43.75,192.82,76.64,338.59,109.98,71.91,405.65,462.69,227.74,376.68,132.75,115.0,88.42,98.1,39.13,94.77
2024-11-26,117.97,162.53,106.78,49.85,43.48,192.32,77.49,338.23,106.79,70.5,407.83,461.04,227.54,377.29,133.0,117.04,89.33,99.33,39.49,93.29
2024-11-27,117.66,162.11,107.39,50.32,43.66,192.57,78.52,332.89,107.98,72.36,403.7,466.0,226.79,371.98,132.59,117.42,89.74,99.89,39.51,94.28
2024-11-29,117.96,161.93,108.34,50.58,43.94,199.27,78.67,345.16,107.7,71.35,406.11,465.9,230.04,375.42,132.6,117.05,89.13,99.86,39.56,93.67
2024-12-02,117.85,162.21,106.14,50.42,43.63,207.92,77.07,357.09,111.3,75.12,402.51,462.95,227.1,372.22,133.77,115.18,87.77,98.22,38.37,92.1
2024-12-03,117.67,161.92,106.05,50.4,43.65,207.51,76.29,351.42,109.07,73.26,399.26,459.25,224.15,373.75,133.4,113.64,86.26,97.02,38.14,92.01
2024-12-04,114.28,158.32,103.51,48.9,42.74,201.57,75.74,357.93,102.61,73.12,399.51,456.26,226.94,377.52,134.33,113.28,85.85,96.25,37.85,91.5
2024-12-05,114.78,159.33,104.44,48.48,42.02,197.93,76.2,369.49,101.1,70.34,394.98,448.12,223.49,371.05,133.15,114.01,86.19,97.45,37.98,90.94
2024-12-06,113.57,155.24,103.22,47.54,40.96,194.19,75.24,389.22,104.96,71.56,395.03,444.0,223.57,371.22,130.98,112.1,84.81,95.85,37.85,89.6
2024-12-09,112.9,157.08,103.16,48.72,41.17,200.0,74.7,389.79,109.66,76.39,399.26,449.41,222.3,364.06,130.43,111.86,84.31,95.58,37.44,88.78
2024-12-10,112.67,157.0,102.36,48.05,40.87,202.92,74.14,400.99,103.98,74.45,388.39,443.96,226.24,358.49,129.15,111.11,84.39,95.1,37.32,88.55
2024-12-11,111.92,156.21,102.19,48.47,41.56,201.0,73.98,424.77,103.84,74.23,388.87,448.03,226.22,361.91,130.87,109.59,83.25,93.63,36.76,87.41
2024-12-12,111.82,154.71,100.91,48.19,41.1,196.32,73.22,418.1,103.3,73.0,380.78,439.48,224.87,358.64,131.16,109.16,83.37,92.85,36.83,87.93
2024-12-13,110.84,153.87,101.02,47.64,40.22,199.67,73.62,436.23,99.38,73.84,380.51,440.44,224.8,356.01,130.2,108.82,83.2,92.71,36.87,89.16
2024-12-16,108.47,149.36,99.57,46.6,39.88,190.53,72.79,463.02,99.54,71.62,378.92,438.42,233.08,355.15,130.19,107.44,81.88,91.77,36.22,88.63
2024-12-17,108.01,148.11,98.26,46.56,38.93,188.27,72.27,479.86,97.55,73.4,375.8,443.59,230.24,347.08,128.08,107.89,83.28,91.92,36.52,86.96
2024-12-18,106.42,144.08,95.85,46.02,37.33,184.27,70.52,440.13,90.54,68.8,363.89,426.0,224.05,335.12,122.38,105.76,81.5,90.91,36.56,85.09
2024-12-19,105.51,141.15,95.18,45.36,36.91,175.88,69.77,436.17,88.92,65.8,360.37,426.63,224.07,335.64,122.35,107.08,81.78,91.24,37.19,85.9
2024-12-20,105.87,142.85,95.12,47.13,36.83,182.39,71.67,421.06,88.65,71.45,366.04,432.49,225.49,338.12,124.09,108.28,82.86,92.75,37.02,86.81
2024-12-23,106.3,142.97,96.38,47.84,37.26,186.36,72.49,430.6,89.2,73.0,365.39,432.38,224.33,337.71,123.93,108.56,83.04,92.86,37.33,87.04
2024-12-24,106.4,143.84,97.11,48.12,37.73,186.21,72.91,462.28,89.99,73.28,367.57,432.84,226.06,341.54,126.23,108.97,83.16,92.37,37.52,87.96
2024-12-26,106.49,143.98,96.89,48.2,37.73,183.71,72.37,454.13,89.15,73.01,367.12,433.84,228.99,340.16,126.39,108.31,82.84,92.06,37.45,87.61
2024-12-27,106.48,144.0,96.92,48.56,37.8,182.63,72.11,431.66,88.29,72.13,364.86,430.06,226.67,334.63,125.71,108.34,83.14,92.51,37.43,87.77
2024-12-30,105.76,143.07,97.09,48.46,37.81,178.07,71.76,417.41,86.14,70.19,363.01,424.64,223.79,332.38,124.26,107.71,82.38,92.06,37.63,87.35
2024-12-31,107.57,144.84,99.17,49.41,38.34,176.24,71.69,403.84,86.08,68.68,362.76,423.7,223.09,331.87,123.93,107.74,82.32,92.23,37.64,87.72
2025-01-02,107.31,146.71,100.08,49.81,38.4,186.47,71.61,379.28,85.23,71.36,359.77,418.18,222.73,331.96,122.18,107.82,82.07,91.94,37.66,87.13
2025-01-03,107.86,147.85,101.09,50.51,38.59,186.43,71.99,410.44,87.79,72.15,363.79,422.22,223.71,342.58,123.44,107.78,82.32,92.05,38.05,87.67
2025-01-06,107.74,147.26,99.99,50.77,38.76,191.27,71.24,411.05,90.19,71.38,364.2,418.0,218.99,348.56,122.09,106.37,80.96,90.32,37.8,84.51
2025-01-07,108.75,149.59,101.67,51.55,39.37,197.73,70.43,394.36,89.98,73.51,363.0,413.27,217.9,343.91,120.68,106.81,81.09,90.47,37.53,84.23
2025-01-08,106.93,150.3,101.62,51.19,38.81,191.13,70.66,394.94,87.38,69.66,361.07,410.0,217.44,345.11,120.3,108.23,83.02,92.26,38.19,82.82
2025-01-10,106.54,153.14,101.92,51.3,38.62,189.24,67.38,394.74,86.53,66.74,351.0,408.57,215.49,341.45,117.94,105.87,81.32,93.51,37.3,78.73
2025-01-13,109.29,155.35,104.23,52.68,39.85,183.61,66.96,403.31,91.51,66.87,362.5,429.91,216.38,340.88,118.47,106.14,81.87,94.54,37.56,76.94
2025-01-14,109.72,156.9,104.88,52.08,39.87,185.35,67.98,396.36,92.63,65.45,371.57,432.31,215.79,340.14,119.79,106.85,82.05,94.5,37.92,78.11
2025-01-15,111.51,158.33,105.48,52.7,40.64,186.82,69.29,428.22,95.15,65.83,374.89,428.88,216.82,342.58,120.72,106.45,82.34,95.12,38.02,82.42
2025-01-16,111.32,159.38,105.61,52.3,41.09,190.89,71.37,413.82,94.32,63.47,380.55,439.11,219.93,345.19,123.29,109.06,83.89,96.82,39.34,83.99
2025-01-17,112.32,161.47,105.85,51.97,43.58,192.88,70.76,426.5,97.49,63.69,386.02,455.44,219.82,346.28,124.53,109.26,83.9,97.25,39.42,85.18
2025-01-21,111.47,158.24,104.28,50.55,43.74,183.51,70.85,424.07,94.05,62.84,398.36,463.15,222.28,357.63,129.48,110.77,84.73,97.81,40.44,86.51
2025-01-22,109.53,156.41,103.06,50.2,41.63,171.9,68.49,415.11,90.25,60.99,397.61,459.75,220.33,371.23,129.94,108.82,82.52,97.49,39.22,82.8
2025-01-23,110.15,156.01,103.99,50.34,42.03,174.11,69.23,412.38,89.8,64.29,406.4,474.72,222.86,369.69,131.17,109.34,82.26,97.47,39.24,82.81
2025-01-24,108.66,155.65,101.83,49.29,42.25,168.25,72.83,406.58,88.76,63.36,407.63,478.77,218.76,368.98,130.6,109.86,83.48,98.18,39.38,82.71
2025-01-27,110.17,157.23,102.69,49.56,42.54,164.31,73.83,397.15,88.78,63.95,394.98,484.15,222.91,311.55,128.98,112.62,86.5,102.63,40.7,82.15
2025-01-28,108.04,156.21,101.38,49.0,41.32,160.24,70.54,398.09,85.9,62.24,390.29,479.99,217.96,312.67,130.0,111.31,83.54,100.0,39.81,81.75
2025-01-29,108.67,155.69,101.56,48.83,40.94,166.01,70.89,389.1,86.28,60.87,393.23,478.16,218.31,317.6,128.85,110.62,82.83,98.05,39.57,81.98
2025-01-30,109.57,156.32,101.46,48.92,41.02,167.39,71.3,400.28,85.65,62.05,374.98,479.99,221.28,327.1,130.44,112.26,84.93,98.03,40.02,83.29
2025-01-31,106.83,149.19,98.83,46.65,40.28,167.52,71.56,404.6,84.19,62.28,371.44,476.56,220.95,326.44,129.95,111.99,83.95,98.36,40.0,82.93
2025-02-03,107.09,149.34,98.48,46.37,40.16,167.19,71.05,383.68,80.45,63.91,361.55,467.05,219.65,315.41,127.85,113.2,83.97,99.36,40.57,82.59
2025-02-04,109.96,153.22,100.58,47.59,41.22,166.23,69.9,392.21,82.48,66.25,361.95,472.27,220.78,314.7,127.69,112.43,83.2,97.88,40.54,81.43
2025-02-05,109.88,152.99,100.21,47.36,40.81,162.37,69.2,378.17,79.88,65.26,358.85,467.68,219.59,315.25,124.76,113.86,83.87,99.39,41.04,82.3
2025-02-06,108.43,151.9,99.94,46.98,40.05,167.67,69.27,374.32,79.0,66.51,365.45,464.98,207.22,315.85,127.48,114.52,83.79,100.17,41.12,82.08
2025-02-07,108.89,152.62,98.36,46.78,40.16,168.34,68.27,361.62,77.37,63.53,363.88,465.6,202.97,313.05,124.37,114.99,84.58,100.35,41.31,81.98
2025-02-10,110.97,155.77,99.48,48.38,41.21,162.89,69.7,350.73,75.14,63.05,363.22,469.98,205.94,319.88,126.75,115.6,85.51,100.83,41.8,82.21
2025-02-11,111.67,157.44,101.71,48.61,41.78,161.6,70.33,328.5,75.7,62.58,362.23,474.3,204.38,316.51,126.91,116.69,86.45,101.88,42.36,83.43
2025-02-12,107.35,154.9,98.4,47.83,41.45,158.61,69.28,336.51,76.6,61.12,352.04,476.56,202.47,309.88,124.5,116.37,86.81,102.35,42.89,82.93
2025-02-13,108.13,155.88,96.9,47.88,42.08,160.34,68.6,355.94,79.25,62.59,353.7,466.22,202.73,307.81,125.3,113.95,86.78,100.99,42.97,83.86
2025-02-14,108.24,155.34,96.26,48.06,41.75,159.76,68.06,355.84,81.21,63.94,353.32,480.22,200.24,309.17,123.34,111.6,85.58,101.83,42.85,84.1
2025-02-18,110.14,156.16,97.45,48.84,42.65,162.87,68.5,354.11,83.58,65.67,354.0,501.56,205.46,313.12,125.01,110.89,85.89,102.2,42.7,84.62
2025-02-19,110.3,157.23,99.57,50.99,42.18,162.5,69.06,360.56,83.67,66.36,353.0,509.27,208.2,309.43,124.43,111.79,86.48,103.09,42.65,85.34
2025-02-20,112.0,158.79,102.0,52.09,42.6,164.09,70.14,354.4,82.51,66.17,349.15,495.79,208.73,308.82,124.75,113.16,87.82,104.35,43.17,86.01
2025-02-21,110.69,156.92,97.94,50.42,41.74,155.44,71.58,337.8,81.2,64.85,340.04,489.98,209.31,297.37,121.85,115.55,88.4,105.33,43.39,87.1
2025-02-24,111.27,157.89,98.82,49.86,41.53,152.91,70.8,330.53,81.03,66.08,338.92,484.55,207.31,289.85,120.68,115.92,88.89,106.29,43.35,87.18
2025-02-25,109.73,156.42,97.08,48.89,41.01,147.46,71.28,302.8,78.42,64.83,342.36,487.59,209.37,287.55,119.72,117.29,89.85,107.64,44.04,70.64
2025-02-26,109.46,155.14,96.13,48.55,40.6,156.84,71.01,290.8,77.53,63.71,342.58,478.52,208.71,297.35,119.86,116.31,88.75,106.89,44.06,72.85
2025-02-27,110.15,156.67,97.37,48.65,40.91,141.18,69.38,281.95,78.97,61.19,340.0,480.55,209.64,290.38,120.0,115.89,88.29,105.16,43.79,71.9
2025-02-28,111.33,158.62,99.15,48.84,41.66,136.18,70.17,292.98,77.03,57.33,343.95,480.79,210.25,293.32,121.61,117.49,89.79,106.05,44.2,71.57
2025-03-03,107.76,153.09,92.63,46.45,39.82,127.63,71.62,284.65,69.95,52.87,332.04,465.83,209.39,278.46,117.17,118.67,90.85,107.7,44.55,71.44
2025-03-04,107.54,152.0,90.64,46.53,39.08,131.23,70.85,272.04,72.16,57.86,326.75,458.38,205.42,279.22,114.03,116.41,89.89,105.24,43.68,70.63
2025-03-05,105.44,150.81,88.88,45.51,39.43,130.9,70.48,279.1,74.21,58.65,338.49,467.5,207.02,287.73,115.84,115.23,88.65,103.39,43.36,71.9
2025-03-06,107.62,152.95,88.6,45.71,39.76,131.13,70.01,263.45,76.48,58.72,341.01,482.84,208.64,277.55,116.34,114.84,88.72,102.59,42.88,69.62
2025-03-07,109.02,156.34,90.63,47.24,41.37,139.13,72.83,262.67,75.51,61.63,350.3,499.62,211.86,284.98,118.61,116.74,91.4,104.62,43.11,69.3
2025-03-10,111.8,157.57,92.9,47.36,41.14,133.11,76.16,222.15,76.39,63.32,345.21,488.78,211.17,277.61,111.83,118.5,92.96,107.32,43.76,69.47
2025-03-11,109.16,154.08,95.41,46.28,40.08,139.1,74.03,230.58,72.67,60.83,339.77,475.5,206.01,282.31,110.72,117.7,90.1,104.43,43.4,68.79
2025-03-12,109.13,152.67,97.75,46.1,40.05,136.04,72.92,248.09,72.81,58.48,338.13,471.37,203.79,292.04,110.84,116.64,88.68,102.96,42.61,68.95
2025-03-13,108.67,153.61,96.19,45.45,39.93,132.81,72.73,240.68,72.4,58.01,333.31,467.09,204.13,283.7,109.2,118.21,89.63,104.24,43.47,67.85
2025-03-14,111.9,157.02,98.95,46.53,41.1,132.51,73.55,249.98,75.23,58.13,339.64,477.5,206.87,293.61,111.93,120.12,90.38,105.56,44.19,70.21
2025-03-17,113.76,158.72,99.36,47.26,41.43,133.03,72.11,238.01,79.34,63.8,342.64,482.35,207.81,297.23,113.59,120.81,90.54,105.86,44.39,71.06
2025-03-18,113.64,160.81,100.53,47.65,41.13,127.34,70.7,225.31,78.5,61.38,336.71,481.17,207.14,290.64,111.85,120.76,90.23,105.99,44.42,70.75
2025-03-19,115.41,164.05,101.33,47.96,41.08,129.34,70.5,235.86,79.49,62.31,338.62,479.41,206.06,294.56,112.39,119.31,89.6,105.84,44.44,71.09
2025-03-20,115.9,164.77,102.31,47.96,41.28,128.46,71.15,236.26,77.03,61.69,336.25,477.02,208.28,295.53,111.8,120.16,89.97,106.21,44.59,70.0
2025-03-21,115.5,164.75,101.92,47.94,40.99,131.32,70.88,248.71,77.56,61.54,335.78,472.43,207.52,295.44,113.11,119.1,89.36,105.11,43.8,69.54
2025-03-24,115.8,165.02,102.19,47.92,41.7,128.82,70.07,278.39,77.55,62.16,341.67,479.96,209.22,302.84,115.37,118.15,88.88,104.18,43.58,70.26
2025-03-25,116.59,165.94,102.55,49.01,42.28,131.46,68.59,288.14,77.67,62.77,342.62,478.93,209.49,300.0,115.3,116.08,87.73,102.5,42.76,69.11
2025-03-26,118.27,167.97,103.2,49.75,42.42,126.34,69.73,272.06,75.72,60.15,341.11,483.62,210.48,285.52,113.59,117.11,89.06,103.9,44.02,70.77
2025-03-27,117.89,166.65,102.82,49.51,42.1,126.6,70.03,273.13,74.75,60.71,339.3,479.72,211.52,280.91,112.08,117.65,90.03,105.15,44.25,70.06
2025-03-28,117.73,166.09,102.37,48.83,41.88,127.32,70.45,263.55,72.19,61.65,329.69,465.31,207.73,274.17,108.64,119.41,91.13,106.96,44.71,69.73
2025-03-31,118.93,167.29,105.02,49.36,41.8,126.43,70.89,259.16,72.02,62.05,329.8,469.35,209.13,271.83,109.64,121.97,91.95,109.27,46.08,71.36
2025-04-01,119.04,168.51,105.39,49.19,42.2,127.57,70.92,268.46,71.82,62.39,330.57,478.45,210.8,276.7,110.0,121.07,91.82,108.37,45.92,71.56
2025-04-02,118.67,166.47,106.1,49.33,42.19,129.82,70.48,282.76,72.25,62.52,334.66,470.9,213.31,283.84,111.54,120.39,91.3,107.75,45.97,72.84
2025-04-03,112.43,156.12,95.25,43.9,39.21,136.23,72.14,267.28,66.5,58.77,305.76,447.45,204.12,260.85,101.89,124.05,92.56,109.11,47.23,70.73
2025-04-04,104.34,143.28,86.29,40.54,34.78,128.69,66.91,239.43,58.51,57.27,288.08,429.86,188.62,246.52,94.57,118.93,88.94,104.48,45.35,65.88
2025-04-07,102.94,140.15,85.67,38.75,33.14,130.05,65.06,233.29,58.1,55.76,280.06,423.35,185.14,252.45,96.97,116.86,87.22,101.57,44.69,63.91
2025-04-08,100.77,136.93,82.66,36.11,31.95,120.38,64.11,221.86,50.76,49.52,273.94,412.99,180.59,251.5,94.15,115.95,86.86,101.28,44.49,63.78
2025-04-09,105.8,146.03,91.51,40.23,35.98,129.63,67.58,272.2,60.47,54.13,301.01,452.59,196.63,283.59,104.43,116.31,87.8,102.35,44.3,68.06
2025-04-10,99.93,134.98,83.29,36.47,32.54,122.19,66.72,252.4,54.71,49.56,289.16,444.19,190.99,270.72,99.73,116.84,88.89,103.2,45.12,66.9
2025-04-11,103.14,135.63,86.39,37.67,33.96,125.93,65.81,252.31,56.67,51.89,293.45,459.13,196.09,277.53,100.49,118.94,89.86,104.63,46.0,68.31
2025-04-14,103.39,135.32,86.45,37.9,33.92,131.26,67.69,252.35,57.39,54.55,298.12,467.67,197.77,277.83,101.04,120.6,91.16,106.58,46.86,69.73
2025-04-15,103.1,134.54,85.72,37.8,33.76,126.82,67.66,254.11,54.01,53.07,293.43,461.26,196.35,277.12,100.44,120.49,91.02,106.68,46.74,70.22
2025-04-16,104.19,135.36,86.36,38.45,34.15,124.38,65.64,241.55,52.57,51.75,290.14,452.42,190.88,269.16,98.67,120.35,90.47,105.92,46.51,70.39
2025-04-17,106.92,137.87,88.98,39.71,35.11,127.98,66.31,241.37,52.91,52.54,294.25,452.07,194.16,268.32,99.57,121.8,91.81,107.71,47.26,71.12
2025-04-21,105.35,133.73,87.55,39.02,34.62,122.45,64.68,227.5,53.02,51.62,284.74,441.56,191.82,259.47,96.42,120.17,90.23,105.53,46.23,70.46
2025-04-22,108.3,137.3,89.76,39.97,34.61,135.35,66.64,237.97,54.77,53.43,291.17,454.66,195.91,266.91,99.79,122.53,91.86,108.15,47.37,72.31
2025-04-23,107.37,136.68,89.93,39.83,34.03,131.1,67.27,250.74,55.64,45.07,295.77,456.44,194.86,275.66,101.07,121.42,91.13,107.02,46.8,73.31
2025-04-24,108.63,139.07,91.8,40.37,34.93,136.44,66.35,259.51,58.17,45.75,306.86,464.51,198.25,287.02,105.05,120.7,91.05,106.7,46.33,74.52
2025-04-25,108.57,138.73,91.72,40.36,34.52,141.86,66.09,284.95,57.73,46.83,306.45,459.3,196.69,288.82,105.28,119.85,90.43,106.74,46.22,74.68
2025-04-28,108.63,140.1,92.93,40.51,34.1,140.73,66.19,285.88,58.55,46.47,307.06,460.2,198.17,287.74,104.5,120.67,90.75,107.06,46.48,75.6
2025-04-29,108.36,139.3,91.88,40.35,34.11,137.24,67.25,292.03,59.46,47.71,307.4,460.64,208.87,290.69,105.09,121.7,91.45,108.5,46.85,75.35
2025-04-30,105.63,136.06,89.12,39.41,33.25,125.82,66.88,282.16,58.55,44.59,309.27,463.56,207.89,294.37,105.11,122.02,91.89,108.34,46.9,74.27
2025-05-01,105.78,136.26,90.65,40.44,33.74,126.57,66.05,280.52,59.32,44.55,313.96,480.02,208.13,301.66,105.81,121.33,91.46,107.54,46.6,74.7
2025-05-02,106.21,138.5,91.41,40.61,34.73,130.54,67.09,287.21,60.3,45.56,323.68,481.67,211.48,299.71,108.32,121.58,91.05,107.69,46.48,75.47
2025-05-05,103.27,135.5,87.61,38.81,33.76,127.16,66.1,280.26,57.94,44.42,323.11,481.34,211.59,298.58,108.38,120.75,91.05,107.44,46.0,75.36
2025-05-06,104.71,135.6,87.63,39.28,33.58,126.76,66.54,275.35,57.49,43.87,320.89,475.3,207.33,298.11,107.27,122.94,91.22,107.44,46.29,75.07
2025-05-07,104.61,135.79,87.71,39.01,33.5,129.78,67.36,276.22,56.06,43.73,320.29,472.4,211.95,302.2,109.86,122.6,92.11,107.48,46.34,75.86
2025-05-08,106.07,137.04,88.82,41.44,34.32,133.76,68.32,284.82,57.44,49.05,324.25,489.99,211.88,307.04,112.38,120.0,90.31,105.19,45.1,75.77
2025-05-09,107.31,138.49,88.59,42.16,34.55,140.68,70.31,298.26,57.93,50.78,325.62,492.6,210.39,309.87,112.55,120.33,90.35,104.68,45.21,75.42
2025-05-12,109.16,141.62,92.27,43.86,35.85,156.21,69.69,318.38,61.57,47.94,342.55,495.62,216.62,322.09,119.41,115.85,87.78,100.99,43.61,75.67
2025-05-13,109.46,142.35,94.17,44.39,36.11,191.6,72.11,334.07,61.86,45.63,352.54,498.57,215.52,330.75,121.49,113.07,85.57,99.56,42.97,75.13
2025-05-14,108.48,141.67,92.57,43.82,36.01,192.98,72.19,347.68,61.08,48.27,349.66,497.5,214.49,329.09,121.47,112.46,84.91,98.59,42.25,74.86
2025-05-15,108.58,142.26,92.96,43.37,35.72,186.18,74.55,342.82,60.32,49.72,349.81,516.32,219.54,326.82,120.25,115.94,87.38,101.61,43.43,76.47
2025-05-16,108.19,142.1,92.43,43.04,35.77,178.46,75.0,349.98,60.21,50.4,353.58,531.48,220.12,329.07,120.61,116.26,88.71,103.04,44.09,77.61
2025-05-19,106.47,138.49,90.41,42.31,35.11,164.92,73.86,342.09,59.24,48.78,352.57,529.83,222.15,329.29,119.58,116.99,89.48,103.78,44.39,78.43
2025-05-20,104.95,137.27,89.69,41.9,34.57,167.22,74.41,343.82,59.32,49.04,349.49,526.33,222.27,328.25,117.99,117.31,90.83,103.73,44.26,78.23
2025-05-21,103.66,135.56,87.15,41.13,33.87,163.37,71.54,334.62,56.44,47.29,342.51,514.66,219.12,322.33,116.15,116.44,89.66,102.93,44.19,76.83
2025-05-22,102.97,135.29,86.13,41.08,33.75,156.35,66.94,341.04,57.94,38.01,345.19,515.65,220.86,321.07,117.35,115.57,88.84,101.8,43.42,76.75
2025-05-23,103.03,136.54,85.19,41.29,33.66,158.38,67.76,339.34,57.61,39.64,343.39,510.06,219.28,321.06,118.24,116.49,89.64,102.88,43.67,77.69
2025-05-27,103.52,137.83,85.55,41.62,33.93,155.73,68.04,362.89,58.79,40.22,351.51,509.63,223.65,328.16,120.97,116.38,89.92,102.91,43.91,78.91
2025-05-28,102.11,136.02,84.58,41.12,33.58,156.45,67.21,356.9,58.05,38.96,349.49,507.99,221.83,325.67,119.74,114.45,88.22,101.68,43.28,77.5
2025-05-29,102.69,137.91,85.6,41.46,33.68,155.95,68.99,358.43,57.49,39.24,351.79,503.45,222.4,324.81,119.92,115.45,88.75,102.53,43.7,77.95
2025-05-30,102.3,136.7,85.35,40.78,33.05,158.08,70.64,346.46,55.76,41.39,348.03,506.26,223.86,320.2,119.38,117.72,90.0,103.49,43.82,78.59
2025-06-02,103.05,137.84,86.72,41.44,33.34,149.65,70.15,342.69,55.09,41.32,344.67,507.84,222.73,318.86,118.86,117.23,89.94,103.18,43.79,78.02
2025-06-03,103.8,139.55,87.91,42.69,34.11,159.37,70.95,344.27,57.01,43.75,349.4,513.15,223.96,325.84,120.39,116.73,89.59,102.83,43.46,77.79
2025-06-04,102.3,137.37,85.95,41.91,33.24,159.81,69.88,332.05,59.7,43.16,349.33,507.78,224.63,327.08,121.61,115.98,88.29,101.85,42.75,76.43
2025-06-05,101.83,136.9,85.35,41.82,33.08,163.84,71.5,284.7,58.64,41.3,348.96,510.75,223.86,326.48,122.5,115.74,88.38,101.77,42.86,75.95
2025-06-06,104.27,140.21,87.22,42.54,33.87,166.35,72.16,295.14,59.83,41.18,353.35,519.99,225.94,331.45,123.51,115.23,88.26,101.79,42.62,76.85
2025-06-09,104.97,140.76,88.04,43.24,34.12,160.16,71.9,308.58,62.3,43.26,358.07,521.68,224.32,325.81,125.6,115.47,88.5,101.41,42.2,74.69
2025-06-10,107.22,143.35,91.18,43.91,35.52,164.62,72.81,326.09,64.2,45.08,358.57,515.82,223.46,324.24,126.94,116.33,89.3,101.87,42.92,75.97
2025-06-11,109.31,144.78,93.35,44.84,35.69,167.86,73.0,326.43,65.08,45.28,363.14,520.84,223.02,325.71,126.49,116.35,89.55,101.94,42.88,75.98
2025-06-12,109.73,144.97,94.69,44.76,35.63,167.83,73.84,319.11,62.48,44.69,360.96,516.86,223.25,330.34,126.72,117.28,90.36,103.02,43.64,76.23
2025-06-13,112.12,145.91,96.96,46.45,36.3,175.2,74.78,325.31,60.72,45.6,357.05,509.59,221.51,323.66,125.54,116.86,90.35,102.9,43.25,74.08
2025-06-16,112.48,146.03,95.0,45.33,35.91,175.25,73.78,329.13,60.96,45.93,362.44,524.44,221.31,338.01,128.68,115.4,88.94,101.91,42.68,73.78
2025-06-17,114.0,148.85,95.5,45.98,36.08,143.9,71.86,316.35,59.69,34.92,357.68,523.12,219.04,330.51,127.37,114.79,88.42,101.62,42.39,74.08
2025-06-18,113.19,148.19,93.8,45.35,35.85,143.67,71.57,322.05,59.4,36.38,359.8,524.98,219.12,334.86,128.66,114.58,88.63,101.2,42.37,74.39
2025-06-20,114.7,149.55,94.69,45.63,35.84,145.0,71.53,322.16,56.66,35.85,360.52,521.38,219.05,331.23,128.33,115.4,89.3,101.75,42.6,74.06
2025-06-23,111.74,146.86,91.71,43.95,33.73,144.67,70.73,348.68,57.82,34.56,366.23,514.08,221.95,332.95,129.41,116.97,90.67,103.31,43.2,75.79
2025-06-24,108.34,143.55,89.39,42.48,33.5,151.18,71.4,340.47,60.18,38.38,373.02,514.1,221.82,343.26,130.73,116.95,90.89,103.28,43.1,76.09
2025-06-25,108.37,143.23,89.0,42.42,33.18,152.7,70.34,327.55,60.38,38.11,371.58,506.74,219.04,342.35,129.44,115.95,90.4,101.41,42.29,75.02
2025-06-26,109.99,144.44,90.89,43.16,33.83,155.63,70.99,325.78,63.75,43.0,381.88,508.53,223.57,348.14,132.73,116.25,90.35,102.35,42.51,74.94
2025-06-27,109.38,143.79,90.17,42.6,34.01,152.14,70.89,323.63,64.95,40.88,384.71,513.34,226.01,353.23,133.17,116.92,90.9,102.46,42.91,75.36
2025-06-30,107.8,143.19,89.74,42.01,33.8,165.54,69.42,317.66,62.67,39.65,388.21,508.49,229.99,356.99,133.33,118.0,91.83,103.76,43.42,75.77
2025-07-01,109.24,145.57,91.99,42.86,35.2,162.96,73.06,300.71,62.9,40.91,390.92,508.36,235.81,355.04,135.51,118.87,92.3,104.39,43.41,76.18
2025-07-02,111.05,147.98,94.44,43.93,35.91,170.52,73.02,315.65,67.99,40.97,398.43,520.31,236.29,358.19,137.79,117.06,91.15,103.26,42.92,74.82
2025-07-03,112.2,148.37,93.68,43.8,35.65,185.03,73.88,315.35,67.21,42.57,397.86,520.97,237.42,362.22,139.76,117.31,91.51,103.86,43.13,75.12
2025-07-07,111.11,147.4,92.55,43.35,34.95,177.06,74.75,293.94,65.5,42.46,391.51,510.29,236.38,358.49,138.4,117.29,91.66,104.17,43.17,74.39
2025-07-08,114.19,153.24,95.79,45.75,36.54,165.48,72.46,297.81,70.22,40.94,394.29,508.91,236.83,356.98,138.73,116.31,91.26,103.96,43.0,74.32
2025-07-09,113.8,153.02,94.53,45.57,36.25,165.99,73.65,295.88,70.79,42.85,402.18,509.33,235.76,359.78,139.8,117.17,91.96,104.74,43.14,74.49
2025-07-10,114.93,154.17,95.37,45.85,36.65,165.09,74.64,309.87,74.27,42.97,408.33,519.2,233.84,357.64,140.67,118.17,93.26,106.04,43.63,74.9
2025-07-11,115.43,155.31,95.61,46.31,37.31,162.44,74.4,313.51,70.98,41.85,405.92,512.41,233.01,360.62,140.1,117.46,92.66,105.34,43.51,74.56
2025-07-14,113.92,151.65,94.17,45.07,36.22,160.84,75.04,316.9,71.87,41.98,405.77,507.61,235.11,360.29,139.9,117.93,92.68,105.02,43.43,74.55
2025-07-15,112.91,150.69,92.55,42.69,35.07,171.93,74.7,310.78,70.02,40.25,404.64,503.47,232.38,362.11,139.69,117.1,92.47,104.4,42.95,74.14
2025-07-16,112.23,149.92,91.51,42.63,34.59,166.82,74.77,321.67,70.41,39.03,412.88,507.73,233.94,362.89,140.3,117.79,93.3,105.49,42.85,75.24
2025-07-17,111.66,151.38,92.81,43.55,34.67,173.54,75.18,319.41,75.74,38.74,418.07,499.14,235.42,380.72,144.39,117.46,93.33,105.93,42.95,76.29
2025-07-18,107.77,150.04,91.64,43.62,33.32,175.85,75.95,329.65,77.07,39.58,413.71,499.82,233.61,378.62,144.23,118.42,94.1,107.4,43.4,78.25
2025-07-21,108.05,149.68,91.0,43.0,33.54,178.33,76.17,328.49,77.15,39.66,410.07,496.24,232.31,373.66,142.91,119.83,94.79,108.54,43.73,78.57
2025-07-22,108.54,150.04,92.98,43.56,34.35,179.99,77.54,332.11,83.24,42.5,417.19,505.69,233.65,372.65,144.34,120.73,95.85,110.16,44.45,79.8
2025-07-23,109.93,153.12,95.04,44.44,35.14,179.77,72.82,332.56,78.79,36.48,427.59,515.17,236.3,380.24,146.88,119.51,95.13,108.89,43.49,79.38
2025-07-24,110.79,155.83,95.62,44.63,35.24,180.72,71.97,305.3,84.18,35.51,429.52,514.66,221.7,384.9,146.82,119.75,95.0,108.97,43.74,80.46
2025-07-25,110.4,154.84,94.95,44.71,35.47,185.32,71.85,316.06,83.74,35.41,433.75,517.38,221.46,392.17,149.63,119.93,95.35,109.79,43.99,80.82
2025-07-28,111.44,156.28,97.02,45.55,36.0,183.58,71.34,325.59,74.77,34.95,432.94,510.55,222.29,392.76,149.48,117.6,94.3,107.95,43.41,80.31
2025-07-29,112.88,157.03,97.99,45.46,35.63,181.82,71.95,321.2,71.6,33.48,430.05,512.5,218.97,390.01,147.61,119.49,95.2,109.22,44.3,81.15
2025-07-30,111.9,153.56,96.67,44.41,34.17,179.13,70.99,319.04,68.89,33.4,434.12,507.87,219.41,390.09,146.06,120.48,94.9,113.25,44.26,81.18
2025-07-31,111.64,151.64,95.34,43.94,33.8,174.73,71.06,308.27,67.85,32.36,438.02,524.37,219.59,384.72,145.51,121.64,94.48,113.14,44.94,81.68
2025-08-01,109.64,151.4,92.76,43.41,33.05,183.97,70.4,302.63,67.9,31.43,428.69,500.98,215.01,381.29,141.78,122.91,94.99,113.58,44.67,80.97
2025-08-04,107.37,151.04,92.85,42.86,32.88,183.42,70.53,309.26,68.56,31.69,433.7,510.56,218.05,384.76,142.62,124.17,96.0,115.0,45.17,82.98
2025-08-05,107.24,153.04,93.2,43.08,33.5,186.84,71.18,308.72,68.25,31.91,434.23,508.58,218.32,356.45,140.57,124.0,94.39,113.24,44.69,82.37
2025-08-06,106.51,152.78,93.11,42.54,32.86,185.01,70.54,319.91,67.3,30.11,427.72,509.64,216.51,358.16,133.93,125.21,94.68,113.49,45.06,81.15
2025-08-07,105.95,153.16,92.6,43.59,32.79,185.6,72.58,322.27,70.06,31.79,417.12,506.64,213.9,360.16,132.83,125.93,95.35,113.73,45.54,82.59
2025-08-08,106.8,155.01,93.91,44.32,32.87,184.65,72.41,329.65,75.48,32.44,416.52,510.37,213.63,362.84,132.74,125.32,94.69,112.5,45.32,81.71
2025-08-11,105.83,153.45,93.53,43.71,32.37,182.13,72.45,339.03,80.76,32.57,408.54,506.98,213.77,360.11,131.96,125.56,94.57,112.0,44.71,80.9
2025-08-12,106.13,154.44,94.59,44.15,32.94,184.73,71.86,340.84,77.98,33.56,412.71,505.85,214.32,363.3,132.95,124.47,93.96,111.99,44.61,82.09
2025-08-13,107.6,155.87,95.88,44.75,33.55,184.84,72.3,339.38,81.67,34.22,413.7,513.54,217.02,357.49,135.0,125.71,94.79,113.11,45.23,82.22
2025-08-14,107.38,155.16,95.65,44.77,33.22,180.05,72.24,335.58,81.43,32.22,417.5,478.84,215.5,355.1,134.37,124.26,94.19,112.86,44.65,81.88
2025-08-15,106.49,156.55,95.33,44.61,32.99,199.95,75.41,330.56,82.19,34.84,407.79,488.8,214.08,351.03,131.75,122.45,94.07,111.99,44.58,81.23
2025-08-18,106.72,155.32,94.0,44.21,33.3,219.33,75.72,335.16,83.09,35.77,412.64,491.13,213.72,353.5,131.83,121.46,92.85,110.7,44.0,80.99
2025-08-19,107.42,152.0,93.76,43.96,33.34,210.96,76.51,329.31,80.55,36.23,416.09,489.44,214.05,349.0,131.59,123.78,94.18,112.66,44.74,82.65
2025-08-20,108.53,153.22,94.89,44.27,33.36,206.44,76.18,323.9,78.12,35.68,420.59,492.72,214.31,346.22,130.89,124.48,94.93,113.55,44.88,82.4
2025-08-21,109.23,155.55,94.78,44.56,33.81,192.0,76.08,320.11,78.94,34.58,417.89,486.76,214.73,345.38,130.09,124.14,94.62,113.14,44.64,81.13
2025-08-22,111.28,158.18,96.78,45.83,35.61,202.28,76.32,340.01,81.34,38.18,435.67,495.99,220.07,347.61,133.77,124.34,94.48,114.02,44.96,82.9
2025-08-25,111.74,158.2,98.18,46.4,35.65,199.44,75.32,346.6,81.29,38.23,432.3,487.9,217.88,345.76,132.38,123.11,93.13,113.0,44.6,81.69
2025-08-26,111.49,157.36,97.05,46.04,35.32,196.72,74.84,351.67,81.53,37.96,431.26,487.76,219.8,352.02,133.35,123.28,93.09,112.63,44.42,81.78
2025-08-27,112.75,159.24,97.9,46.87,35.98,191.23,73.89,349.6,87.68,37.56,432.67,493.08,218.51,351.4,133.45,123.68,93.28,112.89,44.39,82.26
2025-08-28,113.35,159.32,98.45,47.51,36.48,197.02,72.09,345.98,84.92,37.58,434.91,491.44,218.61,355.34,134.55,122.37,92.24,111.78,43.76,81.44
2025-08-29,114.29,160.6,98.97,47.61,36.84,195.19,72.05,333.87,84.92,37.7,419.04,478.64,216.78,349.14,132.0,122.49,92.3,111.02,43.68,82.56
2025-09-02,114.69,161.83,98.99,48.05,35.9,195.78,72.65,329.36,79.54,36.98,416.05,476.78,214.9,343.75,131.38,121.89,92.09,110.09,43.37,82.89
2025-09-03,111.91,158.06,94.65,46.3,35.0,201.49,71.63,334.09,80.11,37.08,415.12,469.52,211.35,342.99,129.5,121.5,91.66,110.03,43.38,82.23
2025-09-04,112.4,157.69,95.77,46.61,36.01,201.87,70.87,338.53,79.27,36.52,420.22,474.9,212.49,348.22,133.1,120.87,91.87,108.64,43.34,82.12
2025-09-05,109.23,153.66,92.95,45.91,35.82,205.14,70.9,350.84,81.54,39.65,423.08,473.26,211.59,349.03,132.55,120.61,91.78,108.11,43.43,81.11
2025-09-08,109.85,154.0,91.4,45.38,35.78,203.21,69.77,346.4,82.0,38.81,422.78,481.51,212.09,349.49,132.73,120.17,90.83,107.55,43.02,79.41
2025-09-09,110.65,154.85,91.86,45.14,35.78,203.06,70.07,346.97,72.58,37.94,418.09,475.6,211.55,348.23,132.05,120.38,91.21,108.36,43.09,80.32
2025-09-10,112.5,157.79,94.32,46.31,36.16,203.79,71.04,347.79,73.32,37.12,422.91,471.35,209.08,362.25,133.67,121.35,91.56,108.33,43.32,82.01
2025-09-11,112.14,158.25,94.13,46.02,36.03,203.31,71.32,368.81,75.05,37.32,431.38,476.46,212.64,360.08,137.47,122.11,92.13,108.74,43.5,83.47
2025-09-12,112.16,157.11,92.43,45.67,35.57,201.7,71.64,395.94,75.98,37.63,431.52,470.51,208.84,365.9,135.1,121.95,92.27,109.46,43.38,83.94
2025-09-15,112.35,157.31,92.33,45.47,34.77,207.0,71.5,410.04,81.04,37.98,435.94,469.11,209.12,375.54,135.66,122.37,92.28,109.1,43.43,83.39
2025-09-16,114.68,159.54,94.54,47.76,35.24,205.25,69.83,421.62,80.94,38.99,440.67,468.7,208.34,371.19,129.03,120.25,91.36,106.84,42.73,82.7
2025-09-17,115.29,160.09,93.82,47.19,34.79,210.71,70.31,425.86,80.16,38.72,450.66,469.12,209.06,363.35,131.0,121.1,91.63,107.52,43.23,82.65
2025-09-18,113.93,158.84,93.48,47.36,34.74,209.63,70.79,416.85,80.93,38.44,466.96,476.12,207.6,371.27,131.91,120.39,91.45,106.44,43.11,82.48
2025-09-19,112.82,156.21,91.92,46.1,34.43,212.49,71.08,426.07,81.84,38.42,466.54,469.63,206.78,374.5,132.34,121.08,91.8,107.06,43.41,83.2
2025-09-22,112.02,156.05,92.01,45.76,33.92,219.2,72.35,434.21,80.38,40.5,472.1,469.03,206.41,378.31,132.84,121.58,92.33,107.05,43.4,82.37
2025-09-23,113.95,157.42,93.47,46.42,34.49,215.73,72.32,425.85,80.12,37.36,471.26,471.67,206.72,368.52,131.46,123.1,93.72,108.14,44.23,86.05
2025-09-24,114.56,159.18,95.63,46.89,34.61,219.17,73.83,442.79,81.58,37.99,469.79,468.94,206.01,372.21,131.92,123.64,94.41,108.88,44.23,87.28
2025-09-25,115.59,160.72,96.81,46.99,34.59,223.05,74.65,423.39,84.83,37.08,463.72,466.7,205.13,364.74,130.11,122.32,93.69,107.86,43.78,86.49
2025-09-26,117.22,160.16,98.48,47.47,35.52,220.02,75.85,440.4,88.1,36.5,465.76,463.99,205.61,365.58,128.6,123.02,94.53,109.14,44.09,88.59
2025-09-29,114.22,156.1,95.85,48.1,35.11,223.53,76.21,443.21,86.88,36.08,471.61,465.49,206.69,367.15,129.25,122.8,93.91,109.78,44.27,89.7
2025-09-30,112.75,155.29,94.59,47.25,34.37,220.53,75.49,444.72,81.08,35.39,477.15,457.26,207.89,374.25,131.18,123.75,94.77,112.5,45.01,89.98
2025-10-01,111.99,154.58,95.46,47.72,35.09,224.82,78.67,459.46,84.47,37.01,480.82,451.73,207.58,373.84,131.19,122.39,94.8,112.75,45.06,89.26
2025-10-02,111.29,153.37,93.38,44.23,34.11,232.13,78.18,436.0,87.61,37.74,490.57,461.82,208.4,376.76,133.05,121.57,93.89,113.46,44.97,89.28
2025-10-03,113.26,153.55,94.16,44.85,34.26,230.13,80.06,429.83,88.22,36.8,497.85,462.88,206.46,373.46,134.76,123.54,94.54,114.06,45.34,91.44
2025-10-06,114.2,154.02,94.91,45.4,34.59,229.57,82.11,453.25,92.03,37.16,495.38,457.31,206.41,380.02,134.77,124.38,95.49,115.66,45.69,92.46
2025-10-07,114.26,154.91,95.23,45.33,34.41,227.89,83.21,433.09,90.53,36.27,486.71,461.51,206.39,370.94,131.49,125.56,96.42,118.16,46.79,94.01
2025-10-08,114.02,153.74,93.75,45.04,33.97,231.37,84.04,438.69,91.69,36.03,502.12,460.75,207.25,376.7,132.94,125.23,96.18,118.19,46.62,93.36
2025-10-09,112.91,151.64,91.95,44.52,33.13,234.3,83.71,435.54,96.5,36.71,500.36,456.22,201.7,377.19,131.53,124.71,96.13,116.91,46.66,91.64
2025-10-10,110.73,148.9,87.64,42.15,31.72,225.91,83.35,413.49,89.86,34.27,491.3,446.35,198.42,369.08,126.01,127.02,98.29,117.04,47.07,90.2
2025-10-13,112.24,151.94,88.78,42.42,32.27,226.15,84.3,435.9,96.34,34.82,504.76,439.11,200.4,375.37,128.18,126.09,98.08,116.8,46.85,91.17
2025-10-14,112.29,152.39,88.17,42.28,32.57,224.43,84.64,429.24,96.24,36.44,527.47,447.95,206.02,374.35,129.77,127.82,99.68,118.38,47.38,91.33
2025-10-15,111.61,152.11,87.74,41.88,32.57,244.4,85.79,435.15,98.16,37.54,534.05,448.46,199.99,381.72,130.27,128.67,99.72,118.53,47.83,92.29
2025-10-16,110.64,151.71,86.91,41.04,32.92,237.79,85.05,428.75,95.29,37.56,540.96,457.16,200.65,375.59,128.89,127.4,98.43,117.53,47.36,91.14
2025-10-17,112.24,153.08,86.48,40.9,32.63,231.85,84.53,439.31,92.74,36.56,527.08,458.5,200.44,373.3,129.28,128.53,97.8,117.53,47.78,91.29
2025-10-20,112.7,154.48,87.06,41.03,33.43,229.0,84.77,447.43,96.14,37.58,531.18,462.44,203.48,377.69,130.35,128.94,97.69,117.82,48.24,92.72
2025-10-21,112.71,153.79,86.41,40.91,33.52,226.85,83.99,442.6,91.34,37.09,524.65,459.82,206.49,373.46,132.17,128.33,97.0,117.43,48.0,92.29
2025-10-22,114.71,155.57,87.41,41.73,34.9,223.36,82.84,438.97,91.27,36.08,513.91,462.36,204.05,360.6,130.11,129.03,97.48,117.27,48.11,92.06
2025-10-23,115.98,156.56,90.08,42.88,36.01,229.0,83.25,448.98,97.36,35.64,520.5,469.42,217.94,372.4,133.19,127.26,96.15,116.18,47.6,91.81
2025-10-24,115.39,155.56,88.03,42.57,35.83,241.41,84.41,433.72,105.64,36.23,522.73,472.76,213.46,376.29,132.68,127.37,95.88,115.98,48.03,92.78
2025-10-27,115.94,155.28,88.69,42.3,36.16,247.69,86.03,452.42,96.23,36.81,527.07,478.1,212.4,379.74,134.46,127.49,95.4,116.39,48.07,93.17
2025-10-28,115.03,154.13,86.79,40.83,35.86,239.6,83.57,460.55,96.68,36.7,524.47,468.19,211.75,376.01,134.52,125.65,93.91,115.11,47.7,92.55
2025-10-29,116.45,155.1,88.08,40.58,36.83,241.71,81.76,461.51,97.8,31.14,585.49,473.49,210.25,387.75,136.43,124.29,93.51,122.11,47.2,92.2
2025-10-30,114.69,153.52,88.14,40.7,36.32,233.58,81.64,440.1,97.89,30.13,583.15,465.41,209.76,383.09,136.82,125.21,95.07,121.89,47.07,92.44
2025-10-31,114.36,157.72,88.86,41.2,36.06,266.94,81.4,456.56,98.23,30.51,577.26,461.63,211.04,381.56,139.57,124.3,94.04,120.26,46.12,91.94
2025-11-03,113.76,154.04,88.57,40.92,37.02,265.7,81.78,468.37,96.53,29.51,570.59,461.94,207.31,386.57,140.03,123.67,93.15,119.92,46.2,92.58
2025-11-04,114.14,153.39,87.91,40.08,36.12,262.7,81.69,444.26,88.45,29.01,547.58,468.3,205.94,377.72,137.74,123.83,92.73,120.3,46.38,92.48
2025-11-05,113.68,152.66,87.7,39.75,36.55,277.39,82.14,462.07,91.96,32.2,569.15,473.69,206.55,385.44,132.45,123.77,91.41,119.76,46.15,92.39
2025-11-06,114.5,152.94,85.66,40.3,36.36,271.98,82.0,445.91,91.26,31.17,569.78,475.38,205.36,377.4,131.49,124.0,90.9,119.53,45.71,92.78
2025-11-07,117.22,155.02,86.83,41.31,36.66,267.64,83.93,429.52,97.18,30.22,563.1,467.79,203.43,373.77,129.49,123.66,91.44,121.43,46.21,93.72
2025-11-10,118.22,155.65,88.23,41.8,36.91,272.64,84.77,445.23,103.58,32.84,570.85,474.39,205.53,379.57,129.99,122.93,90.76,122.56,45.46,92.94
2025-11-11,119.78,156.24,90.69,41.85,37.61,264.15,85.76,439.62,103.88,30.84,567.93,477.95,210.08,367.91,129.53,123.67,91.14,122.73,45.44,93.53
2025-11-12,118.12,153.32,89.07,41.93,36.07,267.52,85.89,430.6,110.32,30.71,573.02,480.78,211.31,369.4,132.44,123.9,91.89,122.68,45.93,92.47
2025-11-13,118.79,155.58,89.42,42.02,36.31,256.59,83.99,401.99,114.57,28.91,553.55,473.41,209.51,354.07,128.46,123.59,91.17,121.48,45.45,92.22
2025-11-14,119.29,157.62,91.37,42.76,36.94,253.08,83.88,404.35,115.14,28.68,554.03,476.23,208.64,352.39,127.58,122.71,90.69,121.3,45.94,92.0
2025-11-17,117.68,154.82,88.72,41.69,35.8,253.54,85.75,408.92,117.7,27.53,552.05,475.98,205.54,342.75,126.93,125.18,90.58,123.72,46.6,92.2
2025-11-18,119.03,153.62,89.68,42.52,36.04,252.19,84.64,401.25,121.39,27.6,546.88,473.85,200.68,338.29,126.75,123.8,90.69,123.51,46.38,91.6
2025-11-19,117.35,151.7,87.98,41.45,35.86,251.87,84.27,403.99,125.68,26.89,553.11,474.77,199.76,345.65,128.17,122.23,89.05,121.71,45.56,91.02
2025-11-20,117.02,150.31,87.47,41.21,35.19,245.84,84.3,395.23,116.42,26.12,546.13,476.33,197.21,328.19,123.72,122.54,88.57,120.9,45.41,90.71
2025-11-21,117.08,149.98,87.37,41.44,36.19,249.91,83.48,391.09,116.82,26.93,550.43,487.24,199.19,331.71,128.22,122.8,89.27,120.84,45.75,92.5
2025-11-24,115.97,149.75,87.56,41.43,35.71,259.85,84.23,417.78,115.88,26.78,559.6,487.23,197.76,330.43,128.62,122.09,89.14,122.04,46.23,93.91
2025-11-25,114.51,148.53,86.62,41.41,35.9,260.36,84.83,419.4,125.26,27.71,566.61,498.13,200.23,336.65,130.9,121.93,89.29,121.58,45.78,92.47
2025-11-26,114.77,149.51,87.09,41.42,35.66,272.21,85.54,426.58,126.91,27.82,573.73,469.87,199.15,341.69,131.44,123.43,90.24,122.72,46.57,93.79
2025-11-28,115.92,151.13,88.69,42.0,36.24,272.92,86.29,430.17,129.99,28.85,575.76,464.49,201.46,345.89,133.38,123.94,91.12,123.77,47.12,94.72
2025-12-01,116.63,152.54,90.26,42.34,36.6,263.54,84.65,430.14,128.33,28.58,568.06,468.11,199.39,339.71,131.94,120.75,89.01,120.51,45.69,91.5
2025-12-02,115.38,150.25,89.29,41.98,36.36,262.56,84.58,429.24,128.14,29.12,582.47,469.15,202.47,333.11,131.84,119.69,89.04,119.23,45.0,90.95
2025-12-03,117.8,151.59,91.81,42.45,37.55,256.06,84.95,446.74,126.49,29.39,591.49,481.82,202.8,335.57,134.89,118.62,87.98,118.06,44.54,90.73
2025-12-04,117.14,152.26,93.12,42.67,38.12,257.28,83.39,454.53,119.14,30.76,599.15,483.03,201.5,338.93,136.64,117.97,87.33,118.04,43.91,90.07
2025-12-05,116.54,150.0,93.69,42.43,38.46,257.61,83.13,455.0,125.19,31.25,603.17,475.11,200.56,337.66,137.39,116.52,86.28,117.54,43.81,90.66
2025-12-08,115.98,148.71,92.88,41.36,38.24,255.88,80.55,439.58,127.2,31.24,596.5,466.35,201.25,343.39,135.93,115.22,85.56,115.73,43.33,88.16
2025-12-09,118.25,148.49,93.43,41.55,38.3,253.42,79.64,445.17,129.29,31.55,594.36,462.86,199.34,341.76,135.25,115.24,85.49,116.07,43.76,88.32
2025-12-10,119.54,151.41,96.8,41.75,39.93,262.23,81.27,451.45,133.21,32.79,615.35,468.9,201.32,353.45,137.01,114.0,84.08,114.16,43.28,89.07
2025-12-11,119.54,150.72,96.71,41.2,40.34,272.83,81.21,446.89,134.59,33.01,625.61,475.94,203.2,350.36,139.57,114.39,84.73,114.26,43.09,88.97
2025-12-12,118.82,149.99,95.54,41.07,39.45,254.8,81.65,458.96,132.74,32.18,597.89,484.8,203.0,331.98,136.64,115.3,84.44,114.13,43.57,88.49
2025-12-15,117.76,149.8,94.36,40.19,38.9,255.89,81.65,475.31,132.22,31.37,589.76,488.01,206.97,333.21,137.26,116.73,86.0,115.77,43.87,88.59
2025-12-16,114.68,146.75,90.77,38.92,37.61,258.51,81.32,489.88,131.07,31.86,588.93,485.44,207.82,329.93,134.09,115.59,85.71,114.57,43.76,87.91
2025-12-17,117.41,149.52,94.96,40.63,38.53,254.03,80.29,467.26,134.71,31.61,561.89,481.0,209.53,315.82,131.64,117.43,87.03,114.71,44.22,86.78
2025-12-18,116.54,147.69,92.23,39.73,38.13,261.79,80.85,483.37,140.48,32.96,565.83,475.05,207.63,315.95,131.6,117.55,87.22,115.58,44.28,87.25
2025-12-19,116.69,147.75,91.94,39.62,38.08,266.98,79.54,481.2,145.88,33.25,576.22,470.57,208.71,317.8,132.98,115.56,85.28,114.49,43.66,86.94
2025-12-22,118.15,149.8,93.31,40.27,38.33,284.59,80.04,488.73,145.38,33.5,582.41,468.77,205.41,320.39,134.99,116.3,85.72,114.62,43.55,88.09
2025-12-23,119.42,150.51,92.73,40.1,38.2,269.39,79.79,485.56,146.7,32.22,582.42,466.21,204.93,322.81,135.49,116.79,86.39,115.15,43.46,88.68
2025-12-24,119.22,150.5,91.8,40.0,37.97,272.21,80.45,485.4,148.51,32.85,583.76,467.44,206.43,323.67,136.3,117.48,87.17,115.31,43.52,88.84
2025-12-26,119.11,150.02,91.54,39.85,37.79,269.69,80.41,475.19,150.01,33.0,583.0,468.93,206.89,322.17,135.71,117.18,87.17,115.67,43.56,88.61
2025-12-29,120.53,150.99,92.63,40.41,37.9,268.25,80.27,459.64,144.58,33.13,578.61,470.24,206.6,321.45,135.22,117.52,87.54,115.77,43.63,88.91
2025-12-30,120.99,152.31,94.1,41.46,38.55,264.3,80.53,454.43,142.01,32.19,577.39,469.94,205.83,320.86,135.29,117.68,87.57,115.99,43.92,89.09
2025-12-31,120.34,152.41,93.61,41.12,38.38,261.23,80.28,449.72,141.44,32.05,572.87,465.57,204.5,318.51,132.72,117.21,87.2,115.31,43.59,88.29
2026-01-02,122.65,155.9,96.7,42.38,40.2,274.34,80.93,438.07,143.93,33.75,598.41,466.8,205.33,327.31,135.82,117.44,87.18,115.81,43.92,89.71
2026-01-05,125.36,163.85,99.2,41.23,43.8,272.0,81.32,451.67,146.13,34.0,616.1,466.1,210.79,322.26,142.85,116.81,86.87,114.07,43.54,87.54
2026-01-06,121.05,156.54,97.11,41.74,43.63,268.78,81.05,432.96,158.15,34.75,623.09,485.98,214.82,332.97,145.62,117.74,87.52,115.04,43.84,87.7
2026-01-07,118.49,155.2,93.94,40.99,42.37,241.11,78.37,431.41,161.57,34.69,596.52,475.2,209.13,322.67,142.15,116.19,86.27,113.7,42.99,86.36
2026-01-08,122.91,159.25,98.72,43.23,44.43,246.26,79.49,435.8,158.31,35.43,608.13,500.8,215.14,320.58,143.85,117.32,87.22,115.93,43.45,88.03
2026-01-09,124.61,162.11,97.51,42.86,45.2,238.66,79.89,445.01,161.29,35.22,617.62,488.08,217.38,324.51,144.2,116.8,87.01,116.91,43.3,88.82
2026-01-12,124.03,162.34,95.5,42.72,45.15,237.83,81.12,448.96,169.33,36.68,629.77,490.74,218.66,329.1,145.36,116.71,86.74,116.57,42.9,89.1
2026-01-13,126.54,163.87,96.46,43.31,45.9,241.36,81.64,447.2,176.88,36.37,636.53,499.52,220.42,332.38,146.35,117.39,87.55,116.62,43.32,90.29
2026-01-14,130.2,167.24,100.34,44.32,46.97,236.45,81.98,439.2,177.55,36.13,638.75,512.1,223.32,331.14,148.15,118.68,88.42,118.11,43.6,91.32
2026-01-15,129.13,166.16,98.93,43.17,46.57,243.64,82.19,438.57,173.78,35.36,647.18,515.04,225.39,333.46,148.02,118.9,88.78,119.4,44.15,91.57
2026-01-16,129.89,166.26,98.19,42.7,46.73,243.73,83.63,437.5,163.04,34.98,646.89,514.4,229.97,343.75,149.46,119.22,88.9,119.96,44.73,92.55
2026-01-20,130.46,165.3,95.52,42.24,46.45,242.11,83.51,419.25,172.54,34.52,629.0,508.68,225.44,337.59,145.22,119.55,88.82,119.22,44.95,88.43
2026-01-21,133.61,166.73,97.15,43.51,48.52,243.72,83.85,431.44,180.06,35.97,645.38,529.51,229.74,337.96,149.57,119.37,89.15,118.98,45.0,85.98
2026-01-22,133.64,166.66,96.88,43.15,49.32,239.68,85.07,449.36,188.32,40.48,648.41,522.38,233.27,334.04,150.26,117.71,87.51,117.18,44.6,85.75
2026-01-23,134.97,166.72,98.35,44.1,49.15,242.15,84.81,449.06,189.51,39.46,626.62,514.43,232.14,331.22,147.68,117.43,87.54,116.63,44.06,85.94
2026-01-26,134.84,167.5,98.45,43.92,49.7,242.97,85.47,435.2,189.75,39.42,635.92,516.54,231.83,332.28,149.13,118.78,88.16,118.02,44.55,86.7
2026-01-27,136.83,169.05,99.87,44.55,50.66,235.05,87.15,430.9,194.18,39.93,638.91,519.19,231.56,341.19,147.67,120.29,88.84,119.43,44.83,87.11
2026-01-28,137.58,169.93,101.39,44.83,48.87,249.41,87.57,431.46,184.33,40.47,643.28,525.01,227.09,347.32,148.42,120.24,88.33,119.12,44.76,86.78
2026-01-29,140.51,171.19,102.8,45.42,48.45,224.01,88.18,416.56,180.7,38.25,665.24,530.07,238.2,354.37,150.72,120.89,89.14,119.21,44.41,87.1
2026-01-30,141.4,176.9,104.23,45.39,48.38,225.52,87.9,430.41,170.63,36.98,657.36,528.0,238.49,351.42,146.96,121.35,89.31,119.78,44.78,87.01
2026-02-02,138.4,174.03,101.79,43.8,48.05,230.55,86.33,421.81,164.93,36.47,690.91,532.25,238.54,359.44,148.63,119.49,88.19,118.33,43.91,86.22
2026-02-03,143.73,178.04,104.91,45.26,49.76,239.04,88.82,421.96,170.64,37.28,702.89,545.0,242.05,362.53,152.1,121.67,90.13,120.67,44.01,87.0
2026-02-04,147.59,181.23,107.59,46.69,51.35,238.06,89.97,406.01,168.66,51.67,691.82,567.26,246.7,365.0,157.32,122.21,90.29,119.98,43.43,86.63
2026-02-05,146.08,179.23,104.98,45.09,49.51,234.36,89.21,397.21,156.48,47.27,678.31,565.73,245.13,354.67,150.94,123.41,91.08,120.61,44.06,86.66
2026-02-06,149.05,180.86,107.62,46.31,50.7,218.73,89.47,411.11,163.37,49.8,726.2,583.11,249.88,373.82,157.38,121.86,90.08,120.8,44.33,87.36
2026-02-09,151.21,182.6,108.7,46.66,50.54,222.13,89.48,417.32,165.76,50.3,742.12,585.67,251.41,377.06,160.01,121.72,89.38,121.1,43.97,87.48
2026-02-10,151.59,182.26,107.5,46.27,50.32,226.24,90.83,425.21,168.56,50.25,742.37,593.41,255.08,377.47,161.69,123.64,90.72,121.23,44.64,89.7
2026-02-11,155.56,185.82,111.21,47.24,51.56,227.74,91.36,428.27,175.43,48.23,775.0,612.69,254.41,396.09,154.67,125.2,90.86,122.25,44.45,91.18
2026-02-12,149.93,182.4,110.83,45.49,50.64,220.45,91.93,417.07,158.93,44.14,758.29,598.11,251.4,390.33,144.98,126.11,92.56,126.43,47.55,92.79
2026-02-13,148.45,183.74,111.43,46.07,50.39,225.65,93.8,417.44,166.35,43.49,774.2,602.92,253.02,389.25,148.13,128.2,94.95,129.94,48.48,94.78
2026-02-17,146.19,180.55,108.78,45.94,49.84,226.05,92.71,410.63,168.92,45.64,764.76,600.84,254.35,391.49,148.85,126.71,92.0,130.24,48.04,92.94
2026-02-18,150.68,183.87,110.52,47.11,51.59,238.57,91.22,411.32,171.22,46.04,751.97,593.27,252.77,380.38,151.14,125.24,91.04,127.27,47.24,91.73
2026-02-19,150.97,184.78,111.59,51.53,51.54,233.3,91.64,411.71,168.41,44.25,760.53,662.0,252.38,377.32,151.3,126.37,95.05,128.42,47.36,92.97
2026-02-20,147.28,183.93,110.53,51.84,50.85,241.88,92.18,411.82,168.42,46.56,759.74,662.49,255.74,373.38,148.62,126.78,94.3,129.37,47.79,93.55
2026-02-23,150.76,184.91,109.88,52.43,51.24,242.15,94.06,399.83,177.52,47.4,756.47,646.84,254.78,362.05,145.51,127.79,95.18,132.03,48.2,93.6
2026-02-24,149.26,185.34,110.59,51.95,51.85,243.21,95.68,409.38,186.83,49.74,768.23,644.54,255.36,374.56,150.88,128.46,95.81,132.39,48.59,93.97
2026-02-25,149.06,184.22,110.01,50.94,51.66,210.12,95.11,417.4,195.87,48.49,766.61,623.61,253.88,373.53,148.44,128.93,95.92,132.46,48.7,94.5
2026-02-26,148.54,184.16,110.7,51.43,51.49,200.1,91.99,408.58,184.93,45.77,752.93,619.46,252.5,374.59,152.72,129.23,96.35,132.1,48.8,95.2
2026-02-27,152.5,186.76,113.46,53.08,51.34,197.2,93.77,402.51,178.67,42.27,742.83,629.71,255.34,375.92,150.75,130.85,97.38,133.82,49.47,96.27
2026-03-02,154.22,189.6,118.24,54.21,51.27,199.86,92.71,403.32,178.18,44.71,752.32,630.88,260.0,377.4,152.08,131.63,97.23,133.29,49.17,95.67
2026-03-03,151.83,188.77,118.52,53.68,48.58,197.53,92.59,392.43,164.73,43.2,722.18,619.22,255.61,355.56,146.57,131.43,96.79,131.92,48.96,95.36
2026-03-04,149.82,186.03,115.65,53.61,47.89,197.27,92.6,405.94,168.35,42.66,731.97,614.04,257.83,354.46,145.21,131.88,97.63,133.52,49.25,95.39
2026-03-05,150.76,189.9,116.82,53.24,47.4,191.8,91.13,405.55,163.93,41.15,706.08,590.69,249.88,354.79,142.22,131.61,97.2,132.04,48.77,93.94
2026-03-06,151.21,189.94,117.07,54.19,46.9,189.21,91.02,396.73,162.29,40.23,680.9,589.77,246.64,347.75,138.36,132.5,97.48,131.87,49.36,92.63
2026-03-09,150.44,189.44,117.03,55.02,47.19,195.38,92.01,398.68,169.57,40.86,704.82,599.48,249.05,353.87,141.12,131.08,97.25,131.86,49.14,93.51
2026-03-10,148.13,186.29,114.15,53.12,48.11,197.8,91.54,399.23,166.54,43.59,716.68,592.72,252.22,361.06,140.1,129.69,96.27,132.31,49.01,92.97
2026-03-11,151.58,191.79,117.03,55.58,48.17,200.25,91.66,407.82,168.0,43.34,707.59,594.04,250.99,355.79,139.57,130.03,96.26,131.26,48.84,92.79
2026-03-12,153.53,196.97,120.26,58.41,44.56,197.56,91.73,395.01,163.89,42.6,700.69,585.83,244.66,348.64,132.18,131.82,97.84,132.22,49.48,93.19
2026-03-13,156.12,196.82,121.89,57.88,44.72,196.07,92.78,391.2,158.22,44.07,693.99,577.5,245.81,355.4,132.24,133.15,98.01,133.61,49.82,95.11
2026-03-16,157.23,196.84,121.32,57.25,44.96,199.48,92.82,395.56,162.44,45.89,699.78,572.48,245.82,361.04,133.09,133.46,99.11,134.15,50.29,95.94
2026-03-17,158.81,197.97,122.87,57.73,46.13,200.42,92.53,399.27,166.32,44.7,702.0,574.26,242.58,363.95,132.49,132.95,98.27,133.62,50.04,95.94
2026-03-18,157.59,198.61,123.65,58.38,45.32,197.81,90.96,392.78,165.83,43.28,693.62,571.02,241.01,360.54,129.88,130.75,96.54,130.97,49.25,95.04
2026-03-19,158.16,201.44,126.02,59.58,47.82,199.65,92.41,380.3,163.26,44.64,688.65,567.58,240.08,360.23,129.9,129.74,96.23,128.72,48.01,95.25
2026-03-20,159.67,201.73,126.92,60.71,46.63,192.82,89.5,367.96,156.7,44.11,680.88,559.73,232.18,356.8,128.15,126.81,93.39,125.66,46.44,91.72
2026-03-23,161.13,205.21,127.19,60.31,49.25,189.92,90.23,380.85,167.56,40.76,701.7,569.03,233.77,359.74,129.83,127.34,93.75,127.92,47.17,93.46
2026-03-24,165.38,206.79,129.35,61.25,50.51,192.85,91.62,383.03,177.06,40.97,716.63,583.02,232.26,374.1,130.15,127.38,93.98,128.8,47.29,95.0
2026-03-25,163.26,205.15,128.93,61.85,51.89,193.51,91.16,385.95,181.39,42.53,719.04,577.99,236.68,375.0,130.86,128.16,94.61,128.3,47.67,95.32
2026-03-26,165.43,207.79,133.25,64.36,52.31,185.83,91.16,372.11,174.5,40.18,703.19,581.19,236.03,357.1,126.31,129.38,95.42,128.85,48.4,95.54
2026-03-27,170.99,211.15,133.8,65.32,53.5,190.29,91.4,361.83,179.45,37.84,695.4,566.64,233.88,357.36,125.4,129.99,95.55,130.1,48.32,95.88
2026-03-30,171.47,210.71,132.89,66.24,51.53,184.7,92.05,355.28,177.22,35.64,667.43,555.5,234.26,343.53,123.3,131.71,96.93,131.12,49.11,96.58
2026-03-31,169.66,206.9,132.0,65.0,51.39,197.26,92.88,371.75,179.53,37.81,708.46,563.3,236.93,357.67,131.02,130.94,96.52,131.08,49.02,97.17
2026-04-01,160.78,197.41,128.38,62.23,50.03,199.42,92.85,381.26,178.47,38.28,730.32,570.7,239.21,365.56,132.37,130.9,96.94,131.67,48.88,97.41
2026-04-02,160.69,198.97,130.52,62.97,49.44,195.32,93.15,360.59,178.09,34.92,717.22,575.71,240.52,361.1,131.7,132.22,97.45,132.68,49.33,99.2
2026-04-06,163.37,198.86,131.64,62.96,49.78,195.57,92.73,352.82,173.03,33.64,721.24,575.09,239.22,363.89,132.66,131.41,96.94,132.36,48.94,98.01
2026-04-07,163.91,201.54,131.77,62.94,50.35,192.31,93.67,346.65,173.53,32.04,724.44,576.0,234.64,368.85,134.64,131.82,96.82,132.92,49.05,98.46
2026-04-08,156.22,192.89,125.22,59.77,51.88,200.78,94.17,343.25,177.44,32.56,771.58,609.32,243.68,385.58,142.66,131.6,97.17,134.71,49.17,98.88
2026-04-09,155.04,190.36,123.47,58.53,52.54,197.25,94.48,345.62,172.35,31.26,787.07,618.0,247.45,400.44,144.67,133.0,97.59,137.15,49.44,99.75
2026-04-10,152.51,188.55,122.55,57.97,51.92,203.47,94.08,348.95,173.64,31.18,790.66,605.0,246.38,403.0,143.77,131.79,97.15,136.3,48.57,98.82
2026-04-13,152.64,191.78,123.62,58.06,51.92,200.35,92.3,352.42,185.43,31.37,791.73,603.04,244.91,403.36,144.46,130.4,95.93,134.46,48.15,96.23
2026-04-14,149.24,187.02,118.79,55.38,51.49,200.61,91.31,364.2,189.86,32.0,794.25,596.04,244.49,401.9,144.56,129.78,95.96,135.46,48.66,96.16
2026-04-15,149.01,184.91,118.92,55.83,52.42,195.2,91.24,391.95,185.38,32.18,770.17,576.64,243.39,395.06,140.4,127.98,94.64,134.39,47.88,95.47
2026-04-16,151.98,188.15,121.57,56.87,51.73,191.65,91.83,388.9,215.62,31.96,772.66,584.19,240.44,392.73,140.37,128.63,94.9,134.56,47.59,95.79
2026-04-17,146.44,183.99,116.04,53.79,52.66,190.44,91.98,400.62,197.75,32.48,794.65,590.46,244.81,406.21,146.35,128.03,94.51,133.66,47.02,94.02
2026-04-20,147.68,183.25,116.45,54.48,52.2,192.49,92.01,392.5,194.83,33.88,798.4,594.52,240.82,407.57,146.77,127.86,93.51,133.28,46.4,93.38
2026-04-21,148.36,185.98,120.26,56.33,52.77,186.61,90.6,386.42,198.42,33.62,800.45,587.3,232.94,409.7,144.83,125.67,91.92,131.89,46.27,93.15
2026-04-22,149.5,186.32,122.6,57.05,54.35,188.71,90.0,387.51,194.22,35.36,808.87,579.99,230.58,413.87,142.77,125.25,91.87,131.62,45.86,92.38
2026-04-23,150.53,187.6,124.37,57.83,54.74,196.19,96.25,373.72,193.14,36.16,835.24,591.95,224.68,424.5,142.44,128.04,93.91,135.08,46.75,93.91
2026-04-24,148.91,185.21,121.76,57.12,56.15,193.76,95.28,376.3,188.33,35.77,830.79,562.64,223.45,423.92,141.35,127.27,93.49,134.73,46.92,93.2
2026-04-27,148.19,184.78,121.68,57.27,55.23,197.48,94.83,378.67,199.53,35.24,828.79,567.69,222.28,416.77,141.47,127.09,93.77,135.07,46.59,92.46
2026-04-28,150.56,188.36,124.32,58.61,55.65,195.86,96.51,376.02,186.9,34.3,817.87,563.86,223.2,413.07,138.42,127.8,94.41,135.59,47.04,92.9
2026-04-29,154.67,192.22,128.25,60.76,55.7,190.61,94.17,372.8,190.88,31.19,810.05,560.02,220.44,410.77,136.56,126.51,93.51,134.44,47.02,92.64
2026-04-30,154.33,193.31,125.78,60.58,56.88,201.89,97.88,381.63,196.7,32.96,890.11,589.87,224.67,433.01,140.44,129.55,96.7,137.11,45.99,95.12
2026-05-01,152.75,190.63,123.19,58.71,56.92,211.71,96.95,390.82,193.88,33.85,889.67,577.26,222.75,425.55,137.45,128.6,96.71,136.91,46.5,94.67
2026-05-04,153.69,192.28,124.91,60.27,55.63,211.39,95.51,392.51,190.69,32.54,874.78,578.39,219.7,422.44,135.46,127.45,95.99,134.66,46.61,94.38
2026-05-05,154.88,192.64,123.32,59.34,56.0,219.38,96.28,389.37,194.82,36.02,904.59,575.79,219.14,410.86,138.38,127.58,95.9,137.04,46.18,94.37
2026-05-06,148.69,185.16,118.9,55.12,55.16,218.0,95.39,398.73,192.61,35.8,926.93,591.64,227.32,421.39,147.99,125.54,93.51,132.56,45.02,93.67
2026-05-07,146.58,182.5,114.88,53.94,53.0,214.57,93.32,411.79,198.35,35.47,895.69,580.54,226.49,399.15,141.09,124.87,92.43,131.76,44.41,91.57
2026-05-08,144.57,181.62,113.87,53.03,53.27,219.95,93.1,428.35,203.52,36.45,897.45,574.84,223.4,401.51,141.31,124.17,91.8,130.16,43.91,91.53
2026-05-11,149.68,184.74,115.55,55.14,54.93,233.27,94.84,445.0,209.99,37.65,926.79,588.74,229.68,419.0,139.43,124.9,93.1,130.7,44.19,92.83
2026-05-12,150.63,185.95,117.87,56.27,55.64,228.06,94.59,433.45,205.52,37.48,912.14,589.19,229.08,401.53,137.28,125.07,93.47,131.94,44.98,93.41
2026-05-13,151.57,186.0,117.4,56.18,55.38,234.6,94.85,445.27,200.94,42.0,902.3,580.65,228.47,406.94,137.76,123.9,93.14,127.95,44.27,91.68
2026-05-14,152.78,186.64,118.97,56.84,55.75,231.62,95.68,443.3,191.1,48.01,920.22,574.64,228.22,408.1,137.88,124.31,93.68,128.6,44.4,92.86
2026-05-15,157.92,191.1,122.41,59.62,55.38,233.37,93.36,422.24,180.38,52.89,888.31,561.83,223.52,399.44,133.05,120.95,92.55,125.15,43.38,90.43
2026-05-18,160.49,196.12,124.54,59.7,57.15,233.64,89.04,409.99,175.74,49.69,863.95,564.49,227.71,381.87,132.22,122.84,93.71,127.68,43.97,90.23
2026-05-19,162.55,197.25,125.11,60.7,56.77,221.71,90.06,404.11,169.0,46.76,860.15,558.07,227.62,371.88,130.65,124.56,94.14,128.92,44.62,91.31
2026-05-20,156.28,191.33,122.36,58.87,57.28,237.86,88.27,417.26,170.21,53.15,872.56,560.46,227.88,379.69,132.86,123.81,93.62,128.87,44.87,91.46
2026-05-21,155.29,191.01,120.55,58.83,57.25,248.88,89.69,417.85,169.9,62.34,865.95,531.35,234.59,381.51,134.9,124.66,94.24,129.61,45.35,91.55
2026-05-22,154.92,191.43,120.46,58.81,57.28,257.85,88.55,426.01,171.58,64.03,879.89,529.15,238.91,391.35,136.42,125.67,94.55,131.59,46.23,92.8
2026-05-26,149.81,184.71,116.57,57.46,57.98,269.95,87.65,433.59,174.69,66.9,908.55,529.12,242.9,403.13,140.97,124.97,94.09,130.9,46.03,91.55
2026-05-27,147.9,182.4,115.13,56.89,56.5,273.67,87.65,440.36,177.47,70.28,909.93,529.39,242.72,406.37,139.72,125.35,93.74,129.57,46.19,91.26
2026-05-28,146.96,183.03,114.99,57.32,55.12,303.38,87.25,442.1,176.32,69.5,887.67,539.0,244.24,401.94,141.79,123.76,92.52,127.76,45.58,90.03
2026-05-29,145.26,182.46,113.98,56.63,54.55,306.79,87.01,435.79,176.42,68.36,875.87,542.18,249.33,400.6,143.82,122.73,92.05,126.67,45.64,89.13
2026-06-01,149.38,185.83,115.58,58.92,54.75,303.0,83.66,415.88,171.13,63.74,865.36,542.43,247.95,400.08,141.65,119.89,89.03,123.79,44.71,87.13
2026-06-02,149.56,187.55,116.87,59.09,56.56,311.01,85.68,423.74,171.77,72.33,909.81,579.25,246.58,417.62,142.03,121.09,90.51,127.11,45.0,89.55
2026-06-03,152.53,189.71,119.05,59.64,56.85,318.25,84.58,423.7,168.34,69.02,926.18,588.29,234.03,421.21,140.88,121.04,90.49,126.31,45.08,89.53
2026-06-04,152.04,188.35,119.23,58.67,58.01,314.95,85.68,418.45,165.65,68.39,940.48,591.75,228.14,418.61,142.06,121.82,91.62,127.79,44.63,90.34
2026-06-05,149.92,187.31,117.14,56.93,54.87,279.01,85.84,391.0,155.44,56.07,904.28,583.44,224.29,395.94,138.12,124.22,92.6,129.14,45.75,91.42
2026-06-08,151.75,189.24,118.89,57.48,56.55,275.39,84.01,408.95,149.84,56.88,915.64,573.66,222.02,403.14,139.07,122.05,91.28,126.77,44.8,89.0
2026-06-09,148.91,186.76,116.79,56.55,55.85,262.19,84.83,396.68,152.79,53.51,914.7,577.33,226.1,401.72,142.42,123.82,92.95,127.76,45.33,90.87
2026-06-10,150.62,189.8,119.92,57.1,55.51,249.27,85.12,381.59,147.22,50.57,856.16,560.05,215.81,375.46,137.11,125.04,94.02,128.53,45.61,91.03
2026-06-11,146.6,185.82,115.36,55.47,56.0,271.17,84.84,399.15,159.06,54.93,897.63,568.64,229.69,393.64,142.09,124.19,93.27,128.48,45.51,91.54
2026-06-12,147.01,187.22,116.98,56.54,56.18,267.31,85.99,406.43,170.42,54.59,910.57,577.48,230.94,391.39,143.07,124.97,94.0,129.23,46.21,92.29
2026-06-15,140.92,180.4,112.26,54.46,53.71,273.51,86.12,411.15,168.9,52.4,933.93,575.47,238.38,407.06,146.52,125.28,93.82,129.31,46.18,91.93
2026-06-16,141.86,180.11,111.34,53.67,53.07,264.36,86.23,404.66,166.11,50.26,945.46,585.29,240.56,407.71,148.81,126.06,94.31,129.75,46.59,91.77
2026-06-17,140.74,177.58,111.21,53.04,50.33,254.8,85.73,396.38,166.56,47.78,955.92,588.47,239.64,409.64,149.0,123.73,92.53,128.27,45.56,90.25
2026-06-18,137.81,173.63,107.74,51.82,48.09,257.7,86.75,400.49,160.35,52.28,985.82,589.24,240.06,421.77,150.66,123.86,93.09,127.69,45.81,90.69
2026-06-22,138.47,175.06,109.7,52.0,47.95,263.11,86.08,405.05,156.69,52.41,1022.28,598.59,239.11,435.78,150.21,123.52,93.43,130.3,45.94,91.62
2026-06-23,139.73,175.98,109.97,52.23,47.79,249.24,86.43,381.61,149.98,47.22,984.24,591.94,233.1,405.28,143.14,125.05,94.93,133.74,46.62,92.29
2026-06-24,136.9,171.45,106.92,51.09,46.61,248.36,87.62,375.53,147.84,47.82,994.45,600.75,238.39,404.59,141.44,126.53,95.78,134.96,46.9,92.73
2026-06-25,137.55,172.24,106.41,51.21,47.42,248.64,87.7,375.12,141.05,47.21,1057.01,630.76,242.39,419.87,145.34,127.11,95.91,137.0,46.75,93.43
2026-06-26,136.54,171.06,105.96,49.99,47.0,239.07,88.56,379.71,133.7,47.58,997.47,613.24,243.41,402.68,143.49,128.4,97.16,138.69,47.4,94.27
2026-06-29,136.06,168.47,104.2,49.09,46.38,232.8,88.66,411.84,129.72,48.34,1033.19,626.63,227.8,408.26,142.82,128.33,96.75,137.97,47.15,93.91
2026-06-30,136.72,165.76,103.96,48.57,46.49,235.96,87.77,420.6,135.03,49.24,1064.9,634.33,223.9,426.12,143.15,126.58,95.71,136.81,46.62,92.71
2026-07-01,136.28,165.69,103.22,47.94,45.09,232.08,86.37,425.3,136.08,46.84,991.41,627.63,221.75,412.31,139.52,125.77,95.12,135.05,46.26,91.37
2026-07-02,137.09,169.2,104.73,48.91,45.13,224.57,88.34,393.45,135.56,43.07,963.53,621.27,229.86,398.52,139.05,129.6,97.98,138.51,47.88,93.06
2026-07-06,136.44,168.1,103.58,48.81,45.72,233.06,87.44,419.77,133.8,44.55,969.92,635.24,231.18,413.42,141.56,125.97,95.99,135.98,47.05,92.95
2026-07-07,141.69,174.01,108.44,51.68,46.42,227.72,88.47,402.9,129.02,42.99,940.12,603.61,225.05,395.68,137.91,128.22,97.29,137.53,47.57,94.59
2026-07-08,141.13,175.97,110.72,53.59,47.43,224.3,87.44,394.06,129.38,43.02,948.08,596.74,220.36,399.56,136.48,126.79,96.38,135.9,47.28,95.33
2026-07-09,137.46,174.05,108.02,52.3,47.24,228.5,87.1,406.55,128.42,44.89,938.39,592.9,223.42,405.83,137.8,125.26,95.17,133.85,46.38,94.62
2026-07-10,138.88,176.4,109.04,52.89,47.76,227.83,87.96,407.76,126.05,44.83,952.41,586.86,226.42,407.28,138.88,125.48,95.61,135.43,46.8,94.2
2026-07-13,144.51,182.2,112.85,54.81,47.36,221.03,88.38,394.76,125.79,43.06,931.47,585.64,222.25,402.85,135.38,126.86,96.47,135.63,47.09,94.41
2026-07-14,145.09,181.76,111.87,54.57,47.54,220.58,89.54,396.18,128.75,44.99,933.34,584.4,222.68,415.52,136.09,126.37,95.96,134.94,46.92,93.36
2026-07-15,144.51,181.6,111.46,53.77,47.55,223.82,89.1,394.46,124.74,44.05,914.3,589.48,222.84,412.86,136.25,124.34,94.6,132.5,45.74,92.78
2026-07-16,145.95,183.86,112.84,53.65,47.08,211.93,89.35,391.06,119.46,41.08,877.17,598.97,226.33,396.27,139.08,126.11,96.07,133.13,46.79,93.15
2026-07-17,147.36,187.38,114.71,54.86,46.99,211.99,88.8,380.84,120.78,41.57,880.28,597.24,225.02,399.99,139.54,125.01,95.3,132.14,46.26,92.25
2026-07-20,148.36,189.71,115.68,55.19,46.39,205.31,88.0,369.57,118.2,39.46,864.3,586.0,226.18,401.41,136.58,125.85,94.46,131.05,45.96,90.69
2026-07-21,151.71,191.07,117.5,56.5,46.59,206.05,87.93,378.93,118.62,39.94,889.97,586.88,229.86,402.95,139.26,125.91,93.85,130.48,45.89,90.59
2026-07-22,154.45,192.98,118.79,57.5,47.67,208.86,89.41,374.01,117.45,39.58,889.31,607.33,232.99,406.91,139.63,127.95,95.8,133.07,46.7,93.05
2026-07-23,156.89,194.42,120.2,57.6,47.22,205.92,89.79,319.69,116.91,38.89,894.54,610.02,246.27,415.13,144.9,129.26,96.6,134.92,47.28,93.44
2026-07-24,156.94,194.79,120.26,57.3,52.42,202.82,89.78,313.03,114.85,36.7,888.73,628.16,243.15,404.07,147.94,130.52,97.25,135.54,47.53,92.98
2026-07-27,154.77,190.0,115.58,54.93,51.53,205.83,88.83,309.22,116.18,38.01,873.28,625.02,245.75,398.64,149.3,128.83,96.48,133.59,47.15,91.25
2026-07-28,153.04,187.58,114.1,53.93,49.98,202.59,89.28,307.44,113.16,36.32,840.85,639.84,247.05,386.26,151.81,129.24,96.78,133.02,47.31,90.56
2026-07-29,156.75,191.86,118.06,56.03,48.96,199.24,88.46,298.32,113.88,35.07,782.71,610.95,241.12,361.88,145.73,129.08,96.05,129.4,47.03,88.82
2026-07-30,156.97,192.31,119.03,55.95,48.91,206.01,87.93,308.85,117.76,37.38,809.14,599.47,241.91,386.89,148.64,126.27,94.34,127.78,45.58,89.58
2026-07-31,155.44,196.83,120.48,57.07,49.59,211.03,86.92,311.21,117.64,37.54,814.81,592.67,243.05,415.2,149.82,125.43,94.54,127.85,45.82,88.55
2026-08-03,155.06,193.18,119.16,55.47,49.31,232.73,86.55,322.08,118.71,39.35,830.03,605.06,246.77,438.23,154.85,124.28,92.94,128.32,45.63,87.73
2026-08-04,153.96,190.4,117.94,55.09,50.81,243.63,87.2,327.35,120.82,41.77,876.54,617.37,248.79,444.77,158.84,124.27,93.25,128.35,45.84,86.65
2026-08-05,151.63,186.41,115.04,53.81,49.91,236.8,85.91,321.55,118.84,38.95,871.08,612.0,248.12,447.28,162.47,123.34,93.1,126.47,45.76,84.66
2026-08-06,154.84,189.23,116.76,56.04,51.54,244.14,84.6,319.53,125.42,39.67,856.96,614.84,240.74,448.19,156.91,123.9,92.9,125.26,45.32,84.35
2026-08-07,153.04,186.56,117.61,55.91,50.53,250.05,84.65,328.58,131.11,41.87,842.19,620.83,246.21,448.68,158.26,124.85,92.69,125.73,45.61,83.88
2026-08-10,159.79,194.91,123.03,58.65,53.2,239.33,84.7,330.88,131.21,40.92,837.58,609.28,242.93,444.96,158.71,121.19,91.34,122.84,44.5,84.31
2026-08-11,159.8,196.66,125.92,59.06,53.68,240.91,85.74,332.81,129.36,42.3,843.37,617.95,230.12,459.29,164.38,123.19,91.92,123.58,44.87,85.48
2026-08-12,159.75,196.6,127.3,58.55,52.61,226.77,85.78,327.51,128.34,40.77,855.6,619.77,235.34,459.96,163.8,123.49,92.52,124.65,45.22,85.92
2026-08-13,158.61,197.7,124.52,57.7,52.06,223.69,86.01,339.96,130.48,40.78,854.6,612.38,233.99,453.33,164.21,124.49,92.79,125.38,45.6,86.48
2026-08-14,160.1,200.0,126.78,58.36,53.77,225.56,86.19,342.27,136.15,40.48,856.57,608.85,233.96,451.51,163.17,123.92,92.8,125.6,45.86,86.41
2026-08-17,161.46,202.7,127.56,59.04,53.86,217.85,86.22,339.3,133.99,38.65,881.65,599.92,229.45,455.4,162.05,123.58,92.29,126.53,45.57,85.94
2026-08-18,165.56,205.74,129.72,59.8,53.21,220.01,86.22,336.87,132.71,37.58,840.87,588.72,227.71,431.33,157.78,123.99,92.07,126.35,45.31,87.18
2026-08-19,164.77,205.76,130.58,60.09,53.55,222.4,85.91,351.12,134.28,39.37,816.15,580.63,221.73,424.67,157.6,123.6,92.19,126.27,45.3,85.59
2026-08-20,166.15,205.77,134.89,61.52,53.55,214.06,85.03,345.13,134.19,38.36,815.39,620.94,218.32,415.29,154.72,122.69,91.43,125.7,45.06,87.38
2026-08-21,165.11,205.27,134.87,61.3,53.87,214.28,83.65,362.86,143.25,38.61,827.9,647.47,215.9,419.2,157.26,119.85,88.94,120.94,43.78,82.89
2026-08-24,164.05,203.09,133.35,60.11,54.0,208.31,84.1,348.95,141.51,37.18,811.02,648.64,214.77,408.67,157.57,121.97,90.1,121.98,44.34,84.57
2026-08-25,160.64,199.89,131.84,58.41,53.29,206.82,84.22,350.25,133.18,37.35,811.29,630.66,215.68,409.2,154.96,121.59,89.97,122.77,44.31,84.03
2026-08-26,158.19,200.21,130.61,58.62,53.6,205.93,84.22,345.82,134.51,38.42,821.93,634.54,220.67,419.44,158.29,121.89,89.76,123.36,44.44,85.28
2026-08-27,156.44,199.77,129.52,59.17,55.01,210.1,83.47,354.81,135.77,39.25,817.0,622.66,220.39,416.04,157.71,120.84,89.05,122.71,43.96,84.75
2026-08-28,156.71,201.86,130.35,59.1,57.33,204.46,81.84,348.75,137.36,37.25,800.25,630.33,217.43,402.78,155.18,120.25,88.25,122.31,43.93,84.31
2026-08-31,160.95,206.14,132.49,60.18,60.1,201.9,82.34,367.95,134.97,36.42,797.47,654.91,213.53,401.88,152.44,119.91,88.0,122.43,43.72,81.7
