Date,XLE,VDE,XOP,AMLP,FCG,ICLN,TAN,QCLN,PBW,PBD,XLI,VIS,PPA,XLU,VPU,IDU,SPY,QQQ,GLD,TLT
2014-01-02,42.36,124.62,268.44,88.1,96.35,10.58,37.86,18.13,32.7,12.19,51.53,98.76,30.63,18.69,82.01,47.16,182.92,86.86,118.0,102.17
2014-01-03,42.2,124.32,266.0,87.95,95.75,10.66,38.24,18.28,33.1,12.35,51.67,99.12,30.8,18.64,81.84,47.05,182.88,86.24,119.29,102.17
2014-01-06,42.26,124.29,264.56,87.8,95.05,10.58,38.32,18.1,32.95,12.32,51.37,98.46,30.72,18.67,81.86,47.05,182.36,85.92,119.5,102.6
2014-01-07,42.58,125.26,267.0,87.85,96.05,10.74,39.55,18.45,33.65,12.6,51.69,98.99,31.02,18.83,82.61,47.48,183.48,86.71,118.82,102.86
2014-01-08,42.29,124.45,265.8,87.2,96.3,10.72,39.97,18.64,33.65,12.66,51.6,98.99,31.04,18.73,82.18,47.24,183.52,86.9,118.12,102.58
2014-01-09,42.15,124.02,264.72,87.2,95.15,10.74,39.63,18.56,33.25,12.66,51.85,99.41,31.25,18.84,82.57,47.48,183.64,86.61,118.46,103.18
2014-01-10,42.19,124.23,266.4,86.95,95.6,10.74,40.31,18.63,33.55,12.86,51.93,99.78,31.38,19.11,83.7,48.16,184.14,86.89,120.26,104.41
2014-01-13,41.35,121.82,258.96,87.0,93.2,10.6,39.02,18.0,32.55,12.66,51.3,98.62,31.08,18.92,82.92,47.68,181.69,85.61,121.02,104.93
2014-01-14,41.89,123.33,264.0,87.35,95.3,10.7,41.09,18.74,33.6,12.91,51.84,99.68,31.33,18.94,83.0,47.75,183.67,87.24,119.89,104.45
2014-01-15,41.77,123.0,263.64,87.4,95.1,10.81,41.54,19.03,34.2,13.0,52.21,100.45,31.58,18.91,82.91,47.66,184.66,87.96,119.66,104.34
2014-01-16,41.82,123.17,266.4,87.65,96.7,10.88,42.68,19.32,34.6,13.06,52.08,100.17,31.6,19.03,83.36,47.94,184.42,87.97,119.79,105.04
2014-01-17,41.76,123.06,263.76,87.3,95.85,10.9,41.77,19.09,34.1,12.93,51.82,99.65,31.5,19.03,83.35,47.97,183.63,87.47,120.93,105.48
2014-01-21,42.1,123.77,270.24,88.1,98.5,10.88,41.18,19.2,34.3,12.87,51.87,99.83,31.73,19.24,84.29,48.48,184.18,88.14,119.7,105.56
2014-01-22,42.3,124.42,275.2,88.6,101.0,10.91,41.69,19.5,34.65,12.98,52.03,100.14,32.19,19.26,84.45,48.57,184.3,88.37,119.19,105.3
2014-01-23,41.81,122.98,272.12,88.65,99.8,10.71,40.35,19.12,33.8,12.79,51.41,99.05,31.73,19.2,84.23,48.43,182.79,88.07,121.79,106.79
2014-01-24,40.94,120.3,265.92,88.3,98.7,10.27,37.46,18.41,32.4,12.36,49.81,95.91,30.77,18.99,83.36,47.91,178.89,86.34,122.29,107.48
2014-01-27,40.79,119.69,260.8,87.75,96.6,10.19,38.12,18.29,32.1,12.2,49.86,95.76,30.84,19.03,83.44,47.97,178.01,85.5,120.96,106.73
2014-01-28,41.11,120.72,265.36,88.1,98.3,10.43,39.85,18.74,32.85,12.51,50.33,96.69,30.99,19.1,83.71,48.13,179.07,85.45,120.95,106.99
2014-01-29,40.88,120.07,263.68,88.15,97.75,10.31,38.83,18.51,32.45,12.34,49.79,95.65,30.54,19.09,83.55,48.12,177.35,84.53,122.47,107.87
2014-01-30,41.01,120.36,264.76,88.25,97.72,10.45,40.17,18.81,32.95,12.47,50.28,96.49,30.82,19.39,84.98,48.89,179.23,86.1,119.77,107.56
2014-01-31,40.48,118.68,263.0,89.0,97.3,10.35,39.33,18.76,32.85,12.37,50.03,95.98,31.01,19.55,85.57,49.22,178.18,85.87,120.09,108.28
2014-02-03,39.76,116.54,256.16,88.65,94.85,10.08,37.5,17.98,31.35,12.06,48.64,93.16,30.16,19.4,84.68,48.8,174.17,83.9,121.32,109.32
2014-02-04,40.16,117.5,260.44,88.15,97.55,10.1,38.21,18.13,31.55,12.2,48.95,93.93,30.27,19.28,84.18,48.5,175.38,84.51,120.99,108.16
2014-02-05,39.77,116.33,257.28,88.45,96.1,10.08,37.8,17.88,31.2,12.15,48.93,93.67,30.24,19.19,83.82,48.24,175.17,84.3,121.29,107.16
2014-02-06,40.36,118.2,260.76,87.5,96.85,10.26,37.97,18.1,31.45,12.38,49.61,94.91,30.62,19.33,84.42,48.59,177.48,85.37,121.24,106.7
2014-02-07,40.8,119.44,263.04,88.2,97.25,10.52,39.72,18.61,32.1,12.58,50.47,96.37,31.2,19.44,84.97,48.88,179.68,86.89,122.17,106.79
2014-02-10,40.6,118.69,261.16,87.85,96.6,10.61,40.36,18.88,32.7,12.66,50.15,95.87,31.01,19.58,85.59,49.24,180.01,87.39,122.92,107.09
2014-02-11,41.13,120.4,264.84,88.35,97.55,10.64,39.75,18.82,32.7,12.76,50.71,96.87,31.44,19.77,86.28,49.67,181.98,88.39,124.36,106.47
2014-02-12,41.03,120.37,267.08,88.4,98.35,10.68,40.21,18.93,32.75,12.78,51.0,97.39,31.66,19.8,86.41,49.72,182.07,88.56,124.43,105.92
2014-02-13,41.23,121.0,270.84,88.5,99.4,10.7,41.96,19.27,33.65,12.97,51.04,97.78,31.75,20.01,87.46,50.34,183.01,89.21,125.49,106.52
2014-02-14,41.77,122.69,273.0,88.6,99.95,10.75,41.51,19.24,33.45,13.04,51.37,98.35,31.92,20.14,88.0,50.65,184.02,89.39,127.15,106.58
2014-02-18,41.96,123.31,277.12,88.5,101.25,10.83,43.76,19.75,34.45,13.21,51.33,98.34,32.14,20.21,88.29,50.75,184.24,89.83,127.4,106.82
2014-02-19,42.01,123.22,275.0,87.85,101.5,10.74,42.98,19.45,33.9,13.07,50.85,97.49,31.83,20.09,87.78,50.48,183.02,89.21,126.27,106.37
2014-02-20,42.29,124.1,275.6,87.45,100.75,10.74,43.51,19.86,34.65,13.16,51.33,98.55,32.28,20.25,88.52,50.88,184.1,89.63,127.6,106.11
2014-02-21,41.95,123.38,276.0,87.4,100.2,10.81,43.29,19.7,34.15,13.19,51.39,98.52,32.34,20.27,88.62,50.99,183.89,89.51,127.58,106.67
2014-02-24,42.58,125.42,282.96,87.0,101.8,11.07,44.83,20.09,34.85,13.46,51.78,99.29,32.6,20.23,88.38,50.77,184.91,89.99,128.99,106.4
2014-02-25,42.56,125.28,280.92,87.0,100.65,10.99,44.56,20.41,35.0,13.43,51.61,98.81,32.27,20.2,88.36,50.76,184.84,89.89,129.21,107.35
2014-02-26,42.3,124.54,276.8,87.7,98.4,11.01,46.0,20.7,35.65,13.6,51.66,99.12,32.25,20.14,88.05,50.59,184.85,89.81,128.11,107.92
2014-02-27,42.34,124.57,276.64,87.4,98.4,11.24,47.26,20.89,36.65,13.82,51.96,99.71,32.53,20.08,87.81,50.48,185.82,90.39,128.2,108.51
2014-02-28,42.55,125.29,278.76,87.05,99.2,11.17,46.7,20.68,36.7,13.84,52.06,99.9,32.63,20.23,88.41,50.8,186.29,90.29,127.62,108.57
2014-03-03,42.28,124.58,277.72,87.15,98.75,11.14,45.68,20.53,36.45,13.66,51.71,99.13,32.54,20.02,87.57,50.33,184.98,89.62,130.29,109.03
2014-03-04,42.74,125.98,282.88,87.5,100.15,11.55,48.71,21.31,38.25,14.1,52.46,100.85,33.19,20.17,88.33,50.79,187.58,90.76,128.68,107.39
2014-03-05,42.34,124.65,279.64,87.75,98.75,11.48,48.6,21.22,38.85,14.18,52.53,100.97,33.04,20.03,87.76,50.48,187.75,91.01,128.89,107.62
2014-03-06,42.65,125.44,280.72,87.65,99.1,11.66,50.24,21.31,39.3,14.42,52.83,101.61,33.12,19.93,87.22,50.15,188.18,90.93,130.17,106.56
2014-03-07,42.73,125.69,280.92,87.6,99.25,11.61,49.92,21.22,39.4,14.42,53.0,101.81,33.18,20.0,87.41,50.27,188.26,90.48,129.09,105.89
2014-03-10,42.8,125.95,279.04,87.15,99.0,11.49,48.5,20.96,39.1,14.37,52.77,101.29,32.95,19.94,87.34,50.21,188.16,90.56,129.13,106.04
2014-03-11,42.31,124.32,273.16,87.2,97.4,11.47,47.51,20.64,37.9,14.15,52.39,100.51,32.57,19.89,87.03,50.04,187.23,90.17,129.86,106.32
2014-03-12,42.32,124.45,275.0,87.1,97.15,11.4,47.65,20.87,38.15,14.14,52.29,100.29,32.52,20.14,88.11,50.66,187.28,90.51,131.76,107.06
2014-03-13,41.9,123.21,272.12,86.7,95.85,11.18,46.04,20.49,37.5,13.84,51.55,98.81,32.03,20.35,88.96,51.14,185.18,89.23,132.21,108.5
2014-03-14,41.94,123.56,275.56,87.1,96.65,11.04,46.03,20.44,37.35,13.75,51.35,98.63,32.1,20.44,89.51,51.46,184.66,88.62,133.1,108.52
2014-03-17,42.16,124.35,275.64,87.5,96.65,11.18,47.53,20.67,37.5,13.94,51.98,99.85,32.45,20.58,90.0,51.76,186.33,89.4,131.64,107.71
2014-03-18,42.51,125.45,280.84,87.9,98.8,11.24,48.84,21.15,38.2,14.1,52.26,100.43,32.64,20.55,89.98,51.71,187.66,90.48,130.62,108.1
2014-03-19,42.19,124.42,278.72,87.25,98.55,11.33,49.06,21.3,37.95,13.95,51.72,99.59,32.37,20.23,88.67,50.95,186.66,89.99,128.09,107.26
2014-03-20,42.36,125.02,281.04,87.5,99.65,11.28,48.1,21.37,37.9,13.91,51.87,99.72,32.29,20.27,88.64,50.94,187.75,90.24,127.86,107.07
2014-03-21,42.27,125.5,281.72,87.4,100.55,11.13,46.05,21.11,37.35,13.68,51.65,99.78,32.27,20.25,89.32,51.3,186.2,88.95,128.47,108.23
2014-03-24,42.18,125.14,280.0,87.1,99.8,11.11,45.27,20.72,36.5,13.55,51.48,99.34,32.08,20.31,88.66,51.43,185.43,88.17,126.18,109.0
2014-03-25,42.56,126.17,281.64,87.05,100.1,11.0,44.63,20.8,36.55,13.54,51.95,100.03,32.27,20.4,89.07,51.2,186.31,88.46,126.41,108.59
2014-03-26,42.36,125.62,277.64,87.15,99.2,10.93,43.29,19.98,34.75,13.35,51.42,98.91,31.94,20.31,88.67,50.98,184.97,87.32,125.41,109.44
2014-03-27,42.7,126.78,282.04,87.4,101.85,11.09,43.5,19.83,34.6,13.29,51.35,98.64,31.64,20.48,89.32,51.38,184.58,86.83,124.59,109.99
2014-03-28,43.24,128.37,286.56,87.95,103.35,11.17,44.03,20.01,35.0,13.45,51.73,99.34,31.93,20.5,89.44,51.45,185.49,87.0,124.56,109.37
2014-03-31,43.24,128.41,287.32,88.3,103.5,11.2,44.21,20.31,35.4,13.5,52.33,100.59,32.42,20.73,90.52,52.09,187.01,87.62,123.61,109.1
2014-04-01,43.49,129.14,288.96,89.2,103.3,11.23,45.32,20.85,36.4,13.73,52.7,101.4,32.69,20.58,89.95,51.77,188.25,89.16,123.39,107.89
2014-04-02,43.65,129.65,292.44,89.1,105.5,11.34,45.85,21.01,36.65,13.84,53.07,102.13,32.97,20.56,89.84,51.66,188.88,89.39,124.32,107.27
2014-04-03,43.93,130.16,293.88,89.25,106.75,11.15,44.68,20.68,35.95,13.7,53.15,102.05,32.88,20.62,90.11,51.85,188.63,88.68,123.92,107.74
2014-04-04,43.77,129.64,291.2,89.3,106.0,11.09,43.93,20.06,34.85,13.48,52.54,100.72,32.16,20.73,90.44,52.03,186.4,86.32,125.57,108.46
2014-04-07,43.04,127.63,284.76,88.7,104.15,10.96,41.62,19.42,33.45,13.22,51.79,99.23,31.69,20.69,90.17,51.88,184.34,85.51,124.91,109.11
2014-04-08,43.47,128.94,290.2,89.15,106.65,10.91,42.44,19.92,34.2,13.22,51.79,99.29,31.57,20.99,91.4,52.63,185.1,86.29,126.09,109.37
2014-04-09,43.67,129.7,292.96,89.35,106.6,11.14,43.72,20.27,34.95,13.47,52.45,100.66,32.14,20.94,91.22,52.48,187.09,87.77,126.32,108.83
2014-04-10,43.06,127.89,289.08,88.8,105.35,10.79,41.22,19.44,33.6,13.19,51.41,98.68,31.42,20.86,90.71,52.27,183.16,85.06,127.01,109.84
2014-04-11,42.94,127.56,287.0,89.65,104.65,10.7,40.06,18.97,32.9,12.96,50.9,97.61,31.03,20.84,90.61,52.17,181.51,84.07,126.93,110.73
2014-04-14,43.53,129.18,293.12,89.7,107.3,10.6,39.66,19.03,32.8,12.78,51.19,98.09,31.21,20.97,91.17,52.5,182.94,84.73,127.85,110.44
2014-04-15,44.11,130.79,298.0,89.55,108.85,10.55,38.84,19.05,32.6,12.77,51.55,98.66,31.58,21.26,92.38,53.18,184.2,85.01,125.49,111.13
2014-04-16,44.64,132.43,302.96,90.0,110.35,10.78,40.85,19.3,33.45,13.0,52.34,100.24,32.05,21.42,93.05,53.59,186.12,86.13,125.54,111.27
2014-04-17,45.05,133.62,307.44,90.35,112.15,10.84,40.53,19.41,33.4,13.05,52.75,101.09,32.35,21.15,92.11,53.01,186.39,86.15,124.75,110.05
2014-04-21,45.35,134.45,309.24,90.7,112.65,10.81,41.16,19.68,34.1,13.18,52.9,101.42,32.41,21.13,91.97,52.91,187.04,86.79,124.24,109.96
2014-04-22,45.28,134.2,308.56,90.8,112.5,11.11,43.33,20.22,35.0,13.4,52.93,101.66,32.33,21.16,92.15,53.02,187.89,87.48,123.78,110.33
2014-04-23,45.52,134.79,310.68,90.65,113.0,11.05,43.01,19.88,34.55,13.33,53.13,101.91,32.56,21.17,92.27,53.1,187.45,86.71,123.76,110.96
2014-04-24,45.53,134.68,311.76,90.15,113.3,11.01,43.66,19.9,34.7,13.28,53.03,101.64,32.24,21.31,92.81,53.41,187.83,87.54,124.56,111.17
2014-04-25,45.26,133.97,306.08,89.8,111.35,10.8,42.34,19.33,33.9,13.13,52.51,100.56,31.87,21.56,93.73,53.95,186.29,86.14,125.43,111.33
2014-04-28,45.34,134.23,305.44,90.05,111.3,10.65,40.5,18.76,32.65,12.9,52.54,100.49,31.68,21.66,94.18,54.24,186.88,86.42,124.88,110.79
2014-04-29,45.55,134.85,309.44,90.7,112.85,10.65,40.56,18.84,32.65,12.98,52.68,100.8,31.99,21.57,93.75,53.97,187.75,87.11,124.86,110.64
2014-04-30,45.51,134.92,310.44,90.55,113.0,10.7,40.88,18.86,32.95,12.99,53.03,101.51,32.08,21.6,93.91,54.11,188.31,87.34,124.22,111.1
2014-05-01,45.41,134.31,307.08,91.0,111.15,10.72,41.36,18.86,32.95,12.99,52.9,101.32,32.0,21.69,94.27,54.31,188.32,87.6,123.8,112.02
2014-05-02,45.5,134.84,309.12,91.35,111.55,10.82,41.06,18.84,32.85,13.03,52.82,101.34,32.18,21.25,92.53,53.25,188.06,87.44,125.06,112.71
2014-05-05,45.71,135.45,308.4,92.0,111.05,10.81,40.8,18.85,32.9,13.03,52.93,101.39,32.42,21.44,93.24,53.71,188.42,87.9,126.22,112.03
2014-05-06,45.78,135.53,307.2,90.4,111.2,10.72,40.16,18.47,32.0,12.97,52.53,100.55,32.1,21.33,92.79,53.45,186.78,86.76,125.98,112.48
2014-05-07,46.18,136.53,307.48,91.2,113.0,10.6,38.96,18.06,31.25,12.74,52.98,101.26,32.3,21.68,94.26,54.33,187.88,86.51,124.17,112.08
2014-05-08,45.52,134.5,298.28,90.25,109.7,10.41,38.18,17.73,30.2,12.55,52.97,101.14,32.23,21.44,93.26,53.74,187.68,86.43,124.17,111.6
2014-05-09,45.47,134.51,297.76,89.95,109.4,10.47,38.2,17.72,30.65,12.65,53.01,101.28,32.36,21.13,92.05,53.02,187.96,86.75,124.1,111.24
2014-05-12,45.8,135.32,300.6,90.2,110.05,10.8,40.18,18.15,31.3,12.92,53.8,102.97,32.83,20.93,91.35,52.61,189.78,88.18,124.94,110.79
2014-05-13,45.97,135.8,303.2,90.0,110.45,10.79,39.81,18.18,31.25,12.88,53.89,102.98,32.84,20.99,91.45,52.69,189.96,88.24,124.6,111.75
2014-05-14,45.98,135.81,300.04,90.34,109.55,10.82,39.52,17.84,30.5,12.83,53.49,102.01,32.41,21.09,91.89,52.97,189.06,87.78,125.81,112.96
2014-05-15,45.46,134.19,297.0,90.35,108.8,10.57,38.17,17.57,30.1,12.65,53.02,101.03,31.99,21.0,91.56,52.77,187.4,87.09,124.77,113.86
2014-05-16,45.34,133.86,296.84,90.55,108.25,10.47,37.67,17.56,29.95,12.63,53.09,101.27,31.92,21.07,91.86,52.93,188.05,87.66,124.5,113.54
2014-05-19,45.48,134.32,299.64,90.25,108.85,10.55,37.69,17.76,30.3,12.71,53.3,101.82,32.1,20.75,90.55,52.2,188.74,88.27,124.58,112.7
2014-05-20,45.35,133.97,297.36,90.5,108.45,10.47,36.93,17.51,29.7,12.62,52.59,100.39,31.58,20.75,90.58,52.19,187.55,87.95,124.69,112.95
2014-05-21,45.84,135.55,302.44,90.7,110.7,10.74,38.85,17.84,30.89,12.82,53.11,101.21,31.71,20.76,90.57,52.19,189.13,88.79,124.39,112.26
2014-05-22,45.8,135.33,301.52,91.05,109.5,10.87,39.82,18.07,31.05,12.99,53.21,101.57,31.91,20.93,91.33,52.66,189.59,89.18,124.67,112.1
2014-05-23,45.71,135.13,299.08,91.05,108.4,11.0,40.48,18.31,31.5,13.09,53.55,102.36,32.19,20.88,91.18,52.49,190.35,89.83,124.51,112.7
2014-05-27,45.83,135.4,302.32,90.9,110.2,11.09,40.76,18.52,31.9,13.2,53.83,102.99,32.37,21.05,91.91,52.91,191.52,90.95,121.85,113.36
2014-05-28,45.91,135.69,305.76,90.8,111.65,11.07,40.72,18.67,32.35,13.24,53.87,103.03,32.4,21.17,92.46,53.27,191.38,90.67,121.2,114.76
2014-05-29,46.31,136.77,311.32,90.75,113.5,11.21,41.88,18.93,32.7,13.3,54.09,103.33,32.51,21.23,92.51,53.29,192.37,91.25,120.94,114.15
2014-05-30,46.27,136.65,308.16,91.2,112.65,11.14,40.79,18.68,32.25,13.29,54.05,103.33,32.57,21.37,93.22,53.73,192.68,91.26,120.43,114.1
2014-06-02,46.21,136.3,304.68,91.65,111.15,11.19,40.75,18.54,31.75,13.3,54.28,103.76,32.69,21.36,93.12,53.67,192.9,91.17,119.7,112.96
2014-06-03,46.37,136.82,306.84,91.55,112.05,11.16,39.93,18.42,31.25,13.22,54.22,103.49,32.67,21.44,93.35,53.8,192.8,91.13,120.01,111.57
2014-06-04,46.35,136.75,307.68,91.9,112.3,11.08,40.13,18.56,31.55,13.25,54.21,103.6,32.75,21.43,93.43,53.88,193.19,91.47,119.76,111.54
2014-06-05,46.62,137.55,310.36,92.05,113.1,11.23,40.24,18.78,31.95,13.4,54.76,104.81,33.22,21.61,94.32,54.34,194.45,92.24,120.66,111.59
2014-06-06,47.0,138.79,312.44,92.4,113.15,11.3,39.84,18.73,32.05,13.49,55.31,105.8,33.48,21.54,94.01,54.17,195.38,92.77,120.61,111.59
2014-06-09,47.07,138.97,313.44,92.45,113.8,11.35,40.13,18.84,32.3,13.63,55.59,106.43,33.67,21.4,93.49,53.83,195.58,92.7,120.65,111.43
2014-06-10,46.99,138.76,311.84,92.5,113.05,11.3,40.06,18.77,32.25,13.57,55.46,106.16,33.51,21.34,93.21,53.69,195.6,92.86,121.39,111.02
2014-06-11,47.17,139.3,314.92,92.3,113.85,11.31,40.43,18.86,32.2,13.57,55.05,105.29,33.17,21.08,92.12,53.04,194.92,92.84,121.41,111.22
2014-06-12,47.33,139.84,319.12,91.9,115.4,11.33,41.01,18.84,32.2,13.61,54.31,103.84,32.73,21.14,92.4,53.22,193.54,92.0,122.64,112.21
2014-06-13,47.78,141.24,322.8,92.05,117.0,11.51,42.0,19.11,32.55,13.7,54.5,104.14,32.91,21.27,92.9,53.47,194.13,92.27,122.96,112.15
2014-06-16,48.07,141.92,323.64,92.75,116.5,11.54,42.75,19.56,33.12,13.77,54.44,104.06,32.87,21.42,93.56,53.88,194.29,92.35,122.42,112.43
2014-06-17,48.03,141.75,324.2,92.45,117.1,11.74,44.28,20.23,34.15,13.9,54.59,104.43,32.9,21.39,93.5,53.84,194.83,92.4,122.28,111.54
2014-06-18,48.4,142.82,327.68,91.9,118.45,11.92,44.48,20.32,34.65,14.02,54.9,104.99,32.92,21.88,95.38,54.97,196.25,92.92,122.67,112.4
2014-06-19,48.74,143.78,331.0,93.15,119.0,11.85,44.1,20.18,34.3,13.96,55.04,105.25,32.96,22.06,96.12,55.35,196.48,92.86,126.94,110.96
2014-06-20,49.0,145.14,333.2,92.75,119.9,11.89,44.77,20.27,34.4,13.97,55.02,105.71,32.98,21.74,95.58,55.05,195.94,92.72,126.5,111.8
2014-06-23,49.17,145.6,333.8,93.55,119.4,11.82,44.26,20.37,34.4,13.84,54.7,105.15,32.78,21.66,94.59,54.88,195.88,92.74,126.85,111.45
2014-06-24,48.14,142.54,320.96,93.85,114.85,11.56,42.86,19.93,33.6,13.7,54.15,104.04,32.29,21.73,94.85,54.66,194.7,92.65,126.98,112.58
2014-06-25,48.5,143.6,326.08,94.25,117.15,11.69,43.75,20.2,34.0,13.78,54.2,104.22,32.35,21.81,95.35,54.92,195.58,93.24,126.99,112.87
2014-06-26,48.56,143.74,325.28,94.35,116.85,11.77,44.3,20.28,34.2,13.82,54.16,104.11,32.28,21.87,95.53,55.01,195.44,93.29,126.73,113.41
2014-06-27,48.56,143.79,326.8,94.6,117.1,11.85,44.41,20.4,34.1,13.89,54.29,104.46,32.44,21.95,95.92,55.27,195.82,93.7,126.66,113.24
2014-06-30,48.6,143.96,329.12,95.0,118.0,11.86,44.57,20.55,34.45,13.94,54.06,104.24,32.26,22.13,96.7,55.69,195.72,93.86,128.04,113.52
2014-07-01,48.63,144.13,328.32,95.25,117.15,11.83,44.37,20.68,34.65,14.0,54.39,104.97,32.6,21.91,95.83,55.18,197.03,94.89,127.7,112.28
2014-07-02,48.55,143.89,326.4,94.85,116.5,11.82,44.22,20.52,34.4,13.97,54.3,104.65,32.36,21.49,93.98,54.1,197.23,95.05,127.7,111.08
2014-07-03,48.74,144.57,327.0,94.15,116.35,11.98,44.7,20.57,34.35,14.07,54.75,105.48,32.58,21.25,93.09,53.58,198.2,95.65,127.16,110.68
2014-07-07,48.36,143.31,320.16,93.35,113.15,11.79,43.18,20.08,33.5,13.84,54.36,104.49,32.3,21.35,93.39,53.77,197.51,95.36,127.02,111.49
2014-07-08,48.29,143.14,319.6,92.95,113.5,11.41,41.63,19.69,32.7,13.55,53.99,103.81,31.98,21.5,94.05,54.12,196.24,94.21,127.07,112.74
2014-07-09,48.61,144.05,322.68,93.8,114.3,11.48,42.28,19.86,32.95,13.58,54.08,103.96,32.08,21.43,93.84,54.02,197.12,94.91,127.84,112.83
2014-07-10,48.14,142.55,318.0,93.55,112.65,11.32,41.8,19.66,32.5,13.44,53.76,103.41,32.03,21.58,94.32,54.33,196.34,94.61,128.54,112.86
2014-07-11,47.77,141.37,313.28,93.85,110.2,11.35,42.15,19.72,32.55,13.41,54.07,103.81,32.17,21.42,93.67,53.89,196.61,95.22,128.78,113.58
2014-07-14,48.18,142.68,317.24,93.85,111.4,11.38,42.37,19.82,32.9,13.5,54.38,104.47,32.48,21.17,92.64,53.29,197.6,95.79,125.72,113.09
2014-07-15,47.98,141.94,310.12,93.95,109.5,11.35,42.07,19.64,32.75,13.45,54.41,104.44,32.48,21.28,93.02,53.53,197.23,95.46,124.53,112.86
2014-07-16,48.7,144.1,315.76,94.55,110.9,11.38,41.98,19.65,32.55,13.5,54.64,104.84,32.48,21.35,93.22,53.64,197.96,95.84,124.97,113.46
2014-07-17,47.92,141.93,309.48,94.6,107.95,11.21,40.48,19.26,31.8,13.29,53.79,103.22,32.15,21.16,92.31,53.13,195.71,94.57,127.09,114.89
2014-07-18,48.06,142.44,313.56,94.7,109.05,11.42,41.74,19.69,32.35,13.46,54.24,104.18,32.52,21.37,93.36,53.71,197.71,96.07,126.13,114.52
2014-07-21,48.13,142.64,314.08,94.75,108.5,11.43,41.86,19.84,32.7,13.46,54.21,103.93,32.64,21.35,93.19,53.62,197.34,95.95,126.34,115.09
2014-07-22,48.48,143.75,316.72,95.15,108.9,11.58,42.51,20.01,33.15,13.57,54.41,104.53,32.71,21.31,93.08,53.55,198.2,96.56,125.74,115.33
2014-07-23,48.79,144.58,318.96,95.25,110.35,11.51,41.59,19.63,32.95,13.54,54.19,104.22,32.48,21.33,93.02,53.51,198.64,97.18,125.62,115.18
2014-07-24,48.83,144.72,319.24,94.9,110.35,11.56,41.39,19.55,32.5,13.52,53.93,103.66,32.32,21.39,93.26,53.66,198.65,97.07,124.35,114.32
2014-07-25,48.47,143.59,314.6,94.7,108.45,11.53,41.23,19.33,32.35,13.51,53.79,103.21,32.08,21.22,92.51,53.19,197.72,96.69,125.79,115.67
2014-07-28,48.35,143.28,310.48,94.75,106.9,11.59,41.33,19.49,32.3,13.45,53.52,102.53,32.01,21.51,93.78,53.96,197.8,96.72,125.58,115.51
2014-07-29,48.23,142.83,311.72,94.45,107.65,11.49,40.95,19.45,32.3,13.36,52.85,101.46,31.64,21.32,92.86,53.46,196.95,96.55,125.2,115.93
2014-07-30,47.95,142.02,308.8,93.7,106.25,11.52,40.58,19.66,32.45,13.31,52.9,101.57,31.75,20.95,91.48,52.62,196.98,96.93,124.83,114.32
2014-07-31,46.91,138.58,301.16,92.4,103.75,11.19,39.42,19.09,31.45,12.93,51.83,99.53,31.09,20.63,89.98,51.76,193.09,94.97,123.39,113.98
2014-08-01,46.53,137.48,295.04,91.95,102.35,11.09,38.61,18.94,31.0,12.88,51.78,99.42,31.16,20.7,90.26,51.95,192.5,94.62,124.38,114.56
2014-08-04,47.31,139.75,303.2,93.3,104.45,11.24,38.66,19.07,31.15,12.99,51.96,99.74,31.13,20.59,89.83,51.63,193.89,95.27,123.99,114.26
2014-08-05,46.28,136.73,294.96,92.15,101.6,11.17,39.5,19.13,31.2,12.88,51.65,99.27,31.17,20.34,88.73,51.06,192.01,94.54,123.87,114.63
2014-08-06,46.42,137.19,296.4,90.4,101.8,11.27,39.64,19.38,31.55,12.89,51.39,98.93,30.87,20.08,87.73,50.49,192.07,94.47,125.67,114.7
2014-08-07,46.13,136.22,294.96,90.55,100.7,11.24,40.5,19.52,31.65,12.89,51.44,98.92,30.86,20.32,88.59,50.99,191.03,94.17,126.18,115.77
2014-08-08,46.9,138.59,303.92,90.8,103.45,11.33,40.37,19.53,31.8,13.0,52.17,100.25,31.26,20.72,90.36,52.01,193.24,94.85,126.19,115.52
2014-08-11,46.9,138.77,304.04,93.5,102.8,11.51,41.41,19.92,32.45,13.19,52.38,100.83,31.39,20.65,90.1,51.84,193.79,95.41,125.96,115.51
2014-08-12,46.56,137.74,298.36,93.0,100.3,11.47,40.71,19.69,31.95,13.12,52.26,100.52,31.28,20.63,90.01,51.81,193.53,95.37,125.99,114.76
2014-08-13,46.71,138.27,298.56,93.55,99.95,11.62,41.74,19.79,32.45,13.28,52.77,101.43,31.68,20.73,90.43,52.04,194.84,96.38,126.2,115.51
2014-08-14,46.44,137.48,295.12,94.15,98.95,11.63,41.98,20.0,33.0,13.32,53.0,102.02,31.79,20.91,91.31,52.58,195.76,96.88,126.31,116.44
2014-08-15,46.79,138.46,299.52,94.75,100.55,11.68,42.24,20.0,33.0,13.26,52.89,101.76,31.74,20.99,91.66,52.75,195.72,97.35,125.48,117.71
2014-08-18,46.91,138.92,301.28,94.65,100.65,11.81,42.9,20.28,33.6,13.4,53.69,103.45,32.19,20.93,91.55,52.67,197.36,98.1,124.96,116.54
2014-08-19,47.27,139.93,304.2,94.9,101.8,11.87,43.53,20.44,33.85,13.51,53.82,103.75,32.33,21.19,92.64,53.32,198.39,98.65,124.68,116.18
2014-08-20,47.37,140.27,304.8,95.4,101.85,11.88,43.58,20.73,34.0,13.58,54.39,104.52,32.52,21.24,92.88,53.45,198.92,98.65,124.22,115.99
2014-08-21,47.41,140.33,307.28,95.25,102.7,11.82,43.67,20.7,33.95,13.54,54.34,104.48,32.65,21.29,93.08,53.56,199.5,98.85,122.88,116.64
2014-08-22,47.1,139.48,305.32,94.9,101.9,11.78,43.78,20.82,34.1,13.53,54.15,104.17,32.59,21.23,92.83,53.42,199.19,99.0,123.19,117.29
2014-08-25,47.51,140.8,310.88,95.45,103.6,11.91,44.14,20.89,34.15,13.72,54.36,104.56,32.74,21.37,93.35,53.74,200.2,99.35,122.74,117.73
2014-08-26,47.76,141.47,312.08,95.65,104.4,11.87,44.11,20.92,34.2,13.74,54.18,104.31,32.76,21.11,92.44,53.2,200.33,99.45,123.35,117.35
2014-08-27,47.66,141.37,310.44,95.8,104.15,11.89,43.74,20.87,34.0,13.77,54.15,104.22,32.68,21.34,93.37,53.77,200.25,99.47,123.32,118.35
2014-08-28,47.67,141.36,312.24,96.0,104.5,11.78,43.05,20.77,33.7,13.7,54.07,103.92,32.57,21.5,93.97,54.08,200.14,99.36,124.0,118.97
2014-08-29,47.94,142.26,316.2,96.55,105.95,11.78,43.39,20.94,34.15,13.74,54.02,103.96,32.62,21.64,94.61,54.47,200.71,99.73,123.86,119.05
2014-09-02,47.33,140.38,310.32,96.3,103.95,11.78,43.32,21.06,34.35,13.76,54.2,104.35,32.68,21.44,93.69,53.94,200.61,100.02,121.65,116.73
2014-09-03,47.46,140.92,310.72,96.4,103.5,11.88,43.88,21.0,34.3,13.86,54.13,104.09,32.74,21.55,94.24,54.22,200.5,99.43,122.15,117.38
2014-09-04,46.81,138.92,303.32,95.95,101.3,11.92,44.63,21.11,34.45,13.88,54.15,104.15,32.63,21.54,94.19,54.19,200.21,99.34,121.48,115.95
2014-09-05,47.13,139.88,306.64,96.2,101.8,11.98,45.36,21.11,34.65,13.91,54.33,104.45,32.74,21.81,95.31,54.84,201.11,99.84,122.06,115.73
2014-09-08,46.4,137.72,300.12,96.3,100.05,11.97,45.68,21.25,35.25,13.85,54.28,104.41,32.83,21.68,94.73,54.53,200.59,100.03,120.73,115.78
2014-09-09,46.19,136.94,296.44,96.3,99.35,11.61,44.36,20.81,34.35,13.68,54.11,103.88,32.66,21.43,93.65,53.89,199.32,99.2,120.87,115.69
2014-09-10,46.08,136.73,297.32,96.2,99.25,11.7,45.16,20.79,34.85,13.82,54.15,104.02,32.9,21.33,93.23,53.69,200.07,100.02,120.26,114.96
2014-09-11,46.11,136.94,299.24,96.15,99.15,11.69,45.27,20.84,34.95,13.8,54.17,104.14,32.92,21.51,94.06,54.13,200.3,99.94,119.47,114.58
2014-09-12,45.42,134.88,293.4,94.8,97.1,11.65,45.41,20.77,35.05,13.72,53.99,103.67,32.79,21.13,92.29,53.12,199.13,99.43,118.38,113.38
2014-09-15,45.74,135.73,293.92,94.5,97.65,11.4,43.54,20.05,33.9,13.51,53.97,103.42,32.81,21.19,92.44,53.24,198.98,98.47,118.64,113.55
2014-09-16,46.3,137.33,299.0,95.25,99.1,11.39,43.52,20.21,33.75,13.43,54.27,104.01,32.91,21.47,93.55,53.87,200.48,99.33,118.83,113.09
2014-09-17,46.04,136.76,298.2,95.55,99.2,11.42,43.97,20.35,34.2,13.43,54.48,104.33,32.97,21.42,93.29,53.73,200.75,99.48,117.54,112.8
2014-09-18,45.81,135.97,293.48,95.9,97.65,11.41,44.38,20.38,34.05,13.48,54.74,104.9,33.18,21.27,92.62,53.36,201.82,100.23,117.78,113.16
2014-09-19,45.53,135.91,289.2,96.25,96.6,11.29,43.62,20.08,33.4,13.41,54.43,104.51,33.01,21.27,93.35,53.77,200.7,99.93,117.09,114.6
2014-09-22,44.86,133.77,280.44,95.25,93.05,11.18,42.29,19.51,32.45,13.24,53.82,103.19,32.57,21.11,91.85,53.36,199.15,99.0,116.85,114.74
2014-09-23,44.73,133.37,280.4,94.4,92.95,11.11,42.29,19.48,32.55,13.15,53.38,102.35,32.19,21.05,91.41,53.12,198.01,98.73,117.6,115.45
2014-09-24,44.77,133.6,283.64,94.7,93.6,11.25,43.08,19.68,32.75,13.28,53.66,102.84,32.32,20.98,91.12,52.53,199.56,99.79,117.05,114.81
2014-09-25,44.09,131.48,277.44,94.35,91.4,11.03,41.81,19.34,32.05,13.07,52.82,101.32,32.0,20.85,90.63,52.25,196.34,97.69,117.39,116.17
2014-09-26,44.65,133.13,281.2,95.05,91.2,11.14,42.2,19.48,32.4,13.16,53.31,102.18,32.35,20.88,90.76,52.27,197.9,98.73,117.06,116.0
2014-09-29,44.55,132.8,284.4,95.35,91.65,10.94,41.55,19.45,32.4,13.04,53.23,101.79,32.33,21.01,91.21,52.58,197.54,98.6,117.03,116.93
2014-09-30,43.99,131.12,275.32,95.85,89.45,10.87,40.65,19.09,31.65,12.9,53.15,101.42,32.36,21.05,91.32,52.63,197.02,98.74,116.21,116.27
2014-10-01,43.1,128.44,267.36,94.9,86.5,10.59,39.41,18.61,30.65,12.7,52.15,99.46,31.67,21.17,91.7,52.86,194.35,97.16,116.77,118.23
2014-10-02,42.87,127.95,265.84,95.2,85.45,10.51,39.36,18.67,31.0,12.68,52.09,99.5,31.56,21.14,91.56,52.79,194.38,97.16,116.74,117.2
2014-10-03,42.8,127.77,262.08,95.25,84.2,10.64,40.04,18.81,31.1,12.73,52.8,100.72,31.93,21.27,92.18,53.13,196.52,98.12,114.61,117.7
2014-10-06,42.85,127.87,260.32,94.7,83.8,10.34,38.25,18.17,29.9,12.55,52.64,100.34,31.83,21.27,92.2,53.14,196.29,97.91,116.03,117.77
2014-10-07,42.3,126.03,253.04,94.1,80.85,10.26,37.79,17.79,29.3,12.31,51.36,98.03,31.09,21.24,92.04,53.08,193.26,96.52,116.36,119.36
2014-10-08,42.71,127.1,255.64,93.7,81.25,10.37,38.31,18.11,29.7,12.49,52.28,99.45,31.57,21.72,94.06,54.25,196.64,98.4,117.47,119.39
2014-10-09,41.14,122.26,241.76,91.5,76.45,10.04,36.12,17.3,28.3,12.03,51.07,97.23,30.94,21.36,92.45,53.34,192.74,96.81,117.64,118.87
2014-10-10,40.56,120.6,235.0,90.65,74.55,9.84,34.96,16.51,27.35,11.72,50.32,95.7,30.75,21.47,92.91,53.62,190.54,94.39,117.59,120.05
2014-10-13,39.31,116.75,221.24,86.55,69.7,9.74,33.37,15.8,26.3,11.56,49.54,94.1,30.29,21.44,92.8,53.55,187.41,92.91,118.52,120.78
2014-10-14,38.81,115.27,217.56,86.65,69.5,9.72,33.84,16.03,26.85,11.66,50.23,95.49,30.68,21.64,93.73,54.11,187.7,92.92,118.59,121.57
2014-10-15,39.11,116.14,226.6,89.15,72.6,9.77,33.93,16.3,27.45,11.73,50.11,95.45,30.68,21.35,92.49,53.39,186.43,92.32,118.99,122.53
2014-10-16,39.81,118.38,237.32,91.75,75.1,9.74,35.31,16.63,28.2,11.75,50.48,96.32,30.69,21.38,92.67,53.48,186.27,91.74,119.22,121.75
2014-10-17,40.15,119.26,231.16,92.0,73.65,9.95,35.89,16.66,28.2,11.89,51.48,97.97,31.43,21.5,93.26,53.76,188.47,92.95,118.99,121.07
2014-10-20,40.5,120.29,234.24,92.45,75.1,10.01,37.14,17.01,28.55,12.02,51.63,98.36,31.21,21.8,94.58,54.61,190.3,94.34,119.8,121.51
2014-10-21,41.73,123.89,242.16,93.5,78.25,10.2,38.17,17.47,29.25,12.3,52.78,100.75,31.86,21.88,95.06,54.77,194.07,96.82,120.02,120.54
2014-10-22,40.94,121.57,231.52,92.7,74.1,10.09,37.06,17.0,28.35,12.08,52.09,99.46,31.6,22.01,95.61,55.16,192.69,96.32,119.34,120.67
2014-10-23,41.7,123.72,238.76,93.45,76.4,10.14,37.5,17.32,28.8,12.22,53.24,101.44,32.19,22.05,95.91,55.31,194.93,97.77,118.52,119.6
2014-10-24,41.56,123.35,235.8,93.8,74.85,10.18,37.44,17.38,28.85,12.22,53.71,102.29,32.41,22.26,96.68,55.81,196.43,98.57,118.35,119.72
2014-10-27,40.68,120.74,227.08,93.55,71.95,9.93,36.59,17.17,28.35,12.08,53.69,102.28,32.46,22.22,96.52,55.72,196.16,98.64,118.06,119.94
2014-10-28,41.61,123.56,237.64,93.75,75.0,10.23,37.81,17.73,29.45,12.38,54.64,104.24,33.1,22.37,97.32,56.13,198.41,100.13,118.1,119.19
2014-10-29,41.75,123.9,240.28,93.85,75.75,10.17,37.33,17.63,29.3,12.34,54.45,103.76,32.97,22.24,96.82,55.88,198.11,99.76,116.41,119.46
2014-10-30,41.6,123.38,236.68,92.8,73.2,10.28,37.29,17.72,29.35,12.39,54.67,104.13,33.24,22.73,98.86,57.05,199.38,99.97,115.19,119.56
2014-10-31,42.44,125.89,243.48,92.9,75.05,10.45,38.35,18.27,30.2,12.58,55.21,105.39,33.63,22.74,98.96,57.07,201.66,101.35,112.66,119.25
2014-11-03,41.77,123.71,238.32,92.8,73.05,10.43,38.16,18.28,30.25,12.5,55.14,105.23,33.59,22.89,99.59,57.59,201.77,101.65,112.15,118.96
2014-11-04,40.91,120.99,228.48,91.7,70.1,10.31,37.67,18.1,29.75,12.41,55.11,105.15,33.66,22.76,98.99,57.09,201.07,101.31,112.22,119.33
2014-11-05,41.63,123.02,234.88,92.4,73.0,10.21,36.77,17.95,29.35,12.34,55.45,105.69,33.66,23.28,101.09,58.4,202.34,101.32,109.79,119.16
2014-11-06,42.15,124.53,237.0,90.95,73.7,10.11,36.88,17.77,29.1,12.2,56.03,106.94,33.75,22.89,99.53,57.49,203.15,101.64,109.88,118.39
2014-11-07,42.62,126.3,246.84,92.2,78.0,10.21,36.27,17.64,29.25,12.31,56.11,107.0,33.63,23.13,100.57,58.03,203.34,101.55,112.97,119.75
2014-11-10,42.24,125.06,239.88,91.85,75.2,10.16,35.79,17.78,29.25,12.22,56.39,107.48,33.73,23.24,101.05,58.34,203.98,101.91,110.46,118.65
2014-11-11,42.36,125.46,242.96,91.7,76.05,10.15,35.64,17.75,29.0,12.2,56.32,107.32,33.73,23.16,100.66,58.13,204.18,102.23,112.04,118.73
2014-11-12,41.99,124.45,241.32,92.0,74.95,10.06,34.85,17.65,28.75,12.16,56.4,107.57,33.8,22.75,99.03,57.17,203.96,102.41,111.5,118.63
2014-11-13,41.43,122.73,234.56,91.25,73.3,10.04,34.24,17.32,28.2,12.09,56.24,107.19,33.91,22.57,98.09,56.64,204.19,102.85,111.67,118.91
2014-11-14,41.85,124.01,240.2,92.35,75.1,10.09,34.95,17.45,28.2,12.14,56.31,107.27,33.83,22.47,97.66,56.41,204.24,103.17,114.47,119.49
2014-11-17,41.63,123.37,234.12,93.05,73.15,10.06,34.61,17.27,27.8,12.08,56.23,107.1,33.73,22.76,98.84,57.09,204.37,102.86,114.05,119.19
2014-11-18,41.67,123.43,234.84,93.5,73.5,10.13,36.33,17.92,28.6,12.22,56.65,107.94,34.04,22.83,99.14,57.27,205.55,103.63,115.05,119.52
2014-11-19,41.89,124.03,235.44,94.1,73.95,10.15,36.47,17.67,28.3,12.18,56.48,107.51,34.02,22.81,99.07,57.22,205.22,103.16,113.68,118.76
2014-11-20,42.41,125.61,243.28,94.3,76.75,10.21,36.87,17.85,28.75,12.29,56.63,107.78,34.08,22.76,98.83,57.1,205.58,103.62,114.86,119.38
2014-11-21,42.96,127.17,248.04,93.7,78.2,10.35,37.89,17.96,28.9,12.38,57.18,108.66,34.31,22.85,99.25,57.33,206.68,103.82,115.39,120.1
2014-11-24,42.63,126.26,244.56,93.1,76.95,10.4,37.91,18.13,28.95,12.46,57.33,109.13,34.51,22.66,98.5,56.88,207.26,104.63,115.11,120.2
2014-11-25,41.94,124.22,240.52,92.85,75.3,10.43,37.64,18.1,28.85,12.45,57.5,109.39,34.64,22.66,98.47,56.83,207.11,104.78,115.38,121.2
2014-11-26,41.41,122.66,233.84,93.7,72.95,10.54,37.59,18.23,28.85,12.5,57.39,109.22,34.64,22.76,98.89,57.13,207.64,105.46,115.16,121.53
2014-11-28,38.75,114.24,204.32,90.5,62.85,10.23,35.73,17.77,27.55,12.12,56.91,108.31,34.62,23.0,99.76,57.65,207.2,105.95,112.11,122.49
2014-12-01,38.89,114.64,200.44,87.8,61.75,9.92,33.88,17.21,26.4,11.81,56.18,106.75,34.33,23.05,99.78,57.65,205.76,104.75,116.58,121.5
2014-12-02,39.31,115.97,199.56,89.25,60.65,10.01,34.53,17.38,26.9,11.82,56.66,107.56,34.39,23.2,100.47,58.05,207.09,105.17,115.14,120.32
2014-12-03,39.79,117.39,204.0,90.2,61.45,10.06,34.97,17.66,27.4,11.89,57.41,108.96,34.72,23.14,100.29,57.94,207.89,105.36,116.33,120.79
2014-12-04,39.45,116.37,197.32,90.65,59.25,10.04,34.86,17.54,27.15,11.86,57.13,108.52,34.59,23.11,100.29,57.92,207.66,105.31,115.88,121.8
2014-12-05,38.97,114.89,192.52,89.85,58.2,10.07,35.21,17.73,27.35,11.9,57.26,108.87,34.86,22.93,99.58,57.53,208.0,105.32,114.43,121.09
2014-12-08,37.4,110.13,179.08,86.55,53.65,9.9,34.12,17.13,26.35,11.66,56.63,107.57,34.54,23.12,100.25,57.96,206.61,104.58,115.78,122.57
2014-12-09,37.8,111.36,187.76,87.2,55.95,9.87,34.22,17.37,26.8,11.69,56.64,107.72,34.78,23.24,100.93,58.33,206.47,104.9,118.19,123.2
2014-12-10,36.64,107.72,178.76,84.55,53.05,9.88,34.09,16.85,25.9,11.53,55.56,105.63,33.94,22.94,99.51,57.56,203.16,103.26,117.96,124.1
2014-12-11,36.61,107.7,177.44,84.7,52.35,9.88,34.29,16.79,25.8,11.56,55.83,106.13,34.07,23.17,100.46,58.1,204.19,103.75,117.69,124.61
2014-12-12,35.94,105.54,175.72,84.05,51.9,9.72,33.61,16.55,25.3,11.42,54.82,104.17,33.3,22.95,99.4,57.5,200.89,102.62,117.41,126.3
2014-12-15,35.61,104.46,171.0,82.5,50.8,9.63,32.98,16.37,24.9,11.25,54.64,103.91,33.2,22.76,98.5,56.98,199.51,101.56,114.39,126.04
2014-12-16,35.93,105.4,175.52,83.6,53.1,9.62,32.43,16.27,24.9,11.15,54.69,103.72,33.3,22.74,98.35,56.91,197.91,99.93,114.95,127.6
2014-12-17,37.42,110.05,189.76,86.2,57.5,9.58,33.09,16.63,25.7,11.34,55.2,105.02,33.73,23.15,100.28,57.99,201.79,101.75,114.27,126.45
2014-12-18,38.14,110.21,190.6,87.05,57.8,9.82,33.7,17.06,26.1,11.53,56.59,105.82,34.54,23.6,101.33,59.09,206.78,104.2,115.15,124.2
2014-12-19,39.12,113.51,200.0,87.0,60.2,9.59,34.21,17.18,26.3,11.51,56.59,106.36,34.67,23.43,101.34,59.17,206.52,104.27,114.77,125.87
2014-12-22,38.72,112.5,194.32,87.05,57.8,9.64,34.2,17.26,26.35,11.55,57.13,107.25,35.06,23.49,101.63,59.28,207.47,104.53,112.55,126.04
2014-12-23,39.19,113.93,199.76,87.7,58.65,9.68,34.47,17.3,26.4,11.54,57.34,107.82,35.2,23.55,102.04,59.47,207.75,104.16,112.74,123.54
2014-12-24,38.9,113.01,196.2,87.75,57.75,9.7,34.12,17.4,26.5,11.62,57.4,108.01,35.32,23.99,103.76,60.03,207.77,104.25,112.77,123.95
2014-12-26,38.89,112.91,195.24,87.6,57.1,9.75,34.51,17.52,26.65,11.72,57.4,108.15,35.31,24.27,104.96,60.74,208.44,104.98,114.83,124.41
2014-12-29,39.03,113.22,194.52,88.15,57.4,9.72,33.96,17.47,26.5,11.59,57.49,108.37,35.33,24.56,106.49,61.59,208.72,104.96,113.67,125.34
2014-12-30,38.72,112.43,191.8,88.15,56.25,9.68,33.65,17.22,26.2,11.52,57.15,107.82,35.15,24.05,104.26,60.29,207.6,104.27,115.2,125.68
2014-12-31,38.43,111.62,191.44,87.6,56.05,9.68,34.1,17.23,26.35,11.52,56.58,106.82,34.75,23.61,102.35,59.13,205.54,103.2,113.58,125.92
2015-01-02,38.61,112.18,193.4,88.3,56.2,9.75,33.98,17.29,26.3,11.57,56.51,106.63,34.68,23.72,102.92,59.55,205.43,102.89,114.08,127.32
2015-01-05,37.01,107.73,181.0,85.9,52.45,9.54,33.09,16.7,25.5,11.35,55.19,104.17,34.09,23.43,101.53,58.7,201.72,101.38,115.8,129.32
2015-01-06,36.47,106.11,175.52,84.75,51.15,9.52,32.45,16.34,24.95,11.25,54.51,102.8,33.8,23.44,101.59,58.75,199.82,100.02,117.12,131.65
2015-01-07,36.55,106.37,173.76,84.45,50.2,9.61,32.46,16.47,24.9,11.31,54.92,103.4,34.14,23.67,102.67,59.35,202.31,101.31,116.43,131.39
2015-01-08,37.37,108.67,179.64,85.2,51.45,9.84,33.22,16.88,25.45,11.5,56.02,105.42,34.81,23.84,103.47,59.83,205.9,103.25,115.94,129.65
2015-01-09,37.07,107.91,181.04,85.25,51.6,9.81,33.44,16.85,25.27,11.5,55.42,104.27,34.59,23.69,102.73,59.41,204.25,102.57,117.26,131.07
2015-01-12,36.0,104.89,172.4,83.25,49.25,9.64,33.18,16.73,24.85,11.38,55.04,103.48,34.31,23.64,102.46,59.22,202.65,101.5,118.56,131.82
2015-01-13,35.72,104.03,171.44,81.95,48.75,9.67,33.82,16.84,25.05,11.42,54.93,103.38,34.36,23.7,102.86,59.46,202.08,101.47,118.16,131.82
2015-01-14,35.83,104.4,176.12,82.4,49.8,9.69,33.8,16.71,24.9,11.42,54.63,102.69,34.25,23.91,103.82,59.97,200.86,100.91,117.97,132.82
2015-01-15,35.37,102.93,170.2,82.85,48.65,9.56,32.52,16.21,24.15,11.22,54.37,101.96,34.08,24.09,104.39,60.39,199.02,99.6,120.94,134.91
2015-01-16,36.52,106.29,177.92,84.8,50.95,9.64,32.78,16.38,24.35,11.26,54.73,102.77,34.22,24.31,105.38,60.92,201.63,100.77,122.52,133.19
2015-01-20,36.57,106.29,174.92,84.9,49.6,9.59,32.08,16.26,23.95,11.26,55.12,103.39,34.3,24.37,105.55,61.05,202.06,101.57,124.2,134.96
2015-01-21,37.31,108.33,181.64,86.4,51.1,9.71,32.5,16.42,24.05,11.33,55.57,104.17,34.47,24.6,106.56,61.63,203.08,102.09,124.23,133.4
2015-01-22,37.48,108.87,181.68,86.45,50.95,9.75,32.63,16.64,24.4,11.43,56.46,105.99,35.02,24.5,106.19,61.4,206.1,103.98,125.23,132.92
2015-01-23,37.22,107.96,182.08,86.5,50.75,9.79,33.19,16.81,24.55,11.34,55.98,105.32,35.05,24.57,106.56,61.62,204.97,104.21,124.23,134.77
2015-01-26,37.75,109.54,186.48,86.75,51.9,10.12,34.35,17.14,25.1,11.63,56.06,105.66,34.97,24.56,106.59,61.63,205.45,104.09,122.99,134.36
2015-01-27,37.73,109.48,190.08,86.4,52.55,10.17,34.88,17.1,25.1,11.58,55.32,104.37,34.58,24.59,106.68,61.7,202.74,101.39,124.4,134.57
2015-01-28,36.24,105.23,179.32,85.1,49.4,9.97,33.75,16.73,24.45,11.4,54.84,103.27,34.42,24.38,105.64,61.08,200.14,100.87,123.42,136.77
2015-01-29,36.36,105.41,180.68,84.99,49.35,10.04,34.04,16.84,24.65,11.48,55.47,104.44,34.72,24.7,107.03,61.95,201.99,101.84,120.76,135.87
2015-01-30,36.68,106.2,184.72,85.5,50.15,9.97,33.83,16.6,24.6,11.3,54.57,102.67,34.24,24.16,104.58,60.43,199.45,101.05,123.45,138.28
2015-02-02,37.8,109.52,195.52,86.3,53.0,10.2,34.89,17.05,25.15,11.54,55.38,104.11,34.6,24.26,105.12,60.73,201.92,101.93,122.42,137.48
2015-02-03,38.83,112.79,205.36,87.15,56.25,10.49,36.58,17.58,26.1,11.85,56.28,105.82,35.25,24.35,105.65,61.06,204.84,102.91,121.05,134.57
2015-02-04,38.19,110.87,201.0,86.6,55.05,10.44,36.53,17.4,25.85,11.8,55.85,105.07,35.15,24.06,104.29,60.26,204.06,102.82,121.58,134.8
2015-02-05,38.74,112.72,206.92,87.5,56.6,10.53,36.92,17.6,26.25,11.83,56.33,106.15,35.52,24.28,105.27,60.83,206.12,103.71,121.79,133.32
2015-02-06,38.75,112.7,207.96,87.3,56.85,10.4,37.04,17.57,26.0,11.73,56.2,106.03,35.86,23.28,101.0,58.34,205.55,103.08,118.64,130.96
2015-02-09,38.79,112.9,207.68,86.25,56.75,10.42,37.21,17.58,26.2,11.75,56.05,105.7,35.63,23.08,100.07,57.81,204.63,102.75,119.17,130.75
2015-02-10,38.77,112.49,203.04,86.55,55.75,10.49,37.7,17.75,26.25,11.84,56.36,106.37,35.82,23.55,101.99,58.95,206.81,104.35,118.47,129.71
2015-02-11,38.5,111.83,203.04,83.95,55.6,10.45,37.84,17.76,26.7,11.74,56.38,106.37,35.82,23.04,99.86,57.72,206.93,104.72,117.07,129.95
2015-02-12,39.0,113.44,207.8,84.9,56.75,10.64,38.54,17.96,27.1,11.92,56.91,107.31,36.24,22.93,99.5,57.51,208.92,105.94,117.34,129.52
2015-02-13,39.83,115.76,213.28,85.45,58.55,10.69,38.79,18.05,27.15,11.99,57.17,107.96,36.56,22.58,98.07,56.65,209.78,106.85,117.98,128.19
2015-02-17,39.95,116.15,215.76,85.7,59.7,10.68,38.8,18.11,27.1,12.08,57.25,108.03,36.52,22.57,97.91,56.55,210.11,106.95,116.01,126.26
2015-02-18,39.47,114.6,210.96,85.45,58.6,10.64,38.89,18.09,27.15,12.11,57.57,108.67,36.77,23.1,100.21,57.92,210.13,107.1,116.34,127.01
2015-02-19,39.29,113.86,211.04,85.3,58.85,10.54,38.38,18.0,26.95,12.02,57.67,108.86,36.97,22.84,99.25,57.32,209.98,107.63,115.94,126.17
2015-02-20,39.1,113.41,209.24,86.05,58.55,10.61,38.44,18.14,27.15,12.1,58.16,109.9,37.43,22.84,99.33,57.38,211.24,108.35,115.28,126.54
2015-02-23,38.94,112.87,207.2,85.3,57.6,10.62,38.12,18.04,27.3,12.03,57.91,109.55,37.35,23.0,99.97,57.72,211.21,108.46,115.43,127.99
2015-02-24,39.05,113.01,207.0,85.2,57.85,10.66,39.48,18.53,27.75,12.21,58.14,110.05,37.47,23.17,100.59,58.07,211.81,108.54,115.26,129.67
2015-02-25,39.26,113.74,210.92,85.95,59.15,10.88,39.65,18.42,27.9,12.26,58.02,109.96,37.21,22.79,99.14,57.23,211.63,108.27,115.7,130.23
2015-02-26,38.53,111.75,206.16,84.65,56.75,10.88,39.47,18.46,27.7,12.25,57.76,109.56,37.09,22.64,98.46,56.83,211.38,108.82,116.07,128.45
2015-02-27,38.36,111.41,203.24,85.3,56.1,10.93,39.5,18.41,27.45,12.26,57.49,108.98,36.92,22.61,98.37,56.8,210.66,108.34,116.16,129.53
2015-03-02,38.1,110.52,199.76,84.25,55.45,11.1,40.51,18.66,27.85,12.38,58.02,109.97,37.32,22.18,96.43,55.66,211.99,109.32,115.68,126.87
2015-03-03,38.24,110.93,202.36,84.85,56.05,11.23,41.12,18.44,27.4,12.3,57.65,109.28,37.06,22.32,97.12,56.09,211.12,108.81,115.47,126.41
2015-03-04,38.18,110.64,203.44,84.5,56.3,11.54,42.91,18.4,27.45,12.3,57.2,108.48,36.79,22.19,96.5,55.7,210.23,108.39,115.11,126.45
2015-03-05,37.95,110.11,201.4,84.8,55.3,12.08,45.12,18.79,28.45,12.56,57.24,108.54,36.77,22.36,97.15,56.1,210.46,108.58,115.0,126.29
2015-03-06,37.28,108.28,197.08,83.7,53.9,11.7,43.79,18.5,27.9,12.44,56.46,107.09,36.35,21.69,94.37,54.48,207.5,107.35,111.86,123.5
2015-03-09,37.01,107.53,194.72,82.8,52.1,11.57,43.09,18.44,27.8,12.39,56.99,107.98,36.65,21.74,94.5,54.56,208.36,107.66,111.97,124.64
2015-03-10,36.49,105.98,189.88,83.0,50.9,11.29,42.25,18.17,27.15,12.14,55.94,106.07,36.01,21.69,94.36,54.48,204.98,105.66,111.42,126.28
2015-03-11,36.6,106.28,192.92,81.8,51.6,11.41,42.69,18.27,27.25,12.14,55.88,106.23,36.03,21.56,93.78,54.16,204.5,105.05,110.75,127.2
2015-03-12,36.37,105.75,191.16,81.35,50.85,11.51,43.14,18.37,27.5,12.25,56.6,107.59,36.44,21.97,95.55,55.2,207.1,105.74,110.72,127.11
2015-03-13,36.23,105.23,190.92,81.15,50.45,11.33,42.79,18.32,27.45,12.16,56.08,106.66,36.16,21.74,94.6,54.62,205.83,105.28,110.88,126.72
2015-03-16,36.72,106.38,190.4,81.1,50.5,11.47,43.16,18.4,27.25,12.2,57.01,108.17,36.66,22.11,96.15,55.51,208.58,106.64,110.81,127.94
2015-03-17,36.58,105.87,188.08,81.25,50.15,11.54,43.8,18.61,27.7,12.31,56.78,108.09,36.58,22.08,96.08,55.47,207.96,106.81,110.21,129.0
2015-03-18,37.64,108.94,197.2,82.4,52.5,11.66,44.58,18.85,28.0,12.59,57.45,109.2,36.92,22.67,98.62,57.0,210.46,107.86,112.37,131.49
2015-03-19,37.05,107.19,191.88,81.85,50.65,11.6,44.46,18.84,27.95,12.49,57.06,108.62,36.81,22.47,97.69,56.39,209.5,108.02,112.29,130.82
2015-03-20,37.34,108.48,192.76,82.1,51.25,11.8,45.34,18.98,28.25,12.67,57.12,109.27,37.04,22.49,98.63,56.95,210.41,108.47,113.57,131.51
2015-03-23,37.21,108.31,190.4,83.3,51.0,11.82,45.47,19.06,28.45,12.73,56.64,108.63,36.92,22.5,97.93,56.98,210.0,108.26,114.29,131.35
2015-03-24,36.96,107.6,192.32,82.35,52.1,11.93,45.99,19.1,28.65,12.73,56.45,108.22,36.83,22.25,96.85,56.35,208.82,107.87,114.57,132.62
2015-03-25,37.44,108.91,196.32,82.55,53.15,11.74,44.03,18.44,27.8,12.58,55.49,106.42,36.07,22.0,95.74,55.25,205.76,105.4,114.73,131.5
2015-03-26,37.4,108.86,199.08,82.55,53.45,11.6,43.82,18.31,27.8,12.4,55.34,106.09,36.17,21.81,94.96,54.81,205.27,105.04,115.48,129.45
2015-03-27,37.09,107.93,194.48,82.4,52.05,11.63,44.45,18.47,27.95,12.48,55.55,106.63,36.49,21.94,95.56,55.17,205.74,105.46,115.06,131.06
2015-03-30,37.89,110.18,198.04,83.05,52.95,11.89,44.87,18.65,28.1,12.62,56.33,108.14,37.01,22.21,96.84,55.91,208.25,106.67,113.75,130.41
2015-03-31,37.66,109.28,206.64,82.85,53.15,11.86,44.43,18.55,27.9,12.56,55.77,107.35,36.74,22.22,96.88,55.88,206.43,105.54,113.66,130.69
2015-04-01,37.65,109.54,200.68,82.75,53.7,12.03,45.1,18.58,28.05,12.65,55.4,106.42,36.42,22.24,96.87,55.91,205.7,104.99,115.6,132.13
2015-04-02,37.73,109.84,203.24,83.05,54.8,12.11,45.7,18.7,28.3,12.86,55.43,106.68,36.53,22.27,97.19,56.09,206.44,105.06,115.28,130.73
2015-04-06,38.41,111.96,210.16,83.25,56.35,12.19,46.17,18.89,28.7,13.01,55.85,107.33,36.92,22.58,98.4,56.83,207.83,105.92,116.69,130.0
2015-04-07,38.44,112.18,211.12,83.45,57.15,12.23,45.84,18.87,28.55,13.01,55.72,107.05,36.82,22.33,97.27,56.18,207.28,105.74,116.11,131.09
2015-04-08,38.12,111.07,204.96,83.45,55.4,12.38,46.62,18.87,28.5,13.19,55.91,107.32,36.96,22.26,97.01,55.98,207.97,106.58,115.47,131.13
2015-04-09,38.74,112.75,208.72,83.6,56.65,12.66,47.7,19.04,28.75,13.29,56.18,107.83,37.01,22.17,96.61,55.76,208.9,107.25,114.67,129.43
2015-04-10,38.91,113.27,209.6,84.0,56.9,12.6,48.02,19.18,28.95,13.33,56.97,109.35,37.22,22.33,97.33,56.2,210.04,107.69,115.97,129.62
2015-04-13,38.52,112.37,207.84,83.65,56.75,12.65,48.54,19.1,28.9,13.36,56.43,108.44,36.88,22.11,96.37,55.6,209.09,107.42,115.14,129.8
2015-04-14,39.21,114.42,214.52,84.3,59.05,12.6,48.3,19.03,29.2,13.32,56.5,108.58,36.82,22.22,96.86,55.9,209.49,107.11,114.44,130.72
2015-04-15,40.15,117.16,222.52,84.9,61.4,12.75,48.75,19.41,29.75,13.4,56.6,108.96,36.84,22.27,97.12,56.02,210.43,107.78,115.43,130.61
2015-04-16,40.06,116.77,221.0,85.1,60.95,12.82,49.19,19.5,29.95,13.48,56.48,108.66,36.79,22.13,96.49,55.7,210.37,107.63,115.03,129.96
2015-04-17,39.77,115.73,217.0,84.55,60.15,12.61,48.0,19.16,29.25,13.17,55.8,107.37,36.17,22.05,96.17,55.48,207.95,105.95,115.6,131.45
2015-04-20,39.92,116.25,218.52,84.95,60.2,12.47,48.0,19.38,29.5,13.18,56.45,108.51,36.59,22.38,97.52,56.29,209.85,107.54,114.72,130.29
2015-04-21,39.49,114.9,211.76,84.55,58.25,12.55,48.45,19.46,29.3,13.23,56.38,108.33,36.65,22.18,96.65,55.77,209.6,108.0,115.38,129.7
2015-04-22,39.76,115.64,211.8,84.45,58.2,12.73,49.02,19.57,29.5,13.37,56.62,108.77,36.67,22.23,96.87,55.91,210.63,108.59,113.83,127.72
2015-04-23,40.03,116.53,214.48,85.1,58.9,12.87,49.95,19.65,29.75,13.42,56.56,108.66,36.68,22.35,97.46,56.26,211.16,109.0,114.66,128.27
2015-04-24,39.8,115.68,213.48,85.4,58.35,12.79,48.51,19.26,29.55,13.38,56.32,108.22,36.55,22.58,98.39,56.8,211.65,110.48,113.05,129.07
2015-04-27,39.76,115.59,211.12,85.45,57.8,12.77,48.33,19.25,29.3,13.46,56.3,108.07,36.41,22.31,97.17,56.09,210.77,110.2,115.33,129.07
2015-04-28,39.96,116.22,213.2,85.25,58.4,13.02,48.79,19.42,29.85,13.54,56.4,108.36,36.51,22.47,97.92,56.5,211.44,109.98,116.33,127.29
2015-04-29,40.27,117.3,219.24,85.95,59.95,12.62,48.05,19.28,29.59,13.36,56.12,107.81,36.28,22.37,97.59,56.29,210.57,109.29,115.51,125.73
2015-04-30,40.14,116.99,220.36,86.0,60.7,12.49,47.0,18.88,28.75,13.21,55.63,106.68,35.7,22.11,96.26,55.53,208.46,107.57,113.47,125.95
2015-05-01,40.23,117.25,219.0,86.2,60.25,12.6,47.49,19.0,29.0,13.34,56.33,107.94,36.08,22.24,96.66,55.82,210.72,108.99,113.08,124.0
2015-05-04,40.13,116.89,216.44,85.9,59.9,12.66,47.42,19.13,28.95,13.43,56.42,108.11,36.18,22.4,97.36,56.2,211.32,109.17,114.1,122.83
2015-05-05,39.63,115.64,211.92,86.2,58.8,12.55,46.68,18.82,28.45,13.24,55.66,106.74,35.68,21.9,95.18,54.91,208.9,107.39,114.42,122.66
2015-05-06,39.48,115.21,210.4,85.4,58.4,12.45,45.47,18.65,28.0,13.14,55.63,106.67,35.6,21.78,94.64,54.6,208.04,106.65,114.36,120.56
2015-05-07,39.05,113.9,205.32,84.5,57.0,12.56,45.6,18.98,28.0,13.17,55.92,107.28,35.65,21.86,94.95,54.84,208.87,107.29,113.42,122.18
2015-05-08,39.69,115.7,209.64,84.95,58.25,12.79,47.04,19.33,28.35,13.47,56.58,108.37,36.11,22.01,95.62,55.24,211.62,108.63,113.97,122.51
2015-05-11,38.95,113.63,206.28,84.4,57.0,12.64,47.22,19.44,28.6,13.49,56.53,108.29,36.23,21.86,95.04,54.9,210.6,108.21,113.53,119.53
2015-05-12,39.12,114.25,208.64,84.65,57.75,12.61,47.04,19.34,28.55,13.48,56.47,108.11,36.03,21.84,94.83,54.78,209.98,107.72,114.5,119.84
2015-05-13,39.02,113.85,206.6,84.2,56.95,12.76,47.75,19.42,28.65,13.53,56.59,108.33,36.21,21.63,94.02,54.31,210.02,107.94,116.55,118.88
2015-05-14,39.01,113.74,204.36,84.45,56.0,12.81,48.16,19.6,28.95,13.68,57.16,109.42,36.72,21.88,95.14,54.95,212.21,109.52,117.18,119.2
2015-05-15,39.16,114.16,204.64,84.4,56.0,12.87,48.44,19.69,29.2,13.74,57.11,109.39,36.72,22.16,96.23,55.6,212.44,109.52,117.53,121.59
2015-05-18,39.2,114.2,205.6,84.85,55.5,12.86,48.19,19.76,29.1,13.7,57.22,109.68,36.85,22.25,96.63,55.84,213.1,110.0,117.52,119.55
2015-05-19,38.64,112.64,199.8,84.45,53.65,12.7,47.52,19.55,28.4,13.65,57.06,109.42,36.83,22.3,96.8,55.94,213.03,109.88,115.89,118.49
2015-05-20,38.71,112.89,199.6,84.2,53.7,12.37,43.82,19.54,28.37,13.55,56.85,108.99,36.93,22.33,96.95,56.03,212.88,109.95,116.08,118.69
2015-05-21,39.08,113.97,204.2,84.3,55.1,12.28,45.0,19.68,28.6,13.66,57.16,109.47,36.95,22.32,96.91,55.97,213.5,110.52,115.69,120.35
2015-05-22,38.94,113.49,203.04,84.45,54.8,12.36,44.27,19.76,28.55,13.72,56.9,109.02,36.77,22.28,96.74,55.84,212.99,110.41,115.6,120.4
2015-05-26,38.32,111.64,198.52,83.75,53.45,12.27,43.92,19.46,28.2,13.58,56.28,107.74,36.37,22.15,96.05,55.45,210.7,109.14,113.91,122.46
2015-05-27,38.25,111.51,198.8,83.85,53.5,12.34,43.69,19.74,28.3,13.71,56.64,108.53,36.58,22.24,96.5,55.76,212.7,110.9,113.89,122.74
2015-05-28,38.1,111.06,196.88,83.1,52.55,12.03,42.59,19.8,28.5,13.65,56.37,108.06,36.57,22.28,96.8,55.92,212.46,110.65,114.02,122.44
2015-05-29,38.06,111.05,198.12,82.75,52.35,12.15,42.49,19.6,28.2,13.65,55.81,107.08,36.24,22.25,96.62,55.75,211.14,109.99,114.1,122.71
2015-06-01,37.96,110.74,196.72,82.8,51.9,11.95,41.88,19.62,28.3,13.59,56.06,107.46,36.28,22.28,96.78,55.84,211.57,110.36,114.0,121.13
2015-06-02,38.22,111.53,200.28,83.1,52.95,11.98,41.84,19.58,28.45,13.6,56.17,107.74,36.31,21.99,95.44,55.04,211.36,110.01,114.46,119.44
2015-06-03,37.96,110.76,198.32,81.95,52.3,12.01,41.75,19.6,28.5,13.63,56.45,108.38,36.56,21.66,94.18,54.35,211.92,110.34,113.64,117.52
2015-06-04,37.45,109.29,195.0,80.85,51.55,11.84,41.34,19.29,28.0,13.51,55.82,107.14,36.03,21.63,93.83,54.17,210.13,109.5,112.84,119.05
2015-06-05,37.71,110.12,198.0,81.3,51.95,11.77,41.85,19.48,28.6,13.4,55.86,107.36,36.11,21.36,92.75,53.48,209.77,109.24,112.24,117.6
2015-06-08,37.49,109.61,197.12,80.95,51.65,11.69,41.03,19.26,28.25,13.39,55.45,106.5,35.97,21.24,92.26,53.28,208.48,108.13,112.57,117.47
2015-06-09,37.49,109.55,198.12,80.85,51.75,11.54,40.05,19.1,28.0,13.1,55.44,106.47,35.91,21.18,92.05,53.15,208.45,107.95,112.82,116.54
2015-06-10,37.95,110.99,201.04,80.7,52.5,11.72,40.98,19.29,28.25,13.3,55.99,107.59,36.35,21.29,92.51,53.42,210.95,109.43,113.78,115.52
2015-06-11,37.78,110.56,198.8,80.75,51.65,11.73,42.53,19.37,28.5,13.35,56.31,107.94,36.6,21.46,93.19,53.77,211.63,109.59,113.26,117.95
2015-06-12,37.36,109.28,196.16,80.55,50.9,11.69,42.34,19.26,28.5,13.31,55.98,107.5,36.43,21.27,92.34,53.3,210.01,108.69,113.23,117.95
2015-06-15,37.27,108.95,195.88,81.35,50.75,11.55,42.51,19.38,28.55,13.17,55.51,106.63,36.22,21.24,92.07,53.16,209.11,108.15,113.73,118.14
2015-06-16,37.56,109.79,198.8,81.2,51.4,11.61,42.45,19.45,28.55,13.13,55.56,106.69,36.32,21.33,92.52,53.38,210.25,108.74,113.32,119.07
2015-06-17,37.47,109.58,196.24,81.15,50.75,11.66,42.5,19.54,28.5,13.28,55.71,106.88,36.44,21.51,93.28,53.84,210.59,109.04,113.85,118.15
2015-06-18,37.45,109.52,195.32,81.15,49.85,11.78,42.77,19.74,28.79,13.36,56.27,108.04,36.82,21.8,94.53,54.59,212.78,110.63,115.32,117.57
2015-06-19,36.85,108.47,192.12,80.55,49.55,11.63,42.7,19.63,28.5,13.24,55.72,107.78,36.64,21.4,93.67,54.05,210.81,109.83,115.12,119.08
2015-06-22,37.3,109.58,192.84,80.6,49.3,11.77,42.6,19.62,28.7,13.28,56.06,108.25,36.66,21.36,93.6,54.02,211.89,110.64,113.64,116.65
2015-06-23,37.43,110.04,196.36,80.5,50.35,11.86,42.84,19.74,28.75,13.39,55.92,108.22,36.65,21.08,92.43,53.31,212.04,110.73,112.89,115.95
2015-06-24,37.19,109.35,194.24,80.4,49.6,11.58,42.57,19.51,28.5,13.31,55.4,107.2,36.28,20.91,91.76,52.38,210.5,110.16,112.59,116.95
2015-06-25,36.81,108.13,193.04,79.6,49.0,11.46,42.18,19.38,28.4,13.25,54.97,106.48,36.14,20.77,91.12,52.01,209.86,109.94,112.44,116.54
2015-06-26,36.94,108.33,191.92,79.25,48.7,11.34,41.13,19.07,28.2,13.11,55.07,106.63,36.07,20.9,90.73,52.28,209.82,109.21,112.56,115.23
2015-06-29,36.24,106.37,185.72,78.15,46.8,10.99,39.04,18.42,27.05,12.67,54.03,104.5,35.34,20.78,90.12,51.95,205.42,106.63,113.07,118.28
2015-06-30,36.49,106.95,186.64,77.8,47.25,11.12,39.22,18.46,27.1,12.72,54.06,104.71,35.33,20.73,89.92,51.83,205.85,107.01,112.37,117.46
2015-07-01,36.02,105.29,180.72,77.1,44.9,11.1,38.84,18.28,26.65,12.78,54.33,104.94,35.58,20.85,90.25,52.08,207.5,107.86,111.98,115.62
2015-07-02,36.18,105.71,180.0,77.95,44.3,11.09,38.55,18.29,26.5,12.74,54.23,104.83,35.41,21.11,91.57,52.79,207.31,107.89,111.76,116.0
2015-07-06,35.71,104.17,174.88,77.3,42.6,10.63,36.37,18.0,25.65,12.3,54.02,104.33,35.33,21.2,91.81,52.9,206.72,107.64,112.06,118.15
2015-07-07,36.03,105.28,179.68,78.9,43.65,10.51,36.1,18.11,25.55,12.18,54.46,104.99,35.48,21.73,93.98,54.23,208.02,107.91,110.76,119.26
2015-07-08,35.3,103.09,172.96,77.5,41.95,10.07,33.67,17.57,24.59,11.73,53.48,103.08,35.08,21.61,93.51,53.87,204.53,106.03,111.09,120.29
2015-07-09,35.48,103.55,176.36,77.75,42.75,10.59,35.23,17.64,24.89,11.98,53.61,103.44,35.28,21.37,92.51,53.33,204.9,105.97,111.36,117.92
2015-07-10,35.68,103.99,174.24,78.55,41.9,10.92,36.49,17.92,25.3,12.37,54.17,104.65,35.6,21.49,93.05,53.62,207.48,107.59,111.49,116.05
2015-07-13,35.93,104.62,175.6,79.25,41.75,11.05,37.37,18.08,25.75,12.51,54.77,105.65,36.02,21.5,93.09,53.69,209.77,109.48,110.99,115.69
2015-07-14,36.19,105.69,180.88,79.8,43.35,11.07,37.86,18.22,25.9,12.54,54.92,105.95,36.21,21.47,93.0,53.61,210.68,110.2,110.74,116.07
2015-07-15,35.55,103.71,173.92,78.7,41.7,10.76,37.06,17.93,25.3,12.3,54.69,105.43,36.09,21.57,93.35,53.78,210.61,110.32,110.16,117.3
2015-07-16,35.6,103.61,171.88,78.0,41.05,10.99,37.51,17.95,25.35,12.46,54.94,105.98,36.3,21.89,94.76,54.65,212.3,111.88,109.76,118.11
2015-07-17,35.17,102.32,167.12,77.35,39.35,10.85,37.48,17.88,25.25,12.47,54.92,105.91,36.23,21.67,93.73,54.09,212.48,113.53,108.65,118.72
2015-07-20,34.7,100.91,161.24,76.2,37.15,10.87,37.66,17.9,25.15,12.5,54.93,105.85,36.17,21.57,93.21,53.78,212.59,113.92,105.7,118.22
2015-07-21,34.72,101.04,162.2,76.2,37.8,10.9,37.06,17.67,25.05,12.4,54.34,104.85,35.51,21.37,92.32,53.27,211.75,113.85,105.37,118.86
2015-07-22,34.44,100.2,158.92,74.7,36.6,10.73,36.62,17.21,24.85,12.32,54.1,104.41,35.29,21.47,92.68,53.48,211.37,112.56,104.8,119.6
2015-07-23,34.41,100.05,159.16,74.75,36.7,10.68,35.88,17.15,24.55,12.26,53.6,103.44,35.35,21.15,91.35,52.74,210.18,112.14,104.33,121.09
2015-07-24,33.75,97.98,154.36,75.35,35.1,10.6,35.47,16.94,24.15,12.05,52.9,102.1,34.85,21.17,91.31,52.73,208.0,111.04,105.35,121.39
2015-07-27,33.26,96.49,149.76,75.75,33.95,10.41,34.58,16.79,23.95,11.8,52.64,101.52,34.45,21.43,92.51,53.39,206.79,110.12,104.86,122.04
2015-07-28,34.21,99.44,155.4,77.05,35.45,10.54,35.27,17.07,24.4,11.95,53.66,103.27,34.96,21.53,92.96,53.67,209.33,111.07,105.02,121.15
2015-07-29,34.68,100.91,159.52,78.0,36.6,10.77,36.24,17.35,25.0,12.15,54.32,104.64,35.64,21.61,93.26,53.88,210.77,111.49,105.17,120.7
2015-07-30,34.44,100.32,157.0,77.45,35.3,10.53,36.05,17.37,24.85,12.04,54.27,104.61,35.54,21.77,93.99,54.31,210.82,112.02,104.27,121.63
2015-07-31,33.68,97.82,153.4,77.05,34.25,10.5,35.32,17.06,24.55,11.98,54.22,104.68,35.46,22.0,94.84,54.8,210.5,111.89,104.93,122.53
2015-08-03,32.97,95.77,148.52,75.75,32.8,10.48,34.22,16.75,24.3,11.84,53.96,104.14,35.25,22.11,95.23,55.02,209.79,111.54,104.1,123.55
2015-08-04,32.86,95.34,148.88,75.15,32.65,10.39,33.93,16.68,24.2,11.77,53.93,104.09,35.23,21.75,93.67,54.16,209.38,111.33,104.31,122.57
2015-08-05,32.61,94.54,147.0,72.55,31.8,10.64,35.59,17.09,24.55,11.87,54.23,104.59,35.6,21.81,94.02,54.33,210.07,112.19,103.93,121.65
2015-08-06,33.13,96.25,153.48,72.2,33.45,10.47,33.91,16.33,24.1,11.73,53.95,104.08,35.56,21.92,94.23,54.52,208.35,110.39,104.39,122.73
2015-08-07,32.54,94.36,148.84,72.15,32.8,10.36,33.29,16.06,23.6,11.63,53.69,103.49,35.41,22.19,95.27,55.12,207.95,110.25,104.65,124.34
2015-08-10,33.58,97.53,159.08,73.75,35.45,10.5,34.16,16.33,23.95,11.84,54.74,105.48,36.32,22.1,95.0,54.97,210.57,111.51,105.72,122.8
2015-08-11,33.64,97.59,158.44,73.9,34.85,10.3,32.78,15.83,23.45,11.6,54.07,104.36,36.0,22.22,95.45,55.2,208.67,110.08,106.26,124.75
2015-08-12,34.26,99.31,162.36,73.4,36.4,10.3,33.1,16.1,23.65,11.61,54.08,104.29,35.9,22.61,97.1,56.22,208.92,110.46,107.75,124.07
2015-08-13,33.74,97.77,157.76,72.55,34.85,10.28,33.31,16.12,23.55,11.62,54.04,104.29,35.99,22.61,97.12,56.24,208.66,110.28,106.86,123.67
2015-08-14,33.66,97.57,156.6,73.0,35.0,10.28,33.17,16.07,23.7,11.63,54.38,104.97,36.25,22.78,97.94,56.67,209.42,110.45,106.85,123.96
2015-08-17,33.74,97.66,156.24,73.8,34.7,10.3,33.59,16.28,23.75,11.67,54.65,105.52,36.45,22.9,98.48,56.97,210.59,111.37,107.13,124.52
2015-08-18,33.61,97.29,156.8,73.4,34.65,10.24,33.11,16.11,23.5,11.53,54.55,105.3,36.41,22.84,98.15,56.8,209.98,110.8,107.11,123.54
2015-08-19,32.68,94.51,150.92,72.55,32.95,10.13,31.85,15.72,22.9,11.35,54.04,104.41,36.18,22.93,98.47,57.01,208.32,110.07,108.55,124.76
2015-08-20,31.94,92.33,146.92,71.65,32.15,9.69,30.05,15.09,22.0,10.86,52.92,101.97,35.26,22.8,97.76,56.6,203.97,107.02,110.44,126.02
2015-08-21,30.83,89.2,141.52,70.35,31.3,9.42,28.15,14.59,21.3,10.52,51.46,99.28,34.26,22.52,96.53,55.92,197.83,102.35,111.13,126.4
2015-08-24,29.17,84.47,133.2,72.25,29.35,9.0,27.02,14.31,20.65,10.25,49.63,95.93,33.28,21.68,93.09,53.73,189.5,98.41,110.53,126.36
2015-08-25,28.75,83.4,131.32,68.95,29.0,9.03,27.64,14.0,20.5,10.23,48.98,94.58,32.82,21.01,90.28,52.28,187.27,98.04,109.16,124.33
2015-08-26,29.74,86.2,135.28,70.15,30.0,9.28,28.2,14.38,20.6,10.43,50.51,97.3,33.78,21.39,91.81,53.16,194.46,102.98,107.67,121.93
2015-08-27,31.21,90.77,144.0,72.2,33.45,9.66,29.69,14.89,21.5,10.71,51.73,99.59,34.29,21.64,92.96,53.84,199.27,105.58,107.73,122.0
2015-08-28,31.92,92.6,148.68,72.7,34.2,9.69,30.1,15.14,21.85,10.8,51.75,99.92,34.38,21.58,92.82,53.7,199.28,105.56,108.7,122.36
2015-08-31,32.25,93.81,152.88,72.2,35.0,9.44,29.57,15.18,21.95,10.78,51.29,99.22,34.05,21.23,91.43,52.87,197.67,104.26,108.82,121.42
2015-09-01,31.11,90.37,144.76,71.25,33.4,9.14,28.87,14.73,21.5,10.46,49.93,96.61,33.14,20.66,89.04,51.44,191.77,101.0,109.2,122.03
2015-09-02,31.4,91.15,146.84,71.85,33.7,9.29,29.33,14.98,21.75,10.59,51.04,98.49,33.83,20.67,88.97,51.47,195.41,103.85,108.62,120.98
2015-09-03,31.49,91.49,147.56,71.75,34.2,9.26,29.78,15.25,21.85,10.67,51.07,98.81,34.01,20.76,89.47,51.77,195.55,103.34,107.84,121.57
2015-09-04,30.97,89.91,144.84,71.45,33.15,9.07,29.09,14.98,21.6,10.52,50.36,97.4,33.53,20.48,88.18,50.99,192.59,102.11,107.49,122.68
2015-09-08,31.45,91.23,147.56,71.55,33.2,9.42,30.19,15.45,22.25,10.86,51.75,100.01,34.48,20.92,89.98,52.08,197.43,104.98,107.52,120.87
2015-09-09,30.86,89.34,143.52,70.8,32.35,9.38,30.16,15.27,22.15,10.83,51.2,99.03,34.16,20.66,88.99,51.48,194.79,103.81,106.13,121.45
2015-09-10,31.04,89.72,144.76,70.75,32.55,9.48,30.23,15.06,22.1,10.96,51.23,99.06,34.16,20.62,88.74,51.34,195.85,104.93,106.38,120.63
2015-09-11,30.76,88.95,142.0,69.35,31.7,9.46,30.22,15.1,22.15,10.96,51.51,99.49,34.22,20.77,89.42,51.74,196.74,105.51,106.16,121.39
2015-09-14,30.5,88.15,138.64,68.65,31.2,9.38,29.81,14.97,21.8,10.88,51.25,98.97,34.03,20.83,89.68,51.89,196.01,105.19,106.22,121.58
2015-09-15,30.84,89.2,141.08,68.55,31.6,9.45,30.2,15.22,22.01,11.04,52.14,100.58,34.38,20.93,90.21,52.19,198.46,106.43,105.9,119.25
2015-09-16,31.71,91.88,147.84,69.35,34.0,9.61,30.58,15.42,22.45,11.15,52.52,101.47,34.55,21.15,91.16,52.7,200.18,107.03,107.31,118.8
2015-09-17,31.69,91.85,146.84,69.45,33.6,9.64,30.43,15.42,22.7,11.3,52.29,101.0,34.44,21.43,92.29,53.38,199.73,107.07,108.41,120.25
2015-09-18,30.63,89.23,140.52,69.25,32.45,9.39,29.43,15.13,21.95,11.03,50.86,98.81,33.85,21.11,91.73,53.04,195.45,105.29,109.21,122.1
2015-09-21,30.81,89.74,140.96,69.7,32.15,9.41,29.47,15.05,22.07,11.02,51.11,99.29,33.91,21.2,92.06,53.27,196.46,105.62,108.53,120.11
2015-09-22,30.48,88.77,138.88,68.5,31.4,9.2,28.78,14.7,21.6,10.76,50.37,97.78,33.37,20.93,90.98,52.64,193.91,104.05,107.79,121.78
2015-09-23,30.09,85.52,134.68,65.8,29.8,9.06,27.64,14.41,21.2,10.65,50.02,95.71,33.0,20.99,91.17,52.7,193.6,104.13,108.22,121.77
2015-09-24,30.22,85.86,135.48,65.15,30.25,9.02,27.28,14.36,21.1,10.51,49.71,94.99,32.92,21.16,91.9,53.2,192.9,103.75,110.49,122.6
2015-09-25,30.28,86.02,133.88,64.95,29.25,9.03,26.86,14.22,20.9,10.54,49.81,95.12,32.85,21.36,91.91,53.27,192.85,102.87,109.81,121.54
2015-09-28,29.07,82.82,126.84,61.45,27.55,8.8,25.35,13.66,20.1,10.32,48.83,93.14,32.27,21.26,91.41,53.01,188.01,99.94,108.42,123.62
2015-09-29,29.03,82.83,127.84,57.55,27.35,8.86,25.44,13.65,20.0,10.33,49.15,93.48,32.35,21.26,91.45,52.99,188.12,99.42,107.98,123.97
2015-09-30,29.71,84.76,131.36,62.4,28.1,9.06,26.54,14.03,20.5,10.59,49.89,94.96,32.85,21.65,93.02,53.95,191.63,101.71,106.86,123.54
2015-10-01,29.77,84.89,133.2,65.05,28.2,9.17,26.63,13.87,20.4,10.58,49.78,94.77,32.81,21.39,92.06,53.37,192.13,102.17,106.73,123.81
2015-10-02,31.0,88.47,141.0,67.1,30.4,9.49,28.66,14.42,21.31,10.86,50.41,95.93,33.17,21.67,93.3,54.09,195.0,103.96,108.99,124.56
2015-10-05,31.93,91.2,148.28,69.15,32.8,9.7,30.0,14.94,22.23,11.18,51.84,98.83,33.83,21.95,94.67,54.84,198.47,105.44,108.77,122.87
2015-10-06,32.64,93.47,155.72,69.15,35.3,9.79,30.28,15.03,22.55,11.17,51.79,98.64,33.79,21.81,93.96,54.37,197.79,104.94,109.86,123.4
2015-10-07,33.06,94.64,156.4,70.1,35.7,9.98,31.25,15.3,22.9,11.4,52.47,100.0,34.14,21.73,93.76,54.27,199.41,105.57,109.7,122.99
2015-10-08,33.69,96.59,162.12,70.55,36.8,10.08,31.77,15.38,23.25,11.54,53.2,101.58,34.6,22.0,94.94,54.97,201.21,105.99,109.14,121.96
2015-10-09,33.47,95.89,159.6,70.7,36.15,10.14,31.69,15.41,23.45,11.6,53.38,101.95,34.76,21.9,94.61,54.76,201.33,106.47,110.87,122.28
2015-10-12,33.04,94.56,154.16,69.75,33.8,10.0,31.23,15.26,23.15,11.51,53.39,101.91,34.81,22.09,95.41,55.21,201.52,106.73,111.31,123.21
2015-10-13,32.69,93.65,150.84,68.65,33.0,9.91,30.91,15.13,22.9,11.33,52.82,100.8,34.41,22.04,95.13,55.08,200.25,106.04,111.86,123.42
2015-10-14,32.97,94.53,152.56,68.8,33.4,10.06,31.98,15.46,22.85,11.49,52.25,99.73,33.77,22.03,95.1,55.01,199.29,105.87,113.81,124.5
2015-10-15,33.57,96.16,157.0,69.8,34.65,10.27,32.77,15.51,23.26,11.71,52.82,100.72,34.05,22.36,96.5,55.89,202.35,107.61,113.29,123.89
2015-10-16,33.61,96.2,157.6,70.2,34.65,10.19,32.24,15.42,22.75,11.63,52.55,100.35,33.99,22.39,96.7,55.95,203.27,108.06,112.49,123.93
2015-10-19,32.94,94.21,151.72,69.45,33.0,10.02,31.59,15.3,22.8,11.61,52.62,100.45,33.93,22.41,96.82,56.06,203.37,108.68,112.02,123.59
2015-10-20,33.04,94.59,152.96,69.25,34.25,10.13,31.42,15.14,22.8,11.64,52.97,100.95,34.08,22.48,97.03,56.21,203.11,108.12,112.73,122.83
2015-10-21,32.63,93.32,147.76,68.1,32.7,10.02,30.51,14.78,22.2,11.51,52.98,100.83,34.11,22.43,96.74,56.02,201.85,107.46,111.73,124.05
2015-10-22,33.22,95.0,148.6,66.45,32.35,10.11,30.81,15.03,22.25,11.64,54.46,103.35,34.96,22.69,97.8,56.63,205.26,109.65,111.69,124.26
2015-10-23,33.14,94.83,148.12,65.9,31.9,10.11,31.08,15.16,22.4,11.68,54.66,103.8,35.15,22.3,96.17,55.65,207.51,112.72,111.5,123.2
2015-10-26,32.33,92.44,144.2,64.3,29.9,10.03,30.67,15.09,22.35,11.59,54.54,103.59,35.06,22.22,96.05,55.59,207.0,112.79,111.43,124.02
2015-10-27,31.94,91.22,139.96,63.3,29.3,9.81,29.34,14.74,21.85,11.41,53.94,102.39,35.06,22.14,95.67,55.41,206.6,113.02,111.68,124.33
2015-10-28,32.65,93.39,145.12,65.95,29.95,9.88,30.27,15.16,22.45,11.53,54.37,103.46,35.85,21.9,94.85,54.84,208.95,113.96,110.78,123.83
2015-10-29,32.81,93.81,146.44,67.25,30.2,9.9,30.33,15.08,22.4,11.53,54.34,103.41,35.78,21.77,94.33,54.58,208.83,113.78,109.72,121.86
2015-10-30,33.03,94.5,148.32,67.95,30.5,9.8,29.8,14.96,22.3,11.42,54.27,103.25,35.75,21.88,94.83,54.87,207.93,113.27,109.3,122.78
2015-11-02,33.8,96.66,151.96,68.8,31.25,9.95,30.36,15.2,22.6,11.57,54.9,104.59,36.08,21.9,94.89,54.92,210.39,114.55,108.59,121.95
2015-11-03,34.66,99.13,157.16,70.45,32.4,9.99,30.81,15.4,22.9,11.63,54.94,104.62,36.01,21.97,95.2,55.1,211.0,114.95,106.98,120.95
2015-11-04,34.35,98.18,156.16,69.2,32.4,9.92,30.5,15.51,22.95,11.54,54.79,104.35,35.96,22.08,95.69,55.37,210.36,114.96,105.97,121.09
2015-11-05,34.06,97.19,156.8,68.6,32.7,9.9,30.09,15.34,22.64,11.53,54.86,104.55,35.93,21.89,94.9,54.92,210.15,114.65,105.64,120.77
2015-11-06,33.89,96.77,155.76,67.45,32.3,9.94,30.45,15.44,22.65,11.58,54.86,104.74,35.85,21.13,91.48,52.88,210.04,114.73,104.1,119.0
2015-11-09,33.55,95.69,156.32,66.65,32.3,9.77,29.91,15.22,22.3,11.35,54.44,103.65,35.47,21.18,91.61,53.06,208.08,113.51,104.4,118.33
2015-11-10,33.62,96.01,156.92,65.2,31.75,9.56,28.08,14.75,21.45,11.22,54.43,103.76,35.42,21.37,92.5,53.52,208.56,113.22,104.18,118.68
2015-11-11,32.91,93.99,149.92,64.1,30.0,9.52,27.54,14.58,21.14,11.12,54.5,103.9,35.4,21.56,93.23,54.01,207.74,113.08,103.83,118.43
2015-11-12,32.16,91.68,145.44,62.25,28.9,9.38,26.92,14.21,20.6,11.0,53.76,102.23,35.0,21.35,92.14,53.37,204.84,111.98,103.85,119.0
2015-11-13,32.03,91.31,146.6,62.1,29.8,9.28,26.68,14.07,20.55,10.87,53.52,101.85,34.77,21.27,91.74,53.15,202.54,109.78,103.56,119.68
2015-11-16,33.1,94.42,152.6,64.5,31.25,9.44,27.4,14.3,21.0,11.12,54.21,103.0,35.72,21.63,93.34,54.07,205.62,111.36,103.71,119.57
2015-11-17,32.74,93.21,149.68,63.4,30.1,9.3,26.0,13.92,20.2,10.97,54.1,102.88,35.79,21.24,91.64,53.11,205.47,111.43,102.34,119.77
2015-11-18,33.27,94.85,152.72,63.95,30.6,9.38,26.55,14.27,20.6,11.15,54.85,104.32,36.21,21.38,92.4,53.57,208.73,113.57,102.43,120.02
2015-11-19,32.83,93.55,148.76,62.9,29.55,9.41,25.98,14.25,20.45,11.2,55.09,104.7,36.46,21.6,93.24,54.05,208.55,113.65,103.56,120.82
2015-11-20,32.48,92.47,145.34,61.35,28.4,9.41,26.33,14.36,20.55,11.25,55.37,105.18,36.7,21.69,93.66,54.29,209.31,114.42,103.09,120.45
2015-11-23,32.71,93.11,146.6,60.9,28.4,9.42,26.49,14.33,20.65,11.22,55.09,104.9,36.61,21.5,92.99,53.9,209.07,114.09,102.26,120.82
2015-11-24,33.41,95.32,152.08,61.85,29.95,9.46,27.08,14.55,21.05,11.28,55.0,104.92,36.63,21.47,92.85,53.82,209.35,113.99,102.94,120.81
2015-11-25,33.14,94.58,151.2,61.6,29.6,9.45,26.76,14.58,21.0,11.27,55.0,104.95,36.58,21.33,92.39,53.53,209.32,114.09,102.46,121.09
2015-11-27,32.9,93.81,147.84,61.3,28.4,9.44,26.41,14.68,21.3,11.24,55.09,105.12,36.65,21.38,92.58,53.65,209.56,114.25,101.25,120.97
2015-11-30,33.02,94.26,148.52,61.3,28.9,9.42,26.54,14.82,21.4,11.28,54.74,104.52,36.49,21.41,92.81,53.78,208.69,113.96,101.92,121.45
2015-12-01,33.28,94.83,149.72,60.4,28.9,9.57,27.33,15.17,21.91,11.45,55.0,105.12,36.65,21.58,93.51,54.18,210.68,115.1,102.28,122.83
2015-12-02,32.26,91.85,143.24,58.8,27.5,9.62,27.71,15.25,21.95,11.42,54.44,104.09,36.31,21.1,91.57,53.03,208.53,114.39,100.69,122.87
2015-12-03,31.61,90.09,141.32,56.6,27.3,9.67,27.96,15.2,21.85,11.39,53.76,102.81,35.85,20.94,90.7,52.54,205.61,112.45,101.76,119.53
2015-12-04,31.41,89.37,137.56,54.55,25.8,9.75,28.25,15.26,22.05,11.45,54.56,104.13,36.4,21.24,91.87,53.23,209.62,115.08,104.02,120.58
2015-12-07,30.22,85.84,128.12,50.75,23.5,9.57,27.9,15.03,21.75,11.3,54.29,103.49,36.3,21.33,92.1,53.38,208.35,114.56,102.67,121.75
2015-12-08,29.91,84.79,128.92,52.25,23.65,9.48,27.43,14.9,21.55,11.15,53.42,101.94,35.91,21.3,92.02,53.33,206.95,114.57,102.84,121.81
2015-12-09,30.3,85.89,130.08,56.8,23.9,9.48,27.69,14.92,21.75,11.14,53.26,101.47,35.63,21.31,92.02,53.3,205.34,112.83,102.64,121.68
2015-12-10,30.49,86.57,132.36,55.25,24.15,9.33,27.4,14.87,21.65,11.02,53.51,101.99,35.91,20.95,90.6,52.45,205.87,113.34,102.55,121.84
2015-12-11,29.35,83.49,125.88,51.5,22.65,9.12,26.69,14.65,21.3,10.69,52.61,100.17,35.27,20.9,90.27,52.24,201.88,110.73,103.11,123.76
2015-12-14,29.51,83.88,122.8,49.9,21.6,9.38,28.38,14.87,21.9,10.86,52.8,100.19,35.17,21.0,90.59,52.43,202.9,111.57,101.79,122.16
2015-12-15,30.25,86.23,125.24,50.9,22.05,9.6,29.23,15.1,22.3,11.0,52.81,100.39,35.34,21.17,91.45,52.93,205.03,112.25,101.52,121.44
2015-12-16,30.05,85.64,122.44,53.1,21.45,10.03,31.84,16.02,23.75,11.39,53.75,102.13,35.93,21.7,93.79,54.27,208.03,113.92,102.75,121.18
2015-12-17,29.31,83.38,118.24,51.8,21.0,9.93,31.5,15.9,23.65,11.38,52.86,100.65,35.55,21.75,93.03,54.34,204.86,112.26,100.5,122.55
2015-12-18,28.54,81.87,115.76,52.2,20.75,9.89,31.8,15.92,23.8,11.27,51.74,99.07,34.74,21.25,92.01,53.72,200.02,109.77,102.04,123.23
2015-12-21,28.57,81.8,114.56,54.45,20.7,9.88,32.91,16.1,24.3,11.36,52.14,99.76,35.19,21.24,92.1,53.76,201.67,110.99,103.15,123.2
2015-12-22,28.91,82.97,115.96,56.7,20.7,9.75,31.48,15.95,23.9,11.36,52.86,101.04,35.58,21.42,92.89,54.2,203.5,111.72,102.61,122.31
2015-12-23,30.16,85.97,125.12,59.95,22.95,9.94,31.83,16.07,24.2,11.5,53.48,101.8,35.9,21.75,94.4,55.09,206.02,112.55,102.31,121.39
2015-12-24,29.89,85.19,124.2,59.7,22.75,9.96,31.76,16.21,24.45,11.51,53.46,101.82,35.96,21.74,94.38,54.18,205.68,112.53,103.05,121.83
2015-12-28,29.35,83.47,119.6,58.6,21.85,9.91,31.18,16.08,24.05,11.44,53.34,101.43,35.81,21.77,94.61,54.3,205.21,112.47,102.27,122.19
2015-12-29,29.55,84.05,121.56,58.0,22.4,9.88,30.73,16.13,23.9,11.48,53.85,102.44,36.2,21.9,95.15,54.62,207.4,114.24,102.2,120.16
2015-12-30,29.15,82.74,118.08,57.6,21.05,9.87,30.6,16.13,23.9,11.42,53.4,101.65,36.0,21.88,94.99,54.52,205.93,113.21,101.42,120.04
2015-12-31,29.28,83.12,120.88,60.25,22.3,9.84,30.64,16.05,23.7,11.42,53.01,101.03,35.64,21.64,93.93,53.96,203.87,111.8,101.46,120.58
2016-01-04,29.27,83.11,121.48,60.77,22.5,9.75,30.77,15.86,23.3,11.23,52.3,99.42,35.24,21.59,93.61,53.77,201.02,109.44,102.89,121.45
2016-01-05,29.39,83.41,121.08,60.4,22.3,9.71,30.3,15.93,23.1,11.24,52.44,99.55,35.6,21.75,94.27,54.17,201.36,109.25,103.18,120.96
2016-01-06,28.25,80.17,112.76,56.95,20.3,9.56,29.71,15.54,22.59,11.02,51.63,98.03,35.26,21.71,94.14,54.09,198.82,108.2,104.67,122.59
2016-01-07,27.57,78.17,109.96,53.9,19.4,9.21,26.99,14.74,21.15,10.63,50.23,95.3,34.48,21.57,93.45,53.68,194.05,104.81,106.15,122.81
2016-01-08,27.21,77.18,110.48,54.95,20.0,9.12,27.3,14.67,21.1,10.56,49.72,94.04,34.1,21.56,93.41,53.66,191.92,103.96,105.68,123.36
2016-01-11,26.63,75.43,106.16,52.0,18.7,9.01,26.32,14.56,20.65,10.38,49.75,94.22,34.32,21.67,93.97,53.99,192.11,104.28,104.74,122.01
2016-01-12,26.69,75.61,104.48,51.8,17.95,8.94,25.75,14.47,20.4,10.38,50.15,94.77,34.6,21.58,93.36,53.69,193.66,105.48,104.21,123.77
2016-01-13,26.05,74.04,100.92,48.55,17.55,8.62,24.85,13.95,19.6,10.13,48.94,92.39,33.78,21.58,93.18,53.63,188.83,101.85,104.72,124.99
2016-01-14,27.17,77.26,104.44,51.8,18.2,8.6,25.01,14.03,19.65,10.32,49.52,93.48,33.92,21.9,94.69,54.49,191.93,104.02,103.02,123.82
2016-01-15,26.39,75.07,100.64,49.05,17.4,8.29,23.52,13.6,19.15,9.92,48.65,91.75,33.41,21.7,93.78,53.91,187.81,100.79,104.08,125.75
2016-01-19,25.82,73.21,95.48,46.15,15.9,8.29,23.08,13.38,18.75,9.82,48.64,91.6,33.32,22.03,95.02,54.7,188.06,101.01,103.98,125.36
2016-01-20,25.13,71.1,95.0,42.8,16.75,8.08,23.18,13.54,18.7,9.7,48.01,90.67,32.9,21.53,92.99,53.54,185.65,100.7,105.37,126.68
2016-01-21,25.91,73.39,101.68,45.55,18.3,8.0,23.46,13.7,19.15,9.67,48.22,91.01,32.74,21.51,92.93,53.51,186.69,100.8,105.49,125.82
2016-01-22,27.06,76.62,105.88,49.6,19.25,8.37,24.36,14.08,19.85,9.99,48.64,92.04,33.24,21.9,94.76,54.53,190.52,103.72,105.0,125.34
2016-01-25,25.8,72.97,98.2,47.85,17.2,8.22,23.71,13.8,19.2,9.82,48.04,90.73,32.8,21.72,93.75,53.97,187.64,102.18,106.08,126.02
2016-01-26,26.77,75.89,104.56,49.6,19.1,8.42,24.9,14.05,19.75,10.0,48.95,92.65,33.27,21.86,94.55,54.41,190.2,103.1,107.29,126.08
2016-01-27,26.65,75.46,105.04,49.1,19.1,8.38,24.62,13.84,19.45,9.86,48.4,91.57,32.43,21.92,94.74,54.52,188.13,100.53,107.69,126.05
2016-01-28,27.46,77.85,108.84,51.45,20.15,8.38,24.67,13.96,19.6,9.89,48.68,92.0,32.52,22.26,96.31,55.42,189.11,101.95,106.54,126.23
2016-01-29,28.26,79.98,113.96,52.0,21.0,8.7,25.21,14.35,20.2,10.15,49.99,94.52,33.31,22.71,98.34,56.59,193.72,104.08,106.95,127.3
2016-02-01,27.79,78.37,110.08,51.05,19.95,8.75,25.03,14.39,20.05,10.13,49.87,94.31,33.23,22.92,99.37,57.16,193.65,104.36,108.05,126.67
2016-02-02,26.86,75.79,105.44,50.1,18.7,8.45,24.07,13.86,19.4,9.87,48.87,92.25,32.42,23.02,99.71,57.38,190.16,102.1,108.09,129.02
2016-02-03,27.82,78.64,110.08,50.2,20.3,8.55,24.3,13.9,19.65,9.96,49.66,93.46,32.74,23.31,101.0,58.11,191.3,101.61,109.25,127.95
2016-02-04,27.8,78.78,109.36,51.2,20.0,8.53,24.58,14.1,19.95,9.99,50.52,95.15,33.04,23.21,100.46,57.81,191.6,101.6,110.57,128.57
2016-02-05,27.16,77.1,105.12,49.85,19.25,8.37,23.94,13.72,19.4,9.75,50.04,93.93,32.52,23.28,100.61,57.94,187.95,98.07,112.32,128.72
2016-02-08,27.02,76.84,102.4,44.95,18.55,8.08,22.62,13.25,18.75,9.38,49.62,92.94,32.1,23.2,100.31,57.76,185.42,96.57,113.83,131.49
2016-02-09,26.37,75.01,98.4,43.4,17.65,8.04,22.25,13.23,18.75,9.44,49.92,93.21,31.93,23.28,100.7,58.0,185.43,96.27,113.58,131.63
2016-02-10,26.26,74.6,97.6,42.0,17.45,7.93,21.38,12.88,18.25,9.41,49.68,92.93,32.01,23.26,100.62,57.96,185.27,96.64,114.46,132.79
2016-02-11,26.15,74.27,95.6,39.85,17.1,7.77,20.35,12.62,17.85,9.27,48.69,91.16,31.31,22.85,99.01,56.99,182.86,96.5,119.06,133.72
2016-02-12,26.84,76.18,98.04,42.65,17.6,7.76,20.43,12.76,18.15,9.31,49.67,93.06,31.65,22.78,98.63,56.8,186.63,97.97,118.36,131.5
2016-02-16,27.1,76.86,96.76,45.4,17.2,8.05,21.67,13.26,18.72,9.61,50.67,94.97,32.33,22.92,99.32,57.16,189.78,100.18,114.77,130.11
2016-02-17,27.99,79.28,101.32,48.0,18.45,8.29,22.29,13.64,19.2,9.84,51.45,96.6,32.89,22.88,99.15,57.01,192.88,102.45,115.48,129.31
2016-02-18,27.64,78.53,97.16,48.7,17.25,8.29,22.3,13.6,19.05,9.93,51.42,96.54,32.95,23.25,100.66,57.88,192.09,101.28,118.29,130.9
2016-02-19,27.58,78.15,95.4,47.65,16.8,8.21,21.87,13.46,18.91,9.85,51.32,96.3,32.98,23.1,100.03,57.53,192.0,101.58,117.58,131.01
2016-02-22,28.28,80.07,100.0,50.5,17.6,8.32,22.33,13.71,19.25,10.04,52.19,97.98,33.41,23.37,101.05,58.13,194.78,103.23,115.49,130.94
2016-02-23,27.32,77.43,94.4,48.3,16.15,8.23,21.98,13.47,18.95,9.89,51.67,97.08,33.32,23.39,101.08,58.16,192.32,101.53,117.22,131.47
2016-02-24,27.59,78.18,96.44,49.45,16.9,8.37,22.55,13.83,19.25,9.89,51.7,97.25,33.34,23.5,101.64,58.47,193.2,102.5,117.61,131.21
2016-02-25,27.62,78.33,96.64,49.1,16.55,8.39,22.65,14.04,19.8,10.01,52.38,98.42,33.75,23.74,102.58,59.0,195.54,103.51,117.92,131.68
2016-02-26,27.78,78.91,98.84,49.7,17.05,8.4,23.12,14.11,20.0,10.03,52.45,98.74,33.85,23.08,99.81,57.44,195.09,103.38,117.11,130.41
2016-02-29,27.47,78.21,98.4,50.6,16.75,8.41,23.45,14.24,20.32,10.13,52.12,98.18,33.73,23.15,100.09,57.58,193.56,102.45,118.64,130.98
2016-03-01,28.19,79.84,100.8,50.55,17.05,8.63,23.31,14.2,20.2,10.27,53.14,100.15,34.06,23.03,99.7,57.34,198.11,105.73,117.77,128.43
2016-03-02,28.88,82.14,106.2,52.45,18.6,8.72,23.96,14.44,20.85,10.33,53.18,100.43,34.22,23.16,100.4,57.75,199.0,105.77,118.68,128.96
2016-03-03,29.31,83.81,111.48,53.8,20.05,8.86,23.85,14.51,20.7,10.37,53.56,101.22,34.39,23.3,100.96,58.09,199.78,105.57,120.73,129.43
2016-03-04,29.59,84.99,115.8,53.45,21.4,8.95,24.12,14.48,20.73,10.5,53.78,101.7,34.49,23.56,102.05,58.73,200.43,105.61,120.54,128.6
2016-03-07,30.29,87.26,120.28,55.45,23.7,9.03,24.68,14.56,20.85,10.52,53.94,102.1,34.33,23.68,102.59,59.03,200.59,104.96,121.14,128.56
2016-03-08,29.02,82.86,110.56,51.75,20.45,8.79,24.11,14.41,20.6,10.45,53.18,100.58,34.01,23.92,103.43,59.55,198.4,104.1,120.58,129.98
2016-03-09,29.49,84.54,114.48,52.4,21.45,8.93,24.36,14.62,20.7,10.49,53.35,100.76,34.15,24.03,104.04,59.87,199.38,104.76,119.58,129.19
2016-03-10,29.51,84.33,114.04,51.85,21.1,8.93,23.97,14.6,20.43,10.41,53.27,100.61,33.96,24.05,104.11,59.95,199.54,104.61,121.5,128.66
2016-03-11,30.27,86.59,119.08,52.9,21.95,9.1,24.55,14.87,20.9,10.69,54.04,102.16,34.46,24.08,104.35,60.05,202.76,106.43,119.41,127.36
2016-03-14,30.08,85.87,117.24,52.85,21.4,9.16,24.53,14.89,20.85,10.65,54.09,102.22,34.34,24.1,104.36,60.09,202.5,106.61,117.87,127.76
2016-03-15,30.02,85.46,117.28,52.05,21.2,9.01,24.28,14.82,20.65,10.49,54.06,101.91,34.27,24.15,104.61,60.22,202.17,106.57,117.96,127.88
2016-03-16,30.54,87.25,121.76,54.6,22.15,9.17,24.42,14.94,20.7,10.63,54.25,102.77,34.57,24.52,105.58,60.81,203.34,107.52,120.59,128.26
2016-03-17,30.95,88.65,123.84,55.9,22.2,9.32,24.49,15.14,21.05,10.75,55.44,104.93,35.06,24.66,106.73,61.47,204.63,107.46,120.13,128.79
2016-03-18,30.82,88.68,123.6,55.6,21.3,9.36,24.4,15.19,20.8,10.83,55.63,105.78,35.34,24.32,106.04,61.06,204.38,107.31,119.8,129.06
2016-03-21,30.72,87.64,123.24,54.2,21.0,9.32,24.48,15.16,20.9,10.87,55.96,105.48,35.38,24.29,105.17,60.98,204.67,107.73,118.96,128.07
2016-03-22,30.55,87.33,123.64,54.95,21.0,9.27,23.59,15.02,20.65,10.85,55.64,105.19,35.39,24.21,104.89,60.8,204.56,108.06,119.31,128.04
2016-03-23,29.88,84.96,117.64,53.0,20.0,9.06,22.59,14.48,20.1,10.67,55.28,104.35,35.14,24.39,105.47,60.7,203.21,107.17,116.61,129.49
2016-03-24,30.02,85.49,119.12,52.35,20.15,8.99,22.34,14.56,20.1,10.57,55.12,104.19,34.96,24.45,105.87,60.92,203.12,107.2,116.33,129.54
2016-03-28,29.86,85.09,118.08,52.0,19.95,9.09,22.3,14.54,19.95,10.58,55.14,104.27,35.0,24.36,105.59,60.76,203.24,107.05,116.6,129.71
2016-03-29,30.0,85.43,119.72,52.35,20.2,9.23,22.35,14.77,20.2,10.68,55.5,105.19,35.42,24.73,107.32,61.72,205.12,108.77,118.76,131.07
2016-03-30,30.06,85.7,119.56,53.55,20.4,9.35,22.6,14.83,20.15,10.87,55.6,105.56,35.47,24.67,107.02,61.56,206.02,109.3,117.1,129.69
2016-03-31,30.05,85.82,121.4,54.6,20.6,9.34,22.66,14.81,20.2,10.84,55.47,105.21,35.32,24.81,107.53,61.84,205.52,109.14,117.64,130.61
2016-04-01,29.64,84.46,119.4,53.0,20.3,9.28,22.64,14.87,20.25,10.8,55.73,105.5,35.44,24.91,108.02,62.15,206.92,110.3,116.93,130.68
2016-04-04,29.42,83.79,117.92,51.95,20.0,9.13,22.17,14.75,19.9,10.77,55.1,104.27,35.28,24.8,107.48,61.84,206.25,109.88,116.15,130.76
2016-04-05,29.23,83.19,116.92,51.35,19.9,9.0,22.0,14.77,19.9,10.65,54.76,103.6,35.13,24.33,105.5,60.7,204.19,108.82,117.66,132.19
2016-04-06,29.86,85.15,120.88,52.75,20.55,9.05,22.59,14.97,20.1,10.72,55.03,104.1,35.49,24.31,105.41,60.64,206.42,110.61,116.94,131.23
2016-04-07,29.68,84.59,121.12,53.05,20.6,8.9,22.26,14.71,19.71,10.55,54.5,103.2,35.29,24.3,105.37,60.66,203.95,109.02,118.61,132.85
2016-04-08,30.28,86.58,125.6,54.45,21.3,9.01,22.44,14.72,19.85,10.63,54.71,103.83,35.38,24.42,105.92,60.97,204.5,108.94,118.43,132.01
2016-04-11,30.15,86.34,125.44,54.45,21.3,9.05,22.53,14.76,20.0,10.76,54.73,103.72,35.35,24.32,105.59,60.72,204.02,108.54,120.03,131.84
2016-04-12,31.05,89.36,133.92,56.5,22.5,9.24,23.05,14.79,20.0,10.83,55.05,104.52,35.55,24.49,106.28,61.15,205.92,109.45,120.05,130.93
2016-04-13,31.2,89.62,132.44,56.45,22.25,9.38,23.37,15.16,20.45,11.04,55.87,106.24,35.97,24.34,105.72,60.77,208.0,110.85,118.77,131.39
2016-04-14,31.27,89.71,132.56,56.3,22.4,9.28,23.45,15.1,20.55,11.01,55.97,106.19,35.89,24.31,105.54,60.67,208.01,110.86,117.11,130.76
2016-04-15,30.85,88.56,130.24,55.2,22.15,9.23,23.19,15.03,20.3,10.92,56.05,106.37,36.0,24.44,106.26,61.08,207.78,110.58,117.92,131.88
2016-04-18,31.36,90.03,132.88,57.05,22.5,9.26,23.58,15.22,20.55,11.04,56.1,106.66,36.19,24.54,106.65,61.26,209.24,111.17,117.74,131.31
2016-04-19,31.98,92.03,136.24,59.35,23.15,9.34,23.71,15.12,20.55,11.13,56.5,107.22,36.2,24.58,106.87,61.43,209.9,110.49,119.58,130.9
2016-04-20,32.27,92.95,138.12,60.45,23.45,9.36,24.16,15.33,20.8,11.1,56.41,107.14,36.28,23.97,104.76,59.96,210.1,110.58,118.97,129.46
2016-04-21,32.08,92.43,136.68,60.5,23.2,9.33,24.21,15.4,21.0,11.02,56.27,106.72,36.12,23.47,102.16,58.66,208.97,110.59,119.42,128.69
2016-04-22,32.55,94.0,141.48,61.05,23.9,9.31,24.33,15.47,21.1,11.03,56.41,107.11,36.34,23.67,103.06,59.22,208.97,108.92,117.89,128.36
2016-04-25,32.18,92.76,139.48,60.15,23.45,9.17,23.94,15.22,20.65,10.93,56.14,106.27,36.05,23.72,103.26,59.29,208.61,108.92,118.23,127.83
2016-04-26,32.7,94.24,143.48,59.8,24.15,9.23,24.33,15.49,21.1,11.08,56.64,107.34,36.49,23.75,103.55,59.44,208.92,108.39,118.7,127.25
2016-04-27,33.32,96.19,147.84,61.1,24.9,9.39,24.79,15.63,21.25,11.14,57.04,108.12,37.01,24.1,104.89,60.2,209.35,107.52,119.04,128.52
2016-04-28,32.82,94.73,143.48,60.15,24.25,9.21,24.18,15.23,20.81,10.97,56.49,106.96,36.65,24.07,104.89,60.2,207.45,106.22,121.29,129.05
2016-04-29,32.77,94.64,142.96,61.05,24.3,9.2,23.82,14.9,20.5,10.95,56.16,106.34,36.41,24.21,105.43,60.54,206.33,105.66,123.65,129.38
2016-05-02,32.74,94.39,141.88,60.6,24.14,9.07,23.53,14.93,20.5,11.01,56.45,106.76,36.61,24.41,106.24,60.97,207.97,106.66,123.24,127.82
2016-05-03,31.96,91.78,135.24,59.1,23.21,8.85,22.74,14.52,20.1,10.77,55.99,105.75,36.32,24.39,106.17,60.96,206.16,105.67,122.96,129.43
2016-05-04,31.5,90.44,132.08,59.55,22.85,8.82,22.47,14.26,19.65,10.65,55.3,104.5,36.06,24.67,107.4,61.66,205.01,104.99,122.21,130.14
2016-05-05,31.76,91.07,135.0,60.5,23.21,8.7,22.09,14.08,19.35,10.6,55.27,104.31,36.26,24.58,106.99,61.42,204.97,104.96,122.07,131.01
2016-05-06,31.69,90.96,133.36,60.35,23.0,8.8,22.13,14.1,19.31,10.62,55.64,105.05,36.41,24.42,106.47,61.09,205.72,105.52,123.18,130.45
2016-05-09,31.23,89.33,130.48,59.55,22.64,8.63,21.64,14.0,19.2,10.5,55.39,104.59,36.42,24.56,107.01,61.43,205.89,105.82,120.65,130.86
2016-05-10,31.77,91.17,135.52,59.45,23.35,8.74,21.4,13.91,18.86,10.54,56.34,106.43,37.1,24.58,107.21,61.54,208.45,107.27,120.98,130.87
2016-05-11,31.87,91.44,136.92,58.85,23.58,8.86,21.62,13.94,18.9,10.57,55.87,105.61,36.8,24.67,107.44,61.7,206.5,106.3,122.12,131.61
2016-05-12,31.96,91.68,136.64,59.85,23.7,8.73,21.17,13.75,18.55,10.57,55.75,105.29,36.84,24.82,108.04,61.99,206.56,105.83,121.16,131.01
2016-05-13,31.55,90.4,134.4,59.5,23.36,8.56,20.98,13.73,18.5,10.42,55.05,104.05,36.56,24.69,107.59,61.73,204.76,105.44,121.71,132.28
2016-05-16,32.09,92.08,137.28,61.3,23.76,8.68,21.28,13.88,18.81,10.47,55.73,105.2,36.95,24.73,107.77,61.85,206.78,106.76,121.8,131.14
2016-05-17,32.24,92.59,139.24,61.8,24.04,8.64,21.11,13.7,18.5,10.41,55.46,104.71,36.67,24.31,105.88,60.76,204.85,105.42,122.22,131.36
2016-05-18,31.93,91.43,137.28,60.25,23.69,8.5,21.2,13.79,18.65,10.36,55.27,104.42,36.68,23.85,104.02,59.7,204.91,105.8,120.1,129.49
2016-05-19,31.93,91.36,136.64,61.27,23.7,8.4,20.93,13.79,18.6,10.32,54.75,103.54,36.38,24.09,104.99,60.23,204.2,105.25,119.87,130.05
2016-05-20,32.12,91.95,137.76,62.1,23.89,8.55,21.49,14.07,18.9,10.49,55.03,104.26,36.71,24.15,105.26,60.4,205.49,106.41,119.71,130.15
2016-05-23,32.04,91.72,137.48,61.8,23.94,8.56,21.82,14.3,19.15,10.64,54.93,104.02,36.48,23.93,104.3,59.88,205.21,106.27,119.37,130.44
2016-05-24,32.2,92.05,138.28,61.35,24.01,8.67,22.06,14.54,19.4,10.74,55.5,105.3,36.92,24.17,105.52,60.54,207.87,108.4,117.3,129.86
2016-05-25,32.71,93.9,142.76,61.85,24.66,8.7,22.09,14.6,19.45,10.78,55.88,106.08,37.0,24.1,105.17,60.34,209.28,109.18,116.98,129.37
2016-05-26,32.57,93.36,141.84,61.15,24.56,8.69,21.97,14.62,19.45,10.82,55.72,105.86,36.97,24.37,106.27,60.98,209.34,109.5,116.58,130.04
2016-05-27,32.59,93.41,141.04,61.1,24.48,8.66,21.96,14.64,19.4,10.78,55.93,106.24,37.08,24.42,106.57,61.15,210.24,110.07,115.62,129.85
2016-05-31,32.46,93.03,142.08,61.05,24.55,8.72,22.01,14.72,19.45,10.81,55.92,106.42,36.96,24.58,107.15,61.49,209.84,110.28,116.06,130.16
2016-06-01,32.47,93.31,143.64,62.7,24.66,8.89,22.1,14.66,19.5,10.95,55.97,106.4,37.11,24.64,107.61,61.7,210.27,110.29,115.94,130.42
2016-06-02,32.43,93.1,144.08,63.05,24.73,8.93,21.98,14.65,19.45,10.93,56.04,106.57,37.28,24.65,107.56,61.72,210.91,110.52,115.67,131.36
2016-06-03,32.3,92.86,142.36,62.95,24.51,8.91,21.53,14.6,19.25,10.97,55.99,106.55,37.37,25.04,109.27,62.68,210.28,110.0,118.88,133.23
2016-06-06,33.02,95.06,146.2,63.85,25.2,9.07,21.84,14.83,19.65,11.15,56.52,107.49,37.67,25.0,109.21,62.59,211.35,110.4,118.92,132.24
2016-06-07,33.77,97.19,150.0,64.2,25.9,9.12,21.97,14.97,19.8,11.13,56.79,107.99,37.78,24.99,109.17,62.59,211.68,110.12,118.82,132.56
2016-06-08,33.69,97.07,148.84,64.0,25.61,9.12,22.13,15.01,19.95,11.07,57.15,108.71,38.01,25.14,109.89,62.98,212.37,110.31,120.58,133.27
2016-06-09,33.43,96.5,147.88,63.95,25.57,9.02,21.66,14.88,19.64,11.0,57.14,108.61,37.99,25.35,110.85,63.56,212.08,110.13,121.25,134.13
2016-06-10,32.71,94.24,140.88,62.8,24.48,8.64,20.65,14.41,18.95,10.65,56.47,107.27,37.65,25.28,110.42,63.29,210.07,108.88,121.74,134.78
2016-06-13,32.61,93.76,139.76,62.05,24.43,8.39,20.14,14.3,18.75,10.45,55.86,106.03,37.15,25.25,110.24,63.2,208.45,107.97,122.64,135.38
2016-06-14,32.59,93.68,139.96,61.45,24.48,8.3,20.07,14.3,18.75,10.36,55.87,106.0,37.2,25.39,110.71,63.5,208.04,107.97,122.77,135.28
2016-06-15,32.51,93.47,140.2,62.25,24.43,8.34,20.05,14.3,18.7,10.53,55.89,106.08,37.21,25.23,109.99,63.06,207.75,107.66,123.68,135.8
2016-06-16,32.36,92.96,136.6,62.4,23.95,8.43,20.03,14.25,18.75,10.43,55.99,106.21,37.25,25.39,110.68,63.43,208.37,107.98,122.38,136.46
2016-06-17,32.47,94.02,140.08,62.45,24.5,8.48,20.35,14.21,18.6,10.4,55.73,106.32,36.97,25.27,111.0,63.65,206.52,106.43,123.95,135.61
2016-06-20,32.76,94.87,142.64,62.75,24.86,8.74,20.68,14.46,19.0,10.58,56.24,107.47,37.33,25.18,110.6,63.42,207.85,107.1,123.21,134.16
2016-06-21,33.14,95.33,144.96,63.7,25.29,8.54,20.58,14.42,18.86,10.62,56.2,106.74,37.31,25.22,110.0,63.06,208.44,107.44,120.84,133.54
2016-06-22,32.96,94.76,143.72,63.65,24.81,8.54,20.4,14.21,18.7,10.62,56.04,106.44,37.27,25.09,109.45,62.78,208.1,107.18,120.9,133.76
2016-06-23,33.5,96.44,146.4,64.55,25.22,8.74,20.85,14.36,18.95,10.79,56.69,107.79,37.42,25.17,109.92,62.97,210.81,108.71,120.11,132.23
2016-06-24,32.42,92.81,138.52,63.15,24.0,8.29,19.86,13.74,18.25,10.16,54.38,103.24,36.35,25.31,109.87,63.06,203.13,104.24,126.01,135.78
2016-06-27,31.38,89.9,131.28,61.0,23.07,8.16,19.32,13.28,17.46,9.89,53.1,100.63,35.63,25.51,111.2,63.8,199.6,102.17,126.68,139.17
2016-06-28,32.26,92.51,137.36,63.25,24.15,8.53,20.02,13.74,18.1,10.21,54.0,102.24,36.03,25.61,111.72,64.04,203.2,104.41,125.32,139.46
2016-06-29,32.87,94.39,140.56,63.7,24.51,8.67,20.64,14.04,18.54,10.49,54.96,104.13,36.61,25.68,112.12,64.27,206.66,106.25,125.84,138.39
2016-06-30,33.13,95.12,139.24,63.6,24.36,8.78,20.96,14.29,19.1,10.62,56.01,106.27,37.44,26.24,114.5,65.64,209.47,107.48,126.47,138.9
2016-07-01,33.3,95.84,141.6,63.8,24.71,8.78,21.0,14.39,19.05,10.59,56.19,106.71,37.42,26.24,114.39,65.56,209.92,108.02,128.41,140.57
2016-07-05,32.63,93.58,136.32,63.45,23.92,8.71,20.62,14.15,18.85,10.38,55.68,105.6,36.97,26.43,115.06,65.94,208.41,107.36,129.47,142.33
2016-07-06,32.77,94.11,137.28,63.1,24.26,8.77,21.14,14.24,19.0,10.43,55.96,106.18,37.24,26.49,115.42,66.16,209.66,108.24,130.23,142.56
2016-07-07,32.44,93.08,134.92,62.75,23.97,8.71,20.97,14.22,18.85,10.51,56.11,106.46,37.19,26.0,113.33,64.97,209.53,108.56,129.74,142.55
2016-07-08,32.87,94.4,137.2,63.6,24.35,8.92,21.44,14.55,19.25,10.63,57.23,108.57,37.89,26.27,114.38,65.58,212.65,110.24,130.52,143.6
2016-07-11,32.93,94.45,136.8,63.55,24.32,9.03,21.75,14.74,19.55,10.79,57.59,109.31,38.09,26.25,114.35,65.56,213.4,110.87,129.29,142.34
2016-07-12,33.75,97.01,143.44,64.6,25.28,9.09,21.77,14.83,19.75,10.87,58.12,110.41,38.21,25.89,112.97,64.73,214.95,111.43,127.15,140.0
2016-07-13,33.46,96.04,140.44,64.0,24.85,8.97,21.44,14.73,19.6,10.78,58.26,110.58,38.24,26.09,113.83,65.21,214.92,111.16,128.32,141.65
2016-07-14,33.63,96.44,140.24,64.5,24.82,9.05,21.54,14.91,19.7,10.94,58.7,111.34,38.3,25.92,113.03,64.76,216.12,111.92,127.33,139.59
2016-07-15,33.61,96.36,139.36,64.4,24.8,9.0,21.38,14.84,19.55,10.84,58.69,111.42,38.29,26.0,113.35,64.94,215.83,111.74,126.84,138.39
2016-07-18,33.63,96.45,140.08,64.35,24.86,9.02,21.74,15.03,19.85,10.95,58.64,111.28,38.23,26.08,113.61,65.08,216.41,112.48,127.04,138.26
2016-07-19,33.44,95.78,138.68,64.3,24.63,8.98,21.4,14.96,19.6,10.85,58.67,111.23,38.36,26.03,113.39,64.94,216.19,112.07,127.21,139.04
2016-07-20,33.4,95.7,138.76,64.75,24.67,9.1,21.85,15.14,19.9,10.95,58.78,111.59,38.55,25.88,112.89,64.62,217.09,113.38,125.39,138.28
2016-07-21,33.07,94.73,136.44,64.47,24.42,9.06,21.75,15.03,19.8,10.9,58.18,110.59,38.25,26.03,113.42,64.95,216.26,113.12,127.3,138.56
2016-07-22,33.17,94.95,136.72,64.55,24.51,9.13,21.62,15.07,19.75,10.95,58.29,110.77,38.35,26.38,114.84,65.79,217.24,113.59,126.35,138.8
2016-07-25,32.51,92.99,133.24,64.3,23.88,9.11,21.81,15.14,19.9,10.92,57.98,110.12,38.2,26.33,114.59,65.66,216.65,113.6,125.47,138.7
2016-07-26,32.7,93.56,135.68,63.8,24.19,9.23,22.13,15.63,19.9,10.96,58.46,111.09,38.53,26.1,113.83,65.19,216.75,113.73,126.0,138.92
2016-07-27,32.38,92.55,132.88,63.6,23.73,9.21,21.96,15.57,19.95,10.98,58.23,110.62,38.58,25.81,112.51,64.39,216.52,114.52,128.03,140.65
2016-07-28,32.38,92.37,133.52,63.55,23.83,9.1,21.4,15.45,19.6,11.01,58.21,110.64,38.64,25.91,112.81,64.64,216.77,114.92,127.66,140.39
2016-07-29,32.71,93.29,137.0,64.15,24.41,9.1,21.42,15.46,19.65,10.98,58.04,110.35,38.7,26.06,113.48,65.0,217.12,115.17,128.98,141.56
2016-08-01,31.63,90.11,131.04,63.0,23.35,9.13,21.65,15.44,19.75,11.01,57.97,110.14,38.74,26.08,113.39,64.97,216.94,115.78,129.22,139.77
2016-08-02,31.92,90.82,131.92,63.0,23.6,9.1,21.58,15.28,19.55,10.93,57.43,109.17,38.53,25.91,112.77,64.59,215.55,114.9,130.27,138.33
2016-08-03,32.54,92.66,137.2,64.2,24.43,9.15,21.91,15.39,19.69,10.98,57.71,109.6,38.6,25.75,112.23,64.28,216.18,115.28,129.65,138.41
2016-08-04,32.49,92.74,138.12,64.2,24.4,9.23,21.76,15.25,19.45,11.04,57.73,109.78,38.74,25.74,112.11,64.19,216.41,115.61,129.87,139.45
2016-08-05,32.78,93.66,140.2,64.17,24.53,9.2,21.97,15.43,19.75,11.11,58.31,110.98,38.99,25.36,110.69,63.34,218.18,116.72,127.55,138.0
2016-08-08,33.22,94.99,143.08,64.7,24.93,9.29,22.19,15.44,19.98,11.15,58.39,111.03,38.88,25.35,110.55,63.31,218.05,116.59,127.44,138.26
2016-08-09,33.05,94.41,141.24,64.5,24.77,9.29,22.16,15.38,19.8,11.14,58.37,111.01,38.98,25.35,110.37,63.23,218.18,116.86,127.96,139.62
2016-08-10,32.69,93.29,139.4,62.75,24.56,9.11,21.26,15.09,19.27,10.96,58.34,110.9,38.89,25.35,110.49,63.27,217.64,116.56,128.56,140.16
2016-08-11,33.17,94.62,143.12,63.0,25.18,9.16,21.41,15.16,19.25,11.01,58.72,111.59,39.15,25.42,110.77,63.4,218.65,117.06,127.67,138.91
2016-08-12,33.35,95.14,144.32,63.45,25.4,9.11,21.47,15.17,19.4,11.01,58.56,111.22,39.1,25.45,110.79,63.45,218.46,117.14,127.4,140.08
2016-08-15,33.62,96.01,147.24,63.52,25.7,9.26,21.79,15.28,19.6,11.06,58.95,112.0,39.44,25.06,109.23,62.53,219.09,117.64,127.84,138.76
2016-08-16,33.67,96.25,147.16,63.65,25.67,9.22,21.58,15.15,19.4,11.11,58.69,111.42,39.06,24.76,107.9,61.77,217.96,116.99,128.47,138.39
2016-08-17,33.77,96.48,147.4,63.4,25.62,9.21,21.37,14.97,19.2,11.04,58.86,111.78,39.16,25.14,109.31,62.6,218.37,117.2,128.5,139.22
2016-08-18,34.47,98.4,151.6,64.05,26.38,9.39,21.8,15.12,19.47,11.17,59.04,112.13,39.31,25.44,110.69,63.38,218.86,117.23,129.11,139.44
2016-08-19,34.18,97.6,150.56,63.55,26.22,9.37,21.64,15.12,19.45,11.15,59.02,112.24,39.37,25.14,109.42,62.65,218.54,117.2,127.97,138.71
2016-08-22,33.79,96.53,147.52,63.05,25.92,9.3,21.29,15.09,19.4,11.1,58.97,112.13,39.41,25.2,109.76,62.84,218.53,117.29,127.78,139.88
2016-08-23,34.03,97.06,149.96,63.15,26.32,9.3,21.39,15.23,19.45,11.14,59.02,112.44,39.31,25.09,109.33,62.59,218.97,117.5,127.76,140.03
2016-08-24,33.89,96.64,148.4,62.75,26.03,9.28,21.21,15.03,19.1,11.11,58.84,112.05,39.2,25.08,109.28,62.59,217.85,116.74,126.34,139.7
2016-08-25,33.8,96.44,148.68,62.75,26.01,9.27,21.1,15.07,19.15,11.09,58.83,112.03,39.2,25.09,109.37,62.57,217.7,116.55,126.23,139.17
2016-08-26,33.68,96.2,149.0,62.7,26.04,9.23,21.12,15.05,19.25,11.06,58.66,111.66,39.03,24.58,107.25,61.36,217.29,116.72,126.05,138.36
2016-08-29,33.91,96.82,150.36,63.05,26.24,9.26,21.08,15.07,19.3,11.07,59.08,112.31,39.23,24.77,108.08,61.84,218.36,116.88,126.3,140.21
2016-08-30,33.79,96.41,150.08,62.95,26.11,9.28,21.15,15.05,19.35,11.03,58.92,112.17,39.07,24.51,107.02,61.23,218.0,116.5,125.03,139.67
2016-08-31,33.26,95.06,147.16,62.65,25.55,9.19,20.91,14.98,19.15,11.06,58.59,111.62,38.94,24.61,107.32,61.4,217.38,116.38,124.78,139.87
2016-09-01,33.16,94.74,146.64,62.85,25.6,9.22,20.82,14.96,19.22,11.08,58.64,111.68,39.02,24.49,106.85,61.15,217.39,116.68,125.29,139.77
2016-09-02,33.54,95.75,149.4,63.05,26.07,9.34,21.13,15.03,19.55,11.21,58.93,112.22,39.31,24.82,108.35,61.9,218.37,117.06,126.57,138.63
2016-09-06,34.04,97.25,151.36,63.5,26.47,9.58,21.29,15.1,19.6,11.41,58.76,111.9,39.36,25.08,109.45,62.56,219.03,117.79,128.71,139.64
2016-09-07,34.24,97.62,152.36,63.65,26.63,9.55,21.09,15.1,19.5,11.41,58.83,112.13,39.21,25.09,109.54,62.63,219.01,117.86,128.27,139.54
2016-09-08,34.88,99.37,156.48,63.7,27.26,9.64,21.2,15.1,19.45,11.4,58.78,112.04,39.15,25.17,109.95,62.86,218.51,117.17,127.59,137.79
2016-09-09,33.84,96.41,151.22,62.65,26.46,9.37,20.69,14.63,18.95,11.21,57.12,108.7,38.24,24.23,105.96,60.55,213.28,114.22,126.75,135.52
2016-09-12,34.17,97.27,153.0,62.45,26.61,9.42,20.72,14.8,19.05,11.23,57.85,110.14,38.64,24.66,107.6,61.57,216.34,116.27,126.59,135.59
2016-09-13,33.2,94.36,146.4,60.35,25.49,9.11,20.06,14.48,18.52,11.01,57.0,108.29,38.21,24.32,106.13,60.71,213.23,115.23,125.75,134.05
2016-09-14,32.8,93.17,142.84,60.7,25.02,9.01,19.63,14.38,18.29,10.99,56.95,108.02,37.98,24.42,106.44,60.91,213.15,115.78,126.18,134.25
2016-09-15,33.21,94.24,145.12,60.4,25.31,9.12,19.8,14.57,18.4,11.09,57.4,108.99,38.35,24.6,107.3,61.39,215.28,117.58,125.37,133.67
2016-09-16,32.75,93.49,144.52,60.6,25.13,9.03,19.66,14.58,18.1,10.95,56.61,108.22,37.77,24.63,108.25,61.94,213.37,117.23,125.06,134.75
2016-09-19,32.73,93.44,144.36,61.45,25.08,9.15,19.49,14.73,18.4,11.07,56.86,108.7,37.96,24.88,109.33,62.58,213.41,116.72,125.32,134.31
2016-09-20,32.49,92.02,142.12,61.15,24.9,9.17,19.55,14.68,18.45,11.04,56.91,107.95,37.89,24.83,108.24,62.49,213.42,116.94,125.44,134.78
2016-09-21,33.24,94.12,147.28,62.45,25.69,9.29,19.67,14.68,18.65,11.22,57.65,109.45,38.38,25.33,110.56,63.8,215.82,118.09,127.27,135.87
2016-09-22,33.28,94.49,148.64,63.05,25.86,9.42,20.08,15.0,19.05,11.33,58.06,110.38,38.85,25.49,111.32,64.22,217.18,119.03,127.57,136.95
2016-09-23,32.84,93.01,144.6,62.9,25.16,9.31,20.05,14.91,19.0,11.22,57.72,109.62,38.66,25.47,111.08,64.06,215.99,118.27,127.65,136.82
2016-09-26,32.69,92.67,144.24,62.8,25.18,9.22,19.94,14.76,18.85,11.09,57.47,109.1,38.6,25.41,110.85,63.48,214.24,117.28,127.55,137.69
2016-09-27,32.47,92.07,141.0,62.0,24.45,9.29,20.24,14.93,19.1,11.14,57.87,109.87,38.81,25.08,109.52,62.7,215.57,118.44,126.62,138.7
2016-09-28,33.88,96.27,149.8,63.55,25.7,9.35,20.45,15.05,19.4,11.2,58.32,110.71,39.04,25.04,109.28,62.59,216.64,118.64,126.22,138.4
2016-09-29,33.82,96.36,150.92,63.15,25.96,9.29,20.27,14.95,19.25,11.17,57.86,109.85,38.59,24.67,107.79,61.7,214.68,117.78,126.07,138.75
2016-09-30,34.28,97.69,153.84,63.45,26.42,9.16,20.31,15.13,19.35,11.13,58.38,110.9,38.77,24.5,106.96,61.28,216.3,118.66,125.64,137.51
2016-10-03,34.26,97.52,154.16,63.1,26.55,9.17,20.13,15.06,19.3,11.09,58.43,110.82,38.63,24.15,105.64,60.44,215.78,118.49,125.32,136.81
2016-10-04,33.91,96.6,152.32,62.45,26.21,9.06,19.9,14.92,19.15,11.01,57.94,110.09,38.35,23.65,103.35,59.15,214.68,118.31,120.97,135.21
2016-10-05,34.43,98.13,155.92,63.0,26.73,9.26,20.7,15.06,19.5,11.17,58.31,110.7,38.54,23.59,103.12,58.98,215.63,118.73,120.78,134.58
2016-10-06,34.48,98.33,155.6,62.4,26.58,9.19,20.71,15.07,19.5,11.13,58.31,110.8,38.63,23.59,103.11,58.98,215.78,118.67,119.66,133.83
2016-10-07,34.28,97.76,153.32,62.45,26.37,9.06,20.2,14.83,19.15,10.99,57.56,109.4,37.99,23.56,102.92,58.91,215.04,118.41,119.74,133.92
2016-10-10,34.82,99.43,156.44,63.25,26.74,9.16,20.52,14.93,19.45,11.04,57.62,109.52,38.12,23.75,103.88,59.4,216.16,119.16,120.16,133.13
2016-10-11,34.42,98.27,154.52,62.95,26.36,8.95,20.26,14.64,19.15,10.79,57.02,108.25,37.57,23.49,102.59,58.7,213.43,117.46,119.55,132.83
2016-10-12,34.27,97.77,152.92,62.9,26.32,8.95,20.15,14.59,18.95,10.79,57.13,108.5,37.68,23.72,103.54,59.28,213.71,117.36,119.74,132.96
2016-10-13,34.09,97.23,152.28,62.8,26.34,9.0,20.24,14.54,18.85,10.82,57.11,108.24,37.65,24.01,104.79,60.01,213.01,116.94,120.03,133.46
2016-10-14,33.89,96.72,150.64,62.55,25.93,9.06,20.21,14.55,18.85,10.84,57.23,108.45,37.71,23.88,104.35,59.74,213.12,117.08,119.36,131.59
2016-10-17,33.72,96.2,149.48,62.75,25.66,9.06,20.16,14.46,18.8,10.79,57.08,108.27,37.7,24.0,104.85,60.03,212.38,116.76,119.68,132.43
2016-10-18,33.86,96.54,149.48,63.05,25.75,9.13,20.38,14.66,19.0,10.9,57.2,108.54,37.92,24.21,105.75,60.51,213.71,117.8,120.42,132.86
2016-10-19,34.34,97.93,152.0,63.45,26.17,9.2,20.73,14.68,19.25,10.93,57.38,108.84,37.95,24.16,105.54,60.39,214.28,117.79,121.11,132.97
2016-10-20,34.3,97.84,152.4,63.4,26.15,9.14,20.72,14.71,19.3,10.9,57.07,108.36,37.86,24.14,105.44,60.35,213.88,117.65,120.74,133.11
2016-10-21,34.08,97.23,151.68,63.3,25.8,9.02,20.58,14.7,19.16,10.85,56.99,108.18,37.78,24.0,104.92,60.01,213.98,118.09,120.83,133.31
2016-10-24,33.97,96.88,149.84,63.2,25.44,9.05,20.12,14.78,19.1,10.83,57.1,108.64,37.95,24.09,105.24,60.24,214.89,119.51,120.56,132.73
2016-10-25,33.82,96.14,147.04,62.65,24.86,8.97,19.89,14.66,18.97,10.77,56.95,108.0,38.25,24.24,105.8,60.56,214.17,119.13,121.47,133.08
2016-10-26,33.9,96.28,147.08,62.55,24.75,8.97,19.77,14.65,18.9,10.74,57.15,108.31,38.66,24.3,106.01,60.69,213.74,118.32,120.79,132.18
2016-10-27,33.77,95.95,147.24,62.4,25.01,8.89,19.55,14.57,18.65,10.67,56.76,107.58,38.12,24.16,105.55,60.37,213.17,117.78,121.01,130.74
2016-10-28,33.68,95.26,144.8,62.2,24.5,8.81,19.34,14.49,18.5,10.61,57.1,108.21,38.4,24.23,105.83,60.59,212.54,117.04,121.58,130.45
2016-10-31,33.31,94.07,141.4,61.15,24.01,8.86,19.1,14.52,18.33,10.59,57.21,108.47,38.42,24.72,107.92,61.78,212.55,116.93,121.94,131.25
2016-11-01,33.32,94.14,141.8,60.8,23.88,8.66,19.0,14.33,18.18,10.47,56.72,107.5,38.26,24.26,105.97,60.63,211.01,116.05,122.73,131.01
2016-11-02,32.95,93.04,139.24,60.25,23.63,8.55,18.95,14.24,18.0,10.37,56.51,107.06,38.0,23.96,104.5,59.87,209.74,115.12,123.64,131.58
2016-11-03,33.08,93.37,140.24,59.75,23.74,8.38,18.42,14.25,17.65,10.34,56.42,106.8,37.84,24.05,104.96,60.02,208.78,113.99,124.3,130.57
2016-11-04,32.9,92.9,138.92,59.3,23.47,8.36,18.31,14.29,17.7,10.33,56.47,107.01,37.85,23.98,104.59,59.81,208.55,113.59,124.39,131.74
2016-11-07,33.61,94.9,142.32,59.7,24.06,8.62,18.65,14.52,18.05,10.5,57.86,109.56,38.62,24.4,106.51,60.94,213.15,116.29,122.15,130.62
2016-11-08,33.65,95.09,142.04,59.9,23.9,8.65,18.86,14.58,18.25,10.54,58.21,110.2,38.72,24.58,107.33,61.38,214.11,117.05,121.64,130.09
2016-11-09,34.2,96.99,148.2,60.4,24.58,8.22,17.81,14.41,17.88,10.25,59.67,113.06,40.46,23.68,103.83,59.35,216.38,117.59,121.56,124.57
2016-11-10,34.35,97.26,147.92,61.05,24.58,8.0,17.67,14.4,17.9,10.13,60.94,115.55,41.16,23.11,101.39,57.91,216.92,115.69,119.75,122.73
2016-11-11,33.72,95.76,145.92,60.2,24.1,7.95,17.56,14.74,18.3,10.1,61.05,116.13,41.66,23.01,101.19,57.75,216.42,115.74,117.1,122.04
2016-11-14,33.91,96.28,147.92,60.95,24.47,7.86,17.57,14.88,18.35,10.1,61.31,116.76,42.07,23.0,101.21,57.78,216.59,114.57,116.11,121.31
2016-11-15,34.87,99.02,153.88,61.5,25.42,7.98,17.71,15.03,18.4,10.13,61.54,117.34,41.87,23.37,102.83,58.67,218.28,116.16,117.12,121.91
2016-11-16,34.62,98.31,152.64,60.6,25.14,7.87,17.65,15.01,18.35,10.09,61.19,116.78,41.64,23.21,102.19,58.3,217.87,116.85,116.77,123.01
2016-11-17,34.39,97.76,152.36,61.2,24.85,7.92,17.48,14.95,18.3,10.16,61.32,117.15,41.61,23.22,102.18,58.29,218.99,117.7,116.17,121.2
2016-11-18,34.53,98.24,153.4,61.4,25.02,7.89,17.32,14.94,18.35,10.12,61.3,117.11,41.61,23.15,101.99,58.13,218.5,117.26,115.15,120.85
2016-11-21,35.35,100.61,159.88,61.4,26.08,7.88,17.1,14.97,18.2,10.16,61.63,117.73,41.8,23.39,103.15,58.8,220.15,118.48,115.58,121.15
2016-11-22,35.33,100.58,159.4,61.4,25.97,7.95,17.37,15.24,18.45,10.23,61.91,118.44,42.19,23.48,103.62,59.05,220.58,118.84,115.54,121.11
2016-11-23,35.48,101.06,160.76,61.55,26.31,7.99,17.67,15.42,18.55,10.27,62.37,119.34,42.46,23.25,102.58,58.49,220.7,118.36,113.25,120.64
2016-11-25,35.3,100.53,158.68,61.15,25.91,8.02,17.88,15.5,18.7,10.36,62.71,119.92,42.66,23.58,104.03,59.28,221.52,118.74,112.61,120.82
2016-11-28,34.81,98.98,153.32,60.15,25.3,8.14,17.86,15.44,18.65,10.37,62.28,119.06,42.58,24.03,105.93,60.44,220.48,118.47,113.8,121.71
2016-11-29,34.39,97.62,150.32,59.7,24.97,8.02,17.5,15.28,18.32,10.36,62.33,118.98,42.81,24.14,106.26,60.65,220.91,118.88,113.27,122.22
2016-11-30,36.13,103.25,167.72,61.8,27.09,8.04,17.53,15.18,18.3,10.34,62.41,119.04,42.57,23.38,103.02,58.73,220.38,117.44,111.75,120.24
2016-12-01,36.22,103.59,168.2,60.6,27.25,7.97,17.35,14.79,18.0,10.23,62.82,119.78,42.6,23.19,102.05,58.25,219.57,115.41,111.54,118.73
2016-12-02,36.33,103.73,168.12,61.0,27.23,7.94,17.28,14.84,17.95,10.24,62.81,119.76,42.7,23.4,102.93,58.72,219.68,115.64,112.14,119.6
2016-12-05,36.65,104.62,169.8,60.7,27.53,8.02,17.64,15.13,18.42,10.33,62.76,119.82,42.82,23.43,103.26,58.83,221.0,116.54,111.54,119.47
2016-12-06,36.58,104.63,170.8,60.55,27.62,8.02,17.87,15.19,18.55,10.36,62.88,120.45,42.98,23.39,103.03,58.73,221.7,116.82,111.43,119.38
2016-12-07,36.87,105.19,171.6,60.95,27.57,8.17,18.22,15.52,19.05,10.51,64.05,122.45,43.37,23.69,104.45,59.55,224.6,118.3,111.83,120.4
2016-12-08,37.07,105.92,173.4,61.35,27.75,8.12,18.5,15.59,19.0,10.47,63.69,122.21,42.94,23.73,104.88,59.74,225.15,118.51,111.57,118.98
2016-12-09,37.19,106.3,172.72,61.15,27.75,8.08,18.36,15.63,19.15,10.47,63.98,122.64,43.02,23.98,105.87,60.3,226.51,119.44,110.4,117.5
2016-12-12,37.36,106.86,171.6,61.6,27.28,8.01,18.0,15.46,18.9,10.41,63.75,121.99,42.53,24.23,106.76,60.88,226.25,118.9,110.82,117.72
2016-12-13,37.78,108.16,173.68,61.6,27.63,8.13,17.93,15.59,18.75,10.52,63.66,121.76,42.55,24.48,107.86,61.45,227.76,120.4,110.45,118.14
2016-12-14,37.03,105.06,166.96,60.8,26.79,7.91,17.54,15.43,18.45,10.41,63.02,119.92,42.19,23.98,104.7,60.21,225.88,120.15,108.83,116.82
2016-12-15,37.11,105.5,167.72,61.3,26.7,7.88,17.59,15.61,18.55,10.35,63.09,120.07,42.28,24.15,105.45,60.61,226.81,120.34,107.34,117.41
2016-12-16,37.14,106.11,168.04,62.05,26.67,7.87,17.65,15.59,18.68,10.31,62.58,119.83,41.94,24.2,106.58,61.34,225.04,119.54,108.05,117.14
2016-12-19,36.97,105.67,168.88,61.75,26.67,8.0,18.03,15.76,19.0,10.34,62.93,120.5,42.21,24.3,107.11,61.56,225.53,120.03,108.59,118.4
2016-12-20,36.89,105.53,168.0,62.25,26.51,7.94,17.91,15.78,19.01,10.37,63.29,121.34,42.37,24.33,107.18,61.62,226.4,120.49,107.79,117.81
2016-12-21,36.95,105.67,167.64,62.5,26.59,7.92,17.67,15.69,18.88,10.37,63.05,120.85,42.16,24.23,106.77,60.84,225.77,120.4,107.85,118.33
2016-12-22,37.1,106.1,168.4,63.25,26.66,7.86,17.67,15.57,18.65,10.32,62.93,120.58,42.17,24.31,107.13,61.04,225.38,120.06,107.59,117.81
2016-12-23,37.07,105.93,168.92,63.6,26.66,7.77,16.76,15.67,18.65,10.34,62.99,120.71,42.19,24.31,107.07,61.0,225.71,120.14,107.93,118.05
2016-12-27,37.15,106.22,169.8,63.55,26.79,7.85,16.89,15.9,18.98,10.43,63.12,120.94,42.23,24.33,107.13,61.08,226.27,120.76,108.56,117.67
2016-12-28,36.75,105.13,167.76,63.25,26.46,7.83,16.67,15.61,18.7,10.38,62.46,119.62,41.88,24.09,106.17,60.48,224.4,119.82,108.86,118.53
2016-12-29,36.67,104.88,166.68,63.05,26.33,7.91,16.7,15.58,18.55,10.4,62.44,119.65,41.97,24.42,107.51,61.26,224.35,119.65,110.29,118.95
2016-12-30,36.57,104.68,165.68,63.0,26.17,7.88,16.57,15.41,18.4,10.4,62.22,119.26,41.74,24.28,107.01,60.91,223.53,118.42,109.61,119.13
2017-01-03,36.98,105.91,168.04,63.7,26.28,7.97,16.96,15.62,18.55,10.47,62.59,120.04,42.11,24.23,106.59,60.72,225.24,119.48,110.47,119.64
2017-01-04,36.9,105.88,168.84,63.9,26.64,8.11,17.35,15.91,19.05,10.61,62.96,120.86,42.44,24.32,107.11,60.99,226.58,120.13,110.86,120.1
2017-01-05,36.81,105.59,168.32,64.0,26.84,8.16,17.46,15.8,18.82,10.68,62.78,120.22,42.4,24.34,107.11,61.03,226.4,120.81,112.58,121.98
2017-01-06,36.84,105.56,167.08,64.05,26.81,8.12,17.4,15.86,18.8,10.67,63.14,120.59,42.58,24.42,107.42,61.24,227.21,121.87,111.75,120.86
2017-01-09,36.31,103.89,162.4,63.7,26.17,8.15,17.46,15.7,18.75,10.59,62.65,119.73,42.22,24.09,105.95,60.38,226.46,122.27,112.67,121.83
2017-01-10,35.98,102.95,162.4,63.15,26.13,8.16,17.57,15.79,18.9,10.63,62.91,120.32,42.26,24.02,105.72,60.26,226.46,122.54,113.15,121.75
2017-01-11,36.37,104.13,164.0,63.7,26.45,8.25,17.7,15.85,18.95,10.61,63.24,121.05,42.23,24.27,106.78,60.87,227.1,122.87,113.5,122.16
2017-01-12,36.22,103.59,162.88,63.5,26.41,8.28,17.51,15.72,18.75,10.61,62.98,120.47,42.06,24.29,106.89,60.97,226.53,122.68,113.91,121.89
2017-01-13,36.11,103.25,161.88,63.75,26.38,8.26,17.67,15.93,18.95,10.63,63.22,121.03,42.17,24.25,106.83,60.85,227.05,123.1,114.21,121.31
2017-01-17,36.33,103.91,164.44,63.9,26.54,8.35,17.8,15.73,18.95,10.64,62.73,119.9,41.79,24.52,107.89,61.53,226.25,122.73,115.85,122.58
2017-01-18,36.25,103.55,164.2,63.55,26.41,8.3,17.73,15.81,18.92,10.63,62.97,120.47,41.99,24.49,107.78,61.45,226.75,122.98,114.87,121.01
2017-01-19,36.05,102.92,163.76,63.35,26.34,8.26,17.64,15.75,18.8,10.58,63.43,120.91,42.13,24.27,106.79,60.9,225.91,122.92,114.77,120.18
2017-01-20,36.19,103.47,164.52,63.5,26.41,8.29,17.69,15.88,18.9,10.63,63.44,120.97,41.97,24.32,107.01,60.97,226.74,123.19,115.05,119.94
2017-01-23,35.8,102.3,162.8,63.45,26.22,8.29,17.61,15.8,18.8,10.65,63.09,120.16,41.75,24.19,106.48,60.71,226.15,123.29,115.79,121.14
2017-01-24,36.2,103.41,165.36,64.4,26.73,8.33,17.52,15.98,19.0,10.74,63.72,121.68,42.08,24.19,106.64,60.73,227.6,124.11,115.27,120.31
2017-01-25,36.39,104.14,166.44,65.3,26.93,8.39,17.79,16.15,19.3,10.83,64.39,123.05,42.04,24.19,106.65,60.72,229.57,125.36,114.32,118.8
2017-01-26,36.42,104.16,167.2,66.05,27.11,8.32,17.68,16.09,19.15,10.79,64.54,123.22,42.09,24.2,106.71,60.76,229.33,125.49,113.26,119.2
2017-01-27,36.04,103.02,165.2,65.8,26.73,8.32,17.55,15.97,19.05,10.75,64.49,122.84,42.23,24.19,106.58,60.72,228.97,125.73,113.49,119.63
2017-01-30,35.38,101.08,160.64,64.95,25.83,8.23,17.18,15.8,18.65,10.63,63.94,121.82,41.92,24.22,106.58,60.67,227.55,124.75,113.97,119.27
2017-01-31,35.39,101.05,160.32,65.05,25.86,8.25,17.29,15.84,18.8,10.68,63.38,120.93,41.88,24.59,108.26,61.69,227.53,124.5,115.55,120.1
2017-02-01,35.13,100.33,159.12,65.95,25.83,8.36,17.37,15.91,18.84,10.72,63.27,120.8,41.8,24.17,106.44,60.6,227.62,125.36,115.2,119.1
2017-02-02,35.33,100.94,160.2,66.05,26.16,8.35,17.32,15.8,18.7,10.7,63.15,120.45,41.86,24.42,107.37,61.21,227.77,125.25,115.84,119.05
2017-02-03,35.63,101.94,162.72,66.45,26.51,8.43,17.47,16.01,18.98,10.79,63.62,121.59,42.29,24.45,107.69,61.39,229.34,125.61,116.13,119.0
2017-02-06,35.33,100.97,160.24,66.45,26.25,8.33,17.41,15.97,19.0,10.7,63.71,121.43,42.37,24.4,107.45,61.23,228.93,125.76,117.7,119.72
2017-02-07,34.83,99.43,156.36,66.1,25.59,8.3,17.29,15.97,18.8,10.71,63.82,121.56,42.58,24.46,107.6,61.34,228.94,126.22,117.46,120.6
2017-02-08,34.92,99.5,156.72,64.9,25.48,8.36,17.36,16.04,18.77,10.76,63.73,121.36,42.42,24.7,108.51,61.89,229.24,126.43,118.19,122.24
2017-02-09,35.31,100.58,159.6,64.9,25.98,8.4,17.42,16.08,18.8,10.79,64.22,122.42,42.68,24.49,107.77,61.43,230.6,126.89,117.29,120.83
2017-02-10,35.58,101.35,161.4,65.2,26.24,8.51,17.79,16.22,19.15,10.84,64.73,123.35,43.02,24.65,108.49,61.85,231.51,127.31,117.6,120.76
2017-02-13,35.64,101.45,160.12,65.15,26.09,8.59,18.08,16.46,19.3,10.92,65.38,124.34,43.37,24.76,108.93,62.12,232.77,128.03,116.8,120.38
2017-02-14,35.76,101.85,161.4,65.5,26.38,8.65,18.18,16.51,19.43,10.94,65.41,124.41,43.34,24.58,108.17,61.67,233.7,128.46,116.93,119.51
2017-02-15,35.62,101.44,160.76,65.5,26.11,8.7,18.58,16.71,19.7,10.99,65.76,125.12,43.59,24.52,107.92,61.49,234.92,129.22,117.45,118.96
2017-02-16,35.13,100.03,158.08,65.25,25.67,8.72,18.44,16.61,19.57,11.01,65.78,125.12,43.75,24.77,108.96,62.08,234.72,129.18,118.08,119.61
2017-02-17,34.94,99.4,157.28,64.9,25.62,8.73,18.53,16.74,19.8,11.03,65.89,125.21,43.83,24.78,108.98,62.1,235.09,129.74,117.68,120.32
2017-02-21,35.18,100.14,159.24,65.3,25.72,8.83,18.96,17.03,20.35,11.18,66.22,125.87,44.14,25.05,110.12,62.73,236.49,130.38,117.75,120.11
2017-02-22,34.64,98.48,154.64,64.8,25.06,8.76,18.72,16.81,19.95,11.1,66.04,125.42,44.14,25.15,110.53,62.99,236.28,130.43,117.91,120.31
2017-02-23,34.79,98.87,154.52,64.6,24.95,8.73,18.95,16.76,19.95,11.1,65.61,124.53,43.84,25.41,111.67,63.6,236.44,129.94,118.94,120.67
2017-02-24,34.46,97.76,151.48,64.1,24.39,8.65,18.96,16.9,20.1,11.04,65.89,125.09,44.02,25.8,113.17,64.47,236.74,130.19,119.7,122.01
2017-02-27,34.76,98.75,152.68,63.95,24.45,8.66,19.1,16.97,20.1,11.08,66.13,125.84,44.48,25.65,112.61,64.2,237.11,130.35,119.12,121.29
2017-02-28,34.65,98.37,151.44,64.3,24.29,8.61,18.76,16.67,19.8,11.06,65.86,125.01,44.24,25.89,113.62,64.72,236.47,129.95,119.23,121.74
2017-03-01,35.35,100.46,155.56,64.85,24.84,8.7,18.65,16.76,19.75,11.11,66.97,127.26,44.9,25.66,112.71,64.22,239.78,131.37,119.06,119.47
2017-03-02,35.01,99.42,151.8,64.8,24.49,8.63,18.45,16.67,19.89,11.03,66.25,125.93,44.45,25.84,113.49,64.67,238.27,130.71,117.58,119.04
2017-03-03,34.95,99.09,151.44,64.85,24.43,8.67,18.25,16.54,19.7,11.02,66.32,126.03,44.32,25.76,113.14,64.5,238.42,130.95,117.51,119.35
2017-03-06,35.03,99.31,152.4,64.85,24.62,8.6,18.21,16.44,19.55,10.97,66.16,125.61,44.17,25.71,112.86,64.31,237.71,130.66,116.72,118.78
2017-03-07,34.72,98.45,150.24,64.7,24.38,8.62,18.04,16.39,19.5,10.95,65.97,125.08,44.18,25.69,112.78,64.28,237.0,130.44,115.78,118.42
2017-03-08,33.81,95.79,143.8,63.85,23.5,8.59,17.98,16.35,19.5,10.94,65.74,124.59,44.06,25.33,111.12,63.3,236.56,130.67,115.06,117.78
2017-03-09,34.04,96.23,144.8,63.4,23.59,8.52,17.93,16.28,19.4,10.9,65.44,123.92,44.07,25.27,110.85,63.17,236.86,130.77,114.47,116.84
2017-03-10,33.99,96.23,144.44,63.4,23.51,8.54,17.87,16.35,19.4,10.93,65.84,124.81,44.0,25.48,111.74,63.7,237.69,131.32,114.72,117.25
2017-03-13,33.99,96.33,145.44,63.6,23.7,8.61,18.02,16.48,19.48,10.98,65.8,124.83,44.21,25.56,112.09,63.87,237.81,131.54,114.74,116.51
2017-03-14,33.61,95.14,143.52,62.9,23.32,8.56,17.81,16.4,19.45,10.93,65.18,123.7,44.01,25.53,111.85,63.77,236.9,131.22,114.12,117.07
2017-03-15,34.36,97.21,147.88,63.65,24.0,8.68,18.09,16.67,19.65,11.08,65.92,125.27,44.34,25.94,113.82,64.86,238.95,132.03,116.25,118.5
2017-03-16,34.11,96.63,146.28,63.45,23.76,8.74,18.34,16.78,19.9,11.12,65.62,124.81,44.19,25.66,112.66,64.19,238.48,131.94,116.73,117.9
2017-03-17,33.89,96.6,145.76,63.0,23.65,8.71,17.96,16.77,19.8,11.13,65.68,125.3,44.61,25.61,113.37,64.59,237.03,131.62,116.99,118.64
2017-03-20,33.86,96.46,145.97,63.03,23.68,8.68,17.86,16.7,19.75,11.16,65.56,125.0,44.47,25.45,112.56,64.13,236.77,131.74,117.56,119.15
2017-03-21,33.6,95.57,142.76,62.55,23.32,8.51,17.51,16.23,19.15,11.01,64.56,122.89,43.71,25.81,113.95,65.0,233.73,129.74,118.54,120.14
2017-03-22,33.55,95.45,141.24,62.4,23.05,8.48,17.41,16.31,19.3,11.01,64.79,123.23,43.69,25.93,114.38,65.24,234.28,130.62,118.83,120.62
2017-03-23,33.42,95.13,140.68,62.7,23.05,8.48,17.32,16.3,19.35,11.05,64.7,123.19,43.72,25.85,114.18,65.09,234.03,130.29,118.67,120.45
2017-03-24,33.28,94.15,140.84,62.75,23.14,8.5,17.29,16.38,19.35,11.05,64.53,122.25,43.37,25.94,113.75,64.89,233.86,130.56,118.86,120.88
2017-03-27,33.13,93.84,141.48,62.45,23.26,8.48,17.29,16.42,19.48,11.05,64.3,121.86,43.23,25.84,113.26,64.6,233.62,130.77,119.53,121.43
2017-03-28,33.6,95.24,145.16,62.8,23.72,8.55,17.36,16.6,19.7,11.12,64.98,123.15,43.63,25.83,113.37,64.66,235.32,131.57,119.04,120.62
2017-03-29,34.06,96.54,149.04,63.2,24.41,8.58,17.34,16.64,19.84,11.1,64.97,123.27,43.58,25.75,112.98,64.43,235.54,132.18,119.33,121.34
2017-03-30,34.05,96.86,147.76,63.1,24.17,8.5,17.3,16.74,19.9,11.1,65.33,124.01,43.73,25.56,112.27,64.02,236.29,132.4,118.47,120.36
2017-03-31,33.94,96.71,149.76,63.55,24.47,8.56,17.28,16.76,20.0,11.18,65.06,123.73,43.55,25.66,112.63,64.21,235.74,132.31,118.72,120.71
2017-04-03,33.88,96.46,149.16,63.55,24.34,8.55,17.26,16.7,19.85,11.11,64.92,123.19,43.27,25.65,112.56,64.2,235.33,132.23,119.35,121.67
2017-04-04,34.12,97.2,151.16,63.8,24.83,8.59,17.36,16.48,19.72,11.05,65.09,123.33,43.4,25.73,112.92,64.42,235.48,132.44,119.62,121.01
2017-04-05,34.02,96.69,147.6,63.55,24.43,8.5,17.21,16.29,19.9,11.05,64.88,122.94,43.06,25.88,113.57,64.75,234.78,131.9,119.62,121.38
2017-04-06,34.29,97.51,149.64,64.0,24.79,8.5,17.24,16.4,20.1,11.07,65.06,123.38,43.3,25.81,113.44,64.69,235.44,131.97,119.18,121.2
2017-04-07,34.16,97.14,148.88,63.9,24.59,8.5,17.2,16.5,20.0,11.04,65.13,123.59,43.63,25.7,112.89,64.36,235.2,131.9,119.46,120.71
2017-04-10,34.42,98.0,151.36,63.8,24.81,8.56,17.51,16.66,20.55,11.1,65.29,123.94,43.63,25.75,113.05,64.45,235.34,131.95,119.46,121.27
2017-04-11,34.42,97.96,151.56,63.65,24.72,8.55,17.5,16.64,20.8,11.09,65.38,124.2,43.8,25.74,113.07,64.48,235.06,131.38,121.19,122.42
2017-04-12,34.27,97.34,148.84,63.35,24.42,8.53,17.49,16.37,20.29,11.14,64.48,122.46,43.38,25.92,113.85,64.91,234.03,130.85,122.02,123.09
2017-04-13,33.65,95.52,145.32,63.1,23.92,8.46,17.31,16.29,20.05,11.1,64.02,121.45,43.14,25.84,113.37,64.64,232.51,130.33,122.6,123.47
2017-04-17,33.72,95.67,145.96,63.1,24.0,8.58,17.43,16.39,20.25,11.16,64.72,122.72,43.6,25.95,113.98,64.97,234.57,131.41,122.24,123.09
2017-04-18,33.41,94.78,143.76,63.15,23.74,8.5,17.39,16.44,20.25,11.09,64.51,122.53,43.54,26.01,114.16,65.08,233.87,131.21,122.82,124.7
2017-04-19,32.92,93.3,139.8,62.9,23.31,8.45,17.2,16.48,20.29,11.08,64.57,122.77,43.56,25.83,113.35,64.61,233.44,131.42,121.73,124.02
2017-04-20,33.08,93.62,139.96,63.05,23.45,8.47,17.12,16.61,20.3,11.16,65.35,124.23,43.89,25.74,112.87,64.31,235.34,132.52,121.96,123.54
2017-04-21,32.91,93.26,140.44,62.8,23.42,8.43,17.04,16.51,20.25,11.13,65.41,124.27,44.19,25.86,113.44,64.7,234.59,132.49,122.31,123.54
2017-04-24,33.1,93.73,141.52,63.15,23.46,8.53,17.26,16.85,20.7,11.29,66.34,125.96,44.84,26.0,113.99,65.0,237.17,134.09,121.48,122.93
2017-04-25,33.39,94.74,144.36,63.65,23.86,8.56,17.44,16.96,20.9,11.36,66.66,126.77,44.89,25.97,113.94,64.93,238.55,135.06,120.25,121.45
2017-04-26,33.27,94.4,143.48,63.45,23.79,8.52,17.54,16.91,21.05,11.35,66.67,126.67,44.89,25.89,113.69,64.78,238.4,134.87,120.84,122.12
2017-04-27,32.91,93.25,141.0,62.75,23.23,8.48,17.54,17.01,21.15,11.39,66.65,126.72,45.1,25.98,113.97,65.0,238.6,135.68,120.39,122.08
2017-04-28,32.93,93.33,139.8,63.0,23.04,8.48,17.5,16.81,20.8,11.37,66.34,126.03,44.82,25.85,113.38,64.63,238.08,135.92,120.77,122.35
2017-05-01,32.84,93.14,139.56,63.1,23.08,8.55,17.46,16.87,20.9,11.42,66.14,125.75,44.73,25.69,112.82,64.3,238.68,137.13,119.67,121.08
2017-05-02,32.68,92.54,138.68,62.9,22.93,8.65,17.67,16.84,20.75,11.45,66.46,126.27,44.8,25.73,112.91,64.33,238.77,137.36,119.65,121.7
2017-05-03,32.77,92.82,138.76,62.55,22.78,8.62,17.74,16.75,20.7,11.43,66.51,126.21,44.76,25.64,112.46,64.08,238.48,136.92,117.98,121.78
2017-05-04,32.17,90.81,134.04,61.2,22.12,8.59,17.53,16.66,20.2,11.4,66.58,126.25,44.95,25.73,112.79,64.28,238.76,136.97,116.79,121.18
2017-05-05,32.68,92.58,139.32,62.2,22.84,8.74,17.87,17.05,20.85,11.57,66.92,126.93,45.27,25.86,113.48,64.72,239.7,137.47,117.01,121.29
2017-05-08,32.91,93.19,141.16,62.2,22.96,8.59,17.84,17.12,20.9,11.53,66.74,126.5,45.19,25.85,113.39,64.68,239.66,137.77,116.75,120.63
2017-05-09,32.64,92.35,139.36,61.8,22.69,8.69,18.02,17.32,20.9,11.59,66.83,126.63,45.12,25.67,112.4,64.11,239.44,138.25,116.05,120.62
2017-05-10,33.07,93.71,142.56,61.45,23.18,8.7,18.2,17.43,20.9,11.62,66.69,126.31,45.04,25.7,112.72,64.29,239.87,138.33,116.04,120.48
2017-05-11,33.0,93.5,141.72,61.2,23.06,8.62,18.18,17.36,20.75,11.56,66.67,126.14,45.06,25.74,112.88,64.39,239.38,138.22,116.5,120.48
2017-05-12,32.89,93.18,141.16,61.2,23.04,8.67,18.14,17.19,20.59,11.56,66.3,125.25,44.83,25.86,113.41,64.69,238.98,138.53,116.83,121.39
2017-05-15,33.15,93.87,142.2,61.5,23.1,8.77,18.34,17.36,20.7,11.64,66.61,125.89,45.13,25.98,113.91,64.92,240.3,138.97,117.14,121.06
2017-05-16,32.98,93.46,140.84,61.35,22.86,8.73,18.2,17.32,20.65,11.63,66.54,125.78,45.13,25.78,112.95,64.39,240.08,139.55,117.65,121.51
2017-05-17,32.66,92.52,138.76,60.65,22.59,8.63,17.82,16.79,19.85,11.44,65.21,123.24,44.33,25.85,113.32,64.64,235.82,136.0,119.79,123.28
2017-05-18,32.65,92.42,138.76,60.6,22.45,8.46,17.76,16.94,20.1,11.46,65.3,123.33,44.32,25.94,113.64,64.84,236.77,137.19,118.81,123.42
2017-05-19,33.05,93.69,142.08,61.25,23.02,8.59,18.09,17.01,20.3,11.59,66.16,124.94,44.85,26.04,114.07,65.08,238.31,137.77,119.4,123.71
2017-05-22,32.98,93.44,140.96,61.45,22.85,8.58,18.18,17.24,20.5,11.66,66.67,125.81,45.26,26.26,115.11,65.65,239.52,138.93,119.9,123.37
2017-05-23,33.06,93.61,140.84,61.75,22.85,8.66,18.2,17.18,20.5,11.68,66.81,126.15,45.46,26.33,115.43,65.79,240.05,139.07,119.14,122.54
2017-05-24,32.88,93.12,139.0,61.55,22.55,8.68,18.47,17.38,20.7,11.72,66.89,126.15,45.74,26.49,116.18,66.21,240.61,139.71,119.61,123.23
2017-05-25,32.28,91.32,135.4,61.0,22.04,8.74,18.56,17.41,20.8,11.74,67.33,126.76,46.2,26.7,117.16,66.75,241.76,140.9,119.48,123.27
2017-05-26,32.34,91.31,135.72,60.95,22.11,8.73,18.4,17.4,20.75,11.7,67.41,126.88,46.16,26.7,117.07,66.75,241.71,141.15,120.54,123.48
2017-05-30,31.91,90.06,131.92,60.1,21.52,8.72,18.57,17.49,20.7,11.7,67.39,126.66,46.02,26.78,117.35,66.94,241.5,141.27,120.14,124.09
2017-05-31,31.77,89.55,130.28,60.0,21.26,8.69,18.51,17.45,20.7,11.69,67.52,126.88,46.27,26.92,117.92,67.28,241.44,141.22,120.62,124.4
2017-06-01,31.97,90.28,132.04,60.05,21.4,8.71,18.55,17.66,20.9,11.77,67.94,128.01,46.45,27.11,118.83,67.72,243.36,141.77,120.72,124.15
2017-06-02,31.6,89.1,129.28,59.7,20.89,8.71,18.55,17.73,21.0,11.82,68.21,128.67,46.64,27.14,119.08,67.89,244.17,143.38,121.61,125.62
2017-06-05,31.66,89.32,128.88,59.75,20.77,8.71,18.41,17.72,20.8,11.81,67.97,128.15,46.31,27.06,118.48,67.55,243.99,143.35,121.73,124.84
2017-06-06,32.03,90.44,132.16,59.95,21.15,8.7,18.62,17.85,20.95,11.83,67.51,127.29,45.91,27.0,118.25,67.4,243.21,142.78,123.1,125.52
2017-06-07,31.58,88.73,126.72,59.1,20.38,8.64,18.49,17.91,20.8,11.86,67.43,127.05,45.87,27.08,118.6,67.61,243.66,143.34,122.45,124.92
2017-06-08,31.49,88.45,125.72,58.65,20.24,8.66,18.82,18.34,21.35,11.94,67.65,127.72,46.2,26.86,117.82,67.1,243.78,143.49,121.65,124.59
2017-06-09,32.25,90.76,130.44,59.2,20.85,8.58,18.6,18.01,21.25,11.82,67.91,128.26,46.15,26.83,117.88,67.17,243.41,139.91,120.54,124.4
2017-06-12,32.47,91.3,131.28,59.2,20.98,8.58,18.49,17.9,21.1,11.73,68.16,128.76,45.99,26.78,117.67,66.98,243.36,139.16,120.36,124.36
2017-06-13,32.72,92.15,134.64,59.2,21.45,8.58,18.69,18.07,21.4,11.87,68.44,129.31,46.32,26.85,117.88,67.14,244.55,140.29,120.48,124.38
2017-06-14,32.12,90.12,128.8,57.95,20.76,8.58,18.49,17.92,21.25,11.77,68.37,129.02,46.42,27.0,118.54,67.55,244.24,139.68,119.82,126.3
2017-06-15,31.88,89.27,125.64,57.1,20.39,8.5,18.19,17.75,20.95,11.64,68.78,129.61,46.42,27.15,119.22,67.94,243.77,139.06,119.32,126.1
2017-06-16,32.19,90.71,126.6,57.9,20.44,8.55,18.34,17.73,20.9,11.66,68.68,129.9,46.06,27.06,119.78,68.23,242.64,138.08,119.34,126.35
2017-06-19,31.98,90.24,126.24,57.45,20.28,8.58,18.61,17.89,21.05,11.71,69.1,130.67,46.47,26.97,119.3,67.94,244.66,140.39,118.43,126.17
2017-06-20,31.58,89.03,124.76,55.85,20.01,8.31,18.64,17.72,20.85,11.65,68.36,129.21,46.13,26.98,119.29,67.97,243.01,139.29,118.18,127.3
2017-06-21,31.07,87.47,120.68,55.3,19.45,8.34,18.91,17.75,21.0,11.69,67.9,128.22,46.07,26.82,118.53,67.47,242.95,140.67,118.52,127.56
2017-06-22,31.05,87.45,120.84,56.0,19.2,8.45,19.39,18.04,21.3,11.82,67.76,128.01,45.9,26.69,118.03,67.24,242.84,140.63,118.92,127.84
2017-06-23,31.26,87.61,124.08,57.35,19.76,8.49,19.8,18.26,21.7,11.89,68.01,128.46,45.99,26.6,117.64,66.98,243.13,141.17,119.43,127.78
2017-06-26,31.19,87.54,124.4,58.45,19.97,8.56,19.89,18.27,21.65,11.94,68.03,128.57,45.89,26.78,118.5,67.51,243.29,140.51,118.36,128.26
2017-06-27,31.14,87.41,124.52,57.95,19.86,8.53,19.76,18.02,21.6,11.88,67.52,127.66,45.67,26.49,117.19,66.23,241.33,137.96,118.81,126.89
2017-06-28,31.31,88.0,125.24,58.85,20.04,8.64,19.92,18.25,21.85,11.95,68.13,128.38,46.11,26.23,115.3,65.67,243.49,139.95,118.9,126.47
2017-06-29,31.38,88.21,126.8,59.05,20.43,8.49,19.81,18.1,21.75,11.84,67.55,127.39,45.63,26.02,114.41,65.16,241.35,137.52,118.32,125.41
2017-06-30,31.52,88.5,127.68,59.8,20.47,8.56,19.89,18.09,21.7,11.92,68.11,128.41,45.91,25.98,114.26,65.02,241.8,137.57,118.02,125.12
2017-07-03,32.12,90.37,130.44,60.25,20.88,8.6,19.96,18.0,21.65,11.93,68.53,129.2,46.2,25.86,113.69,64.75,242.21,136.12,116.09,124.46
2017-07-05,31.47,88.37,126.0,59.5,20.24,8.52,19.56,17.85,21.35,11.85,68.73,129.46,46.59,25.74,113.28,64.47,242.77,137.46,116.52,124.49
2017-07-06,31.12,87.33,123.16,59.55,19.83,8.55,19.45,17.65,21.0,11.81,68.13,128.19,46.14,25.73,113.03,64.41,240.55,136.22,116.47,123.46
2017-07-07,31.08,87.13,122.64,59.65,19.66,8.57,19.76,17.84,21.3,11.81,68.66,129.15,46.69,25.75,113.31,64.5,242.11,137.69,115.28,122.72
2017-07-10,31.18,87.56,124.52,59.35,19.97,8.58,19.8,17.94,21.25,11.82,68.86,129.37,46.79,25.73,113.03,64.33,242.37,138.59,115.47,122.9
2017-07-11,31.35,88.02,125.64,59.45,20.19,8.55,19.93,18.02,21.35,11.84,68.8,129.35,46.94,25.71,112.94,64.34,242.19,138.98,115.62,123.11
2017-07-12,31.43,88.34,125.6,59.75,20.22,8.68,20.32,18.41,21.75,11.98,69.18,130.15,47.2,25.93,113.96,64.88,244.01,140.63,116.03,123.96
2017-07-13,31.56,88.82,126.56,59.75,20.45,8.66,20.18,18.4,21.75,11.94,69.13,130.08,47.13,25.84,113.49,64.62,244.42,140.94,115.82,123.18
2017-07-14,31.75,89.27,127.64,60.25,20.65,8.8,20.64,18.64,22.0,12.12,69.43,130.56,47.41,25.96,114.05,65.0,245.56,142.05,116.77,123.33
2017-07-17,31.71,89.23,127.56,60.35,20.71,8.79,20.63,18.58,22.05,12.08,69.39,130.58,47.38,26.08,114.52,65.2,245.53,142.12,117.29,123.67
2017-07-18,31.56,88.69,126.0,60.4,20.45,8.87,20.97,18.81,22.35,12.1,69.23,130.22,47.24,26.16,114.83,65.42,245.66,143.06,118.11,124.75
2017-07-19,32.02,90.17,130.64,60.5,21.07,8.99,21.48,19.12,22.7,12.23,69.3,130.6,47.62,26.26,115.37,65.7,246.99,143.9,118.08,124.8
2017-07-20,31.93,89.71,128.16,59.75,20.69,9.0,21.45,19.17,22.75,12.21,68.91,130.03,47.55,26.45,116.31,66.26,247.1,144.09,118.24,125.16
2017-07-21,31.61,88.89,126.6,59.5,20.56,8.99,21.32,19.07,22.75,12.19,68.78,129.66,47.75,26.65,117.24,66.78,246.88,144.03,119.26,125.69
2017-07-24,31.55,88.6,126.48,59.8,20.48,8.98,21.44,19.16,22.7,12.17,68.63,129.29,47.82,26.4,116.25,66.19,246.82,144.69,119.31,125.2
2017-07-25,31.95,89.91,130.52,59.95,21.06,8.99,21.32,19.12,22.8,12.21,68.54,129.32,47.89,26.25,115.78,65.91,247.42,144.32,118.92,123.57
2017-07-26,31.98,89.99,130.32,60.0,21.03,9.11,21.3,19.15,22.73,12.25,68.63,129.21,47.83,26.5,116.66,66.38,247.43,144.79,119.88,123.77
2017-07-27,32.31,90.84,131.64,59.85,21.36,8.9,21.21,18.96,22.5,12.16,68.24,128.62,47.67,26.56,116.99,66.56,247.2,143.88,119.79,123.16
2017-07-28,32.27,90.6,131.36,59.9,21.26,9.01,21.6,19.07,22.7,12.26,68.4,128.81,48.01,26.52,116.81,66.46,246.91,143.76,120.69,123.89
2017-07-31,32.34,90.78,130.08,60.0,21.03,9.03,21.64,18.96,22.7,12.27,68.31,128.65,47.82,26.61,117.29,66.69,246.77,143.15,120.75,124.04
2017-08-01,32.34,90.6,129.12,60.0,20.85,9.04,21.74,19.01,22.7,12.27,68.11,128.35,48.02,26.76,117.88,67.05,247.32,143.48,120.65,124.64
2017-08-02,32.22,90.23,126.64,60.15,20.43,9.01,21.4,18.74,22.2,12.22,68.41,128.73,48.2,26.88,118.21,67.27,247.44,143.87,120.4,124.71
2017-08-03,31.76,88.88,122.2,59.4,19.84,9.05,21.6,18.76,22.3,12.24,68.75,129.22,48.6,27.01,118.62,67.56,246.96,143.31,120.59,126.0
2017-08-04,31.87,89.42,125.08,59.1,20.18,9.1,21.83,18.78,22.12,12.25,68.88,129.62,48.66,26.89,118.3,67.41,247.41,143.57,119.65,124.93
2017-08-07,31.62,88.54,123.04,58.9,19.8,9.19,22.28,18.98,22.4,12.32,68.88,129.58,48.85,26.98,118.63,67.44,247.87,144.48,119.51,125.07
2017-08-08,31.55,88.3,122.84,56.95,19.73,9.15,21.98,18.86,22.07,12.33,68.67,129.26,48.8,27.08,119.09,67.81,247.26,144.23,119.86,124.62
2017-08-09,31.58,88.34,123.28,56.4,19.83,9.07,21.84,18.75,22.1,12.26,68.69,129.11,48.84,26.94,118.48,67.45,247.25,144.04,121.31,125.3
2017-08-10,31.25,87.33,121.48,55.75,19.58,8.95,21.24,18.25,21.6,12.02,67.82,127.31,48.51,27.03,118.78,67.65,243.76,140.96,122.21,126.37
2017-08-11,31.04,86.85,121.72,55.4,19.63,8.96,21.47,18.34,21.65,12.06,67.86,127.46,48.54,26.87,118.09,67.26,244.12,142.03,122.79,126.43
2017-08-14,30.95,86.49,120.4,55.4,19.39,9.04,21.72,18.67,21.9,12.15,68.57,128.84,49.04,27.02,118.86,67.66,246.54,143.85,121.92,125.78
2017-08-15,30.83,86.12,119.88,54.15,19.33,9.05,21.93,18.62,21.85,12.14,68.42,128.47,48.82,27.17,119.35,67.97,246.51,143.95,120.98,125.25
2017-08-16,30.54,85.26,118.2,53.8,19.13,9.12,21.74,18.57,21.7,12.16,68.61,128.64,48.97,27.28,119.86,68.28,246.94,144.2,121.87,125.71
2017-08-17,30.1,84.06,116.4,53.65,18.91,8.91,21.24,18.14,21.4,11.97,67.42,126.39,48.24,27.09,118.93,67.74,243.09,141.26,122.49,126.65
2017-08-18,30.26,84.61,117.84,53.5,19.07,9.03,21.63,18.12,21.35,12.06,67.15,125.93,48.1,27.25,119.64,68.16,242.71,141.16,122.3,126.62
2017-08-21,30.1,84.03,116.36,52.7,18.87,8.93,21.13,17.89,21.15,12.04,67.26,126.0,48.07,27.35,120.04,68.36,242.9,140.98,122.76,126.93
2017-08-22,30.3,84.71,117.36,53.5,19.04,8.95,21.26,18.11,21.27,12.12,68.03,127.38,48.58,27.41,120.38,68.58,245.44,143.12,122.21,126.44
2017-08-23,30.43,85.1,118.48,54.35,19.25,9.02,21.31,18.17,21.3,12.1,67.39,126.31,48.38,27.5,120.76,68.82,244.56,142.62,122.67,127.3
2017-08-24,30.45,85.09,118.76,54.35,19.28,9.02,21.5,18.32,21.5,12.14,67.18,125.94,48.41,27.48,120.76,68.79,243.99,142.2,122.29,126.83
2017-08-25,30.59,85.63,119.04,54.55,19.21,9.04,21.48,18.17,21.6,12.15,67.5,126.55,48.47,27.57,121.11,68.97,244.56,141.9,122.74,127.32
2017-08-28,30.45,85.13,118.32,54.3,19.01,9.07,21.44,18.2,21.6,12.15,67.46,126.61,48.39,27.62,121.25,69.08,244.57,142.34,124.69,127.24
2017-08-29,30.41,85.03,118.16,54.35,18.99,9.07,21.48,18.26,21.55,12.11,67.95,127.49,49.02,27.56,121.11,68.99,244.85,142.89,124.42,127.65
2017-08-30,30.43,85.09,118.48,54.75,19.0,9.11,21.5,18.59,21.85,12.06,68.23,128.01,49.28,27.48,120.59,68.72,246.01,144.57,124.36,127.61
2017-08-31,30.57,85.72,120.64,56.0,19.35,9.13,21.7,18.75,22.0,12.23,68.46,128.68,49.56,27.49,120.69,68.73,247.49,146.12,125.82,127.99
2017-09-01,30.87,86.56,122.44,56.25,19.75,9.16,21.92,18.84,22.1,12.23,68.52,129.03,49.45,27.4,120.47,68.59,247.84,145.92,126.06,126.75
2017-09-05,31.04,87.0,121.68,55.9,19.64,9.06,21.82,18.73,22.05,12.23,67.83,127.68,49.07,27.47,120.72,68.73,246.06,144.61,127.46,128.76
2017-09-06,31.54,88.44,123.72,56.1,19.93,9.14,21.87,18.72,22.05,12.29,67.9,127.82,48.82,27.34,120.18,68.38,246.9,145.05,126.81,127.97
2017-09-07,31.6,88.44,123.04,55.9,19.81,9.13,22.0,18.75,22.2,12.36,68.04,127.78,48.96,27.55,121.08,68.91,246.87,145.39,128.13,129.28
2017-09-08,31.26,87.43,119.56,55.55,19.21,9.1,21.84,18.62,22.1,12.36,68.27,128.4,48.94,27.68,121.58,69.25,246.58,144.13,127.97,129.0
2017-09-11,31.56,88.31,120.68,56.05,19.42,9.16,21.88,18.94,22.5,12.56,68.86,129.42,49.36,27.92,122.71,69.86,249.21,145.79,126.19,127.46
2017-09-12,31.76,88.94,123.32,56.05,19.79,9.2,21.84,19.0,22.59,12.72,69.19,130.23,49.45,27.45,120.67,68.67,250.05,146.14,126.56,126.79
2017-09-13,32.15,90.21,126.76,56.6,20.35,9.13,21.88,19.02,22.9,12.64,69.09,130.04,49.22,27.32,119.99,68.34,250.17,146.34,125.61,126.29
2017-09-14,32.31,90.69,127.4,56.8,20.58,9.27,22.45,19.1,23.0,12.73,69.42,130.49,49.35,27.55,121.11,68.89,250.09,145.48,126.16,126.81
2017-09-15,31.96,90.82,127.32,56.35,20.58,9.24,22.37,19.2,23.25,12.78,69.39,131.08,49.67,27.38,121.24,68.96,249.19,145.98,125.53,126.86
2017-09-18,32.1,91.32,128.44,56.55,20.69,9.17,22.27,19.38,23.65,12.8,69.78,131.92,50.18,27.09,120.15,68.34,249.72,145.47,124.36,126.13
2017-09-19,32.23,91.55,128.72,56.1,20.64,9.22,22.56,19.3,23.6,12.83,69.85,132.15,50.44,27.04,119.84,68.2,249.97,145.72,124.62,125.82
2017-09-20,32.45,92.37,131.44,56.0,20.96,9.18,22.33,19.16,23.5,12.8,70.36,133.07,50.69,26.84,118.94,67.66,250.06,145.27,123.62,125.91
2017-09-21,32.46,92.3,131.64,55.6,21.02,9.15,22.01,19.02,23.15,12.79,70.57,133.45,50.88,26.83,118.89,67.61,249.39,144.38,122.68,125.84
2017-09-22,32.62,92.71,132.16,55.55,21.13,9.17,22.19,19.09,23.3,12.76,70.75,133.87,51.02,26.61,118.05,67.17,249.44,144.24,123.24,126.2
2017-09-25,33.1,94.27,135.92,56.75,21.68,8.97,21.23,18.78,22.95,12.6,70.75,134.04,50.83,26.86,119.11,67.7,248.93,142.73,124.53,126.99
2017-09-26,33.08,94.15,136.48,56.7,21.71,8.96,21.16,18.78,23.0,12.56,70.75,134.06,50.98,26.81,118.9,67.19,249.08,143.09,123.14,126.76
2017-09-27,33.22,93.41,137.48,56.2,21.96,9.01,21.64,19.13,23.5,12.71,70.83,133.99,51.34,26.45,116.6,66.38,250.05,144.38,121.98,124.85
2017-09-28,33.25,93.55,136.8,56.0,21.73,8.97,21.49,19.16,23.5,12.72,70.79,133.94,51.13,26.55,116.97,66.63,250.35,144.33,122.21,124.48
2017-09-29,33.25,93.58,136.36,56.1,21.75,8.98,21.65,19.23,23.5,12.66,71.0,134.26,51.29,26.52,116.78,66.45,251.23,145.37,121.58,124.76
2017-10-02,33.24,93.51,137.16,56.45,21.89,9.03,21.67,19.35,23.53,12.81,71.49,135.27,51.89,26.57,117.16,66.64,252.32,145.5,120.77,124.28
2017-10-03,33.2,93.44,137.08,56.55,21.85,9.12,21.82,19.46,23.8,12.88,71.8,135.93,51.99,26.5,116.74,66.47,252.86,145.81,120.83,124.4
2017-10-04,33.18,93.35,136.28,56.65,21.77,9.1,21.88,19.58,23.8,12.89,71.78,135.82,52.07,26.76,117.87,67.08,253.16,145.95,121.17,124.41
2017-10-05,33.33,93.78,137.4,57.15,21.92,9.1,21.95,19.57,23.8,12.9,71.95,136.05,52.41,26.74,117.81,67.03,254.66,147.38,120.52,123.94
2017-10-06,33.05,92.8,134.32,57.0,21.53,9.1,21.93,19.61,24.0,12.89,71.94,136.04,52.46,26.72,117.71,66.95,254.37,147.58,121.09,123.59
2017-10-09,33.11,93.08,134.76,56.7,21.52,9.06,21.63,19.51,23.8,12.87,71.74,135.52,52.52,26.75,117.86,67.05,253.95,147.41,122.08,123.98
2017-10-10,33.14,93.15,134.56,56.75,21.48,9.15,21.96,19.63,24.03,12.94,71.85,135.74,52.52,27.01,118.99,67.7,254.62,147.52,122.4,124.18
2017-10-11,33.22,93.38,135.36,57.05,21.59,9.17,21.86,19.54,23.85,12.94,71.81,135.68,52.51,27.13,119.46,67.98,255.02,147.96,122.79,124.42
2017-10-12,33.1,92.95,134.36,56.5,21.48,9.2,22.14,19.67,23.98,13.0,72.19,136.3,52.76,27.26,120.1,68.33,254.64,147.69,122.89,124.95
2017-10-13,33.08,92.93,134.4,55.9,21.41,9.24,22.38,19.71,24.15,13.06,72.06,135.98,52.66,27.08,119.31,67.83,254.95,148.26,123.82,125.85
2017-10-16,33.15,93.14,134.52,55.55,21.39,9.15,22.54,19.73,23.95,13.03,72.14,136.21,52.6,27.01,119.05,67.71,255.29,148.77,122.97,125.76
2017-10-17,33.17,93.15,134.68,55.05,21.42,9.25,22.64,19.75,24.0,13.08,71.95,135.73,52.42,27.17,119.7,68.08,255.47,148.96,122.13,125.92
2017-10-18,32.94,92.39,133.4,54.2,21.24,9.24,22.67,19.93,24.05,13.19,71.98,135.98,52.43,27.13,119.6,68.03,255.72,148.78,121.67,125.09
2017-10-19,32.84,92.04,132.56,54.6,21.09,9.16,22.3,19.86,24.0,12.98,72.18,136.2,52.49,27.41,120.75,68.68,255.79,148.23,122.39,125.31
2017-10-20,32.9,92.25,133.2,54.0,21.14,9.14,22.52,19.94,24.25,13.03,72.96,137.71,53.0,27.43,120.85,68.77,257.11,148.63,121.61,123.98
2017-10-23,32.73,91.48,130.04,53.15,20.74,9.16,23.0,19.9,24.17,13.04,72.5,136.62,52.94,27.44,120.86,68.77,256.11,147.66,121.8,124.2
2017-10-24,32.79,91.7,130.12,52.9,20.7,9.13,22.91,19.97,24.38,12.94,72.91,137.4,52.95,27.47,120.82,68.78,256.56,147.91,121.33,123.43
2017-10-25,32.57,91.03,129.0,51.6,20.42,9.16,22.93,19.63,23.83,12.9,72.19,136.01,52.86,27.35,120.33,68.52,255.29,147.35,121.35,122.84
2017-10-26,32.63,91.32,129.68,52.45,20.57,9.16,23.14,19.7,23.92,12.91,72.29,136.47,52.55,27.35,120.49,68.58,255.62,146.88,120.33,122.43
2017-10-27,32.69,91.73,133.48,53.25,21.19,9.31,23.97,20.05,24.38,12.97,72.32,136.52,52.48,27.52,121.27,69.01,257.71,151.16,120.9,123.24
2017-10-30,32.86,92.21,135.0,53.7,21.3,9.31,24.13,20.2,24.48,12.99,71.82,135.29,52.41,27.53,121.24,68.97,256.75,151.5,121.13,124.42
2017-10-31,32.97,92.58,137.12,53.6,21.6,9.3,23.98,20.4,24.6,13.03,71.53,135.15,52.5,27.56,121.35,69.11,257.15,152.07,120.67,124.46
2017-11-01,33.34,93.77,141.2,54.5,22.13,9.3,24.09,20.23,24.53,13.04,71.49,134.99,52.39,27.41,120.73,68.64,257.49,152.02,121.11,124.75
2017-11-02,33.25,93.5,139.52,53.4,21.83,9.33,24.14,20.07,24.69,13.01,71.9,135.76,52.85,27.5,121.09,68.96,257.59,151.73,121.19,125.3
2017-11-03,33.34,93.84,141.4,53.85,22.06,9.25,24.34,20.38,24.81,13.03,71.83,135.63,52.73,27.6,121.48,69.12,258.45,153.19,120.62,125.64
2017-11-06,34.1,96.18,147.32,54.6,22.91,9.33,24.79,20.7,25.29,13.09,71.87,135.72,52.69,27.5,121.12,68.88,258.85,153.71,121.65,126.11
2017-11-07,34.06,95.99,146.6,55.0,22.76,9.16,24.47,20.56,25.12,13.01,71.98,135.66,52.8,27.83,122.46,69.66,258.67,153.8,121.21,126.64
2017-11-08,33.9,95.52,144.4,54.2,22.52,9.28,24.66,20.55,25.05,13.01,71.86,135.42,52.87,27.85,122.43,69.67,259.11,154.42,121.63,126.36
2017-11-09,34.0,95.83,146.4,53.15,22.81,9.12,24.35,20.4,24.89,12.9,70.96,133.89,52.09,27.89,122.53,69.75,258.17,153.61,122.13,126.0
2017-11-10,33.82,95.37,145.96,52.8,22.79,9.05,24.67,20.47,24.82,12.93,71.06,134.06,52.01,27.75,121.99,69.46,258.09,153.6,121.13,124.1
2017-11-13,33.62,94.65,143.52,51.65,22.33,9.07,24.86,20.5,24.69,12.88,70.82,133.4,51.92,28.08,123.34,70.23,258.33,153.79,121.31,124.36
2017-11-14,33.08,93.07,138.48,50.75,21.5,9.06,25.12,20.45,24.61,12.96,70.63,132.88,51.93,28.43,124.88,71.11,257.73,153.23,121.56,125.2
2017-11-15,32.71,91.98,136.72,51.2,21.33,8.98,24.44,20.24,24.15,12.84,70.23,132.16,51.59,28.19,123.77,70.47,256.44,152.51,121.41,126.56
2017-11-16,32.58,91.65,137.2,51.15,21.38,9.07,24.72,20.51,24.39,12.98,70.89,133.56,52.03,28.1,123.62,70.36,258.62,154.46,121.4,125.46
2017-11-17,32.74,92.26,140.0,51.35,21.7,8.97,24.55,20.51,24.6,12.92,70.5,133.01,51.66,27.91,122.86,69.94,257.86,153.87,122.86,126.39
2017-11-20,32.66,92.04,138.32,51.25,21.47,8.97,25.02,20.61,24.81,12.97,70.82,133.74,52.13,27.82,122.51,69.72,258.3,153.75,121.31,126.34
2017-11-21,32.73,92.2,138.8,50.55,21.44,8.97,24.97,20.78,24.92,12.79,71.33,134.77,52.59,27.9,122.82,69.84,259.99,155.42,121.51,126.74
2017-11-22,32.86,92.79,141.16,50.95,21.69,9.01,25.03,20.69,24.96,13.11,71.41,134.89,52.37,27.9,122.74,69.87,259.76,155.61,122.63,127.15
2017-11-24,32.95,93.0,141.28,50.8,21.69,9.03,25.4,20.78,25.14,13.09,71.41,134.89,52.5,27.94,122.91,69.97,260.36,156.18,122.32,126.8
2017-11-27,32.62,91.85,137.68,50.05,21.29,8.92,24.95,20.63,24.99,12.96,71.53,135.11,52.63,28.06,123.53,70.31,260.23,156.11,122.83,126.62
2017-11-28,32.87,92.56,138.76,49.9,21.39,9.04,25.11,20.81,25.36,13.11,72.62,137.14,53.18,28.19,124.12,70.61,262.87,156.51,122.81,126.79
2017-11-29,33.05,93.01,139.44,49.5,21.44,8.94,24.46,20.17,24.73,12.92,73.26,138.25,53.13,28.2,124.2,70.65,262.71,153.78,122.04,125.54
2017-11-30,33.55,94.49,142.88,51.85,21.92,8.91,24.57,20.36,24.92,12.91,74.51,140.36,53.82,28.3,124.86,71.01,265.01,155.07,121.1,125.12
2017-12-01,33.83,95.49,145.72,52.6,22.3,8.84,24.21,20.11,24.77,12.87,73.59,138.85,53.08,28.2,124.34,70.71,264.46,154.41,121.59,126.55
2017-12-04,33.81,95.35,143.84,52.35,21.98,8.66,23.33,19.61,24.11,12.76,74.21,139.91,53.1,28.05,123.66,70.38,264.14,152.63,121.18,126.61
2017-12-05,33.67,94.92,142.56,52.0,21.79,8.7,23.49,19.66,24.32,12.47,73.58,138.64,52.81,27.69,122.09,69.48,263.19,152.73,120.32,127.24
2017-12-06,33.23,93.42,138.2,51.0,21.14,8.7,23.47,19.66,24.3,12.5,73.69,138.66,52.88,27.8,122.58,69.75,263.24,153.42,120.07,127.68
2017-12-07,33.33,93.8,139.2,52.0,21.2,8.79,23.85,19.97,24.71,12.59,74.37,139.84,53.22,27.84,122.77,69.88,264.07,153.94,118.49,126.68
2017-12-08,33.63,94.66,141.2,52.0,21.48,8.93,24.35,20.06,24.79,12.67,74.69,140.37,53.41,27.93,123.19,70.08,265.51,154.62,118.48,126.69
2017-12-11,33.88,95.46,142.92,53.2,21.8,8.92,24.49,20.15,25.06,12.78,74.54,139.93,53.16,28.1,123.79,70.47,266.31,155.82,118.01,126.43
2017-12-12,33.78,95.07,140.72,53.65,21.62,8.91,24.2,20.17,24.97,12.81,74.62,140.1,53.21,27.63,121.6,69.22,266.78,155.61,118.15,126.38
2017-12-13,33.74,94.96,139.32,54.05,21.46,8.97,24.43,20.16,24.85,12.85,74.91,140.63,53.52,27.7,121.95,69.39,266.75,155.91,119.17,127.33
2017-12-14,33.61,93.94,137.92,54.35,21.28,9.0,24.48,20.18,24.96,12.91,74.4,139.07,53.32,27.67,120.71,69.23,265.66,155.8,118.93,127.87
2017-12-15,33.36,93.81,136.32,53.8,20.92,9.05,24.53,20.48,25.23,12.91,74.52,140.18,54.06,27.51,121.2,69.54,266.51,157.57,119.18,128.35
2017-12-18,33.62,94.71,139.0,54.25,21.33,9.13,24.89,20.83,25.47,12.84,75.05,141.43,54.15,27.2,120.04,68.76,268.2,158.56,119.73,127.18
2017-12-19,33.67,94.74,139.24,53.75,21.32,9.05,24.71,20.59,25.31,12.82,75.07,141.15,53.92,26.71,117.96,67.31,267.17,157.62,119.82,125.53
2017-12-20,34.14,96.19,142.72,53.7,21.75,9.11,24.81,20.6,25.21,12.8,75.32,141.77,54.0,26.5,117.13,66.83,267.03,157.45,120.14,124.14
2017-12-21,34.87,98.23,146.64,53.55,22.29,9.13,25.2,20.59,25.4,12.91,75.38,142.01,53.92,26.18,115.84,66.07,267.58,157.47,120.31,124.6
2017-12-22,34.94,98.56,147.28,54.2,22.4,9.14,25.29,20.45,25.41,12.92,75.4,141.95,53.93,26.23,116.01,66.17,267.51,157.29,120.94,124.77
2017-12-26,35.25,99.57,150.56,54.3,22.88,9.14,24.69,20.34,25.19,12.93,75.48,142.16,53.83,26.07,115.41,65.78,267.19,156.44,121.77,125.14
2017-12-27,35.13,99.18,149.36,53.95,22.74,9.22,25.05,20.45,25.46,13.01,75.66,142.51,53.98,26.18,115.9,66.06,267.32,156.46,122.23,126.77
2017-12-28,35.18,99.31,150.48,54.2,23.0,9.28,25.23,20.46,25.5,13.05,75.81,142.81,54.13,26.33,116.58,66.41,267.87,156.65,122.85,126.66
2017-12-29,35.08,98.95,148.72,53.95,22.78,9.32,25.13,20.3,25.36,13.14,75.67,142.37,53.9,26.34,116.59,66.44,266.86,155.68,123.65,126.86
2018-01-02,35.66,100.73,152.88,55.3,23.4,9.46,25.69,20.73,25.82,13.27,76.12,143.38,53.95,26.09,115.59,65.92,268.77,158.41,125.15,125.49
2018-01-03,36.19,102.26,154.4,56.65,23.66,9.44,25.99,20.82,25.8,13.32,76.53,143.85,54.08,25.89,114.66,65.39,270.47,159.95,124.82,126.09
2018-01-04,36.41,102.81,155.16,57.15,23.81,9.37,25.79,20.85,25.69,13.37,77.09,144.93,54.4,25.67,113.76,64.83,271.61,160.23,125.46,126.07
2018-01-05,36.4,102.78,154.16,56.75,23.57,9.4,25.91,20.98,25.64,13.42,77.62,145.74,54.82,25.67,113.74,64.83,273.42,161.83,125.33,125.71
2018-01-08,36.61,103.36,155.08,56.9,23.74,9.54,25.93,21.34,25.71,13.45,77.94,146.38,55.15,25.91,114.76,65.36,273.92,162.46,125.31,125.63
2018-01-09,36.52,103.13,154.84,57.05,23.81,9.52,25.92,20.9,25.5,13.38,78.44,146.98,55.43,25.65,113.61,64.77,274.54,162.47,124.73,123.95
2018-01-10,36.48,102.97,153.92,57.35,23.67,9.5,25.93,20.73,25.49,13.3,78.43,146.86,55.38,25.37,112.17,63.95,274.12,162.09,125.03,123.8
2018-01-11,37.23,105.11,157.6,58.15,24.24,9.69,26.57,21.26,26.21,13.52,79.43,148.89,55.8,25.27,111.87,63.76,276.12,163.2,125.44,124.31
2018-01-12,37.59,105.99,158.88,58.8,24.36,9.66,26.6,21.23,26.12,13.59,80.17,150.12,56.47,25.13,111.23,63.41,277.92,164.4,126.96,124.52
2018-01-16,37.11,104.69,156.0,58.4,23.99,9.62,25.93,21.1,25.6,13.56,79.45,148.67,55.96,25.08,110.96,63.27,276.97,163.93,127.17,125.04
2018-01-17,37.44,105.49,157.32,58.05,24.08,9.68,25.98,21.41,25.83,13.66,79.89,149.48,56.54,25.23,111.71,63.7,279.61,165.7,126.14,124.87
2018-01-18,37.13,104.61,155.52,57.7,23.76,9.61,25.98,21.38,25.65,13.63,79.46,148.71,56.26,25.07,110.99,63.27,279.14,165.73,125.86,123.71
2018-01-19,37.08,104.5,154.88,57.95,23.66,9.63,25.97,21.55,25.71,13.67,79.69,149.39,56.55,25.0,110.81,63.14,280.41,166.25,126.42,123.06
2018-01-22,37.88,106.7,158.76,59.0,24.3,9.63,25.75,21.52,25.67,13.74,79.69,149.35,56.31,25.03,110.99,63.2,282.69,168.03,126.65,123.18
2018-01-23,37.82,106.66,159.4,59.0,24.49,9.6,25.57,21.46,25.47,13.69,79.73,149.55,56.22,25.27,111.99,63.77,283.29,169.42,127.28,123.71
2018-01-24,37.72,106.28,158.88,58.8,24.43,9.56,25.2,21.23,25.29,13.65,79.66,149.25,56.53,25.11,111.51,63.47,283.18,168.32,128.83,123.04
2018-01-25,37.43,105.35,155.64,58.85,24.06,9.59,25.4,20.96,25.25,13.62,79.74,149.3,57.31,25.5,113.02,64.41,283.3,168.26,127.97,124.05
2018-01-26,37.63,105.96,156.24,59.15,24.09,9.59,25.51,21.25,25.29,13.65,80.66,150.77,58.03,25.52,113.04,64.41,286.58,170.84,128.07,123.59
2018-01-29,37.06,104.3,153.2,57.75,23.62,9.56,25.58,21.07,25.38,13.6,80.12,149.87,58.09,25.19,111.63,63.6,284.68,170.01,127.35,122.73
2018-01-30,36.31,102.04,147.88,57.3,22.91,9.56,25.19,20.82,25.02,13.56,79.49,148.62,57.74,25.24,111.79,63.68,281.76,168.61,126.8,122.01
2018-01-31,36.34,102.07,147.64,57.0,22.76,9.57,25.06,20.75,24.84,13.55,79.73,148.91,57.98,25.52,112.94,64.33,281.9,169.31,127.65,122.73
2018-02-01,36.71,103.27,148.36,57.4,22.87,9.52,24.74,20.61,24.69,13.52,79.59,148.88,58.38,25.12,111.25,63.3,281.58,167.87,128.07,120.7
2018-02-02,35.18,98.83,142.04,55.85,21.89,9.31,24.05,20.15,24.19,13.15,77.99,145.65,57.27,24.94,110.35,62.8,275.45,164.52,126.39,119.58
2018-02-05,33.7,94.77,137.48,55.05,21.16,9.02,23.19,19.28,23.31,12.73,74.45,139.0,54.55,24.53,108.28,61.73,263.93,158.04,126.71,120.71
2018-02-06,33.97,95.72,139.28,56.15,21.52,9.1,23.43,19.45,23.55,12.86,75.81,141.4,55.09,24.17,106.83,60.9,269.13,162.22,125.38,119.96
2018-02-07,33.4,93.97,134.84,55.7,20.93,9.05,23.19,19.34,23.52,12.8,75.95,141.76,55.99,24.05,106.49,60.67,267.67,160.13,124.79,118.82
2018-02-08,32.39,90.93,129.52,52.7,20.09,8.81,22.5,18.71,22.84,12.45,73.02,136.39,54.32,23.78,105.16,59.97,257.63,153.37,124.98,118.69
2018-02-09,32.37,90.8,129.56,52.45,19.97,8.85,22.4,18.87,23.0,12.55,73.81,137.72,54.91,24.28,107.54,61.27,261.5,156.02,124.77,117.94
2018-02-12,32.9,92.44,132.92,53.5,20.49,9.01,23.02,19.17,23.37,12.72,75.0,139.8,55.8,24.47,108.31,61.67,265.34,158.79,125.37,118.46
2018-02-13,32.76,92.03,131.12,54.25,20.23,9.13,23.52,19.33,23.81,12.82,75.17,140.12,55.99,24.58,108.65,61.87,266.0,159.61,126.08,118.99
2018-02-14,33.24,93.54,136.08,54.2,20.8,9.25,23.97,19.73,24.29,12.61,76.12,141.98,56.77,24.3,107.49,61.24,269.59,162.59,128.23,117.67
2018-02-15,33.15,93.38,136.36,53.65,20.81,9.45,24.62,20.11,24.76,13.19,77.27,143.89,58.0,24.84,109.82,62.53,273.03,165.61,128.38,118.07
2018-02-16,33.07,93.16,135.68,53.05,20.7,9.49,24.84,20.09,24.87,13.24,77.29,144.05,58.06,25.06,110.74,63.09,273.11,164.87,127.96,118.71
2018-02-20,32.89,92.62,135.28,53.05,20.78,9.45,24.91,20.21,24.96,13.36,76.51,142.61,57.72,24.74,109.33,62.29,271.4,165.2,126.24,118.19
2018-02-21,32.34,91.13,132.04,52.1,20.17,9.5,25.05,20.28,25.1,13.25,76.53,142.75,57.71,24.41,107.88,61.51,270.05,164.73,125.66,116.74
2018-02-22,32.69,92.12,134.92,51.5,20.26,9.52,24.9,20.07,25.04,13.22,77.04,143.46,57.79,24.53,108.39,61.78,270.4,164.71,126.3,117.09
2018-02-23,33.4,94.19,138.56,51.85,20.83,9.46,24.91,19.9,25.0,13.29,77.68,144.66,58.04,25.17,111.19,63.39,274.71,168.08,126.14,118.13
2018-02-26,33.6,94.76,139.16,52.0,21.0,9.58,25.07,20.27,25.21,13.28,78.75,146.36,58.64,25.1,110.82,63.15,277.9,170.31,126.45,118.17
2018-02-27,33.16,93.45,135.88,51.65,20.6,9.44,24.63,20.08,24.82,13.11,77.76,144.57,58.16,24.7,109.02,62.13,274.43,168.2,125.13,118.0
2018-02-28,32.4,91.11,132.24,50.5,20.13,9.36,24.27,19.85,24.42,13.04,76.65,142.38,57.78,24.53,108.3,61.73,271.65,167.12,125.0,118.75
2018-03-01,32.35,91.15,133.6,50.85,20.34,9.3,24.34,19.6,24.1,12.91,75.15,140.09,56.59,24.53,108.3,61.77,267.7,164.39,124.72,119.32
2018-03-02,32.5,91.66,136.56,50.75,20.69,9.36,24.31,19.81,24.2,13.14,75.13,140.12,56.94,24.47,107.97,61.55,269.08,165.9,125.39,118.35
2018-03-05,32.85,92.82,139.04,51.05,21.05,9.39,24.65,19.94,24.36,12.99,76.03,141.74,57.34,24.97,110.02,62.76,272.19,167.74,125.18,118.03
2018-03-06,32.87,92.76,137.76,50.75,20.81,9.46,24.89,20.25,24.84,13.09,76.37,142.58,57.35,24.64,108.69,61.98,272.88,168.45,126.53,118.14
2018-03-07,32.62,92.01,136.36,50.45,20.62,9.48,24.75,20.26,24.83,12.99,76.36,142.61,57.56,24.45,108.06,61.6,272.78,168.84,125.72,118.01
2018-03-08,32.61,91.87,136.12,50.1,20.56,9.47,24.88,20.32,24.91,13.11,76.76,143.36,57.72,24.63,108.81,62.01,274.1,169.77,125.42,118.69
2018-03-09,33.23,93.62,139.08,51.05,20.93,9.54,25.25,20.58,25.31,13.29,78.45,146.44,58.56,24.7,109.09,62.23,278.87,173.07,125.54,117.91
2018-03-12,33.22,93.67,139.24,52.2,21.08,9.59,25.41,20.8,25.61,13.33,77.48,145.06,57.71,24.81,109.65,62.52,278.52,173.99,125.54,118.59
2018-03-13,32.98,93.02,138.64,52.15,21.03,9.57,25.19,20.6,25.54,13.25,77.1,144.45,57.58,24.86,109.9,62.65,276.72,171.62,125.78,119.19
2018-03-14,32.79,92.49,138.12,51.3,20.89,9.59,25.28,20.41,25.39,13.34,76.26,142.9,57.1,25.11,110.86,63.24,275.3,171.59,125.7,120.24
2018-03-15,32.62,91.98,136.24,48.7,20.41,9.6,25.16,20.33,25.32,13.31,76.48,143.1,57.1,25.1,110.88,63.17,275.0,171.44,124.9,120.24
2018-03-16,32.68,92.27,137.68,49.45,20.67,9.53,25.22,20.52,25.5,13.24,76.58,143.34,57.01,25.13,111.08,63.8,274.2,170.93,124.6,119.81
2018-03-19,32.17,90.71,134.24,47.6,20.1,9.58,25.26,20.29,25.23,13.23,75.99,142.38,57.06,24.97,110.44,63.42,270.49,167.01,124.87,119.43
2018-03-20,32.44,91.47,136.28,47.25,20.2,9.66,25.62,20.43,25.55,13.36,76.25,142.79,57.42,24.85,109.93,63.1,270.95,167.56,124.31,118.95
2018-03-21,33.29,94.08,141.96,48.15,21.07,9.69,25.83,20.59,25.9,13.29,76.34,143.11,57.52,24.77,109.63,62.87,270.43,166.83,126.48,119.08
2018-03-22,32.61,92.1,138.96,46.9,20.62,9.52,24.88,20.03,25.39,13.02,73.82,138.5,55.96,24.88,110.04,62.62,263.67,162.71,125.98,120.26
2018-03-23,32.42,91.5,138.8,46.55,20.5,9.39,24.64,19.76,24.94,12.85,72.74,136.36,56.01,24.53,108.46,61.78,258.05,158.43,127.61,120.17
2018-03-26,33.0,93.07,141.4,46.7,20.8,9.72,25.67,20.1,25.33,13.15,74.5,139.54,57.33,24.78,109.61,62.42,265.11,164.31,128.28,119.71
2018-03-27,32.69,92.05,137.96,46.2,20.24,9.57,25.02,19.63,24.74,12.94,73.47,137.48,56.46,25.14,111.16,63.3,260.6,159.0,127.49,120.99
2018-03-28,32.05,90.38,137.04,46.25,19.99,9.48,24.27,19.13,24.44,12.75,73.22,137.06,55.95,25.13,111.26,63.38,259.83,157.17,125.73,121.31
2018-03-29,32.73,92.37,140.88,46.85,20.5,9.52,24.56,19.52,25.0,12.88,74.29,139.11,56.78,25.26,111.81,63.73,263.15,160.05,125.79,121.9
2018-04-02,32.07,90.39,136.12,46.5,19.74,9.38,24.36,18.98,24.36,12.52,72.76,136.1,55.97,25.07,110.84,63.12,257.47,155.43,127.26,121.88
2018-04-03,32.76,92.31,138.44,46.85,20.09,9.6,24.41,19.26,24.56,12.69,73.77,138.2,56.61,25.16,111.37,63.41,260.77,157.18,126.3,120.94
2018-04-04,32.71,92.25,138.52,46.75,20.05,9.69,24.34,19.53,25.03,12.66,74.09,138.91,56.98,25.21,111.55,63.53,263.56,159.66,126.45,120.69
2018-04-05,33.3,94.05,142.48,47.45,20.56,9.76,24.97,19.83,25.45,12.89,74.84,140.31,57.7,25.41,112.45,64.06,265.64,160.57,125.8,119.79
2018-04-06,32.7,92.13,138.64,46.75,19.99,9.62,24.38,19.4,24.97,12.71,72.77,136.48,56.32,25.21,111.56,63.55,259.72,156.55,126.39,121.1
2018-04-09,32.85,92.49,138.84,46.85,20.0,9.75,24.61,19.35,24.9,12.88,72.55,136.11,56.25,25.26,111.74,63.66,261.0,157.65,126.82,121.3
2018-04-10,33.94,95.73,144.68,48.1,20.83,9.81,25.06,19.75,25.31,13.12,73.66,138.21,56.9,25.07,111.11,63.24,265.15,161.13,127.12,121.08
2018-04-11,34.29,96.82,147.32,48.8,21.2,9.78,24.97,19.71,25.28,13.3,73.12,137.29,56.82,25.03,110.92,63.17,263.76,160.2,128.11,121.51
2018-04-12,34.29,96.83,147.04,48.45,21.07,9.83,24.93,19.82,25.28,13.03,74.17,139.05,57.41,24.7,109.62,62.38,265.93,162.12,126.62,120.62
2018-04-13,34.67,98.0,149.52,48.45,21.31,9.74,24.69,19.78,25.03,12.96,73.99,138.69,57.28,24.9,110.34,62.88,265.15,161.29,127.45,120.9
2018-04-16,35.02,98.91,150.6,50.5,21.48,9.68,24.53,19.75,25.12,13.06,74.73,140.33,57.84,25.24,111.89,63.7,267.33,162.51,127.63,120.94
2018-04-17,35.16,99.38,151.56,51.25,21.6,9.75,24.79,20.04,25.44,13.21,75.36,141.44,58.4,25.49,113.01,64.33,270.19,166.01,127.75,121.27
2018-04-18,35.71,101.08,156.24,51.0,22.16,9.84,25.34,20.28,25.9,12.99,76.14,142.74,58.9,25.4,112.61,64.05,270.39,166.35,127.85,120.3
2018-04-19,35.76,101.17,155.92,50.15,22.03,9.83,25.29,19.96,25.65,13.21,75.93,142.25,58.94,25.38,112.47,63.99,268.89,164.82,127.6,119.32
2018-04-20,35.59,100.7,155.44,50.1,21.85,9.79,25.3,19.8,25.51,12.95,75.6,141.64,58.7,25.15,111.59,63.5,266.61,162.21,126.63,118.46
2018-04-23,35.8,101.31,156.48,51.25,22.1,9.71,25.14,19.64,25.27,13.01,75.51,141.39,58.78,25.17,111.87,63.65,266.57,161.81,125.62,118.49
2018-04-24,35.42,100.2,154.56,50.25,21.78,9.64,24.88,19.46,25.03,12.94,73.4,137.72,57.45,25.33,112.66,64.06,262.98,158.38,126.23,117.95
2018-04-25,35.7,101.12,156.48,50.65,21.99,9.61,24.67,19.38,24.79,13.15,73.61,137.99,56.92,25.34,112.63,64.08,263.63,158.57,125.41,117.16
2018-04-26,36.22,102.59,158.6,50.45,22.25,9.73,24.89,19.54,25.0,12.93,73.34,137.37,56.91,25.59,113.89,64.76,266.31,161.9,124.97,117.98
2018-04-27,35.84,101.34,155.72,50.45,22.02,9.9,25.11,19.52,25.08,12.89,73.19,137.26,56.18,25.85,114.97,65.4,266.56,162.0,125.5,118.89
2018-04-30,35.83,101.32,157.52,50.5,22.14,9.85,24.62,19.16,24.63,12.87,72.22,135.38,55.6,25.78,114.57,65.21,264.51,160.86,124.59,119.1
2018-05-01,35.61,100.72,156.8,50.85,22.09,9.86,24.35,19.11,24.59,12.78,71.89,134.85,54.7,25.7,114.34,65.03,264.98,162.69,123.71,118.41
2018-05-02,35.76,101.27,158.24,50.25,22.06,9.81,24.49,19.34,24.83,12.79,71.26,133.93,54.28,25.67,114.19,64.98,263.2,161.74,123.65,118.28
2018-05-03,35.68,100.92,155.56,49.7,21.48,9.79,24.35,19.18,24.84,12.84,71.43,134.18,54.27,25.64,114.38,64.98,262.62,161.72,124.28,118.81
2018-05-04,35.85,101.59,158.44,50.25,21.86,9.81,24.25,19.51,25.17,12.82,72.26,135.78,54.77,25.75,114.86,65.36,266.02,164.78,124.54,118.99
2018-05-07,35.9,101.82,159.4,50.6,22.0,9.86,24.64,19.76,25.5,13.18,72.74,136.81,55.38,25.62,114.34,64.98,266.92,166.15,124.57,118.8
2018-05-08,36.18,102.82,162.68,51.0,22.35,9.74,24.6,19.75,25.51,12.78,73.26,137.76,56.09,24.98,111.66,63.47,266.92,165.98,124.59,118.69
2018-05-09,36.92,104.81,165.56,51.3,22.7,9.83,25.0,19.94,25.79,12.86,74.05,139.13,56.62,24.81,111.0,63.05,269.5,167.79,124.33,117.98
2018-05-10,37.2,105.58,166.32,50.35,22.75,10.01,26.15,20.24,26.45,13.17,74.55,139.97,56.82,25.16,112.44,63.88,272.02,169.53,125.18,118.93
2018-05-11,37.25,105.58,165.08,50.3,22.53,9.93,25.9,20.14,26.23,13.07,74.71,140.31,56.86,25.19,112.62,64.02,272.85,169.37,125.0,119.23
2018-05-14,37.51,106.35,167.16,51.5,22.8,9.98,26.38,20.25,26.57,13.18,74.58,139.98,56.5,25.09,112.19,63.77,272.98,169.66,124.49,118.6
2018-05-15,37.52,106.36,167.8,51.05,22.91,9.95,26.29,20.23,26.55,12.93,74.33,139.5,56.3,24.89,111.25,63.27,271.1,167.78,122.48,117.25
2018-05-16,37.65,106.88,168.92,51.65,23.09,9.98,26.81,20.32,26.9,12.96,74.6,140.12,56.36,24.69,110.46,62.79,272.24,168.89,122.29,116.8
2018-05-17,38.22,108.59,174.08,52.1,23.55,9.95,26.73,20.35,26.76,13.1,74.89,140.73,56.6,24.49,109.57,62.27,272.01,168.24,122.36,116.21
2018-05-18,37.92,107.84,172.64,51.95,23.31,9.87,26.55,20.19,26.59,12.99,75.33,141.57,56.93,24.5,109.63,62.27,271.33,167.37,122.41,117.21
2018-05-21,38.31,108.92,176.88,52.25,23.73,9.99,26.93,20.41,26.92,13.08,76.47,143.54,57.65,24.62,110.19,62.6,273.37,168.31,122.48,117.27
2018-05-22,37.8,107.39,172.32,52.25,23.29,10.02,26.72,20.27,26.71,12.99,75.53,141.69,56.96,24.71,110.64,62.86,272.61,168.09,122.41,117.09
2018-05-23,37.79,107.26,171.36,51.95,23.16,9.98,26.33,20.12,26.44,12.91,75.46,141.47,57.33,24.93,111.65,63.48,273.36,169.51,122.54,117.94
2018-05-24,37.17,105.53,168.84,50.9,22.79,9.86,26.04,20.06,26.24,13.07,75.83,142.2,57.65,25.14,112.49,63.94,272.8,169.46,123.59,118.88
2018-05-25,36.21,102.77,163.52,50.6,22.23,9.74,25.91,20.16,26.19,12.88,75.69,142.01,57.37,25.25,112.97,64.2,272.15,169.63,123.21,119.62
2018-05-29,36.1,102.53,164.24,50.65,22.23,9.59,25.57,20.24,26.38,12.81,74.48,140.02,56.77,25.25,113.15,64.29,269.02,168.88,123.19,122.24
2018-05-30,37.19,105.84,170.32,51.55,22.99,9.75,25.86,20.38,26.51,12.82,75.53,141.89,57.52,25.45,114.09,64.83,272.61,170.09,123.37,121.42
2018-05-31,36.91,104.96,169.0,51.75,22.8,9.71,25.48,20.15,26.25,12.94,74.44,139.88,56.85,25.5,114.21,64.84,270.94,169.98,123.1,121.22
2018-06-01,37.08,105.39,168.6,52.0,22.74,9.66,25.17,20.15,26.08,12.86,75.26,141.41,57.4,25.1,112.52,63.88,273.6,172.65,122.49,120.3
2018-06-04,36.76,104.31,164.68,52.55,22.08,9.44,24.03,20.13,25.59,12.74,75.15,141.39,57.63,24.91,111.73,63.45,274.9,174.21,122.37,119.43
2018-06-05,36.67,104.07,164.28,52.7,22.11,9.3,23.51,20.08,25.62,12.7,75.24,141.9,57.64,24.77,110.94,63.01,275.1,174.75,122.85,119.71
2018-06-06,36.85,104.44,164.68,52.35,22.22,9.29,23.29,20.2,25.52,12.64,75.87,143.07,58.05,24.18,108.69,61.72,277.4,175.77,122.92,118.74
2018-06-07,37.41,106.19,168.84,52.7,22.69,9.2,23.23,20.07,25.36,12.72,76.19,143.43,58.03,24.35,109.18,62.03,277.37,174.34,122.86,119.89
2018-06-08,37.33,105.86,168.16,52.35,22.57,9.27,23.19,19.97,25.17,12.55,76.44,144.02,58.32,24.34,109.2,62.0,278.19,174.35,123.01,119.53
2018-06-11,37.53,106.28,169.36,53.15,22.85,9.21,23.17,20.06,25.16,12.77,76.59,144.31,58.28,24.3,108.7,61.73,278.56,174.82,123.23,119.31
2018-06-12,37.24,105.55,168.72,53.3,22.95,9.21,23.3,20.22,25.49,12.85,76.51,144.24,57.79,24.58,110.07,62.49,278.92,175.74,122.82,119.34
2018-06-13,37.1,105.18,168.64,52.55,22.95,9.21,23.84,20.27,25.67,12.66,75.9,143.03,57.46,24.51,109.74,62.32,278.03,175.73,123.19,119.28
2018-06-14,37.05,104.85,166.8,52.3,22.67,9.19,23.99,20.43,25.68,12.57,75.61,142.7,57.07,24.82,111.01,63.05,278.73,177.51,123.38,120.27
2018-06-15,36.01,102.58,161.68,50.95,22.06,9.16,23.25,20.15,25.18,12.63,75.12,142.48,56.82,24.77,111.78,63.52,277.13,176.89,121.34,120.38
2018-06-18,36.37,103.79,165.16,51.65,22.5,9.11,23.38,20.33,25.21,12.47,74.81,142.17,56.67,24.85,112.28,63.77,276.56,176.41,121.11,120.27
2018-06-19,36.28,103.62,166.6,51.4,22.68,8.94,23.38,20.01,25.09,12.1,73.23,139.55,55.48,25.09,113.48,64.42,275.5,175.91,120.8,120.97
2018-06-20,36.44,104.27,169.44,51.75,23.08,8.94,23.51,20.16,25.35,12.19,73.28,139.76,55.58,25.11,113.47,64.44,275.97,177.16,120.26,119.91
2018-06-21,35.77,102.13,165.04,51.35,22.58,8.88,23.48,19.88,25.15,12.05,72.36,138.08,55.08,25.2,113.84,64.7,274.24,175.62,120.05,120.54
2018-06-22,36.48,104.54,170.36,51.85,23.04,8.95,23.7,19.91,25.26,12.41,72.61,138.44,55.2,25.38,114.62,65.06,274.74,175.23,120.34,120.53
2018-06-25,35.75,102.2,165.88,50.5,22.58,8.9,23.31,19.58,24.94,12.0,71.69,136.52,54.77,25.8,116.29,66.06,271.0,171.28,119.89,120.8
2018-06-26,36.2,103.76,169.84,51.6,23.08,8.82,23.41,19.71,25.13,11.92,71.96,137.0,54.94,25.83,116.28,65.57,271.6,171.98,119.26,120.97
2018-06-27,36.69,105.26,172.16,50.5,23.32,8.66,22.96,19.41,24.83,11.8,71.38,135.85,54.5,25.95,116.94,65.96,269.35,169.64,118.58,122.11
2018-06-28,36.64,104.38,171.64,50.5,23.3,8.66,23.08,19.44,24.88,11.73,71.48,135.49,54.7,25.94,115.89,65.9,270.89,171.1,118.22,122.14
2018-06-29,36.87,105.08,172.24,50.5,23.36,8.73,23.1,19.49,24.95,11.82,71.63,135.81,54.92,25.98,115.96,65.97,271.28,171.56,118.65,121.72
2018-07-02,36.32,103.31,168.96,50.35,22.96,8.73,23.26,19.49,25.11,11.73,71.79,136.19,55.19,26.17,116.84,66.48,271.86,172.71,117.46,121.35
2018-07-03,36.55,104.16,170.72,50.6,23.16,8.77,23.08,19.51,24.99,11.75,71.56,135.84,55.25,26.24,117.14,66.66,270.9,170.71,118.65,122.0
2018-07-05,36.51,103.98,170.48,50.9,23.17,8.79,23.26,19.77,25.34,11.75,71.91,136.69,55.34,26.38,117.87,67.04,273.11,172.83,119.05,122.35
2018-07-06,36.74,104.75,173.64,51.05,23.57,8.88,23.54,20.01,25.55,11.9,72.16,137.1,55.49,26.58,118.84,67.61,275.42,175.52,118.86,122.75
2018-07-09,37.28,106.43,178.08,51.25,24.08,9.0,23.93,20.15,25.74,12.05,73.5,139.47,56.34,25.76,115.2,65.5,277.9,177.1,119.15,121.96
2018-07-10,37.56,107.1,177.8,51.2,24.08,8.97,23.8,20.3,25.83,12.12,73.73,139.76,56.57,26.01,116.24,66.12,278.9,177.23,118.93,121.95
2018-07-11,36.77,104.76,173.12,50.8,23.57,8.86,23.37,19.98,25.47,11.87,72.52,137.66,55.91,26.25,117.18,66.71,276.86,176.33,117.64,122.42
2018-07-12,36.83,104.85,172.68,51.35,23.49,8.97,23.49,20.11,25.53,12.0,73.37,139.06,56.96,26.26,117.27,66.69,279.37,179.37,118.13,122.41
2018-07-13,37.02,105.38,172.76,51.65,23.61,8.92,23.28,20.1,25.37,11.88,73.75,139.87,57.36,26.27,117.31,66.71,279.59,179.52,117.61,122.72
2018-07-16,36.6,104.11,169.28,51.25,23.23,8.88,23.26,19.95,25.2,11.97,73.45,139.05,57.29,26.25,117.12,66.62,279.34,179.09,117.55,122.21
2018-07-17,36.45,103.73,169.36,51.05,23.27,8.88,23.05,20.09,25.16,11.87,73.74,139.71,57.6,26.23,117.04,66.56,280.47,180.18,116.28,121.98
2018-07-18,36.47,103.88,169.8,51.8,23.33,8.9,23.06,20.21,25.29,11.98,74.55,141.17,57.87,26.09,116.47,66.25,281.06,179.84,116.31,121.49
2018-07-19,36.48,103.93,170.68,53.0,23.61,8.9,23.07,20.25,25.38,11.95,74.52,141.21,57.79,26.33,117.63,66.89,280.0,178.94,115.81,122.26
2018-07-20,36.36,103.45,170.0,52.45,23.43,8.95,22.86,20.0,25.1,11.95,74.44,141.02,57.92,26.15,116.78,66.42,279.68,178.9,116.56,120.76
2018-07-23,36.2,103.08,169.2,52.75,23.28,8.94,22.75,19.82,25.02,11.8,73.98,140.27,57.42,25.96,116.02,66.02,280.2,179.47,116.0,119.27
2018-07-24,36.65,104.23,170.76,52.8,23.41,9.05,22.98,19.72,24.92,11.99,74.29,140.5,57.79,26.05,116.34,66.23,281.61,180.21,116.04,119.68
2018-07-25,36.96,105.23,171.96,53.8,23.63,9.2,23.5,19.88,25.2,11.91,75.42,142.23,58.03,26.13,116.54,66.3,284.01,182.72,116.68,119.49
2018-07-26,37.36,106.16,172.52,54.4,23.6,9.08,23.19,20.09,25.42,12.12,76.0,143.49,58.47,26.41,117.84,67.03,283.34,179.96,115.77,119.26
2018-07-27,37.2,105.47,169.0,53.25,22.85,9.1,22.76,19.86,25.04,12.15,76.01,143.19,58.4,26.32,117.34,66.75,281.42,177.53,115.83,119.46
2018-07-30,37.51,106.52,172.04,54.1,23.12,9.12,22.45,19.63,24.78,12.08,75.26,141.94,57.58,26.16,116.64,66.38,279.95,175.02,115.65,119.05
2018-07-31,37.44,106.22,172.08,54.7,23.25,9.11,22.74,19.96,25.23,12.07,76.92,144.94,58.87,26.4,117.9,67.08,281.33,176.36,115.99,119.7
2018-08-01,36.92,104.95,169.36,54.55,23.02,9.06,22.62,19.91,25.39,12.15,75.88,143.29,58.48,26.23,116.91,66.52,280.86,177.03,115.14,118.46
2018-08-02,36.72,104.52,169.88,55.8,23.16,9.02,22.77,20.37,25.51,12.08,75.78,143.29,58.51,26.35,117.65,66.85,282.39,179.44,114.52,118.63
2018-08-03,36.53,104.04,168.0,56.0,22.89,8.97,22.15,20.17,25.34,11.96,75.85,143.48,58.31,26.65,118.7,67.52,283.6,179.99,114.92,119.22
2018-08-06,36.66,104.49,169.12,56.4,22.98,8.94,22.42,20.31,25.63,11.86,75.96,143.79,58.28,26.67,118.9,67.64,284.64,181.04,114.33,119.29
2018-08-07,36.94,105.12,169.44,56.25,22.93,8.93,22.6,20.72,25.92,12.03,76.5,144.77,58.52,26.63,118.72,67.58,285.58,181.7,114.59,118.67
2018-08-08,36.67,104.31,166.8,56.75,22.65,8.93,22.73,20.56,25.97,12.03,76.16,144.14,58.44,26.49,118.2,67.25,285.46,181.92,114.91,118.79
2018-08-09,36.33,103.43,165.24,56.0,22.56,8.91,22.61,20.48,25.88,12.0,75.74,143.55,58.22,26.61,118.82,67.53,285.07,181.81,114.74,119.79
2018-08-10,36.55,104.01,166.84,55.65,22.76,8.74,22.16,20.29,25.61,11.95,75.07,142.56,57.82,26.5,118.27,67.28,283.16,180.43,114.69,120.66
2018-08-13,36.09,102.55,162.68,55.5,22.24,8.65,21.8,20.3,25.28,11.75,74.71,141.72,57.72,26.53,118.42,67.32,282.1,180.23,112.96,120.41
2018-08-14,36.17,102.88,164.04,55.2,22.37,8.51,21.53,20.34,25.32,11.67,75.23,142.73,58.16,26.58,118.79,67.54,283.9,181.35,113.07,120.14
2018-08-15,34.91,99.14,156.4,54.5,21.62,8.38,21.04,19.98,24.86,11.71,74.87,141.91,57.65,26.83,119.6,68.07,281.78,179.14,111.19,120.84
2018-08-16,35.16,99.91,157.88,54.95,21.76,8.48,21.09,20.11,25.04,11.58,75.82,143.54,58.3,27.12,120.97,68.83,284.06,179.73,111.1,120.83
2018-08-17,35.25,100.23,158.8,55.5,21.83,8.53,21.08,19.89,24.91,11.63,76.28,144.46,58.65,27.26,121.53,69.11,285.06,179.77,112.13,120.98
2018-08-20,35.49,101.02,160.44,56.05,21.99,8.65,21.43,20.03,25.37,11.61,76.79,145.27,58.91,27.17,121.18,68.92,285.67,179.61,112.69,121.79
2018-08-21,35.67,101.66,163.48,55.45,22.32,8.74,21.7,20.39,25.56,11.85,77.36,146.59,59.39,26.97,120.37,68.43,286.34,180.27,113.02,121.38
2018-08-22,36.1,102.99,166.8,55.95,22.74,8.72,21.76,20.32,25.42,11.79,76.61,145.35,58.95,26.77,119.51,67.96,286.17,180.96,113.27,121.86
2018-08-23,35.93,102.53,166.04,55.65,22.59,8.61,21.54,20.14,25.43,11.88,76.39,144.69,58.62,26.75,119.38,67.88,285.79,180.71,112.2,122.05
2018-08-24,36.19,103.28,168.2,55.8,22.75,8.69,21.89,20.4,25.69,11.98,76.72,145.36,58.91,26.86,119.93,68.18,287.51,182.38,114.16,122.29
2018-08-27,36.45,103.98,168.6,55.65,22.77,8.77,21.95,20.58,25.85,11.92,77.69,146.97,59.5,26.7,119.09,67.71,289.78,184.24,114.59,121.59
2018-08-28,36.3,103.46,167.44,54.95,22.55,8.73,21.81,20.41,25.66,12.04,77.53,146.73,59.55,26.65,118.82,67.58,289.92,184.51,113.68,120.86
2018-08-29,36.52,104.2,169.56,54.65,22.72,8.78,22.16,20.51,26.0,12.04,77.59,147.03,59.58,26.84,119.67,68.02,291.48,186.64,114.2,121.02
2018-08-30,36.42,103.86,170.48,54.5,22.7,8.65,21.67,20.28,25.69,11.93,77.05,146.01,59.11,26.85,119.78,68.1,290.3,186.31,113.64,121.28
2018-08-31,36.14,103.08,169.36,54.25,22.51,8.72,21.83,20.5,25.84,11.96,77.1,146.07,59.17,26.74,119.26,67.84,290.31,186.55,113.51,121.0
2018-09-04,36.06,102.72,167.44,54.55,22.19,8.59,21.85,20.39,25.73,11.9,77.04,146.04,59.21,26.85,119.82,68.17,289.81,185.75,112.93,120.03
2018-09-05,36.01,102.48,166.36,54.9,22.16,8.54,21.41,20.3,25.59,11.82,77.59,146.8,59.34,27.23,121.31,69.0,289.03,183.35,113.32,119.71
2018-09-06,35.35,100.4,161.52,54.35,21.64,8.54,21.2,20.08,25.29,11.91,77.83,147.26,59.82,27.39,121.98,69.3,288.16,181.71,113.54,120.15
2018-09-07,35.34,100.42,159.8,54.35,21.48,8.49,20.79,19.81,25.05,11.7,77.59,146.73,59.62,27.05,120.58,68.58,287.6,181.01,113.23,119.13
2018-09-10,35.33,100.38,160.08,54.45,21.46,8.49,20.72,19.89,25.04,11.7,77.99,147.69,59.69,27.18,121.18,68.86,288.1,181.62,113.15,119.57
2018-09-11,35.66,101.58,163.16,54.85,21.87,8.52,20.83,20.1,25.18,11.7,77.97,147.58,59.6,27.11,120.94,68.75,289.05,183.02,113.22,118.66
2018-09-12,35.85,102.17,165.32,54.85,22.11,8.54,20.98,20.11,25.27,11.7,78.21,147.92,59.88,27.09,120.86,68.67,289.12,182.48,114.17,118.94
2018-09-13,35.86,102.07,164.56,54.65,21.99,8.49,21.05,20.23,25.27,11.81,78.68,148.46,60.37,27.3,121.83,69.2,290.83,184.43,113.76,119.12
2018-09-14,36.05,102.62,165.32,54.5,21.94,8.47,20.87,20.28,25.33,11.81,79.07,149.31,61.13,27.15,121.26,68.9,290.88,183.89,113.02,118.55
2018-09-17,36.11,102.7,164.96,54.2,21.79,8.49,20.67,20.14,25.12,11.89,79.1,149.16,61.1,27.24,121.55,69.11,289.34,181.24,113.61,118.55
2018-09-18,36.35,103.53,167.2,54.3,22.11,8.59,21.06,20.12,25.42,11.98,79.82,150.45,61.72,27.19,121.42,69.01,290.91,182.74,113.44,117.31
2018-09-19,36.46,104.01,169.0,53.9,22.43,8.62,21.12,20.24,25.62,12.05,79.75,150.13,61.19,26.6,118.76,67.54,291.22,182.6,113.88,116.61
2018-09-20,36.47,104.03,168.52,54.15,22.47,8.71,21.49,20.49,26.04,12.1,79.87,150.46,60.86,26.66,119.1,67.69,293.58,184.62,114.27,117.15
2018-09-21,36.46,104.69,169.96,54.15,22.48,8.74,21.58,20.47,25.91,12.16,80.0,150.64,61.23,26.53,119.56,67.91,291.99,183.61,113.49,117.1
2018-09-24,36.99,105.67,173.48,53.45,22.62,8.66,21.43,20.38,25.61,12.13,78.63,148.31,60.67,26.3,117.64,67.41,291.02,183.79,113.47,116.8
2018-09-25,37.23,106.24,174.32,53.1,22.61,8.62,21.37,20.04,25.17,12.12,78.39,147.91,61.22,25.93,116.3,66.57,290.75,184.04,113.65,116.68
2018-09-26,36.87,105.12,171.28,52.65,22.08,8.62,21.31,19.91,24.93,11.98,78.34,147.58,60.98,25.68,115.13,65.42,289.88,184.17,113.05,117.5
2018-09-27,36.87,105.31,172.8,53.0,22.33,8.61,20.96,19.9,24.86,11.95,78.45,147.69,61.2,25.94,116.26,66.06,290.69,185.73,112.05,117.58
2018-09-28,36.77,105.11,173.16,53.4,22.38,8.6,20.74,19.7,24.8,11.98,78.4,147.72,61.52,26.33,117.87,67.03,290.72,185.69,112.76,117.27
2018-10-01,37.28,106.58,174.96,54.3,22.67,8.58,20.74,19.85,24.87,11.9,79.09,148.51,61.64,26.24,117.5,66.78,291.73,186.07,112.57,116.15
2018-10-02,37.32,106.57,174.04,54.1,22.56,8.65,21.01,20.0,25.07,11.9,79.27,148.5,61.65,26.59,118.88,67.59,291.56,185.65,113.87,116.86
2018-10-03,37.62,107.61,178.28,54.4,23.07,8.61,20.86,19.8,25.11,11.8,79.6,149.25,61.91,26.27,117.54,66.88,291.72,185.85,113.42,114.83
2018-10-04,37.46,106.86,175.44,54.2,22.8,8.49,20.62,19.36,24.34,11.55,79.34,148.5,61.67,26.41,118.08,67.2,289.44,182.28,113.48,114.02
2018-10-05,37.46,106.79,174.6,54.1,22.82,8.43,20.15,18.96,23.91,11.35,78.93,147.54,61.34,26.82,119.81,68.17,287.82,180.06,113.8,113.04
2018-10-08,37.43,106.8,173.52,54.0,22.83,8.5,19.91,18.85,23.98,11.3,79.13,147.67,61.32,27.04,120.84,68.71,287.82,178.96,112.54,112.66
2018-10-09,37.77,107.8,175.8,54.65,23.18,8.51,19.69,18.73,23.7,11.3,77.91,145.52,60.45,27.15,121.31,68.98,287.4,179.54,112.6,113.8
2018-10-10,36.58,103.79,167.84,53.6,22.3,8.25,19.16,18.22,22.92,10.93,75.4,140.59,58.55,27.0,120.57,68.65,278.3,171.64,112.88,113.49
2018-10-11,35.34,100.61,162.6,52.7,21.84,8.15,18.89,18.17,22.64,10.84,73.41,137.52,57.06,26.5,118.13,67.26,272.17,169.51,115.78,114.87
2018-10-12,35.44,101.06,164.68,52.8,21.99,8.3,19.08,18.14,23.0,10.98,73.9,138.01,57.32,26.48,118.12,67.22,275.95,174.23,115.23,114.47
2018-10-15,35.14,100.46,165.12,52.75,22.17,8.27,19.44,18.47,23.35,11.01,74.04,138.47,58.18,26.6,118.6,67.42,274.4,172.12,116.0,114.42
2018-10-16,35.44,101.43,167.52,53.4,22.44,8.44,19.78,18.95,24.1,11.29,75.29,140.91,59.53,26.88,119.99,68.2,280.4,177.13,115.8,114.68
2018-10-17,35.21,100.57,164.6,52.75,22.07,8.42,19.61,18.79,23.83,11.21,74.74,140.0,59.04,26.83,119.81,68.12,280.45,177.2,115.79,114.0
2018-10-18,35.04,99.88,161.96,52.6,21.68,8.33,19.24,18.49,23.42,11.13,73.45,137.35,58.09,26.86,119.94,68.17,276.4,173.09,115.92,113.96
2018-10-19,34.73,99.08,160.0,52.5,21.64,8.36,19.06,18.36,23.19,11.01,73.18,136.65,57.82,27.28,121.72,69.22,276.25,172.93,116.01,113.71
2018-10-22,34.34,97.96,157.44,52.25,21.28,8.37,18.92,18.29,22.96,11.03,72.93,136.34,57.68,27.11,120.96,68.72,275.01,173.82,115.71,113.56
2018-10-23,33.44,95.21,151.88,51.5,20.65,8.21,18.41,18.36,22.74,10.89,71.73,134.03,57.22,26.96,120.13,68.34,273.61,173.18,116.39,113.92
2018-10-24,32.12,91.27,142.72,49.8,19.58,8.02,17.88,17.61,22.01,10.6,69.3,129.37,55.1,27.61,122.65,69.75,265.32,165.25,116.66,114.78
2018-10-25,32.52,92.45,145.32,50.15,19.71,8.14,18.27,17.98,22.29,10.8,69.79,130.61,54.98,27.18,120.82,68.78,270.08,170.97,116.4,114.3
2018-10-26,32.27,91.71,143.68,49.0,19.42,8.08,17.86,17.82,22.14,10.65,69.1,129.42,54.61,26.68,118.79,67.59,265.33,166.57,116.77,114.99
2018-10-29,31.67,89.88,138.44,48.7,18.78,7.91,17.7,17.84,22.13,10.5,67.95,127.45,52.89,27.06,120.3,68.39,263.86,163.14,116.31,114.73
2018-10-30,32.41,91.82,141.4,49.45,19.16,8.02,18.2,18.42,22.83,10.74,69.35,130.11,53.87,27.17,120.68,68.61,267.77,165.83,115.8,114.16
2018-10-31,32.6,92.38,144.28,49.1,19.46,8.11,18.49,18.71,23.21,10.93,69.88,131.21,54.48,26.84,119.25,67.88,270.63,169.73,115.15,113.58
2018-11-01,32.88,93.3,147.12,49.5,19.78,8.34,19.13,19.42,23.74,11.17,71.11,133.63,55.81,26.73,118.89,67.69,273.51,171.97,116.63,113.41
2018-11-02,32.8,92.98,144.72,49.05,19.32,8.34,19.46,19.26,23.81,11.15,70.99,133.55,55.51,26.58,118.4,67.36,271.89,169.29,116.65,112.0
2018-11-05,33.35,94.55,148.8,50.25,20.05,8.46,20.5,19.25,24.11,11.3,71.36,134.05,55.86,26.95,119.96,68.23,273.39,168.87,116.37,112.44
2018-11-06,33.5,94.75,147.48,50.3,19.93,8.55,20.39,19.15,23.73,11.37,72.11,135.45,56.58,27.13,120.94,68.77,275.12,170.15,116.04,112.37
2018-11-07,34.05,96.33,151.28,51.0,20.39,8.79,21.01,19.58,24.31,11.48,73.28,137.68,57.34,27.44,122.35,69.51,281.01,175.49,116.03,112.52
2018-11-08,33.31,94.15,145.64,50.1,19.86,8.73,20.43,19.37,23.92,11.59,73.16,137.35,57.17,27.4,122.0,69.41,280.5,174.37,115.78,112.51
2018-11-09,33.26,93.9,145.56,49.65,19.84,8.65,20.19,19.25,23.51,11.25,72.42,135.84,57.25,27.43,122.27,69.52,277.76,171.43,114.48,113.35
2018-11-12,32.57,91.8,140.52,48.8,19.2,8.62,19.99,18.63,23.08,11.33,70.99,133.23,55.72,27.42,122.29,69.56,272.57,166.24,113.66,114.09
2018-11-13,31.82,89.55,137.8,47.95,18.95,8.62,19.85,18.72,22.96,11.22,71.31,133.62,55.69,27.53,122.75,69.78,272.06,166.38,113.7,114.02
2018-11-14,31.76,89.42,137.12,47.75,18.79,8.6,19.68,18.59,22.86,11.43,71.07,133.21,55.26,27.25,121.52,69.07,270.2,165.11,114.64,114.09
2018-11-15,32.23,90.95,139.16,48.35,18.98,8.66,20.23,19.06,23.32,11.25,72.01,135.06,55.97,27.02,120.82,68.72,273.02,168.0,114.77,114.04
2018-11-16,32.61,91.79,139.0,48.55,18.87,8.72,20.46,19.18,23.53,11.03,71.99,134.91,55.87,27.44,122.46,69.57,273.73,167.41,115.62,114.7
2018-11-19,32.6,91.69,138.24,48.35,18.96,8.63,20.3,18.88,23.27,11.16,70.85,132.79,54.54,27.56,123.12,70.03,269.1,161.97,115.67,115.02
2018-11-20,31.54,88.51,131.64,46.95,18.08,8.49,19.77,18.53,22.65,11.04,69.38,130.01,53.75,27.44,122.47,69.5,264.12,159.08,115.67,115.06
2018-11-21,32.03,90.04,134.8,47.95,18.52,8.65,20.1,18.76,23.09,11.16,69.87,131.05,54.03,27.04,120.8,68.61,265.02,160.29,115.86,115.02
2018-11-23,31.03,87.09,130.0,47.0,18.0,8.64,20.08,18.77,23.02,11.19,69.73,130.74,54.33,27.06,120.95,68.66,263.25,159.13,115.77,115.14
2018-11-26,31.49,88.54,132.04,47.4,18.12,8.7,20.64,19.04,23.43,10.81,70.24,132.03,54.69,27.22,121.57,69.08,267.5,162.8,115.64,114.88
2018-11-27,31.41,88.21,130.36,47.05,17.78,8.85,21.17,19.05,23.85,11.39,70.12,131.5,53.9,27.42,122.41,69.55,268.4,163.35,114.95,115.01
2018-11-28,31.94,89.63,132.24,47.65,18.09,9.03,21.81,19.52,24.56,11.6,71.8,134.72,55.05,27.4,122.4,69.48,274.58,168.61,115.38,114.45
2018-11-29,32.15,90.24,133.08,48.2,18.2,9.0,21.59,19.45,24.56,11.3,71.84,134.56,55.03,27.39,122.1,69.38,273.98,168.06,115.74,114.9
2018-11-30,32.1,89.76,131.24,47.75,17.97,8.99,21.05,19.56,24.4,11.57,72.54,135.94,55.23,27.8,123.92,70.36,275.65,169.28,115.54,115.33
2018-12-03,32.81,92.02,135.48,49.25,18.55,9.09,21.39,19.85,24.73,11.69,73.38,137.45,55.57,28.08,124.98,71.03,279.3,172.24,116.41,115.88
2018-12-04,31.87,89.22,130.88,47.8,18.0,8.97,20.79,19.27,24.01,11.42,70.26,131.3,53.42,28.09,125.06,71.11,270.25,165.63,117.12,117.82
2018-12-06,31.28,87.35,126.72,47.4,17.53,8.93,20.82,19.08,23.93,11.28,69.87,130.62,53.26,28.13,125.08,71.15,269.84,166.8,117.14,118.19
2018-12-07,31.1,86.9,126.16,47.3,17.51,8.72,20.27,18.69,23.49,11.29,68.03,127.25,52.45,28.23,125.7,71.47,263.57,161.3,118.09,118.41
2018-12-10,30.62,85.37,122.08,46.55,17.07,8.72,20.1,18.81,23.52,11.1,68.2,127.29,53.19,28.28,126.03,71.63,264.07,162.98,117.68,118.9
2018-12-11,30.63,85.36,121.84,46.75,17.04,8.73,20.11,18.78,23.37,11.12,67.8,126.6,52.88,28.4,126.42,71.85,264.13,163.52,117.54,118.88
2018-12-12,30.75,85.78,122.52,47.2,17.09,8.86,20.29,18.88,23.75,10.98,68.18,127.4,53.57,28.22,125.87,71.5,265.46,164.96,117.79,118.35
2018-12-13,30.85,85.21,121.76,48.2,17.07,8.75,20.35,18.96,23.52,11.02,67.99,126.06,53.26,28.47,125.89,72.1,265.37,165.01,117.53,118.07
2018-12-14,30.14,83.08,116.36,47.5,16.39,8.76,20.05,18.6,23.0,11.04,67.05,124.34,52.66,28.41,125.57,71.87,260.47,161.0,117.06,118.48
2018-12-17,29.59,81.45,112.88,46.25,15.88,8.55,19.59,18.05,22.31,10.96,65.95,122.18,51.51,27.5,121.49,69.2,255.36,157.35,117.87,119.17
2018-12-18,28.9,79.53,109.64,44.95,15.44,8.4,19.42,18.08,22.23,10.9,66.28,122.88,51.78,27.31,120.62,68.67,255.08,158.34,118.15,119.6
2018-12-19,28.56,78.48,108.16,45.5,15.27,8.3,19.04,17.63,21.8,10.61,65.03,120.54,50.7,27.26,120.47,68.6,251.26,154.45,117.43,121.18
2018-12-20,27.76,76.3,104.08,44.25,14.73,8.21,18.7,17.12,21.18,10.62,63.84,118.38,49.24,27.25,120.67,68.7,247.17,152.21,119.24,120.74
2018-12-21,27.24,75.32,101.4,43.6,14.39,8.03,18.47,16.91,20.66,10.42,62.25,116.14,48.05,26.91,119.85,68.2,240.7,147.49,118.72,120.72
2018-12-24,26.14,72.37,96.48,41.6,13.59,8.01,18.01,16.31,20.12,10.02,60.34,112.87,46.46,25.78,114.71,65.33,234.34,143.42,120.02,121.32
2018-12-26,27.76,77.03,106.6,43.85,14.89,8.25,18.71,17.36,21.29,9.75,63.15,118.19,48.12,26.13,116.33,66.24,246.18,152.38,119.66,120.02
2018-12-27,27.91,77.44,107.0,43.35,14.88,8.21,18.53,17.31,21.32,10.22,63.94,119.49,48.78,26.35,117.29,66.8,248.07,152.97,120.57,120.04
2018-12-28,27.7,76.69,105.48,43.2,14.65,8.23,18.57,17.44,21.5,10.26,63.77,119.16,48.87,26.42,117.45,66.89,247.75,152.89,121.06,121.05
2018-12-31,27.84,77.11,106.12,43.65,14.7,8.26,18.55,17.62,21.39,10.42,64.41,120.41,49.45,26.46,117.83,67.11,249.92,154.18,121.25,121.51
2019-01-02,28.39,78.82,109.16,44.45,15.13,8.32,18.79,17.64,21.66,10.34,64.74,120.91,49.48,26.0,115.64,65.82,250.18,154.8,121.33,122.15
2019-01-03,28.11,78.08,108.4,44.7,15.13,8.25,18.59,17.05,21.08,10.36,62.77,117.41,48.18,26.0,115.77,65.93,244.21,149.74,122.43,123.54
2019-01-04,29.07,80.95,114.52,47.2,15.92,8.5,19.45,17.75,22.22,10.53,65.15,121.97,49.8,26.39,117.57,66.89,252.39,156.15,121.44,122.11
2019-01-07,29.5,82.27,118.44,47.8,16.46,8.57,19.81,18.01,22.77,10.68,65.68,122.83,50.06,26.2,116.71,66.45,254.38,158.01,121.86,121.75
2019-01-08,29.73,82.97,119.52,49.0,16.73,8.67,19.82,18.14,22.94,10.7,66.58,124.73,50.71,26.53,118.22,67.29,256.77,159.44,121.53,121.43
2019-01-09,30.2,84.28,122.2,49.55,16.97,8.74,20.1,18.3,23.16,10.96,67.03,125.69,50.97,26.37,117.42,66.8,257.97,160.74,122.31,121.24
2019-01-10,30.28,84.49,122.96,48.75,17.03,8.84,20.54,18.7,23.44,10.99,67.94,127.38,51.59,26.72,119.13,67.76,258.88,161.2,121.59,120.46
2019-01-11,30.1,83.96,121.6,48.1,16.93,8.89,20.39,18.82,23.57,11.03,67.87,127.21,51.7,26.61,118.54,67.5,258.98,160.61,121.8,120.93
2019-01-14,30.03,83.73,121.68,47.7,17.03,8.85,20.35,18.42,23.34,11.03,67.86,126.97,51.7,26.01,116.03,66.06,257.4,159.19,122.09,120.48
2019-01-15,30.14,84.15,123.08,48.55,17.28,8.8,20.36,18.43,23.36,10.98,67.65,126.69,51.77,26.33,117.56,66.89,260.35,162.29,121.88,120.04
2019-01-16,30.1,84.02,123.32,48.65,17.28,8.83,20.26,18.54,23.68,11.03,67.72,126.99,51.62,26.43,118.0,67.14,260.98,162.26,122.27,120.16
2019-01-17,30.38,84.78,124.04,48.65,17.36,8.96,20.61,18.84,23.94,11.12,68.88,128.99,52.48,26.54,118.71,67.42,262.96,163.54,122.11,120.19
2019-01-18,30.99,86.49,126.44,49.3,17.65,8.95,20.46,18.76,23.9,11.14,70.19,131.44,53.27,26.57,118.83,67.56,266.46,165.16,121.02,119.56
2019-01-22,30.32,84.36,121.16,47.95,16.97,8.84,20.21,18.27,23.52,10.99,68.74,128.82,52.37,26.62,118.9,67.67,262.86,161.85,121.45,120.37
2019-01-23,30.01,83.48,119.2,48.1,16.71,8.95,20.6,18.33,23.48,11.07,68.84,128.73,52.93,26.89,120.18,68.31,263.41,162.06,121.28,120.32
2019-01-24,30.17,84.0,119.88,48.35,16.88,9.15,21.25,18.75,24.1,11.3,69.19,129.48,53.34,27.03,120.84,68.66,263.55,163.11,121.09,121.11
2019-01-25,30.55,85.14,122.12,48.9,17.23,9.21,21.76,19.14,24.54,11.46,70.07,131.07,53.88,26.66,119.25,67.79,265.78,165.06,122.86,120.53
2019-01-28,30.25,84.24,120.0,48.45,16.95,9.16,22.26,19.18,24.77,11.41,69.4,129.92,53.81,26.53,118.65,67.44,263.76,163.02,123.29,120.41
2019-01-29,30.34,84.49,120.56,49.05,17.09,9.26,22.0,19.18,24.68,11.46,70.36,131.54,54.89,26.61,118.99,67.62,263.41,161.49,123.98,121.02
2019-01-30,30.76,85.75,123.96,49.8,17.53,9.32,22.49,19.32,24.98,11.57,71.46,133.45,55.44,26.82,119.75,68.11,267.58,165.59,124.69,120.93
2019-01-31,30.96,86.14,122.16,49.2,17.05,9.49,23.29,19.43,25.52,11.71,71.77,134.07,55.5,27.38,122.21,69.51,269.93,168.07,124.75,121.97
2019-02-01,31.5,87.58,122.8,49.7,17.15,9.5,22.72,19.63,25.22,11.69,71.88,134.36,55.64,27.27,121.79,69.28,270.06,167.36,124.5,120.96
2019-02-04,31.58,87.87,123.52,50.05,17.21,9.49,22.99,19.86,25.52,11.79,72.81,136.05,56.72,27.32,121.99,69.38,271.96,169.44,123.96,120.42
2019-02-05,31.62,87.88,121.84,50.15,16.92,9.56,23.14,19.9,25.65,11.84,73.44,137.11,57.23,27.38,122.15,69.47,273.1,170.94,124.28,120.97
2019-02-06,31.39,87.23,120.4,49.55,16.65,9.5,23.28,20.1,25.88,11.86,73.46,137.05,57.34,27.36,121.84,69.31,272.74,170.43,123.44,121.03
2019-02-07,30.7,85.16,115.2,48.5,15.93,9.4,22.9,19.69,25.5,11.74,72.96,136.04,57.11,27.72,123.47,70.25,270.14,168.14,123.74,121.83
2019-02-08,30.56,84.76,113.44,48.25,15.74,9.38,22.74,19.66,25.34,11.67,73.07,136.2,57.35,27.84,124.15,70.62,270.47,168.47,124.21,122.35
2019-02-11,30.7,85.25,115.28,48.25,16.02,9.46,22.88,19.89,25.67,11.66,73.46,137.04,57.51,27.83,124.02,70.53,270.62,168.31,123.6,121.87
2019-02-12,31.09,86.3,116.68,49.05,16.25,9.54,23.12,20.04,25.91,11.79,74.6,139.21,58.26,27.9,124.19,70.64,274.1,170.8,123.86,121.56
2019-02-13,31.48,87.42,119.2,49.7,16.56,9.55,23.29,20.11,26.16,11.89,75.04,140.07,58.41,27.82,123.89,70.51,274.99,170.92,123.37,121.1
2019-02-14,31.59,87.78,120.76,49.3,16.64,9.64,23.62,20.12,26.51,11.95,74.69,139.46,58.33,27.77,123.72,70.38,274.38,171.13,124.06,121.79
2019-02-15,32.1,89.28,124.0,49.55,17.14,9.6,23.23,20.24,26.37,11.94,75.69,141.4,59.3,27.85,124.26,70.64,277.37,171.85,124.8,121.98
2019-02-19,32.2,89.62,123.48,50.4,17.14,9.67,24.0,20.44,26.87,12.07,75.66,141.43,59.22,28.02,124.96,71.03,277.85,172.19,126.7,122.29
2019-02-20,32.33,90.04,124.88,49.9,17.3,9.62,23.88,20.34,27.09,12.12,76.02,142.16,59.52,28.15,125.53,71.38,278.41,172.16,126.48,121.94
2019-02-21,31.83,88.54,121.48,49.3,16.97,9.68,24.39,20.44,27.17,12.16,75.71,141.62,59.14,28.35,126.43,71.88,277.42,171.53,125.05,120.85
2019-02-22,31.93,88.81,122.52,49.2,17.01,9.77,25.16,20.85,28.2,12.36,76.21,142.54,59.64,28.52,127.28,72.35,279.14,172.8,125.5,121.57
2019-02-25,31.98,88.89,122.32,49.55,17.09,9.81,25.21,21.07,28.2,12.44,76.51,142.98,59.57,28.34,126.42,71.89,279.52,173.43,125.37,121.21
2019-02-26,31.88,88.49,120.48,48.9,16.8,9.83,24.97,20.92,28.19,12.47,76.3,142.42,59.22,28.31,126.12,71.73,279.32,173.61,125.58,121.81
2019-02-27,32.0,88.86,120.68,48.8,16.78,9.76,24.82,20.95,28.21,12.42,76.6,142.87,59.37,28.34,126.36,71.91,279.2,173.5,124.69,120.43
2019-02-28,31.68,88.01,119.12,48.45,16.68,9.7,24.92,20.93,28.13,12.35,76.34,142.45,59.47,28.5,126.95,72.22,278.68,173.1,123.99,120.02
2019-03-01,32.26,89.61,121.64,48.75,17.07,9.69,25.05,20.71,28.41,12.36,76.41,142.82,59.59,28.57,127.24,72.42,280.42,174.3,121.88,118.66
2019-03-04,32.32,89.82,122.48,48.85,17.21,9.71,24.97,20.74,28.09,12.36,76.07,142.0,58.92,28.61,127.61,72.53,279.4,174.33,121.56,119.59
2019-03-05,32.21,89.54,121.4,48.85,17.1,9.78,24.73,20.7,27.95,12.42,75.58,141.1,58.65,28.58,127.29,72.41,279.02,174.46,121.72,119.84
2019-03-06,31.8,88.22,117.92,48.25,16.7,9.65,24.02,20.29,26.96,12.2,74.87,139.76,58.14,28.58,127.21,72.39,277.33,173.47,121.61,120.28
2019-03-07,31.61,87.71,116.32,49.1,16.51,9.51,23.42,20.03,26.77,12.0,74.42,138.75,57.78,28.67,127.65,72.61,275.01,171.34,121.51,121.06
2019-03-08,31.02,85.94,112.24,48.8,16.03,9.5,23.19,20.03,26.43,11.89,74.27,138.38,57.66,28.77,128.16,72.89,274.46,171.08,122.84,121.57
2019-03-11,31.51,87.36,114.64,49.5,16.27,9.72,24.01,20.49,27.34,12.11,74.9,139.78,57.98,28.98,129.12,73.42,278.44,174.64,122.24,121.21
2019-03-12,31.71,88.09,117.56,49.45,16.68,9.8,24.07,20.54,27.42,12.16,74.28,138.71,57.56,29.18,129.9,73.89,279.49,175.6,122.98,122.06
2019-03-13,32.03,89.06,120.04,49.45,16.92,9.88,24.17,20.68,27.58,12.24,74.93,139.89,57.96,29.21,129.99,74.0,281.34,176.92,123.84,121.83
2019-03-14,32.07,89.17,120.4,49.45,16.89,9.83,24.11,20.59,27.53,12.18,74.68,139.35,57.66,29.2,129.84,73.91,281.16,176.62,122.41,120.95
2019-03-15,31.8,89.04,119.08,49.45,16.73,9.83,24.02,20.55,27.48,12.17,73.99,139.16,57.51,29.09,130.42,74.22,281.31,178.26,122.97,121.75
2019-03-18,32.25,90.45,121.96,50.05,17.21,9.93,24.51,20.7,27.77,12.22,74.71,140.39,57.99,28.99,130.09,73.94,282.33,178.36,123.04,121.68
2019-03-19,32.16,90.1,120.76,50.35,17.06,9.88,24.66,20.62,27.95,12.22,74.44,139.76,57.83,28.66,128.52,73.11,282.4,178.96,123.38,121.41
2019-03-20,32.44,91.05,124.12,50.5,17.52,9.95,24.77,20.59,28.02,12.26,73.93,138.73,57.63,28.73,128.89,72.75,281.55,179.67,124.18,122.68
2019-03-21,32.67,91.03,125.96,51.0,17.63,9.83,24.18,20.71,27.64,12.23,74.64,139.53,58.13,29.03,129.38,73.51,284.73,182.47,123.68,122.95
2019-03-22,31.78,88.45,120.24,50.3,16.86,9.64,23.27,20.08,26.6,11.95,72.95,135.97,56.86,29.25,130.14,74.03,279.25,178.47,123.97,124.86
2019-03-25,31.8,88.39,120.32,49.8,16.93,9.62,23.12,19.95,26.4,11.88,73.12,136.41,57.08,29.27,130.31,74.1,279.04,178.13,124.92,125.06
2019-03-26,32.26,89.71,122.8,50.1,17.21,9.69,23.07,19.89,26.33,11.86,73.61,137.4,57.27,29.48,131.18,74.61,281.12,178.96,124.3,124.97
2019-03-27,32.03,89.1,122.48,49.7,17.11,9.6,23.01,19.88,26.31,11.91,73.69,137.49,57.11,29.27,130.38,74.1,279.65,177.81,123.65,126.12
2019-03-28,32.15,89.44,123.2,49.95,17.3,9.72,23.14,19.88,26.6,11.9,74.23,138.64,57.53,28.93,128.87,73.3,280.71,178.22,121.9,126.56
2019-03-29,32.1,89.38,122.96,50.15,17.28,9.76,23.16,20.09,26.79,11.97,75.03,139.9,57.97,29.08,129.6,73.66,282.48,179.57,122.01,126.44
2019-04-01,32.52,90.63,124.68,50.75,17.5,9.85,23.6,20.49,27.17,12.12,76.58,142.69,59.08,28.89,128.73,73.21,285.83,181.94,121.53,124.37
2019-04-02,32.3,89.96,123.4,50.8,17.3,9.89,23.74,20.52,27.26,12.19,76.55,142.6,58.78,28.92,128.64,73.16,285.97,182.63,121.98,124.6
2019-04-03,31.99,89.0,120.64,50.7,16.86,9.9,24.07,20.85,27.63,12.31,76.32,142.52,58.31,28.88,128.6,73.09,286.42,183.68,121.8,123.52
2019-04-04,32.26,89.82,122.84,50.55,17.07,9.98,24.33,20.89,27.82,12.31,76.79,143.34,58.75,28.78,128.08,72.85,287.18,183.61,122.11,123.87
2019-04-05,32.82,91.48,127.24,50.75,17.51,10.1,24.8,21.15,28.21,12.4,77.01,143.91,59.28,29.05,129.36,73.52,288.57,184.56,121.98,124.03
2019-04-08,32.97,91.85,128.12,50.65,17.64,10.09,24.97,21.2,28.32,12.43,76.68,143.4,59.23,28.84,128.41,73.0,288.79,185.03,122.51,123.59
2019-04-09,32.57,90.67,125.56,50.3,17.27,10.02,24.5,20.95,27.91,12.36,75.64,141.43,58.48,28.92,128.63,73.17,287.31,184.38,123.15,123.98
2019-04-10,32.69,91.08,127.4,50.1,17.39,10.14,24.87,21.21,28.13,12.47,75.62,141.74,58.52,28.83,128.27,72.92,288.29,185.37,123.53,124.28
2019-04-11,32.71,91.05,125.68,50.35,17.19,10.04,24.43,21.01,27.96,12.35,76.27,142.97,59.2,28.97,128.91,73.33,288.21,184.93,121.95,123.55
2019-04-12,32.8,91.42,129.84,50.7,17.78,10.02,24.61,21.11,28.17,12.39,77.28,144.66,59.97,29.1,129.58,73.68,290.16,185.73,121.83,122.67
2019-04-15,32.6,90.84,128.32,50.7,17.6,10.09,24.72,21.19,27.99,12.42,76.85,144.06,59.64,29.1,129.57,73.64,289.97,185.76,121.6,122.98
2019-04-16,32.82,91.38,129.08,50.3,17.68,10.08,24.93,21.29,28.29,12.46,77.32,144.91,59.88,28.74,127.84,72.68,290.16,186.4,120.51,122.21
2019-04-17,32.77,91.3,128.6,49.9,17.55,10.13,25.16,21.3,28.47,12.54,77.42,144.97,59.67,28.63,127.43,72.44,289.45,187.05,120.28,122.26
2019-04-18,32.62,90.79,127.24,49.7,17.28,10.1,25.09,21.33,28.49,12.48,78.31,146.49,60.36,28.65,127.54,72.52,290.02,187.29,120.37,122.9
2019-04-22,33.31,92.84,131.92,50.35,17.81,10.1,25.32,21.18,28.49,12.48,78.07,145.93,60.32,28.62,127.39,72.42,290.27,187.82,120.37,122.31
2019-04-23,33.26,92.88,131.76,50.45,17.86,10.19,25.61,21.31,28.71,12.52,78.75,147.25,61.6,28.7,127.91,72.71,292.88,190.21,120.12,122.57
2019-04-24,32.67,91.14,129.12,49.95,17.55,10.14,25.58,21.31,28.71,12.46,78.52,147.12,61.29,28.89,128.7,73.19,292.23,189.61,120.47,123.57
2019-04-25,32.57,90.69,127.16,49.8,17.24,10.1,25.5,20.99,28.38,12.38,76.94,144.3,60.88,29.0,129.23,73.41,292.05,190.38,120.57,123.39
2019-04-26,32.15,89.62,125.12,49.8,17.05,10.12,25.55,21.03,28.58,12.4,77.52,145.42,61.23,29.05,129.42,73.56,293.41,190.55,121.37,123.81
2019-04-29,32.12,89.45,124.96,50.0,17.05,10.12,25.37,21.01,28.56,12.41,77.7,145.81,61.36,28.88,128.66,73.17,293.87,190.92,120.83,123.02
2019-04-30,32.1,89.21,123.8,49.7,16.77,10.16,25.09,20.96,28.29,12.42,78.01,146.28,61.96,29.35,130.72,74.31,294.02,189.44,121.2,123.65
2019-05-01,31.45,87.27,119.8,49.75,16.29,10.12,25.37,20.89,28.42,12.37,77.5,145.15,61.91,29.06,129.4,73.56,291.81,188.83,120.4,123.9
2019-05-02,30.91,85.78,115.92,48.9,15.87,10.06,25.45,20.96,28.33,12.29,77.46,145.23,61.68,28.99,129.08,73.44,291.18,188.01,119.94,123.31
2019-05-03,31.19,86.55,118.48,49.5,16.15,10.22,26.21,21.48,28.88,12.47,78.4,147.11,62.47,29.15,129.98,73.89,294.03,191.01,120.65,123.66
2019-05-06,31.22,86.63,119.6,49.3,16.22,10.06,25.55,21.21,28.5,12.24,77.65,145.97,62.41,28.99,129.3,73.46,292.82,189.84,120.81,124.0
2019-05-07,30.95,86.04,117.92,49.45,16.16,10.12,26.15,21.12,28.84,12.31,76.08,143.02,61.32,28.9,128.92,73.25,287.93,186.14,121.21,124.95
2019-05-08,30.95,85.97,119.08,49.4,16.28,10.08,25.76,20.88,28.3,12.25,76.08,142.84,61.58,28.5,127.13,72.18,287.53,185.67,120.91,124.41
2019-05-09,30.95,85.89,118.64,47.85,16.28,10.0,24.82,20.63,27.94,12.11,75.97,142.59,61.82,28.47,127.04,72.16,286.66,184.67,121.2,124.92
2019-05-10,31.09,86.39,119.16,49.55,16.4,10.08,25.39,20.56,28.16,12.19,76.27,143.13,62.21,28.98,129.28,73.41,288.1,184.9,121.43,124.75
2019-05-13,30.56,84.73,115.04,48.95,16.03,9.8,24.43,19.75,27.19,11.82,74.1,139.0,60.79,29.29,130.64,74.2,280.86,178.49,122.67,125.73
2019-05-14,30.93,85.9,117.88,49.3,16.38,9.91,24.72,20.17,27.56,11.93,74.87,140.46,61.17,29.09,129.67,73.67,283.4,180.45,122.46,125.36
2019-05-15,31.09,86.4,119.48,49.95,16.53,9.93,25.22,20.33,27.93,12.06,74.97,140.76,61.2,29.05,129.54,73.58,285.06,182.99,122.39,126.13
2019-05-16,31.26,86.95,120.72,50.0,16.54,10.01,25.85,20.29,28.28,12.13,75.66,142.04,62.02,29.24,130.27,74.02,287.7,184.83,121.51,125.71
2019-05-17,30.95,85.91,117.96,50.0,16.15,9.88,25.25,19.86,27.68,11.97,74.82,140.37,61.45,29.39,130.97,74.41,285.84,182.94,120.65,125.99
2019-05-20,30.96,85.86,116.96,49.85,16.08,9.85,24.99,19.48,27.25,11.8,74.63,139.99,61.51,29.43,131.14,74.5,283.95,179.86,120.64,125.73
2019-05-21,31.32,86.87,119.48,50.35,16.41,9.98,25.76,19.97,27.98,11.99,75.51,141.77,62.32,29.49,131.28,74.58,286.51,181.73,120.36,125.53
2019-05-22,30.84,85.21,114.92,50.15,15.77,10.04,25.93,19.8,27.91,11.98,74.89,140.48,62.2,29.7,132.28,75.11,285.63,180.92,120.24,126.25
2019-05-23,29.8,82.35,108.4,49.4,15.02,9.85,25.08,19.32,27.14,11.77,73.75,138.26,61.25,29.96,133.17,75.67,282.14,178.16,121.17,127.67
2019-05-24,29.92,82.49,108.48,49.35,15.01,9.9,25.5,19.44,27.29,11.9,73.78,138.46,61.47,29.92,133.01,75.56,282.78,178.07,121.3,127.78
2019-05-28,29.6,81.6,106.84,48.9,14.82,10.04,25.79,19.46,27.57,11.91,73.1,137.16,61.11,29.42,130.91,74.38,280.15,177.4,120.83,128.79
2019-05-29,29.42,81.16,107.4,48.8,14.81,9.96,25.62,19.16,27.27,11.8,72.77,136.68,61.15,29.03,129.12,73.31,278.27,175.94,120.87,129.09
2019-05-30,29.04,80.11,104.64,48.3,14.41,10.04,25.97,19.2,27.36,11.84,73.05,137.18,61.28,28.99,128.83,73.2,279.03,176.68,121.69,130.2
2019-05-31,28.53,78.77,102.44,48.2,14.25,9.99,25.67,18.81,26.85,11.76,72.05,135.23,60.72,29.13,129.58,73.58,275.27,173.86,123.33,131.83
2019-06-03,28.9,79.87,103.4,48.4,14.35,10.15,26.08,19.04,27.29,11.85,72.54,136.09,61.17,29.42,130.95,74.41,274.57,170.03,125.11,132.44
2019-06-04,29.4,81.31,106.08,49.0,14.7,10.27,26.3,19.67,28.02,12.01,74.27,139.63,62.48,29.44,131.14,74.43,280.53,174.82,125.15,130.93
2019-06-05,29.07,80.19,102.32,48.65,14.16,10.25,26.82,19.62,27.94,12.04,74.99,140.89,63.35,30.07,133.75,76.03,282.96,176.12,125.47,130.19
2019-06-06,29.61,81.49,103.16,48.75,14.26,10.23,26.64,19.84,27.84,12.0,75.12,140.98,63.52,30.25,134.52,76.45,284.8,177.52,125.88,130.61
2019-06-07,29.75,81.82,103.36,48.75,14.19,10.41,27.01,20.02,28.2,12.15,75.72,142.08,64.04,30.03,133.66,75.88,287.65,180.94,126.59,131.74
2019-06-10,29.83,81.99,102.72,48.8,14.06,10.41,27.41,20.36,28.6,12.21,75.82,142.43,63.82,29.83,132.8,75.39,288.97,183.05,125.33,130.5
2019-06-11,29.89,82.12,103.0,48.9,14.03,10.45,27.45,20.46,28.72,12.27,75.17,141.42,62.69,29.65,131.97,74.92,288.9,183.3,125.18,130.58
2019-06-12,29.47,80.78,99.44,48.7,13.61,10.39,26.91,20.24,28.29,12.15,75.33,141.53,62.87,30.03,133.63,75.89,288.39,182.24,125.83,130.68
2019-06-13,29.81,81.82,101.76,49.1,13.91,10.5,27.66,20.54,28.86,12.27,75.71,142.46,63.32,30.09,133.95,76.04,289.58,183.32,126.6,131.13
2019-06-14,29.62,81.16,99.84,48.65,13.45,10.42,27.3,20.11,28.5,12.19,75.41,141.81,63.19,30.41,135.11,76.75,289.26,182.54,126.56,131.46
2019-06-17,29.87,81.88,101.56,48.35,13.69,10.29,26.81,20.2,28.36,12.17,75.15,141.2,63.2,30.32,134.67,75.94,289.37,183.64,126.48,131.69
2019-06-18,30.28,83.08,104.24,48.4,13.92,10.47,27.81,20.72,29.27,12.36,76.61,143.79,64.28,30.19,134.22,75.74,292.4,186.31,127.12,132.35
2019-06-19,30.25,82.92,103.72,48.5,13.82,10.5,28.04,20.78,29.49,12.45,76.55,143.91,64.54,30.42,135.41,76.37,293.06,187.01,127.89,132.54
2019-06-20,30.92,84.82,106.88,48.75,14.17,10.65,28.12,20.95,29.71,12.58,77.83,145.98,65.5,30.62,136.18,76.74,295.86,188.75,131.11,132.89
2019-06-21,30.86,84.82,106.84,48.75,14.12,10.61,28.0,20.8,29.39,12.54,77.08,144.72,64.98,30.5,135.71,77.08,294.0,188.47,131.98,131.43
2019-06-24,30.58,83.9,105.36,49.15,14.0,10.61,28.08,20.8,29.15,12.47,76.93,144.13,64.97,30.5,135.7,77.08,293.64,188.06,133.94,132.41
2019-06-25,30.34,83.27,103.96,48.45,13.86,10.5,27.31,20.41,28.59,12.35,76.35,143.33,64.61,30.32,134.96,76.64,290.76,184.83,134.2,132.82
2019-06-26,30.8,84.59,107.36,48.75,14.27,10.52,27.52,20.63,28.89,12.4,76.54,143.6,64.34,29.66,132.02,74.97,290.47,185.69,132.97,131.97
2019-06-27,30.58,83.98,107.08,48.6,14.19,10.61,28.14,21.0,29.61,12.52,76.61,144.25,64.37,29.7,132.2,75.05,291.5,186.4,132.84,132.9
2019-06-28,30.93,85.02,109.0,49.25,14.49,10.64,28.27,21.11,29.71,12.55,77.42,145.8,64.94,29.82,132.93,75.39,293.0,186.64,133.2,132.81
2019-07-01,30.96,85.17,108.8,49.35,14.45,10.72,28.81,21.48,30.1,12.65,77.49,146.3,64.61,29.74,132.56,75.25,295.66,189.16,130.62,132.24
2019-07-02,30.46,83.64,104.96,49.45,13.97,10.75,29.07,21.27,30.15,12.69,77.39,145.93,65.13,30.15,134.2,76.15,296.43,189.91,133.41,133.26
2019-07-03,30.59,84.08,104.72,49.9,14.01,10.85,29.21,21.56,30.2,12.77,77.82,146.62,65.49,30.35,135.15,76.7,298.8,191.34,133.63,134.21
2019-07-05,30.63,84.25,106.04,50.25,14.22,10.85,29.26,21.59,30.44,12.7,77.51,146.07,65.55,30.34,135.11,76.66,298.46,190.95,132.14,132.43
2019-07-08,30.67,84.16,104.72,50.05,14.01,10.84,29.19,21.37,30.28,12.65,76.87,144.92,65.05,30.39,135.21,76.75,296.82,189.61,131.29,132.61
2019-07-09,30.7,84.3,104.96,49.9,14.0,10.84,29.03,21.51,30.19,12.61,76.7,144.56,65.44,30.42,135.3,76.79,297.19,190.56,131.75,132.56
2019-07-10,31.09,85.56,107.2,50.4,14.32,10.85,29.06,21.56,30.19,12.71,76.52,144.2,65.38,30.5,135.67,77.01,298.61,192.46,133.83,131.83
2019-07-11,31.15,85.5,106.0,50.7,14.01,10.83,28.36,21.28,29.83,12.64,77.04,144.83,65.67,30.5,135.61,76.98,299.31,192.32,132.7,130.07
2019-07-12,31.28,85.82,106.72,50.6,14.06,10.78,28.75,21.64,30.29,12.66,78.39,147.35,66.35,30.31,134.86,76.56,300.65,193.43,133.53,130.22
2019-07-15,31.0,84.95,103.84,50.55,13.72,10.75,28.78,21.67,30.17,12.64,78.07,146.92,65.91,30.42,135.25,76.76,300.75,194.05,133.53,130.97
2019-07-16,30.67,83.89,101.8,50.55,13.4,10.74,28.77,21.73,30.09,12.63,78.57,147.85,66.03,30.25,134.57,76.33,299.71,193.05,132.4,130.58
2019-07-17,30.32,82.83,98.6,50.35,13.02,10.78,28.9,21.73,30.13,12.6,76.89,144.92,65.23,30.36,135.06,76.69,297.74,192.1,134.58,131.99
2019-07-18,30.33,82.73,97.8,49.85,12.89,10.85,28.93,21.8,30.12,12.61,77.03,145.25,65.23,30.63,136.2,77.25,298.83,192.32,136.48,132.0
2019-07-19,30.47,83.18,99.04,49.9,13.0,10.8,29.04,21.96,30.2,12.63,77.45,145.77,65.52,30.18,134.2,76.13,297.17,190.91,134.47,131.69
2019-07-22,30.61,83.57,99.36,50.55,13.04,10.84,29.0,21.94,30.16,12.61,77.51,145.91,65.67,30.12,133.84,75.98,297.9,192.43,134.45,131.94
2019-07-23,30.69,83.93,100.36,50.55,13.13,10.76,28.67,22.15,30.24,12.62,78.49,147.77,66.1,29.93,133.24,75.56,300.03,193.69,133.69,131.22
2019-07-24,30.82,84.2,101.0,50.6,13.14,10.78,28.61,22.53,30.6,12.66,78.83,148.87,66.78,29.95,133.26,75.57,301.44,195.05,134.37,131.79
2019-07-25,30.47,83.15,98.0,50.3,12.64,10.72,28.26,21.99,29.99,12.5,78.67,148.14,66.87,29.88,132.98,75.36,300.0,193.2,133.42,131.16
2019-07-26,30.32,82.72,96.84,49.95,12.32,10.74,28.51,22.12,30.25,12.54,78.5,148.24,66.81,29.99,133.47,75.73,302.01,195.19,133.64,131.47
2019-07-29,30.2,82.25,95.04,49.25,12.07,10.75,28.74,22.11,30.19,12.55,78.36,147.57,66.77,30.15,134.18,76.02,301.46,194.52,134.53,131.51
2019-07-30,30.54,83.38,99.88,49.35,12.83,10.63,28.89,22.27,30.43,12.46,78.7,148.26,66.62,29.92,133.37,75.53,300.72,193.68,134.98,131.83
2019-07-31,30.44,82.97,100.12,49.15,12.94,10.73,29.51,22.23,30.44,12.48,77.82,146.93,66.15,29.77,132.65,75.22,297.43,191.0,133.21,132.89
2019-08-01,29.75,80.87,93.88,48.55,12.17,10.75,30.37,21.97,30.41,12.45,76.31,144.05,65.45,30.08,133.95,75.87,294.84,190.05,136.41,135.26
2019-08-02,29.32,79.74,92.8,47.9,12.12,10.77,30.38,21.79,30.12,12.44,75.82,142.99,64.89,30.08,133.98,75.89,292.62,187.25,135.89,136.51
2019-08-05,28.45,77.23,88.96,46.9,11.58,10.38,28.64,20.86,28.85,12.0,73.72,139.01,63.52,29.65,131.75,74.74,283.82,180.64,137.79,138.87
2019-08-06,28.42,77.2,87.64,46.6,11.38,10.52,29.35,21.21,29.32,12.15,74.83,141.18,65.07,30.01,133.35,75.59,287.8,183.16,138.91,139.98
2019-08-07,28.2,76.53,87.44,46.0,11.33,10.79,31.04,21.66,29.96,12.27,74.79,141.06,65.51,30.09,133.71,75.79,287.97,184.15,141.02,140.03
2019-08-08,29.01,78.7,90.0,45.45,11.58,10.99,31.58,22.08,30.66,12.44,76.06,143.57,67.04,30.4,135.26,76.67,293.62,188.16,141.73,140.33
2019-08-09,28.69,77.74,89.16,45.2,11.46,10.94,30.81,21.77,30.16,12.32,75.42,142.05,66.69,30.43,135.13,76.64,291.62,186.39,141.26,140.05
2019-08-12,28.35,76.73,87.8,44.75,11.33,10.85,30.32,21.36,29.66,12.18,74.38,140.12,65.85,30.38,134.96,76.48,288.07,184.25,142.63,142.97
2019-08-13,28.61,77.58,88.36,45.0,11.37,10.96,30.31,21.77,29.81,12.14,75.27,141.65,66.3,30.4,135.17,76.53,292.55,188.29,141.78,142.48
2019-08-14,27.49,74.3,83.88,44.5,10.79,10.68,29.09,20.95,28.7,11.81,72.97,137.4,64.6,30.15,133.91,75.91,283.9,182.66,142.75,145.69
2019-08-15,27.32,73.92,83.12,44.25,10.74,10.62,28.92,20.85,28.69,11.78,72.89,137.32,65.08,30.53,135.69,76.84,284.65,182.45,143.7,147.31
2019-08-16,27.68,75.06,85.76,44.85,11.15,10.78,29.81,21.34,29.4,11.92,74.3,139.92,65.93,30.69,136.49,77.33,288.85,185.38,142.78,146.13
2019-08-19,28.29,76.86,89.28,45.5,11.54,10.91,30.67,21.72,29.85,12.07,75.0,141.34,66.56,30.89,137.31,77.77,292.33,188.33,141.11,144.04
2019-08-20,28.06,76.17,88.56,45.65,11.41,10.91,30.96,21.63,29.76,12.11,74.56,140.36,66.49,30.83,137.08,77.65,290.09,186.87,142.21,145.53
2019-08-21,28.24,76.74,88.96,45.9,11.39,11.07,31.72,21.61,29.98,12.19,75.02,141.38,67.02,31.04,137.94,78.12,292.45,188.53,141.76,144.56
2019-08-22,28.11,76.21,87.88,45.35,11.15,10.95,30.99,21.48,29.53,12.11,75.13,141.36,67.35,31.07,138.06,78.23,292.36,187.92,141.4,143.6
2019-08-23,27.17,73.61,83.72,44.15,10.67,10.69,30.05,20.81,28.69,11.84,73.12,137.53,65.72,30.74,136.44,77.31,284.85,181.97,144.17,145.96
2019-08-26,27.28,73.87,83.6,44.15,10.73,10.9,30.76,20.93,29.12,11.95,73.66,138.53,66.21,31.09,138.12,78.28,288.0,184.72,144.19,145.37
2019-08-27,27.11,73.29,82.4,43.75,10.66,10.82,30.35,20.76,28.77,11.95,73.28,137.76,65.93,31.15,138.11,78.27,286.87,184.33,145.57,147.61
2019-08-28,27.5,74.56,85.0,45.0,11.05,10.83,30.5,20.93,29.0,11.97,74.18,139.36,66.52,31.07,137.99,78.19,288.89,184.99,145.16,147.8
2019-08-29,27.91,75.76,87.88,45.4,11.42,10.9,30.54,21.19,29.24,12.05,75.45,141.81,67.56,31.28,138.99,78.75,292.58,187.82,144.12,147.24
2019-08-30,27.91,75.74,86.28,45.45,11.17,10.87,30.55,21.25,29.31,12.07,75.76,142.38,67.8,31.29,139.06,78.81,292.45,187.37,143.75,147.28
2019-09-03,27.77,75.29,84.64,45.15,10.96,10.94,29.76,20.86,28.68,12.06,74.73,140.45,67.16,31.84,141.4,80.14,290.74,185.55,145.75,147.21
2019-09-04,28.16,76.4,86.88,45.35,11.32,11.1,30.39,21.23,29.15,12.2,75.68,142.11,68.01,31.88,141.62,80.19,294.04,188.23,146.66,147.43
2019-09-05,28.51,77.55,89.16,45.6,11.58,11.1,30.12,21.6,29.52,12.28,77.04,144.78,68.46,31.53,140.09,79.39,297.82,191.68,143.14,144.76
2019-09-06,28.66,77.78,88.84,45.1,11.44,11.0,29.74,21.59,29.5,12.26,77.2,145.01,68.61,31.41,139.57,79.07,298.05,191.49,141.92,145.79
2019-09-09,29.23,79.62,93.84,45.65,12.12,10.97,29.27,21.56,29.57,12.26,77.43,145.65,67.47,31.25,138.86,78.69,298.2,191.09,141.39,143.2
2019-09-10,29.58,80.6,94.68,46.05,12.15,10.9,29.06,21.65,29.82,12.26,78.14,146.84,67.22,31.29,138.87,78.7,298.13,190.54,140.18,140.69
2019-09-11,29.6,80.76,94.96,46.15,12.22,11.05,29.82,22.05,30.46,12.38,78.87,148.56,67.8,31.6,140.42,79.52,300.25,192.33,141.03,140.44
2019-09-12,29.42,80.18,93.0,45.9,11.97,11.0,29.35,21.91,30.28,12.44,78.92,148.6,68.24,31.67,140.7,79.71,301.29,193.13,141.32,139.52
2019-09-13,29.65,80.8,93.68,46.85,12.19,11.02,29.59,22.04,30.64,12.48,79.35,149.32,68.35,31.47,139.99,79.3,301.09,192.44,140.15,136.54
2019-09-16,30.65,84.06,103.8,47.2,13.55,11.08,30.18,22.01,30.94,12.53,79.28,149.21,69.04,31.5,140.0,79.31,300.16,191.58,141.32,138.28
2019-09-17,30.22,82.48,98.28,47.35,12.9,11.2,31.19,22.23,31.25,12.59,79.24,149.15,69.36,31.77,141.15,80.02,300.92,192.5,141.6,139.03
2019-09-18,30.08,81.92,96.76,47.25,12.66,11.2,31.16,22.22,31.16,12.62,79.12,148.82,69.48,31.91,141.91,80.38,301.1,192.42,140.71,139.62
2019-09-19,30.0,81.46,94.84,47.35,12.45,11.39,32.06,22.44,31.46,12.67,78.72,148.08,69.17,32.06,142.37,80.71,301.08,192.74,141.28,140.04
2019-09-20,29.75,81.64,95.16,47.2,12.47,11.38,32.13,22.28,31.32,12.65,77.81,147.28,68.47,31.93,142.79,80.88,298.28,190.7,142.95,141.89
2019-09-23,29.76,81.67,94.84,47.1,12.43,11.34,32.3,22.47,31.33,12.59,77.66,146.96,68.12,31.94,143.06,81.02,298.21,190.4,143.75,141.86
2019-09-24,29.29,80.3,92.2,46.6,12.03,11.23,31.13,21.77,30.27,12.43,77.22,145.84,67.85,32.31,144.51,81.33,295.87,187.87,144.51,143.57
2019-09-25,29.34,80.35,92.32,46.05,11.93,11.17,31.33,21.83,30.49,12.36,77.72,147.23,68.45,32.29,144.54,81.31,297.62,189.98,141.83,141.47
2019-09-26,28.95,78.64,90.52,45.85,11.63,11.07,30.21,21.64,29.84,12.28,77.83,146.5,68.53,32.47,144.05,81.66,297.0,189.28,141.79,142.38
2019-09-27,28.95,78.49,90.04,45.6,11.59,10.83,29.21,21.25,29.21,12.13,77.52,145.67,67.61,32.35,143.58,81.42,295.4,186.93,141.06,142.73
2019-09-30,28.74,78.02,89.44,45.7,11.46,10.9,29.37,21.41,29.17,12.17,77.63,146.07,67.7,32.37,143.65,81.42,296.77,188.71,138.87,143.08
2019-10-01,28.08,76.18,86.2,45.5,11.03,10.86,28.86,21.04,28.51,12.04,75.77,142.73,66.19,32.29,143.16,81.19,293.24,187.17,139.63,143.26
2019-10-02,27.39,74.19,83.8,45.05,10.74,10.68,28.59,20.64,28.2,11.92,74.34,140.16,65.31,31.86,141.33,80.09,288.06,183.95,141.26,143.61
2019-10-03,27.68,75.12,85.08,45.05,10.93,10.8,28.99,20.73,28.28,11.99,74.83,140.78,65.74,31.94,141.63,80.28,290.42,185.97,141.9,144.92
2019-10-04,27.86,75.53,84.96,45.25,10.9,11.05,29.6,21.02,28.7,12.19,75.61,142.3,66.43,32.38,143.74,81.5,294.35,188.71,141.9,145.99
2019-10-07,27.61,74.77,83.92,44.8,10.72,10.99,29.28,21.0,28.63,12.11,75.23,141.65,66.24,32.26,143.05,81.12,293.08,188.14,140.69,144.78
2019-10-08,27.14,73.38,81.52,44.2,10.32,10.9,29.29,20.75,28.43,12.03,74.07,139.34,65.61,31.96,141.62,80.37,288.53,185.32,141.92,145.17
2019-10-09,27.39,74.11,82.16,43.9,10.3,10.98,29.15,20.85,28.47,12.09,74.7,140.67,66.06,32.12,142.38,80.7,291.27,187.13,142.05,144.35
2019-10-10,27.73,75.04,83.0,44.05,10.36,10.99,29.55,21.03,28.87,12.2,75.38,141.79,66.44,32.08,142.26,80.64,293.24,188.58,140.81,142.2
2019-10-11,28.1,76.25,85.04,44.1,10.59,11.04,29.79,21.28,29.1,12.32,76.8,144.52,66.93,31.96,141.92,80.44,296.28,191.01,140.03,140.44
2019-10-14,28.09,75.96,83.92,43.65,10.4,11.0,29.8,21.24,28.88,12.24,76.65,144.13,66.85,31.75,140.89,79.95,295.95,190.99,140.59,141.46
2019-10-15,28.21,76.34,84.0,43.85,10.45,10.88,29.5,21.39,29.0,12.35,77.27,145.33,67.0,31.66,140.42,79.66,298.88,193.42,139.61,139.75
2019-10-16,27.81,75.35,83.4,43.6,10.34,10.83,29.11,21.27,28.73,12.35,77.23,145.33,66.93,31.73,140.82,79.84,298.4,192.94,140.41,139.92
2019-10-17,27.83,75.38,83.8,43.3,10.37,10.9,29.06,21.43,29.07,12.4,77.61,146.14,66.8,31.81,141.23,80.01,299.28,193.45,140.61,139.58
2019-10-18,27.69,74.85,82.24,43.55,10.05,10.95,29.0,21.43,29.2,12.46,76.94,145.31,65.9,31.91,141.72,80.31,297.97,191.59,140.46,139.58
2019-10-21,28.18,76.21,82.84,43.55,10.14,11.08,29.66,21.6,29.48,12.51,77.4,146.12,65.92,32.03,142.21,80.6,299.99,193.29,139.79,138.53
2019-10-22,28.55,77.19,84.2,43.55,10.27,10.92,28.75,21.44,29.04,12.46,78.01,147.12,65.96,32.17,142.73,80.94,299.01,191.75,140.2,139.34
2019-10-23,28.78,77.88,85.84,43.4,10.52,10.89,29.07,21.34,29.15,12.51,78.0,147.29,66.0,32.3,143.33,81.23,299.88,192.12,140.53,139.48
2019-10-24,28.66,77.46,85.56,43.25,10.47,10.9,29.26,21.86,29.58,12.57,78.11,147.32,66.79,32.41,143.77,81.46,300.37,193.99,141.53,139.2
2019-10-25,28.9,78.18,87.36,43.25,10.73,10.83,29.02,22.0,29.59,12.56,78.6,148.3,66.53,32.08,142.23,80.66,301.6,195.54,141.86,138.52
2019-10-28,28.73,77.7,86.76,42.9,10.55,10.88,29.12,22.23,29.77,12.66,78.82,148.65,66.79,31.64,140.46,79.58,303.3,197.47,140.64,137.26
2019-10-29,28.85,78.0,88.2,42.7,10.88,10.85,29.19,22.1,29.68,12.63,79.08,149.23,67.26,31.67,140.53,79.7,303.21,195.94,140.25,137.35
2019-10-30,28.26,76.35,84.92,42.8,10.46,10.66,28.07,21.75,29.22,12.62,79.36,149.48,67.85,31.95,141.9,80.33,304.14,196.89,141.02,139.36
2019-10-31,28.14,75.97,84.48,42.7,10.43,10.66,28.09,21.88,29.02,12.56,78.51,148.08,67.34,32.13,142.41,80.7,303.33,196.98,142.43,141.24
2019-11-01,28.78,77.87,87.4,43.15,10.76,10.7,28.18,22.09,29.54,12.68,80.22,151.12,68.15,32.04,142.17,80.58,306.14,198.77,142.56,140.56
2019-11-04,29.72,80.43,91.64,43.75,11.41,10.64,27.77,22.4,29.78,12.73,81.15,152.88,67.91,31.64,140.33,79.56,307.37,199.99,142.15,138.71
2019-11-05,29.76,80.74,91.76,43.0,11.45,10.63,28.2,22.66,30.25,12.8,81.32,153.27,67.86,31.31,138.91,78.78,307.03,200.1,139.85,137.15
2019-11-06,29.15,78.82,88.96,42.5,11.21,10.57,27.96,22.52,30.0,12.79,81.37,153.14,68.33,31.43,139.38,78.91,307.1,199.66,140.45,137.98
2019-11-07,29.59,80.04,90.76,41.9,11.4,10.55,27.8,22.49,30.12,12.8,81.65,153.65,68.41,31.0,137.55,77.95,308.18,200.32,138.27,135.48
2019-11-08,29.46,79.73,91.36,41.8,11.48,10.59,27.84,22.53,30.21,12.84,81.76,153.81,68.81,30.88,136.97,77.62,308.94,201.12,137.39,134.91
2019-11-11,29.3,79.19,89.32,41.2,11.08,10.7,28.06,22.57,30.41,12.88,81.8,153.91,69.06,30.68,136.01,77.06,308.35,200.85,137.06,135.0
2019-11-12,29.15,78.74,89.0,41.0,11.03,10.61,27.93,22.65,30.6,12.91,81.79,154.04,69.27,30.76,136.29,77.19,309.0,201.43,137.43,135.62
2019-11-13,29.02,78.17,87.6,40.7,10.86,10.6,27.42,22.39,30.02,12.88,81.45,153.3,69.24,31.22,138.15,78.33,309.1,201.48,137.98,136.5
2019-11-14,28.94,77.96,86.76,39.65,10.74,10.69,27.71,22.49,30.41,12.94,81.71,153.79,69.58,31.33,138.7,78.61,309.55,201.32,138.56,137.91
2019-11-15,29.17,78.61,87.84,40.1,10.95,10.75,27.85,22.72,30.89,13.06,82.31,154.87,70.09,31.42,139.1,78.86,311.79,202.8,138.21,137.76
2019-11-18,28.81,77.51,85.12,39.2,10.47,10.67,27.55,22.62,30.77,13.07,82.0,154.31,70.0,31.49,139.21,78.96,312.02,202.96,138.62,138.01
2019-11-19,28.39,76.23,82.36,38.55,10.15,10.69,27.78,22.72,30.66,13.04,81.93,154.24,69.85,31.41,139.03,78.78,311.93,203.26,138.69,139.16
2019-11-20,28.67,76.99,82.8,38.7,10.25,10.59,27.51,22.45,30.35,13.0,81.28,153.16,69.75,31.6,139.77,79.3,310.77,202.04,138.76,140.6
2019-11-21,29.14,78.21,84.0,39.7,10.38,10.61,27.33,22.4,30.11,12.95,81.25,152.71,69.1,31.49,139.33,78.94,310.27,201.59,138.0,139.72
2019-11-22,29.05,77.98,84.2,39.85,10.51,10.6,27.42,22.3,30.25,13.0,81.67,153.55,69.02,31.5,139.42,79.05,310.96,201.72,137.74,139.9
2019-11-25,29.08,78.28,84.92,40.2,10.63,10.8,27.79,22.72,30.82,13.16,82.26,154.86,69.12,31.4,139.01,78.75,313.37,204.11,137.08,140.31
2019-11-26,28.81,77.33,82.8,39.5,10.29,10.84,27.85,22.7,30.91,13.16,82.5,155.5,69.61,31.5,139.54,79.08,314.08,204.5,137.74,141.13
2019-11-27,28.88,77.62,83.4,39.4,10.44,10.98,28.28,23.18,31.38,13.24,82.42,155.47,69.78,31.56,139.82,79.21,315.48,205.93,137.01,140.72
2019-11-29,28.59,76.79,81.44,39.15,10.16,11.01,27.99,22.94,31.15,13.18,82.04,154.43,69.42,31.52,139.59,79.06,314.31,204.99,137.86,140.42
2019-12-02,28.59,76.85,81.48,38.85,10.1,11.01,27.88,22.84,30.97,13.14,80.69,152.26,68.25,31.32,138.47,78.45,311.64,202.89,137.79,138.31
2019-12-03,28.16,75.71,80.16,38.4,9.96,11.09,28.26,22.8,30.75,13.18,79.81,150.67,68.05,31.41,138.99,78.78,309.55,201.3,139.11,141.21
2019-12-04,28.59,76.88,82.64,38.55,10.31,11.16,28.51,22.97,30.97,13.33,80.12,151.11,68.22,31.65,139.95,79.31,311.46,202.32,138.92,139.8
2019-12-05,28.45,76.57,81.96,38.55,10.2,11.12,28.39,22.87,30.83,13.28,80.14,151.42,68.28,31.7,140.08,79.43,312.02,202.72,139.0,139.12
2019-12-06,28.99,78.1,84.92,38.75,10.57,11.22,28.77,23.11,31.2,13.41,81.11,153.28,68.69,31.6,139.84,79.27,314.87,204.89,137.62,138.35
2019-12-09,28.96,78.04,85.48,39.8,10.8,11.17,28.66,23.02,30.96,13.39,80.8,152.69,68.27,31.5,139.29,78.86,313.88,203.96,137.58,138.65
2019-12-10,29.02,78.31,86.08,40.95,10.92,11.09,28.53,23.05,30.86,13.43,80.7,152.3,68.21,31.49,139.28,78.89,313.53,203.79,137.97,138.66
2019-12-11,28.97,78.14,85.56,40.9,10.83,11.24,29.0,23.34,31.31,13.51,81.21,153.44,68.69,31.58,139.74,79.18,314.42,204.87,138.92,139.75
2019-12-12,29.5,79.75,88.8,41.25,11.29,11.33,29.57,23.63,31.96,13.66,81.93,154.64,68.82,31.44,139.09,78.85,317.13,206.4,138.43,137.45
2019-12-13,29.28,79.12,87.04,40.65,10.88,11.38,29.7,23.63,32.13,13.68,81.71,154.17,68.8,31.68,140.26,79.45,317.32,207.08,139.05,139.04
2019-12-16,29.67,79.43,89.52,41.5,11.22,11.53,30.33,24.0,32.58,13.88,81.67,153.66,68.65,32.08,140.93,79.96,319.5,209.16,139.04,137.79
2019-12-17,29.69,79.72,91.88,42.25,11.5,11.58,30.44,24.12,33.15,14.0,81.59,153.59,68.4,32.19,141.32,80.2,319.57,209.28,139.01,137.6
2019-12-18,29.8,80.04,92.44,42.65,11.68,11.56,30.4,24.3,33.27,13.98,81.25,152.92,67.91,32.31,142.08,80.58,319.59,209.44,139.02,136.47
2019-12-19,29.79,80.14,93.6,42.35,11.88,11.58,30.61,24.37,33.2,13.98,81.47,153.24,68.32,32.33,141.96,80.5,320.9,210.75,139.38,136.47
2019-12-20,29.79,80.73,92.88,43.0,11.74,11.62,30.68,24.52,33.5,14.07,81.44,154.1,68.84,32.29,143.04,81.11,320.73,211.6,139.52,136.65
2019-12-23,30.09,81.73,94.88,43.05,12.08,11.71,30.69,24.73,33.65,14.03,82.11,154.95,69.18,32.0,141.55,80.27,321.22,211.7,139.95,136.45
2019-12-24,30.08,81.73,94.8,43.0,12.09,11.74,30.78,24.75,33.76,14.04,81.78,154.43,68.95,32.04,141.62,80.36,321.23,211.81,141.27,136.84
2019-12-26,30.07,81.67,95.16,43.55,12.13,11.81,31.12,24.96,33.99,14.15,81.97,154.86,68.92,32.1,141.86,80.44,322.94,213.68,142.38,137.17
2019-12-27,29.94,81.21,93.56,42.85,11.86,11.77,30.87,24.8,33.55,14.16,81.9,154.59,68.73,32.19,142.25,80.66,322.86,213.5,142.33,137.32
2019-12-30,29.85,80.98,93.44,42.2,11.85,11.71,30.7,24.85,33.94,14.24,81.52,154.03,68.57,32.19,142.25,80.64,321.08,212.1,142.63,136.82
2019-12-31,30.02,81.49,94.8,42.5,12.06,11.75,30.8,24.89,34.23,14.3,81.47,153.88,68.37,32.31,142.89,81.03,321.86,212.5,142.9,135.48
2020-01-02,30.29,82.19,94.64,43.05,11.89,11.93,31.94,25.29,34.85,14.54,83.01,156.4,69.7,31.91,141.12,80.02,324.87,216.05,143.95,137.01
2020-01-03,30.2,82.01,96.12,43.5,12.14,11.87,31.73,25.34,34.76,14.43,82.85,156.26,70.6,31.97,141.16,80.08,322.41,214.07,145.86,139.12
2020-01-06,30.43,82.78,96.76,44.1,12.26,11.84,31.45,25.29,35.02,14.43,82.88,156.25,70.69,32.0,141.44,80.19,323.64,215.45,147.39,138.33
2020-01-07,30.35,82.49,97.92,44.2,12.46,11.81,31.73,25.55,35.08,14.45,82.71,155.97,70.81,31.95,141.08,80.09,322.73,215.42,147.97,137.65
2020-01-08,29.85,80.95,94.2,44.05,11.97,11.91,32.07,25.83,35.33,14.55,82.99,156.44,70.62,31.94,141.08,80.08,324.45,217.04,146.86,136.74
2020-01-09,30.08,81.45,93.76,43.8,11.83,11.93,32.54,25.76,35.64,14.65,83.34,157.0,71.42,32.12,141.72,80.44,326.65,218.88,146.03,137.22
2020-01-10,29.91,80.84,92.88,43.55,11.73,11.95,32.42,25.68,35.65,14.68,82.75,156.02,70.86,32.2,142.08,80.64,325.71,218.32,146.91,138.44
2020-01-13,29.92,80.88,91.56,43.85,11.58,12.13,33.14,26.48,36.68,15.05,83.43,157.35,71.71,32.4,143.07,81.12,327.95,220.83,145.82,138.02
2020-01-14,29.92,80.93,92.56,44.35,11.73,12.23,33.44,26.69,37.15,15.09,83.44,157.32,71.51,32.49,143.46,81.38,327.45,219.96,145.69,138.73
2020-01-15,29.7,80.4,91.48,44.35,11.64,12.25,33.16,26.59,37.29,15.17,83.57,157.63,71.92,32.94,145.45,82.51,328.19,220.05,146.54,139.65
2020-01-16,29.75,80.44,90.96,44.4,11.59,12.35,33.42,26.74,37.69,15.33,84.4,159.4,72.58,33.15,146.37,83.02,330.92,222.16,146.31,139.21
2020-01-17,29.56,79.92,89.48,44.2,11.38,12.49,33.67,26.91,38.02,15.4,84.41,159.25,72.5,33.38,147.35,83.57,331.95,223.26,146.58,138.02
2020-01-21,29.03,78.19,86.52,43.2,10.88,12.43,33.66,27.13,38.21,15.4,83.48,157.75,72.19,33.69,148.49,84.19,331.3,223.16,146.74,139.47
2020-01-22,28.75,77.46,84.6,42.35,10.62,12.39,33.35,27.04,37.53,15.31,83.04,156.93,71.91,33.79,148.93,84.5,331.34,223.75,146.79,139.96
2020-01-23,28.64,77.06,83.2,42.2,10.48,12.42,33.46,27.19,37.61,15.3,83.94,158.24,72.33,34.09,150.22,85.25,331.72,224.47,147.12,140.94
2020-01-24,28.31,76.12,81.76,41.5,10.21,12.43,33.38,26.89,37.37,15.25,83.55,157.42,72.24,34.18,150.56,85.47,328.77,222.58,147.98,142.08
2020-01-27,27.52,73.91,78.8,41.0,9.89,12.13,31.92,26.09,35.95,14.85,81.97,154.65,71.66,34.1,150.07,85.2,323.5,217.99,148.99,144.29
2020-01-28,27.65,74.38,79.88,41.05,9.97,12.38,32.75,26.66,36.81,15.11,82.5,155.81,72.18,34.24,150.7,85.45,326.89,221.33,147.66,143.16
2020-01-29,27.36,73.58,78.2,40.95,9.76,12.44,33.07,26.6,36.64,15.08,82.94,156.32,72.07,34.33,151.04,85.69,326.62,221.69,148.46,144.56
2020-01-30,27.58,74.05,78.52,40.6,9.74,12.31,33.09,26.88,36.64,14.97,83.03,156.43,72.2,34.65,152.35,86.47,327.68,222.48,148.47,144.58
2020-01-31,26.72,71.87,76.64,40.1,9.53,12.12,32.15,26.36,35.96,14.76,81.11,152.95,70.67,34.49,151.6,86.11,321.73,218.95,149.33,145.9
2020-02-03,26.37,70.99,75.32,39.8,9.4,12.28,32.59,27.2,36.94,14.96,81.08,153.1,70.83,34.6,152.21,86.34,324.12,222.26,148.36,145.54
2020-02-04,26.47,71.15,75.6,40.45,9.43,12.7,34.2,28.72,38.74,15.47,82.61,155.93,72.02,34.26,150.8,85.5,329.06,227.35,146.43,143.58
2020-02-05,27.46,73.89,79.72,40.95,9.93,12.86,34.77,28.06,38.86,15.59,83.99,158.53,72.84,34.4,151.5,85.88,332.86,228.1,146.61,142.01
2020-02-06,27.18,73.06,78.24,40.35,9.75,12.9,35.14,28.17,39.02,15.67,84.26,158.59,73.23,34.4,151.6,85.89,333.98,230.07,147.4,142.65
2020-02-07,26.99,72.42,76.84,40.05,9.57,12.76,34.79,27.71,38.33,15.49,83.65,157.42,73.09,34.29,151.08,85.65,332.2,229.08,147.79,144.43
2020-02-10,26.85,71.85,74.92,39.3,9.27,12.8,35.19,28.04,38.99,15.64,84.12,158.17,73.36,34.42,151.58,85.98,334.68,231.85,148.17,144.83
2020-02-11,27.16,72.6,75.28,39.7,9.32,13.13,36.59,28.6,39.95,15.97,84.44,158.93,73.61,34.55,152.1,86.31,335.26,231.89,147.66,144.1
2020-02-12,27.52,73.65,76.28,40.45,9.45,13.42,38.34,29.05,41.41,16.25,85.23,160.43,73.86,34.58,152.31,86.33,337.42,234.15,147.54,143.37
2020-02-13,27.43,73.34,75.8,39.2,9.38,13.35,37.67,29.2,41.13,16.15,84.75,159.78,73.7,34.96,153.98,87.22,337.06,233.85,148.38,143.92
2020-02-14,27.29,72.99,75.12,39.25,9.22,13.34,37.51,29.07,41.15,16.23,84.64,159.59,73.57,35.19,155.03,87.82,337.6,234.52,149.0,144.55
2020-02-18,27.07,72.38,74.32,39.15,9.21,13.39,37.7,29.51,41.57,16.32,84.16,158.78,73.48,35.49,156.1,88.53,336.73,234.61,150.91,145.54
2020-02-19,27.42,73.35,76.52,38.85,9.44,14.14,40.74,30.82,44.25,16.95,84.13,158.93,73.36,35.1,154.64,87.67,338.34,236.86,151.79,145.53
2020-02-20,27.4,73.37,76.8,38.6,9.44,14.24,41.86,31.11,44.75,16.92,84.01,158.81,72.91,35.23,155.05,87.86,336.95,234.66,152.41,146.67
2020-02-21,27.07,72.36,75.2,38.25,9.23,14.11,40.77,30.48,43.47,16.74,83.59,158.09,72.76,35.17,154.81,87.72,333.48,230.15,154.7,148.04
2020-02-24,25.82,68.89,70.6,37.3,8.75,13.61,39.24,29.2,41.65,16.0,81.21,153.33,70.83,34.76,152.86,86.68,322.42,221.27,156.09,150.25
2020-02-25,24.68,65.86,66.88,35.45,8.26,13.24,37.82,28.15,40.56,15.67,77.9,147.22,67.53,34.03,149.62,84.78,312.65,215.26,153.3,151.05
2020-02-26,23.93,63.83,63.48,34.65,7.83,13.06,37.9,27.83,40.14,15.61,77.31,145.78,67.25,33.68,148.02,83.91,311.5,216.37,153.97,150.25
2020-02-27,22.66,60.27,59.32,33.15,7.35,12.56,36.49,26.22,37.59,14.83,74.44,140.42,64.57,32.17,141.26,80.23,297.51,205.53,154.0,151.88
2020-02-28,22.64,61.13,61.52,33.35,7.61,12.56,36.47,26.2,37.62,14.65,73.08,138.81,63.51,31.09,136.46,77.13,296.26,205.69,148.38,155.31
2020-03-02,23.55,62.79,61.48,34.35,7.66,12.69,36.99,27.32,38.64,15.19,75.65,142.72,65.61,32.92,144.1,81.87,309.09,216.31,149.2,153.94
2020-03-03,22.83,60.81,59.44,33.65,7.39,12.79,37.13,27.25,38.5,15.3,73.8,139.23,64.81,32.51,142.63,80.89,300.24,209.37,153.89,156.33
2020-03-04,23.37,62.04,59.6,33.5,7.41,13.28,38.52,27.86,39.66,15.7,76.85,145.04,67.36,34.36,150.38,85.43,312.86,218.11,154.16,154.67
2020-03-05,22.51,59.67,57.12,32.5,7.15,13.14,38.33,27.39,39.14,15.38,73.09,138.24,63.93,33.83,148.11,84.0,302.46,211.48,157.49,158.52
2020-03-06,21.25,56.14,51.64,30.25,6.48,12.74,36.88,26.68,37.54,14.97,72.45,136.53,62.93,33.56,146.89,83.36,297.46,207.91,157.55,166.77
2020-03-09,16.97,45.01,32.6,21.75,4.63,11.3,31.93,23.69,33.16,13.72,65.77,124.09,57.66,31.73,138.72,78.57,274.23,193.47,157.81,171.29
2020-03-10,17.77,45.98,39.72,24.45,4.92,11.56,33.1,24.9,34.51,14.04,69.18,129.63,60.11,32.03,139.45,79.55,288.42,204.0,154.48,162.51
2020-03-11,16.83,43.25,37.28,23.25,4.52,10.85,30.97,23.23,31.96,13.28,65.12,121.76,56.09,30.42,132.23,75.52,274.36,195.12,153.93,156.53
2020-03-12,14.73,38.09,32.96,19.2,4.24,9.46,26.55,20.59,27.66,11.64,58.38,109.15,49.93,27.34,118.47,67.69,248.11,177.23,147.79,157.5
2020-03-13,16.09,41.57,37.84,21.05,4.86,9.96,27.17,21.26,28.53,12.91,62.94,117.44,52.96,28.83,125.16,71.73,269.32,192.24,143.28,153.94
2020-03-16,13.9,36.15,34.64,17.9,4.57,8.78,22.8,18.5,24.4,10.55,55.8,103.98,46.37,25.56,111.11,63.94,239.85,169.21,141.64,163.91
2020-03-17,14.0,36.18,34.12,16.6,4.43,9.47,24.5,19.37,26.2,11.1,58.37,107.95,47.86,28.83,125.56,71.69,252.8,182.04,143.56,152.98
2020-03-18,11.99,31.29,31.08,14.1,4.0,8.5,22.25,17.1,22.87,10.06,54.07,99.41,44.92,27.58,119.66,68.0,240.0,176.51,140.7,144.35
2020-03-19,12.81,33.32,33.12,16.15,4.28,8.7,23.0,18.12,24.2,10.22,54.11,100.73,44.89,25.97,114.0,64.88,240.51,177.57,138.04,148.28
2020-03-20,12.93,33.69,33.0,17.8,4.2,8.69,22.75,17.66,24.02,10.23,51.4,95.74,42.71,23.91,104.19,59.58,228.8,170.61,140.11,159.43
2020-03-23,11.78,31.4,30.16,15.65,3.92,8.33,22.22,17.25,23.38,10.13,48.77,91.89,41.14,22.47,98.62,56.5,222.95,170.37,146.3,166.0
2020-03-24,13.68,36.34,33.88,16.05,4.39,9.28,25.22,19.77,26.76,11.13,54.94,102.83,45.42,24.88,109.58,62.23,243.15,183.56,153.4,162.91
2020-03-25,14.32,37.8,34.28,16.95,4.4,9.74,26.4,20.8,27.93,11.58,57.83,107.93,48.6,25.51,112.46,63.62,246.79,182.2,151.3,162.54
2020-03-26,15.19,39.95,34.52,17.4,4.28,10.1,27.16,21.17,28.88,12.05,61.48,114.91,52.99,27.69,121.6,68.76,261.2,191.8,153.24,163.34
2020-03-27,14.16,37.27,32.12,16.2,3.96,9.49,24.97,19.98,26.73,11.45,58.89,109.91,50.89,27.84,122.38,69.27,253.42,185.2,152.25,167.7
2020-03-30,14.31,37.6,32.01,15.55,3.94,9.57,25.14,19.94,26.84,11.58,59.75,111.72,50.96,28.87,126.92,71.71,261.65,191.94,152.92,166.32
2020-03-31,14.53,38.22,32.9,17.2,4.15,9.55,25.23,20.05,26.81,11.57,59.01,110.31,49.87,27.7,121.93,69.05,257.75,190.3,148.05,164.97
2020-04-01,13.81,36.44,31.04,16.95,4.02,9.19,23.85,18.69,24.91,11.08,56.35,105.06,47.67,26.04,114.64,64.89,246.15,182.21,149.45,167.04
2020-04-02,15.07,39.64,33.66,17.75,4.36,9.27,24.52,18.63,25.21,11.16,57.1,106.47,48.05,26.85,118.15,66.73,251.83,185.91,151.9,168.1
2020-04-03,14.91,39.18,34.93,17.85,4.61,9.2,23.82,18.51,24.62,11.11,56.34,104.23,47.22,25.9,113.96,64.5,248.19,183.27,152.65,168.5
2020-04-06,15.7,41.22,36.73,17.95,4.79,9.82,25.72,20.17,26.6,11.76,60.24,111.81,51.09,27.9,122.75,69.36,264.86,196.38,156.88,168.06
2020-04-07,16.04,42.01,37.87,18.15,4.98,10.01,26.41,20.6,27.19,11.97,60.1,112.02,50.47,27.55,121.4,68.73,265.13,196.3,156.04,166.3
2020-04-08,17.11,44.86,41.3,18.65,5.42,10.3,27.49,21.39,28.58,12.24,62.28,116.32,52.38,29.05,127.67,72.23,274.03,200.46,154.65,165.09
2020-04-09,16.95,44.66,41.5,19.3,5.54,10.51,27.97,21.94,29.23,12.51,63.22,118.67,53.7,30.42,133.8,75.8,278.2,200.75,158.69,165.39
2020-04-13,16.9,44.53,41.9,19.9,5.72,10.43,27.61,22.16,28.92,12.45,61.37,114.92,52.14,29.45,129.56,73.27,275.66,202.92,161.41,163.88
2020-04-14,16.82,44.36,41.4,20.7,5.7,10.6,29.07,23.08,29.88,12.89,62.54,117.07,53.28,30.32,133.16,75.25,283.79,211.75,162.68,163.84
2020-04-15,16.03,42.34,40.3,20.0,5.59,10.26,27.99,22.31,28.71,12.46,60.81,113.53,51.97,29.32,128.4,72.72,277.76,209.32,161.85,168.18
2020-04-16,15.35,40.65,38.47,19.6,5.39,10.24,27.77,22.32,28.49,12.42,60.27,112.57,51.39,29.32,128.48,72.68,279.1,213.14,161.71,170.09
2020-04-17,16.98,44.76,42.36,21.15,5.82,10.52,28.9,23.09,29.65,12.77,63.1,117.8,54.33,30.26,132.8,75.03,286.64,215.18,158.57,167.81
2020-04-20,16.44,43.54,43.01,20.95,6.06,10.38,28.64,22.69,28.93,12.66,61.42,114.75,52.9,29.12,127.44,72.23,281.59,212.63,159.7,169.16
2020-04-21,16.16,42.9,43.59,21.45,6.21,10.02,27.59,21.58,27.94,12.35,59.97,111.82,51.15,28.64,125.74,71.14,273.04,204.78,158.61,171.29
2020-04-22,16.73,44.35,44.82,21.8,6.35,10.27,28.45,22.44,29.11,12.64,60.6,112.94,51.85,29.48,129.14,73.05,279.1,210.86,161.73,169.54
2020-04-23,17.27,45.8,46.58,23.15,6.59,10.31,28.94,22.63,29.61,12.7,61.08,114.05,51.97,28.98,127.18,71.92,279.08,210.41,163.34,170.44
2020-04-24,17.31,45.85,47.0,23.2,6.69,10.19,28.37,22.78,29.55,12.73,61.57,115.05,51.95,29.16,127.9,72.31,282.97,213.73,162.64,170.84
2020-04-27,17.68,46.85,48.03,23.4,6.74,10.41,28.86,23.88,30.78,13.05,63.1,118.25,53.08,29.47,129.43,73.2,287.05,215.45,161.56,167.66
2020-04-28,18.09,47.89,48.48,24.0,6.74,10.62,29.39,24.1,31.21,13.14,64.28,120.53,54.0,29.58,130.01,73.55,285.73,211.39,160.84,169.59
2020-04-29,19.43,51.46,53.73,26.05,7.49,11.06,31.19,25.54,33.12,13.67,65.51,123.68,55.4,29.31,129.28,73.03,293.21,218.89,161.73,168.71
2020-04-30,19.0,50.53,54.36,25.65,7.67,10.76,30.12,24.48,31.95,13.39,64.21,120.78,53.88,28.63,125.87,71.22,290.48,218.8,158.8,166.74
2020-05-01,17.92,47.52,50.01,24.35,7.1,10.39,28.8,23.25,30.11,12.9,62.27,116.95,52.43,27.94,122.93,69.5,282.79,212.63,159.78,167.95
2020-05-04,18.55,49.14,52.59,24.8,7.34,10.45,29.26,23.57,30.54,13.08,61.48,115.56,51.59,28.15,123.56,69.95,283.57,215.11,160.34,167.16
2020-05-05,18.56,49.23,51.75,24.85,7.23,10.55,29.38,23.68,30.61,13.19,61.72,116.18,51.78,28.38,124.82,70.5,286.19,217.55,161.02,166.09
2020-05-06,18.08,47.88,49.91,24.25,6.99,10.66,30.59,24.28,31.3,13.25,60.87,114.67,50.9,27.42,120.38,68.09,284.25,218.89,158.95,163.41
2020-05-07,18.55,48.98,50.65,23.45,7.05,10.78,30.87,24.63,31.71,13.4,61.58,116.21,51.47,27.52,121.13,68.42,287.68,221.7,161.39,166.14
2020-05-08,19.39,51.23,53.59,24.25,7.42,11.13,32.21,25.63,33.15,13.76,63.11,119.39,53.01,28.08,123.79,69.9,292.44,224.74,160.42,163.98
2020-05-11,19.05,50.43,52.43,23.95,7.23,11.18,32.22,25.56,32.92,13.68,62.32,117.86,52.38,27.96,123.03,69.51,292.5,226.75,159.42,162.7
2020-05-12,18.72,49.51,51.39,23.85,7.2,11.09,31.8,24.92,31.93,13.55,60.57,114.3,50.9,27.72,121.7,68.81,286.67,222.0,160.04,164.37
2020-05-13,17.86,47.21,47.97,23.0,6.74,10.78,31.12,24.08,30.45,13.33,59.05,111.09,49.53,27.48,120.51,68.14,281.6,219.22,161.58,165.52
2020-05-14,18.07,47.64,47.63,23.35,6.71,10.86,30.89,24.15,30.68,13.23,59.67,112.29,49.58,27.77,121.63,68.7,284.97,221.71,163.01,167.14
2020-05-15,18.0,47.68,47.94,24.05,6.85,10.79,30.89,24.16,30.78,13.17,59.46,112.34,49.51,27.41,120.18,67.95,286.28,223.15,163.93,166.71
2020-05-18,19.47,51.51,52.94,25.34,7.49,11.4,32.88,25.93,33.04,13.76,63.38,119.85,52.7,28.53,125.45,70.87,295.0,227.31,162.69,163.05
2020-05-19,18.92,50.05,51.37,25.71,7.33,11.35,33.55,25.9,33.31,13.75,62.57,118.29,51.94,28.06,123.36,69.73,291.97,226.74,164.26,163.66
2020-05-20,19.67,52.01,53.14,26.36,7.55,11.54,33.81,26.37,33.7,13.95,63.74,120.6,52.38,28.22,124.19,70.1,296.93,231.27,164.65,164.15
2020-05-21,19.36,51.22,52.73,26.36,7.55,11.47,33.27,26.02,33.4,13.8,63.89,120.85,53.18,27.93,122.94,69.49,294.88,228.75,162.25,164.56
2020-05-22,19.24,50.97,52.83,26.44,7.6,11.33,32.7,25.82,32.95,13.7,63.84,120.78,53.21,28.24,124.34,70.14,295.44,229.54,163.21,165.55
2020-05-26,19.77,52.43,54.98,27.06,7.91,11.75,33.75,26.83,34.64,14.26,66.52,126.01,55.24,28.42,125.35,70.83,299.08,228.92,160.89,163.33
2020-05-27,20.03,53.06,55.17,27.26,7.92,11.85,33.65,27.25,35.35,14.39,68.74,130.27,57.39,28.76,126.79,71.54,303.53,230.17,161.18,163.03
2020-05-28,19.47,51.61,52.78,26.92,7.59,11.7,33.05,26.58,34.54,14.33,68.09,128.88,57.48,29.61,130.25,73.58,302.97,229.87,161.72,162.43
2020-05-29,19.38,51.37,51.88,26.82,7.41,11.92,33.76,26.9,34.84,14.48,67.67,127.96,56.95,29.84,131.29,74.08,304.32,233.24,162.91,163.59
2020-06-01,19.72,52.3,53.39,26.71,7.62,12.14,34.87,27.67,35.9,14.85,67.82,128.52,57.4,30.2,132.58,74.89,305.55,233.94,163.66,162.28
2020-06-02,20.27,53.74,55.25,27.37,7.91,12.24,34.67,27.72,36.12,14.92,68.7,129.99,57.57,30.4,133.27,75.39,308.08,235.51,162.6,161.69
2020-06-03,20.86,55.39,56.33,28.28,8.06,12.38,35.13,28.55,37.4,15.2,71.38,134.95,60.0,30.76,135.05,76.33,312.18,236.57,159.6,159.54
2020-06-04,20.87,55.53,57.0,28.94,8.17,12.37,34.57,28.62,37.87,15.29,72.14,136.37,60.7,30.21,132.62,75.02,311.36,234.91,161.28,157.23
2020-06-05,22.42,59.87,63.72,30.44,9.15,12.59,35.56,29.53,39.03,15.56,74.79,141.51,62.58,30.59,134.65,75.99,319.34,239.56,158.01,156.11
2020-06-08,23.43,63.07,71.82,31.7,10.37,12.96,36.4,30.29,40.08,15.81,76.29,144.02,64.14,31.42,138.05,78.05,323.2,241.42,159.72,156.71
2020-06-09,22.55,60.57,66.61,30.09,9.63,12.73,35.62,29.96,39.52,15.68,74.39,140.42,62.41,30.78,135.27,76.42,320.79,243.17,161.26,158.49
2020-06-10,21.44,57.35,61.75,29.62,8.93,12.66,35.22,29.93,39.68,15.73,72.61,137.13,60.88,30.6,134.28,75.91,319.0,246.09,163.57,160.84
2020-06-11,19.42,51.85,55.9,26.46,8.1,11.81,33.07,27.76,35.97,14.76,67.51,126.95,56.25,29.41,128.72,72.83,300.61,233.9,162.39,163.88
2020-06-12,19.91,53.3,58.03,26.6,8.41,12.08,34.06,28.44,37.32,15.07,68.82,129.33,57.53,29.33,128.47,72.61,304.21,235.76,162.62,162.3
2020-06-15,19.97,53.63,58.56,28.24,8.55,12.26,34.79,29.1,38.1,15.26,69.5,130.85,57.85,29.53,129.43,72.59,307.05,238.62,162.33,162.39
2020-06-16,20.55,55.03,60.19,28.22,8.72,12.44,35.47,29.64,39.11,15.45,70.86,133.69,58.91,29.67,130.21,72.83,312.96,242.72,162.25,159.9
2020-06-17,19.84,53.15,57.37,27.77,8.37,12.19,34.01,29.15,38.06,15.42,70.35,132.49,58.57,29.58,129.57,72.7,311.66,243.49,162.56,160.56
2020-06-18,20.09,53.68,57.65,27.68,8.38,12.28,34.94,29.35,38.61,15.51,70.09,132.13,58.15,29.58,129.56,72.67,311.78,244.15,162.24,162.26
2020-06-19,19.78,52.86,56.08,27.13,8.17,12.29,35.16,29.36,38.73,15.47,69.23,130.47,57.29,28.75,125.9,70.67,308.64,244.11,164.03,162.39
2020-06-22,19.63,52.38,55.33,27.47,8.15,12.4,35.36,29.27,38.48,15.57,69.04,130.2,57.22,28.78,125.97,71.31,310.62,246.61,165.09,162.41
2020-06-23,19.65,52.34,55.15,26.96,8.1,12.55,36.01,29.54,39.07,15.74,69.05,130.32,56.65,28.5,124.6,70.6,312.05,248.71,166.48,161.3
2020-06-24,18.56,49.38,51.19,25.46,7.5,12.35,36.01,28.73,38.44,15.56,66.65,125.7,54.39,28.24,123.49,69.91,304.09,243.58,165.9,163.03
2020-06-25,18.91,50.3,52.25,25.49,7.6,12.34,35.91,28.78,38.6,15.56,67.39,127.04,54.69,27.89,122.09,69.16,307.35,245.9,165.8,163.5
2020-06-26,18.25,48.54,49.74,24.29,7.17,12.01,34.89,28.04,37.57,15.21,66.14,125.1,53.52,27.59,120.85,68.36,300.05,240.09,166.54,165.25
2020-06-29,18.5,49.22,50.78,24.2,7.33,12.4,36.03,28.99,39.53,15.62,68.31,128.97,55.79,28.11,123.13,69.8,304.46,242.71,166.63,164.73
2020-06-30,18.92,50.3,52.18,24.68,7.48,12.52,36.1,29.71,40.63,15.86,68.7,129.92,55.39,28.22,123.67,70.1,308.36,247.47,167.37,163.93
2020-07-01,18.47,49.09,50.66,24.41,7.31,12.68,36.78,29.72,40.94,15.96,68.39,128.97,55.12,28.88,126.42,71.66,310.52,250.36,166.62,163.42
2020-07-02,18.67,49.7,51.96,24.19,7.51,12.86,37.34,30.77,42.17,16.29,68.98,130.0,55.35,28.95,126.72,71.78,312.23,252.06,166.98,163.59
2020-07-06,18.73,49.93,52.07,23.51,7.49,13.36,39.24,32.46,44.08,16.98,69.97,131.88,55.63,28.59,125.21,70.97,317.05,258.25,167.98,162.92
2020-07-07,18.13,48.46,50.26,23.66,7.28,13.31,39.7,32.7,44.14,16.97,68.63,129.5,54.05,28.48,124.65,70.61,313.78,256.48,169.04,165.21
2020-07-08,18.11,48.43,50.31,23.7,7.28,13.75,41.58,33.36,45.41,17.28,68.63,129.6,54.03,28.74,125.66,71.2,316.18,259.85,170.09,164.55
2020-07-09,17.22,46.13,47.68,22.8,6.88,13.58,41.39,33.8,45.2,17.19,67.14,126.86,52.31,28.35,124.0,70.19,314.38,262.04,169.63,167.17
2020-07-10,17.77,47.54,49.41,23.15,7.11,13.56,41.37,34.24,45.67,17.32,68.01,128.44,53.31,28.89,126.27,71.62,317.59,263.83,169.19,166.33
2020-07-13,17.67,47.14,48.33,22.7,6.94,13.4,41.02,33.6,44.68,17.2,68.29,128.6,52.89,28.92,126.39,71.69,314.84,258.4,169.4,166.88
2020-07-14,18.3,48.84,50.39,22.6,7.24,13.78,43.01,34.76,46.55,17.52,69.77,131.46,53.63,29.18,127.71,72.28,318.92,260.23,170.19,167.12
2020-07-15,18.69,49.96,51.89,23.79,7.51,14.09,43.83,35.69,48.28,17.84,71.55,135.09,55.13,29.07,127.24,72.11,321.85,260.76,170.34,166.34
2020-07-16,18.6,49.72,51.76,23.74,7.45,13.98,42.88,35.1,47.41,17.73,71.57,135.0,54.88,29.44,128.82,72.91,320.79,258.98,168.73,167.13
2020-07-17,18.34,48.91,50.61,23.65,7.32,14.21,43.89,35.37,47.6,17.83,72.0,135.86,55.16,30.1,131.55,74.55,321.72,259.28,170.12,166.78
2020-07-20,18.04,48.1,50.19,23.59,7.31,14.47,45.65,36.38,48.86,18.23,71.12,134.41,54.74,29.71,129.7,73.5,324.32,266.64,170.94,167.19
2020-07-21,19.13,51.12,53.68,24.92,7.89,14.54,45.52,36.04,48.57,18.35,72.06,135.93,55.56,29.84,130.5,73.88,325.01,263.86,173.0,167.29
2020-07-22,18.9,50.46,53.11,24.47,7.77,14.66,45.73,36.1,48.97,18.47,72.64,137.04,56.39,30.31,132.45,75.03,326.86,264.79,175.63,167.79
2020-07-23,18.86,50.42,53.13,24.28,7.74,14.7,46.15,35.77,48.75,18.31,72.42,136.78,55.99,30.34,132.68,75.13,322.96,257.87,177.18,169.75
2020-07-24,18.75,50.1,52.78,23.99,7.69,14.43,44.93,35.06,47.71,18.03,71.84,135.68,55.27,30.14,131.67,74.63,320.88,255.43,178.7,169.74
2020-07-27,18.77,50.12,51.82,23.77,7.55,14.72,46.31,35.84,48.66,18.37,72.14,136.42,54.97,29.77,130.01,73.59,323.22,259.98,182.23,169.11
2020-07-28,18.45,49.26,51.07,23.62,7.42,14.35,44.76,34.98,47.25,18.17,71.64,135.33,55.16,30.23,131.97,74.75,321.17,256.68,183.75,170.28
2020-07-29,18.84,50.35,52.76,24.49,7.65,14.43,44.93,35.52,47.37,18.24,72.73,137.57,55.44,30.36,132.77,75.13,325.12,259.63,185.13,169.99
2020-07-30,18.1,48.53,51.41,23.9,7.48,14.5,45.05,35.13,47.23,18.18,72.0,136.43,55.09,30.36,132.52,75.09,323.96,260.99,183.76,171.11
2020-07-31,18.01,48.19,51.37,23.74,7.43,14.4,45.01,34.89,46.53,18.09,71.73,135.74,54.85,30.42,132.62,75.17,326.52,265.65,185.43,171.0
2020-08-03,18.08,48.46,51.94,24.12,7.53,14.75,46.05,36.21,48.84,18.6,72.03,136.59,55.44,30.08,131.22,74.33,328.79,269.24,185.64,169.95
2020-08-04,18.52,49.71,52.92,24.5,7.74,15.2,49.06,37.28,50.33,18.96,72.21,137.15,55.62,30.42,132.65,75.12,330.06,270.24,189.59,171.57
2020-08-05,18.72,50.38,54.04,25.01,7.99,15.59,50.77,38.21,51.63,19.29,73.59,139.76,56.85,30.02,131.07,74.25,332.11,270.91,191.35,170.07
2020-08-06,18.57,49.91,53.2,25.34,7.98,15.65,50.12,37.73,51.36,19.26,73.87,140.28,56.66,30.2,131.83,74.66,334.33,274.5,193.89,171.02
2020-08-07,18.59,50.07,54.13,25.22,8.06,15.88,51.2,38.08,52.14,19.35,75.13,142.42,57.28,30.75,134.49,76.14,334.57,271.33,190.81,169.88
2020-08-10,19.17,51.66,56.13,25.88,8.39,15.94,51.28,38.58,53.03,19.45,76.98,145.69,58.53,30.74,134.39,76.11,335.57,270.17,190.15,169.12
2020-08-11,19.1,51.45,55.21,25.63,8.18,15.68,49.68,37.6,51.7,19.29,77.39,146.31,58.91,30.07,131.64,74.52,332.8,265.05,179.94,167.1
2020-08-12,19.29,52.03,56.19,25.98,8.33,15.95,51.11,38.89,52.87,19.64,77.64,146.87,58.64,30.5,133.47,75.53,337.44,271.72,179.1,165.59
2020-08-13,18.92,50.97,54.91,24.99,8.15,16.22,52.41,39.43,53.72,19.92,77.23,146.12,58.45,30.45,133.01,75.3,336.83,272.34,183.33,163.82
2020-08-14,19.09,51.55,56.16,24.99,8.3,16.1,51.56,39.05,53.11,19.67,77.53,146.53,58.92,30.19,132.08,74.76,336.84,272.02,182.54,163.18
2020-08-17,18.99,51.24,55.84,24.9,8.2,16.29,52.35,40.12,54.01,19.96,77.17,145.76,58.21,30.15,131.75,74.58,337.91,275.18,186.5,163.59
2020-08-18,18.75,50.51,54.75,24.4,8.03,16.35,52.36,40.17,54.39,20.02,76.75,144.83,57.73,30.01,131.14,74.32,338.64,277.82,188.18,164.76
2020-08-19,18.53,49.95,54.37,24.17,7.95,16.41,52.72,40.32,54.6,20.02,76.55,144.61,57.74,29.92,130.75,74.09,337.23,275.96,182.24,163.73
2020-08-20,18.13,48.85,52.54,24.04,7.71,16.3,52.01,39.96,53.43,19.8,76.14,144.0,57.3,29.66,129.66,73.44,338.28,279.78,183.5,165.21
2020-08-21,18.01,48.4,51.74,23.8,7.56,16.29,52.44,40.1,53.65,19.83,76.45,144.29,57.1,29.71,129.67,73.42,339.48,281.72,182.03,166.2
2020-08-24,18.51,49.79,53.31,23.7,7.77,16.49,53.5,40.76,54.6,20.16,77.83,146.85,58.38,29.97,130.97,74.16,342.92,283.48,181.0,165.93
2020-08-25,18.25,49.17,53.56,23.43,7.81,16.87,55.11,41.6,55.79,20.52,77.73,146.64,58.24,29.68,129.76,73.5,344.12,285.71,181.22,164.66
2020-08-26,17.86,48.04,51.84,22.71,7.54,16.87,54.92,42.42,56.11,20.73,77.77,146.7,57.97,29.35,128.04,72.5,347.57,291.81,183.36,164.03
2020-08-27,17.9,48.22,52.31,22.99,7.66,16.82,55.06,42.32,56.02,20.64,78.05,147.17,58.47,29.45,128.61,72.85,348.33,290.9,181.24,161.24
2020-08-28,18.22,49.03,53.01,23.53,7.73,17.2,56.86,42.7,56.99,20.92,78.79,148.54,58.9,29.53,128.94,73.02,350.58,292.38,184.39,161.12
2020-08-31,17.83,47.89,51.46,23.09,7.52,17.14,56.79,43.31,56.79,20.93,77.81,146.94,58.26,29.63,129.25,73.18,349.31,294.73,184.83,162.19
2020-09-01,17.7,47.57,51.28,22.91,7.48,17.42,57.51,43.9,58.46,21.16,78.6,148.53,58.42,29.28,127.87,72.38,352.6,299.76,185.05,163.86
2020-09-02,17.62,47.3,49.93,22.74,7.24,17.35,56.98,43.43,57.96,21.17,79.9,150.7,59.6,30.19,131.54,74.53,357.7,302.6,182.62,165.42
2020-09-03,17.49,46.95,49.5,22.48,7.17,16.27,52.59,40.29,54.09,20.19,77.66,146.3,58.23,29.85,130.18,73.72,345.39,287.26,181.14,165.89
2020-09-04,17.43,46.81,49.45,22.43,7.19,16.1,51.5,40.2,53.59,20.07,77.84,146.39,58.05,29.68,129.4,73.34,342.57,283.43,181.64,162.74
2020-09-08,16.8,44.94,46.61,21.85,6.72,16.01,51.32,38.15,52.48,19.73,76.38,143.82,56.8,29.52,128.38,72.8,333.21,269.81,181.29,163.74
2020-09-09,16.92,45.27,47.1,21.94,6.84,16.57,53.21,39.8,54.77,20.34,77.56,145.92,57.1,29.91,129.9,73.66,339.79,277.73,183.05,163.3
2020-09-10,16.3,43.53,44.45,21.44,6.41,16.2,51.93,39.3,53.28,20.05,76.57,144.33,56.22,29.4,127.69,72.39,333.89,272.2,182.46,164.13
2020-09-11,16.31,43.09,44.61,21.3,6.38,16.19,52.72,39.24,53.66,20.08,77.61,145.21,57.1,29.47,127.02,72.53,334.06,270.31,182.45,164.48
2020-09-14,16.43,43.42,45.43,21.78,6.54,16.64,55.0,41.08,56.06,20.64,78.66,147.14,57.92,29.87,128.65,73.5,338.46,275.02,183.89,164.47
2020-09-15,16.32,43.13,45.23,21.37,6.51,16.96,56.48,42.14,57.03,21.09,78.71,147.44,57.77,30.07,129.54,73.98,340.17,278.91,183.45,164.07
2020-09-16,16.97,44.88,47.45,21.82,6.84,17.06,56.66,42.3,57.65,21.06,79.51,148.94,58.45,30.03,129.43,73.92,338.82,274.47,183.97,163.58
2020-09-17,17.0,44.92,47.54,21.58,6.84,16.74,54.81,41.16,56.48,20.98,79.67,149.16,58.54,29.78,128.36,73.32,335.84,270.18,182.96,164.08
2020-09-18,16.81,44.5,47.52,21.35,6.84,16.72,55.22,41.42,57.31,21.13,78.78,147.5,57.92,29.26,126.05,71.98,330.65,266.73,183.2,163.57
2020-09-21,15.98,43.02,45.32,20.9,6.59,16.58,55.19,40.9,56.64,20.69,75.87,142.59,55.9,28.83,125.45,71.56,326.97,267.37,179.52,164.4
2020-09-22,15.82,42.59,44.95,20.61,6.54,16.67,55.45,41.03,56.51,20.73,76.62,143.86,56.56,29.01,126.12,72.0,330.3,272.34,178.65,164.27
2020-09-23,15.1,40.63,42.6,19.64,6.21,16.52,56.29,39.2,54.54,20.3,75.25,141.19,55.1,28.57,124.05,70.3,322.64,264.02,174.79,164.49
2020-09-24,15.1,40.65,42.9,19.5,6.19,16.44,55.77,39.21,54.33,20.26,75.36,141.33,54.58,28.89,125.53,71.09,323.5,265.25,175.44,165.12
2020-09-25,15.09,40.57,42.39,19.56,6.11,16.8,57.64,40.52,56.46,20.49,76.49,143.4,55.69,29.36,127.58,72.17,328.73,271.42,174.94,165.12
2020-09-28,15.44,41.57,43.76,20.11,6.3,17.56,60.54,42.42,59.68,21.24,77.87,146.2,56.64,29.43,127.92,72.39,334.19,277.05,176.7,164.65
2020-09-29,15.02,40.53,42.45,20.39,6.15,17.98,62.52,43.49,60.69,21.65,77.18,145.17,56.15,29.42,127.83,72.33,332.37,275.81,178.19,164.84
2020-09-30,14.98,40.31,42.07,19.98,6.08,18.49,64.79,44.35,60.78,21.94,76.98,144.77,55.73,29.69,129.1,73.01,334.89,277.69,177.12,163.26
2020-10-01,14.52,39.14,40.67,19.83,5.92,19.09,67.18,45.61,62.45,22.44,76.75,144.88,55.91,29.99,130.28,73.61,337.04,282.1,178.7,163.36
2020-10-02,14.65,39.6,41.62,20.07,6.05,19.08,66.59,45.2,62.54,22.49,77.61,146.45,56.41,30.34,131.85,74.47,333.84,274.17,178.54,162.75
2020-10-05,15.1,40.78,43.49,20.9,6.37,19.95,70.55,47.4,65.98,23.25,78.86,148.93,57.01,30.73,133.4,75.35,339.76,280.01,179.41,159.57
2020-10-06,14.87,40.1,42.46,20.48,6.2,20.09,71.32,47.1,65.69,23.21,77.9,147.39,56.27,30.99,134.5,76.2,334.93,275.02,177.3,160.43
2020-10-07,15.08,40.74,43.66,20.48,6.39,21.09,75.18,49.44,69.31,24.13,79.62,150.49,57.24,31.17,135.4,76.45,340.76,279.77,177.22,159.26
2020-10-08,15.65,42.36,45.55,21.86,6.69,21.07,75.0,48.92,68.85,24.37,80.41,151.96,58.09,31.75,137.82,77.96,343.78,281.26,177.85,160.12
2020-10-09,15.4,41.68,44.85,21.81,6.6,21.4,75.66,50.03,70.57,24.7,80.71,152.48,57.9,31.74,137.79,77.86,346.85,285.56,181.08,160.09
2020-10-12,15.44,41.85,44.95,21.84,6.63,20.96,73.12,49.42,69.69,24.69,81.17,153.44,58.17,31.94,138.6,78.36,352.43,294.38,180.56,160.6
2020-10-13,15.19,41.18,43.88,21.83,6.5,20.89,74.04,49.4,69.68,24.58,80.27,151.8,57.35,31.72,137.58,77.77,350.13,294.37,177.72,161.75
2020-10-14,15.26,41.32,44.09,22.22,6.55,21.14,75.13,50.62,70.8,24.89,80.72,152.38,57.64,31.68,137.37,77.7,347.93,291.91,178.27,162.12
2020-10-15,15.44,41.87,45.02,22.25,6.68,20.98,73.56,50.5,69.93,24.57,81.01,153.04,57.8,31.66,137.49,77.69,347.5,289.95,178.92,161.84
2020-10-16,15.1,40.9,43.56,21.79,6.48,20.89,73.51,50.33,69.25,24.45,81.6,153.72,58.15,32.0,138.86,78.44,347.29,288.36,178.3,161.39
2020-10-19,14.77,40.08,42.67,21.44,6.37,20.73,74.63,50.37,69.78,24.45,80.59,151.87,57.52,31.73,137.54,77.88,342.01,283.65,178.39,160.78
2020-10-20,14.95,40.62,43.58,21.74,6.51,21.15,77.73,50.79,70.89,24.92,81.01,152.53,57.43,31.92,138.34,78.37,343.38,284.26,179.25,159.25
2020-10-21,14.66,39.81,42.54,21.56,6.35,20.23,71.22,48.65,67.13,24.04,80.19,151.12,56.8,31.83,138.26,78.14,342.73,284.04,180.6,158.7
2020-10-22,15.27,41.47,44.77,22.71,6.74,20.16,71.08,49.05,67.35,23.9,80.85,152.33,57.58,32.28,140.31,79.31,344.61,284.03,178.83,157.05
2020-10-23,15.19,41.3,44.92,22.66,6.75,20.22,71.12,49.14,67.7,23.96,81.17,153.1,57.92,32.38,140.75,79.44,345.78,284.59,178.64,158.01
2020-10-26,14.65,39.82,42.54,21.93,6.4,19.8,69.63,47.95,65.67,23.32,79.14,149.24,56.41,32.37,140.6,79.39,339.39,280.32,178.55,159.48
2020-10-27,14.46,39.26,42.02,21.51,6.33,19.65,68.27,47.8,64.83,23.2,77.41,146.23,55.07,32.34,140.35,79.25,338.22,282.51,179.02,160.55
2020-10-28,13.85,37.58,39.65,20.69,5.99,19.35,69.06,47.28,63.43,22.73,74.87,141.72,53.19,31.4,136.16,76.85,326.66,271.5,176.13,160.7
2020-10-29,14.28,38.72,40.66,21.09,6.11,19.75,70.78,48.55,65.26,23.21,75.96,143.49,53.87,31.49,136.29,77.1,329.98,276.24,175.4,159.14
2020-10-30,14.36,38.91,40.58,20.86,6.08,19.56,68.77,47.38,63.32,22.97,75.87,143.19,53.89,31.19,135.41,76.41,326.54,269.24,176.2,157.57
2020-11-02,14.85,40.15,42.15,20.94,6.24,19.91,71.0,49.17,65.9,23.47,77.92,147.23,55.48,31.88,138.38,78.06,330.2,269.84,177.91,158.58
2020-11-03,14.77,39.96,41.8,21.15,6.16,20.15,69.16,49.78,67.83,24.12,80.22,151.24,57.3,32.33,140.5,79.31,336.03,274.51,178.92,157.66
2020-11-04,14.78,39.9,41.65,21.19,6.16,19.89,67.74,49.31,66.2,23.83,79.39,150.18,57.37,31.85,138.19,78.0,343.54,286.76,178.82,161.08
2020-11-05,14.78,40.0,41.88,21.87,6.21,21.29,75.46,53.63,72.57,25.62,81.26,153.93,57.99,32.13,139.4,78.8,350.24,294.24,182.93,161.36
2020-11-06,14.47,39.15,40.59,21.0,6.0,21.45,75.55,54.02,73.18,25.72,81.34,154.25,57.86,32.06,139.04,78.55,350.16,294.46,183.19,159.41
2020-11-09,16.53,44.68,47.16,22.87,6.86,21.49,74.16,54.52,73.31,25.92,84.11,159.64,61.33,32.66,142.09,80.14,354.56,288.44,175.08,156.06
2020-11-10,17.07,45.97,48.64,23.64,7.18,21.17,71.5,53.07,72.27,25.45,85.59,162.13,62.93,33.13,144.66,81.5,354.04,283.27,175.66,155.16
2020-11-11,16.89,45.7,48.28,23.52,7.14,21.85,74.83,55.22,74.96,26.19,84.87,160.93,61.98,33.26,145.02,81.77,356.67,289.61,174.9,155.72
2020-11-12,16.34,44.13,46.34,22.45,6.85,21.6,73.68,55.4,74.43,26.34,83.9,159.07,61.34,32.72,142.43,80.5,353.21,288.25,175.96,158.37
2020-11-13,16.94,45.78,48.86,23.01,7.21,21.7,73.64,55.13,75.56,26.54,85.76,162.6,63.23,33.04,143.93,81.32,358.1,290.78,177.16,158.16
2020-11-16,18.06,48.7,51.62,23.98,7.59,21.81,74.26,56.6,78.78,26.93,87.85,166.92,65.11,33.38,145.52,82.19,362.57,293.05,177.15,157.78
2020-11-17,18.24,49.26,52.46,24.52,7.76,21.85,75.31,57.22,80.0,27.02,87.62,166.49,65.23,32.72,142.67,80.7,360.62,292.12,176.5,158.81
2020-11-18,17.71,47.91,51.33,24.37,7.69,21.53,74.71,56.76,80.28,27.02,87.23,165.48,64.77,32.08,139.88,79.22,356.28,289.96,175.49,159.27
2020-11-19,18.0,48.73,52.57,25.26,7.91,21.84,76.21,58.36,83.21,27.52,87.45,166.0,65.06,31.76,138.51,78.44,357.78,292.23,175.16,160.09
2020-11-20,17.91,48.43,52.06,24.83,7.85,22.09,78.02,59.24,84.59,27.95,86.66,164.79,64.22,31.77,138.67,78.42,355.33,290.23,175.69,161.51
2020-11-23,19.17,51.9,56.7,26.07,8.5,22.51,80.68,62.76,92.19,29.16,88.11,167.46,65.53,31.77,138.73,78.56,357.46,290.24,172.23,160.77
2020-11-24,20.16,54.53,59.62,26.84,8.97,22.82,83.03,63.49,92.18,29.39,89.65,170.63,67.03,32.12,140.63,79.52,363.22,294.32,169.59,159.17
2020-11-25,19.68,53.35,58.72,26.68,8.86,23.21,84.25,64.15,93.2,29.65,88.97,169.15,66.56,32.2,140.91,79.66,362.66,296.12,169.51,158.68
2020-11-27,19.45,52.74,57.88,26.02,8.73,23.59,85.42,65.04,95.2,30.35,88.82,169.09,66.37,31.88,139.59,78.84,363.67,298.85,167.79,160.22
2020-11-30,18.38,49.82,54.06,24.99,8.18,23.53,84.58,63.39,91.88,30.08,88.03,167.29,65.01,31.42,137.34,77.73,362.06,299.46,166.67,160.02
2020-12-01,18.47,50.11,53.8,25.25,8.15,23.31,83.4,61.78,89.87,29.94,87.81,167.03,65.67,31.64,138.33,78.2,366.02,303.3,170.18,157.5
2020-12-02,19.07,51.66,55.54,26.19,8.42,23.1,82.12,61.37,87.99,29.56,87.93,167.08,66.1,31.85,139.05,78.78,366.79,303.69,171.46,156.25
2020-12-03,19.26,52.24,56.25,27.29,8.63,22.94,80.99,60.76,87.25,29.3,88.16,167.67,66.95,31.52,137.8,78.01,366.69,304.12,172.81,157.51
2020-12-04,20.32,55.09,61.0,28.34,9.32,23.01,81.42,61.33,89.0,29.59,89.21,170.11,67.8,31.2,136.58,77.2,369.85,305.36,172.32,155.2
2020-12-07,19.84,53.77,58.97,27.79,9.05,23.11,82.56,61.96,89.74,29.69,88.78,169.27,67.66,31.38,137.26,77.63,369.09,307.09,174.89,156.6
2020-12-08,20.14,54.69,59.87,27.91,9.21,23.73,84.23,64.2,93.39,30.44,89.21,170.24,67.81,31.28,136.86,77.36,370.17,308.13,175.5,157.34
2020-12-09,20.18,54.81,60.3,27.42,9.26,23.15,80.21,61.33,89.4,29.85,89.41,170.55,67.49,31.23,136.64,77.33,366.85,301.15,172.5,156.82
2020-12-10,20.8,56.62,63.7,28.37,9.84,23.5,82.01,62.06,90.32,29.93,88.56,169.2,67.38,31.07,135.95,76.92,366.73,302.36,172.17,158.21
2020-12-11,20.56,55.95,62.48,28.16,9.63,23.63,83.8,61.59,89.25,29.76,88.77,169.38,67.38,31.12,136.13,77.0,366.3,301.69,172.49,158.77
2020-12-14,19.84,54.0,59.95,27.22,9.26,23.94,86.04,61.67,89.11,30.05,87.62,167.29,66.81,30.96,135.45,76.05,364.66,303.88,171.54,158.33
2020-12-15,20.23,55.09,61.23,27.84,9.47,25.06,92.98,65.07,94.38,31.3,88.84,169.95,67.46,31.57,138.38,77.54,369.59,307.13,173.94,157.8
2020-12-16,20.13,54.85,60.41,27.43,9.36,25.06,92.12,64.8,94.48,31.47,88.29,169.01,66.81,31.2,136.77,76.58,370.17,308.82,174.9,157.38
2020-12-17,20.03,53.99,60.41,27.22,9.34,25.56,93.0,65.96,96.26,31.84,88.83,169.44,66.64,31.42,136.38,77.21,372.24,310.84,176.74,156.8
2020-12-18,19.7,53.06,59.62,27.07,9.22,25.91,96.0,66.99,98.36,32.29,88.84,169.37,67.05,31.15,134.88,76.55,369.18,309.9,176.44,156.33
2020-12-21,19.07,52.12,58.29,26.32,9.01,26.36,99.58,68.1,100.57,32.8,87.94,168.72,66.46,30.51,133.35,75.51,367.86,308.76,175.88,156.95
2020-12-22,18.75,51.3,57.29,26.26,8.81,27.32,103.13,70.4,107.71,33.9,87.53,168.34,66.24,30.45,133.37,75.47,367.24,309.6,174.49,157.76
2020-12-23,19.16,52.6,59.87,26.42,9.24,27.76,104.0,70.85,108.63,34.61,87.99,169.3,67.38,30.39,133.14,75.38,367.57,308.04,175.65,156.67
2020-12-24,19.06,52.16,59.0,26.17,8.96,27.71,102.8,70.45,107.57,34.43,88.0,169.41,67.08,30.6,133.94,75.85,369.0,309.4,176.35,157.29
2020-12-28,18.94,51.78,57.92,25.75,8.71,27.93,102.64,69.19,104.85,34.55,88.11,169.32,67.29,30.74,134.7,76.17,372.17,312.52,175.71,157.36
2020-12-29,18.82,51.48,57.39,25.64,8.64,27.66,99.27,67.77,101.05,34.24,87.58,168.2,66.98,30.74,134.42,76.12,371.46,312.8,176.35,157.16
2020-12-30,19.11,52.33,59.32,25.48,8.92,28.29,102.35,69.96,104.52,34.91,88.14,169.33,67.61,30.89,135.26,76.49,371.99,312.81,177.7,157.5
2020-12-31,18.95,51.86,58.5,25.66,8.82,28.24,102.76,70.23,103.39,34.75,88.55,169.99,67.87,31.35,137.22,77.6,373.88,313.58,178.36,157.73
2021-01-04,18.98,52.13,59.03,25.44,8.96,28.68,104.96,70.77,103.81,35.49,86.41,166.14,65.56,30.56,133.95,75.78,368.79,309.15,182.33,157.54
2021-01-05,19.83,54.58,62.82,26.49,9.61,29.29,106.07,72.44,106.62,36.12,87.26,167.96,66.64,30.56,134.04,75.73,371.33,311.7,182.87,156.37
2021-01-06,20.43,56.26,65.26,27.67,10.03,31.4,115.27,76.95,113.21,37.64,89.34,172.73,67.66,31.32,137.49,77.71,373.55,307.38,179.9,153.16
2021-01-07,20.74,57.21,66.53,28.13,10.18,33.41,121.55,82.12,121.91,39.97,89.83,174.54,67.54,30.91,135.76,76.65,379.1,314.81,179.48,151.81
2021-01-08,20.71,57.03,65.5,27.77,10.03,33.16,119.13,83.56,122.21,39.71,89.61,174.05,67.38,31.17,136.74,77.28,381.26,318.86,173.34,151.32
2021-01-11,21.03,57.93,66.88,28.01,10.23,32.04,115.61,82.84,122.78,39.01,89.58,174.03,67.55,30.88,135.59,76.56,378.69,314.25,173.0,151.07
2021-01-12,21.77,60.06,70.62,29.35,10.93,32.43,115.63,85.65,127.7,39.49,90.47,176.36,68.5,30.71,135.1,76.22,378.77,313.76,174.12,150.95
2021-01-13,21.6,59.52,69.34,29.52,10.79,32.59,114.46,85.6,126.15,39.64,89.69,174.84,68.23,31.31,137.44,77.58,379.79,315.87,173.37,152.65
2021-01-14,22.24,61.4,71.71,29.9,11.16,32.3,115.23,85.5,126.1,39.4,90.0,175.54,69.17,31.19,136.81,77.26,378.46,314.18,173.28,151.22
2021-01-15,21.38,59.04,69.27,29.51,10.87,30.56,106.89,80.74,119.03,37.65,88.83,172.85,68.29,31.5,138.18,78.06,375.7,311.7,171.13,151.82
2021-01-19,21.81,60.17,70.5,29.27,10.94,31.4,114.0,84.65,125.99,39.1,89.12,174.0,68.89,31.38,137.53,77.69,378.65,316.24,172.58,152.31
2021-01-20,21.89,60.27,70.11,28.91,10.8,31.28,114.78,83.65,125.59,39.2,89.67,175.15,68.98,31.56,138.3,78.17,383.89,323.6,175.39,152.46
2021-01-21,21.15,58.2,67.75,27.95,10.35,32.66,121.43,85.78,130.01,40.2,88.97,173.9,68.15,31.38,137.32,77.66,384.24,326.19,175.28,151.39
2021-01-22,21.03,58.01,68.05,27.71,10.37,32.9,121.11,86.71,131.3,40.71,88.51,173.47,68.35,31.42,137.45,77.74,382.88,325.25,173.9,151.88
2021-01-25,20.82,57.47,67.84,27.67,10.38,32.48,119.0,85.33,127.11,39.86,87.91,172.27,68.04,32.05,139.95,79.06,384.39,327.94,174.05,153.67
2021-01-26,20.38,56.25,66.06,27.46,10.06,32.16,117.6,85.76,131.08,40.11,87.1,170.69,67.05,31.73,138.43,78.27,383.79,328.42,173.62,153.38
2021-01-27,20.1,55.62,66.84,26.73,10.06,30.14,110.5,81.78,124.87,37.71,85.37,166.64,65.78,30.88,135.03,76.39,374.41,319.26,172.52,153.77
2021-01-28,20.33,56.18,66.75,27.4,10.14,30.82,112.18,82.64,123.6,37.91,86.64,168.72,66.19,31.25,136.66,77.15,377.63,321.15,172.68,152.92
2021-01-29,19.66,54.43,64.32,27.05,9.83,29.8,108.69,79.87,119.49,36.9,84.77,164.98,64.6,31.08,135.79,76.79,370.07,314.39,172.61,152.0
2021-02-01,19.8,55.0,65.6,27.1,10.07,30.47,110.5,82.51,123.85,37.8,85.65,167.29,65.39,31.23,136.74,77.23,376.23,322.25,174.23,152.0
2021-02-02,20.01,55.6,65.95,27.36,10.15,30.8,115.89,83.3,126.0,38.5,87.47,170.73,66.89,31.48,137.69,77.85,381.55,327.51,172.11,151.02
2021-02-03,20.87,57.93,69.56,27.85,10.7,31.35,116.56,84.11,129.07,38.87,87.53,171.13,67.21,31.38,137.34,77.65,381.85,326.21,171.85,149.68
2021-02-04,21.1,58.51,69.8,27.97,10.74,30.95,115.04,84.15,130.05,38.84,88.47,173.19,68.33,31.63,138.52,78.19,386.19,330.07,168.15,149.28
2021-02-05,21.28,59.12,70.01,28.15,10.73,31.18,116.69,84.58,129.87,38.95,88.99,174.13,68.35,31.8,139.24,78.63,387.71,331.19,169.81,148.03
2021-02-08,22.17,61.61,74.51,28.66,11.34,31.49,118.99,87.0,133.47,39.59,89.75,176.17,69.2,31.55,138.39,78.04,390.51,333.4,171.52,148.68
2021-02-09,21.93,60.99,73.22,28.38,11.17,31.21,121.94,88.17,136.0,39.7,89.98,176.4,69.51,31.59,138.57,78.24,390.25,333.33,172.08,148.79
2021-02-10,22.35,62.11,74.9,28.46,11.47,30.79,119.71,86.25,133.39,39.26,89.84,176.15,69.3,31.72,139.16,78.58,390.08,332.58,172.71,149.78
2021-02-11,22.01,61.2,73.51,27.79,11.27,30.95,121.35,86.77,132.09,39.51,89.65,176.19,69.54,31.54,138.53,78.13,390.71,334.4,171.21,148.96
2021-02-12,22.33,62.18,75.63,28.16,11.63,30.32,121.32,87.02,132.87,39.35,90.3,177.09,69.47,31.31,137.51,77.57,392.64,336.27,170.69,147.11
2021-02-16,22.9,63.78,78.17,28.58,12.02,29.98,118.45,84.57,129.0,38.97,90.21,176.85,69.09,30.96,136.12,76.88,392.3,335.36,168.24,144.87
2021-02-17,23.24,64.63,79.05,28.53,12.18,29.48,115.7,82.44,124.29,38.04,89.96,176.19,69.21,30.99,136.37,76.94,392.39,333.75,166.33,145.79
2021-02-18,22.71,62.91,75.58,27.73,11.57,27.95,108.29,78.09,117.0,36.36,89.51,174.95,68.71,31.17,136.95,77.37,390.72,332.3,166.32,145.2
2021-02-19,23.09,64.02,77.54,28.05,11.74,28.49,110.64,80.8,120.26,37.1,90.98,177.96,69.48,30.7,135.29,76.33,390.03,330.85,167.01,143.27
2021-02-22,23.89,66.03,79.93,28.58,12.08,26.6,100.95,75.28,113.34,35.36,91.27,178.02,69.17,30.1,132.61,74.9,387.03,322.27,169.51,142.18
2021-02-23,24.28,67.08,81.65,28.94,12.41,26.23,100.56,73.92,108.55,34.24,91.55,178.43,68.98,30.35,133.58,75.46,387.5,321.31,169.12,141.77
2021-02-24,25.15,69.59,84.86,29.84,13.0,26.79,103.34,76.89,114.21,35.24,93.28,181.54,70.3,30.0,132.46,74.75,391.77,323.96,169.0,140.84
2021-02-25,24.66,68.2,82.35,29.26,12.55,25.5,97.65,71.29,106.67,33.58,91.56,177.48,68.27,29.73,131.01,74.01,382.33,312.67,165.82,138.54
2021-02-26,24.08,66.65,80.51,28.45,12.34,25.85,101.32,73.11,108.06,33.8,90.61,176.27,67.19,29.18,128.27,72.46,380.36,313.98,161.81,143.12
2021-03-01,24.7,68.51,82.78,29.95,12.74,26.83,107.07,76.9,113.67,35.11,92.93,181.07,69.15,29.83,130.98,74.01,389.58,323.42,161.53,141.06
2021-03-02,24.57,68.05,82.13,30.41,12.68,25.97,101.0,73.36,109.17,34.24,92.66,179.99,68.9,29.74,130.42,73.69,386.54,318.23,162.41,141.07
2021-03-03,24.92,69.04,83.8,30.69,12.98,24.27,94.5,69.38,102.44,32.6,92.76,179.8,68.88,29.39,129.07,72.99,381.42,309.0,160.62,139.54
2021-03-04,25.52,70.85,86.59,31.24,13.5,23.3,89.14,65.46,95.91,30.8,91.28,176.58,67.61,29.36,128.98,73.0,376.7,303.94,159.04,138.64
2021-03-05,26.48,73.45,90.0,31.68,14.01,22.97,87.48,64.62,94.02,30.5,93.44,180.74,68.7,29.84,131.26,74.31,383.63,308.52,159.14,138.91
2021-03-08,26.52,73.57,88.68,31.59,13.7,22.27,81.15,62.05,91.16,29.6,94.42,182.37,69.14,30.26,133.3,75.34,381.72,299.78,157.49,137.83
2021-03-09,26.06,72.06,86.3,30.98,13.36,24.13,91.55,68.02,99.88,31.64,94.03,182.32,69.19,30.66,134.82,76.25,387.17,311.61,160.84,139.74
2021-03-10,26.72,74.24,89.39,32.29,13.87,24.12,90.34,68.37,101.32,32.0,95.42,185.2,70.51,30.87,135.84,76.84,389.58,310.72,161.66,140.02
2021-03-11,26.73,74.42,91.11,32.14,14.21,25.65,98.77,73.13,108.57,33.7,95.49,185.91,71.1,30.79,135.51,76.5,393.53,317.87,161.52,139.01
2021-03-12,26.78,74.47,90.44,32.42,14.06,25.45,97.3,72.62,108.12,33.44,96.77,188.52,72.23,31.2,137.35,77.58,394.06,315.29,161.49,136.06
2021-03-15,26.48,73.72,89.86,32.35,13.95,25.31,96.37,73.18,108.38,33.47,97.58,189.86,72.81,31.6,139.14,78.71,396.41,318.66,162.2,136.86
2021-03-16,25.73,71.62,87.11,31.71,13.52,24.73,94.36,70.94,104.23,32.9,96.19,187.03,71.72,31.65,139.27,78.72,395.91,320.41,162.35,136.31
2021-03-17,25.92,72.21,87.5,31.81,13.67,24.05,93.1,70.84,104.6,32.51,97.3,188.52,72.65,31.13,136.89,77.51,397.26,321.73,163.51,135.29
2021-03-18,24.76,68.69,81.6,30.44,12.69,22.74,86.97,66.51,98.26,31.31,97.21,187.8,72.04,31.01,136.19,77.15,391.48,311.88,162.56,133.92
2021-03-19,24.76,69.01,83.75,30.85,13.17,23.34,89.58,67.85,101.16,31.79,96.47,186.72,71.63,31.1,136.61,77.27,389.48,312.98,163.24,134.75
2021-03-22,24.27,68.18,82.23,30.72,12.88,23.9,91.47,69.13,101.19,32.17,96.12,186.03,71.52,30.83,136.17,77.16,392.59,318.44,163.0,136.26
2021-03-23,23.92,66.82,78.29,29.36,12.33,23.45,88.59,66.6,96.07,31.21,94.44,182.17,70.1,31.28,138.02,78.14,389.5,317.05,161.81,137.49
2021-03-24,24.51,68.46,79.46,29.56,12.62,22.4,84.5,63.7,90.5,30.1,95.13,183.09,70.31,31.3,138.19,78.33,387.52,311.71,162.37,138.23
2021-03-25,24.6,68.74,80.81,29.78,12.73,22.51,85.19,64.67,92.02,30.24,96.65,186.0,71.52,31.63,139.79,78.69,389.7,311.17,161.78,137.14
2021-03-26,25.22,69.96,83.32,30.8,13.21,22.96,88.02,65.86,93.74,30.88,98.32,188.89,71.89,31.74,139.22,78.93,395.98,315.83,162.24,136.66
2021-03-29,24.92,68.89,80.88,30.37,12.88,22.41,84.23,62.84,89.06,30.18,98.34,188.27,72.21,32.08,140.64,79.63,395.78,315.74,160.31,135.5
2021-03-30,24.7,68.36,80.75,30.01,12.78,23.49,89.27,65.86,94.25,31.04,98.77,189.41,72.36,31.78,139.43,78.98,394.73,314.15,157.57,136.21
2021-03-31,24.53,68.0,81.34,30.5,12.81,24.3,91.77,68.6,98.39,32.0,98.45,189.27,72.73,32.02,140.51,79.56,396.33,318.96,159.96,135.45
2021-04-01,25.16,69.83,85.56,31.13,13.48,24.18,90.68,69.18,99.25,32.58,98.78,190.53,72.92,31.99,140.37,79.46,400.61,324.4,161.98,137.51
2021-04-05,24.56,67.99,81.43,31.01,12.8,23.81,88.16,68.02,96.88,32.38,100.0,192.51,74.08,32.34,141.84,80.34,406.36,330.88,161.92,136.91
2021-04-06,24.49,67.98,82.0,31.17,12.93,23.81,89.27,68.94,98.95,32.2,99.76,192.4,73.81,32.51,142.44,80.63,406.12,330.65,163.22,137.84
2021-04-07,24.58,68.27,81.81,31.3,12.97,23.14,86.48,66.19,94.44,31.45,99.3,191.09,73.34,32.47,142.17,80.52,406.59,331.45,162.76,136.88
2021-04-08,24.25,67.32,80.05,31.51,12.72,23.44,86.9,67.14,95.75,31.84,99.54,191.74,73.99,32.44,142.06,80.45,408.52,334.9,164.51,138.01
2021-04-09,24.09,66.78,78.49,30.99,12.49,23.47,86.46,66.57,94.27,31.76,100.51,193.48,74.32,32.41,142.04,80.41,411.49,336.93,163.27,137.51
2021-04-12,23.91,66.16,76.59,30.93,12.28,23.0,84.71,65.68,91.3,30.97,100.88,194.09,74.59,32.44,142.17,80.52,411.64,336.49,162.28,137.45
2021-04-13,23.93,66.21,76.8,30.94,12.29,23.47,85.71,66.44,91.44,31.19,100.39,193.26,74.28,32.83,143.83,81.43,412.86,340.42,163.43,138.48
2021-04-14,24.59,68.26,80.04,31.49,12.89,23.39,85.01,65.82,90.71,31.05,100.52,193.55,74.51,32.97,144.4,81.78,411.45,336.33,162.72,138.04
2021-04-15,24.4,67.71,78.81,31.73,12.78,23.05,83.24,64.38,87.15,30.55,100.92,194.19,74.71,33.33,146.05,82.7,415.87,341.43,165.35,140.35
2021-04-16,24.2,67.07,77.51,31.33,12.46,23.82,85.49,65.4,87.91,30.88,101.14,195.06,74.84,33.6,147.12,83.36,417.26,341.83,166.35,139.26
2021-04-19,24.17,66.94,77.49,31.44,12.53,23.24,82.75,63.7,85.17,30.15,100.72,193.82,74.55,33.44,146.32,82.84,415.21,338.7,165.89,138.86
2021-04-20,23.53,65.04,74.0,31.35,12.02,23.02,82.29,62.84,83.32,29.63,99.61,191.55,73.56,33.86,148.08,83.84,412.17,336.23,166.48,139.5
2021-04-21,23.83,65.96,75.47,31.83,12.19,23.48,85.1,65.4,87.28,30.2,100.97,194.33,74.4,33.58,146.86,83.22,416.07,339.11,168.13,139.78
2021-04-22,23.56,65.18,74.84,31.51,12.13,24.05,88.1,66.07,88.23,30.67,100.46,193.51,74.05,33.33,145.88,82.65,412.27,335.02,167.04,140.39
2021-04-23,23.77,65.81,75.88,32.19,12.28,24.5,90.94,68.23,91.09,31.39,101.56,196.09,74.47,33.29,145.57,82.43,416.74,339.24,166.4,140.06
2021-04-26,23.93,66.38,77.78,32.38,12.56,24.62,91.88,70.0,93.75,31.96,101.26,195.71,74.44,33.1,144.89,82.02,417.61,341.45,166.84,139.86
2021-04-27,24.22,67.14,79.26,32.35,12.83,24.54,90.83,69.0,92.87,31.89,102.1,197.21,74.71,32.85,143.69,81.34,417.52,339.97,166.42,138.64
2021-04-28,25.06,69.5,82.65,33.24,13.43,24.04,88.12,67.62,92.1,31.58,101.89,196.59,74.47,32.8,143.5,81.21,417.4,338.82,166.91,138.73
2021-04-29,25.33,70.26,82.59,33.66,13.43,23.67,86.3,65.98,90.16,31.11,102.61,197.64,75.21,33.1,144.87,81.95,420.06,340.04,166.22,138.32
2021-04-30,24.69,68.29,80.2,32.74,13.01,23.24,83.15,64.85,87.89,30.46,101.93,196.05,75.04,33.36,145.82,82.66,417.3,337.81,165.66,138.64
2021-05-03,25.38,70.27,82.94,33.04,13.39,22.91,82.1,63.34,85.92,30.09,102.98,198.07,75.39,33.35,145.84,82.66,418.2,336.01,167.81,138.52
2021-05-04,25.39,70.39,82.82,33.11,13.38,21.97,77.2,60.65,83.21,28.81,103.43,198.53,75.29,33.23,145.36,82.32,415.62,329.97,166.58,139.46
2021-05-05,26.21,72.66,85.02,33.52,13.84,21.94,76.22,60.15,82.04,28.75,103.53,198.57,74.82,32.67,142.9,80.95,415.75,328.86,167.27,139.69
2021-05-06,26.34,72.97,84.53,33.93,13.77,21.65,74.45,59.05,79.82,28.09,104.25,199.59,75.2,32.92,144.11,81.56,419.07,331.34,170.06,139.92
2021-05-07,26.82,74.55,86.65,34.37,14.22,22.04,75.15,60.05,80.89,28.61,105.35,201.74,76.02,33.02,144.51,81.89,422.12,334.02,171.59,139.23
2021-05-10,26.83,74.23,85.57,34.78,14.17,21.38,72.1,56.94,76.31,27.63,105.45,201.42,75.61,33.35,145.8,82.67,417.94,325.59,172.11,137.82
2021-05-11,26.14,72.67,84.54,34.35,13.96,21.43,72.99,57.5,77.23,27.45,103.89,198.75,74.76,32.94,144.11,81.69,414.21,325.14,172.14,137.04
2021-05-12,26.26,72.9,84.22,34.14,13.93,20.71,69.14,54.91,72.95,26.44,101.4,193.42,72.89,32.17,140.62,79.8,405.41,316.72,170.43,135.6
2021-05-13,25.94,71.87,81.59,34.04,13.53,20.79,69.1,54.47,71.8,26.43,103.3,197.16,74.13,32.79,143.42,81.34,410.28,319.17,171.13,135.81
2021-05-14,26.75,74.31,86.36,34.56,14.25,21.6,72.54,56.94,75.32,27.37,104.73,200.19,75.21,32.96,144.08,81.71,416.58,326.22,172.69,137.08
2021-05-17,27.36,76.09,89.7,35.2,14.83,21.4,71.32,56.45,75.55,27.33,104.41,199.66,75.17,32.69,142.84,81.01,415.52,324.24,174.7,136.79
2021-05-18,26.73,74.36,88.31,34.67,14.52,21.8,72.36,57.26,77.55,27.95,102.89,196.82,74.13,32.68,142.81,80.98,411.94,322.05,175.04,136.44
2021-05-19,26.07,72.55,86.46,34.06,14.21,21.97,75.06,57.96,77.9,27.99,102.31,195.4,73.73,32.63,142.6,80.8,410.86,322.42,175.16,136.11
2021-05-20,26.02,72.48,86.08,34.5,14.21,22.53,78.16,59.62,79.06,28.67,102.54,195.93,74.28,32.91,143.7,81.45,415.28,328.66,175.96,137.23
2021-05-21,26.08,72.66,86.61,34.55,14.24,22.58,78.51,60.03,79.44,28.82,103.04,197.01,74.61,33.08,144.37,81.82,414.94,326.84,176.04,137.67
2021-05-24,26.34,73.28,87.63,35.01,14.34,22.62,77.8,60.36,79.25,28.96,103.68,198.23,75.21,33.02,144.25,81.75,419.17,332.34,176.35,138.18
2021-05-25,25.81,71.78,85.3,34.39,13.96,22.56,77.45,59.99,78.42,28.92,103.37,197.38,74.87,32.62,142.45,80.7,418.24,332.8,177.95,139.46
2021-05-26,26.03,72.54,87.67,34.63,14.37,22.83,79.31,61.77,81.9,29.48,103.7,198.24,75.06,32.63,142.63,80.72,419.07,333.95,177.64,139.22
2021-05-27,26.06,72.68,89.04,34.54,14.54,22.81,79.32,62.68,83.67,29.69,105.12,200.64,76.62,32.4,141.66,80.25,419.29,332.71,177.71,138.65
2021-05-28,26.1,72.76,89.07,34.34,14.56,22.92,79.11,62.49,83.09,29.7,105.12,200.97,76.41,32.58,142.41,80.63,420.04,333.75,178.38,138.44
2021-06-01,27.11,75.78,94.83,35.32,15.62,22.87,78.77,63.1,84.62,30.01,105.53,201.98,76.86,32.38,141.81,80.3,419.67,332.65,177.9,138.21
2021-06-02,27.61,77.25,96.35,35.85,15.86,22.5,77.67,62.92,86.01,29.98,105.23,201.15,76.92,32.55,142.48,80.63,420.33,333.29,178.77,138.53
2021-06-03,27.69,77.48,96.45,35.88,15.91,22.09,75.56,61.56,85.36,29.56,105.0,200.26,76.55,32.74,143.38,81.18,418.77,329.83,175.27,138.01
2021-06-04,27.88,78.05,96.42,35.98,15.95,22.3,76.84,62.59,86.39,29.91,105.34,201.25,77.27,32.69,143.1,81.08,422.6,335.42,177.16,139.9
2021-06-07,27.75,77.77,97.35,36.7,16.06,22.42,76.56,63.41,88.28,30.11,104.61,200.31,77.08,32.76,143.52,81.23,422.19,336.42,177.87,139.47
2021-06-08,28.0,78.47,98.3,37.09,16.19,22.51,76.96,64.2,90.11,30.27,104.88,201.0,77.5,32.47,142.45,80.62,422.28,336.58,177.32,140.45
2021-06-09,27.82,78.06,97.76,37.26,16.03,22.37,76.61,63.54,89.32,30.04,103.81,198.93,76.8,32.76,143.71,81.26,421.65,336.66,176.98,141.69
2021-06-10,27.78,77.94,96.71,38.23,15.99,22.34,78.72,63.76,88.21,30.01,103.3,197.86,76.87,32.98,144.69,81.3,423.61,340.17,177.74,142.54
2021-06-11,27.69,77.76,97.36,38.28,16.16,22.53,79.82,64.79,89.43,30.21,103.51,198.53,77.23,33.06,145.08,81.54,424.31,341.06,175.74,142.31
2021-06-14,27.57,77.42,96.29,38.46,15.98,22.8,80.78,64.97,89.14,30.5,103.04,197.46,76.87,33.13,145.21,81.58,425.26,344.33,174.71,141.22
2021-06-15,28.09,78.97,97.97,38.26,16.3,22.54,78.77,63.09,86.62,30.07,103.48,198.09,77.25,33.22,145.68,81.93,424.48,342.08,174.05,141.05
2021-06-16,27.94,78.7,97.45,38.73,16.23,22.66,79.96,63.78,88.12,30.08,102.5,196.25,76.49,32.72,143.57,80.71,422.11,340.83,171.11,140.93
2021-06-17,27.0,75.74,93.02,36.83,15.4,22.79,83.1,65.1,88.7,30.11,100.92,193.31,75.65,32.9,144.24,81.01,421.97,345.16,165.85,143.04
2021-06-18,26.19,73.62,91.01,35.82,15.12,22.41,82.47,64.17,87.77,29.6,99.61,190.83,74.6,32.05,140.42,78.9,414.92,342.45,164.93,145.73
2021-06-21,27.03,76.07,95.37,37.01,15.99,22.64,82.0,64.06,86.67,29.72,101.48,194.82,76.02,32.22,141.3,79.96,420.86,344.18,166.95,143.29
2021-06-22,27.22,76.63,95.9,36.86,16.0,22.87,82.42,64.54,87.28,29.84,101.59,195.52,75.91,32.02,140.38,79.43,423.11,347.39,166.25,143.64
2021-06-23,27.29,76.85,97.03,36.6,16.22,22.83,84.11,65.9,89.63,30.18,101.36,195.11,75.51,31.68,138.95,78.59,422.6,347.56,166.14,143.27
2021-06-24,27.52,77.55,98.58,36.8,16.5,22.98,84.94,66.14,89.89,30.4,102.15,196.22,76.12,31.65,138.87,78.56,425.1,349.71,166.04,143.5
2021-06-25,27.67,77.88,99.75,36.26,16.7,23.05,85.57,66.53,90.58,30.58,102.35,196.76,76.51,31.99,140.45,79.49,426.61,349.28,166.59,142.01
2021-06-28,26.74,75.3,95.4,35.45,15.97,23.66,90.95,69.64,94.49,31.2,101.81,195.68,75.37,32.19,141.26,79.9,427.47,353.52,166.58,143.47
2021-06-29,26.6,74.9,94.89,35.71,15.99,23.81,91.78,69.48,94.44,31.34,101.61,195.1,74.49,31.67,138.96,78.61,427.7,354.8,164.83,143.71
2021-06-30,26.93,75.89,96.69,36.41,16.4,23.46,89.33,69.21,93.19,30.98,102.4,196.45,75.15,31.61,138.76,78.5,428.06,354.24,165.63,144.35
2021-07-01,27.41,77.26,98.98,36.86,16.84,23.54,88.32,68.61,92.23,30.83,103.13,197.65,75.58,31.96,140.3,79.35,430.43,354.38,166.2,144.17
2021-07-02,27.34,77.01,97.19,36.97,16.55,23.49,88.18,68.46,90.45,30.8,103.29,197.77,75.51,32.01,140.5,79.45,433.72,358.45,167.29,145.04
2021-07-06,26.45,74.46,93.23,36.47,15.9,23.65,89.19,68.24,89.87,30.84,102.3,195.9,74.82,32.15,141.02,79.71,432.93,360.0,168.12,146.74
2021-07-07,26.02,73.14,91.07,35.67,15.52,23.57,89.18,66.2,87.63,30.67,103.32,197.33,75.22,32.35,141.93,80.23,434.46,360.76,168.76,148.04
2021-07-08,25.88,72.91,91.58,35.49,15.65,23.16,86.98,65.3,86.66,30.04,101.88,194.63,74.67,32.26,141.39,79.92,430.92,358.58,168.65,148.62
2021-07-09,26.42,74.46,93.89,36.35,16.02,23.22,88.21,66.19,87.66,30.37,103.49,197.85,75.7,32.3,141.7,80.13,435.52,360.82,169.21,146.53
2021-07-12,26.39,74.38,93.21,35.97,15.9,23.49,89.68,67.39,89.11,30.63,103.63,198.16,75.44,32.4,142.13,80.4,437.08,362.23,169.0,146.34
2021-07-13,26.18,73.75,92.03,35.23,15.76,23.21,88.55,66.17,86.72,30.2,102.63,196.02,74.63,32.16,140.99,79.75,435.59,362.23,169.22,145.22
2021-07-14,25.41,71.4,87.48,34.69,15.02,22.64,83.86,63.63,82.6,29.48,102.62,195.38,74.13,32.44,142.01,80.35,436.24,362.88,171.04,146.87
2021-07-15,25.05,70.39,85.72,34.15,14.64,22.19,82.23,63.01,82.45,29.03,102.82,195.67,73.95,32.81,143.6,81.27,434.75,360.33,171.07,148.49
2021-07-16,24.34,68.4,82.32,33.73,14.05,22.1,80.63,61.89,80.44,28.56,101.91,193.77,73.45,33.13,144.89,81.95,431.34,357.41,169.41,148.21
2021-07-19,23.48,65.85,78.96,32.29,13.4,21.94,81.1,61.72,79.3,28.25,99.78,189.95,71.28,32.61,142.4,80.59,424.97,354.48,169.61,151.46
2021-07-20,23.8,66.92,80.86,33.8,13.81,22.16,82.93,63.75,82.11,28.77,102.57,195.24,73.77,32.75,143.22,80.99,431.06,358.6,169.39,150.0
2021-07-21,24.63,69.35,84.75,33.71,14.39,22.86,86.41,66.25,85.86,29.75,103.55,197.34,74.74,32.39,141.77,80.19,434.55,361.37,168.76,148.1
2021-07-22,24.35,68.58,83.03,33.72,14.24,22.87,85.63,65.51,83.93,29.7,103.17,196.26,74.32,32.44,141.84,80.25,435.46,363.76,169.09,149.5
2021-07-23,24.26,68.23,82.18,33.75,14.09,22.56,83.46,64.21,81.55,29.25,103.61,197.23,74.55,32.85,143.69,81.24,439.94,368.01,168.56,148.5
2021-07-26,24.86,69.96,84.7,34.67,14.59,22.38,82.27,64.03,81.1,29.16,103.56,197.29,74.55,32.87,143.53,81.21,441.02,368.3,168.16,148.06
2021-07-27,24.63,69.1,82.08,33.76,14.09,22.22,80.52,62.12,78.94,28.64,102.99,196.3,74.88,33.43,145.92,82.56,439.01,364.24,168.44,149.64
2021-07-28,24.85,69.78,83.91,34.2,14.39,22.83,83.87,64.55,82.79,29.52,102.75,196.23,75.31,33.17,145.2,82.12,438.83,365.64,169.29,149.65
2021-07-29,25.09,70.34,83.79,34.62,14.37,22.77,84.31,65.65,83.43,29.57,103.56,197.71,75.59,33.26,145.42,82.21,440.65,366.29,171.17,148.82
2021-07-30,24.69,69.29,82.8,33.91,14.13,22.71,85.67,66.76,83.67,29.62,103.36,197.33,74.87,32.99,144.2,81.49,438.51,364.38,169.82,149.52
2021-08-02,24.51,68.71,81.15,33.4,13.81,22.73,85.45,67.1,83.18,29.62,102.65,196.0,74.65,33.24,145.31,82.11,437.59,364.41,169.61,150.67
2021-08-03,24.93,69.84,82.82,33.53,14.09,23.17,88.5,68.1,83.35,29.76,103.99,198.39,74.48,33.43,146.26,82.66,441.15,366.62,169.49,150.75
2021-08-04,24.25,67.75,79.1,32.7,13.51,23.12,88.4,67.79,82.0,29.64,102.58,195.65,72.85,33.38,145.95,82.47,438.98,367.15,169.53,151.06
2021-08-05,24.53,68.62,81.22,32.53,13.76,22.94,87.04,67.7,82.89,29.59,103.06,196.77,73.52,33.74,147.47,83.32,441.76,369.48,168.86,150.29
2021-08-06,24.75,69.27,82.13,32.56,13.89,22.92,86.24,67.04,82.53,29.35,103.54,197.59,74.0,33.72,147.37,83.25,442.49,367.86,164.64,147.78
2021-08-09,24.41,68.31,80.77,32.35,13.6,23.28,88.09,68.5,84.97,29.78,103.13,196.84,73.74,33.72,147.26,83.26,442.13,368.54,161.72,147.25
2021-08-10,24.83,69.65,83.0,33.19,14.01,23.25,87.56,68.76,86.65,30.08,104.18,198.66,74.25,33.75,147.42,83.39,442.68,366.65,161.77,146.57
2021-08-11,25.03,70.08,83.3,33.53,14.1,23.11,85.87,67.91,85.11,29.73,105.53,201.13,74.97,34.06,148.75,84.11,443.78,366.02,164.0,146.48
2021-08-12,25.0,69.97,83.05,33.31,14.05,22.82,85.57,67.5,84.47,29.52,105.33,200.83,74.63,34.1,148.93,84.15,445.11,367.34,164.04,146.24
2021-08-13,24.71,68.92,80.23,33.0,13.57,22.6,82.82,66.03,81.42,29.06,105.0,199.88,73.88,34.34,149.76,84.65,445.92,368.63,166.39,148.55
2021-08-16,24.25,67.57,77.88,32.67,13.18,22.42,80.58,64.35,78.68,28.44,105.36,200.28,73.84,34.55,150.56,85.17,446.97,368.79,167.22,148.91
2021-08-17,24.0,67.09,77.34,32.43,13.08,22.18,78.49,63.05,75.94,27.76,104.22,198.07,73.33,34.57,150.66,85.21,444.04,365.54,166.97,148.85
2021-08-18,23.5,65.63,75.17,31.82,12.72,22.32,79.17,63.25,76.28,28.16,103.08,195.93,72.59,34.4,149.8,84.73,439.18,362.02,167.1,149.35
2021-08-19,22.9,63.79,72.88,31.16,12.34,22.32,78.01,61.84,73.5,27.76,102.36,194.37,71.78,34.53,150.3,84.98,439.86,363.77,166.61,150.45
2021-08-20,22.94,64.04,73.17,31.49,12.42,22.68,79.65,63.05,74.98,28.03,102.63,195.21,72.47,34.97,152.15,86.1,443.36,367.54,166.7,150.55
2021-08-23,23.81,66.46,76.87,31.97,13.0,22.97,82.08,65.13,78.13,28.73,103.47,197.0,73.09,34.51,150.27,84.96,447.26,373.03,168.73,150.45
2021-08-24,24.2,67.63,79.17,32.22,13.32,23.11,82.36,65.68,79.72,29.16,103.99,198.12,73.52,34.29,149.36,84.52,447.97,374.17,168.65,149.28
2021-08-25,24.39,68.22,80.59,32.61,13.6,23.19,83.45,66.22,79.94,29.27,104.66,199.4,73.67,34.35,149.71,84.69,448.91,374.6,167.48,148.04
2021-08-26,24.01,67.23,79.22,31.88,13.36,22.92,83.0,65.47,79.28,28.96,104.2,198.39,73.2,34.27,149.18,84.38,446.26,372.22,167.67,148.45
2021-08-27,24.66,69.24,83.4,32.82,14.05,23.12,84.11,66.51,80.98,29.31,104.92,200.23,74.06,34.26,149.27,84.41,450.25,375.84,170.19,149.46
2021-08-30,24.36,68.37,82.02,32.47,13.86,23.35,86.11,66.99,81.43,29.52,104.8,199.9,73.78,34.31,149.57,84.56,452.23,380.06,169.35,149.85
2021-08-31,24.2,68.01,82.65,32.36,13.96,23.33,85.63,66.99,81.77,29.66,104.51,199.21,73.71,34.27,149.54,84.47,451.56,379.75,169.69,148.83
2021-09-01,23.84,67.16,82.03,32.9,13.93,23.51,86.03,67.23,81.98,29.76,104.11,198.87,73.5,34.72,151.37,85.61,451.8,380.38,169.7,148.89
2021-09-02,24.45,68.91,84.76,33.55,14.52,23.79,87.01,67.9,83.47,30.05,105.23,200.92,74.15,35.03,152.64,86.24,453.19,380.2,169.25,149.54
2021-09-03,24.31,68.6,84.52,33.45,14.53,23.6,86.04,67.28,82.44,30.08,104.59,199.57,73.64,34.74,151.44,85.54,453.08,381.37,171.06,148.18
2021-09-07,24.17,68.2,84.28,33.04,14.44,23.41,85.22,67.13,82.7,30.1,102.78,196.6,72.74,34.28,149.51,84.41,451.46,381.91,167.71,146.93
2021-09-08,23.85,67.36,83.31,32.81,14.34,22.96,83.74,65.69,80.21,29.43,102.92,196.53,72.66,34.9,151.98,85.94,450.91,380.58,167.29,147.93
2021-09-09,23.91,67.48,84.35,32.84,14.44,22.93,84.38,65.89,80.91,29.69,102.42,195.7,72.71,34.71,151.17,85.46,448.98,379.27,168.03,149.72
2021-09-10,23.9,67.41,83.67,32.48,14.33,22.57,83.33,65.26,79.75,29.39,101.96,194.56,72.18,34.22,148.93,84.22,445.44,376.39,167.18,148.4
2021-09-13,24.58,69.49,87.12,33.0,14.97,23.02,85.0,65.5,80.83,29.55,102.23,195.21,72.63,34.17,148.72,84.16,446.58,376.13,167.74,149.3
2021-09-14,24.23,68.33,84.94,32.69,14.64,22.88,84.3,65.26,79.9,29.57,101.0,192.73,71.7,34.05,148.08,83.77,444.17,375.06,168.82,151.11
2021-09-15,25.13,71.08,89.93,32.87,15.55,22.56,84.15,65.33,80.52,29.56,102.11,194.84,72.33,34.01,147.99,83.64,447.88,377.85,167.83,150.58
2021-09-16,24.84,70.29,88.76,33.01,15.37,22.41,83.19,65.01,79.47,29.32,101.41,193.7,71.42,33.72,146.61,83.02,447.17,378.11,164.03,149.89
2021-09-17,24.66,69.64,87.95,32.47,15.17,22.52,85.22,65.84,81.03,29.39,100.33,191.91,71.18,33.2,144.62,81.77,441.4,373.63,163.77,149.17
2021-09-20,23.62,67.54,84.4,31.37,14.6,21.92,80.87,62.96,76.82,28.27,98.86,189.63,70.71,32.89,144.18,81.58,434.04,365.51,164.94,151.02
2021-09-21,23.67,67.73,84.59,31.46,14.59,22.18,81.78,63.22,77.55,28.52,98.34,188.74,70.13,32.8,143.79,81.41,433.63,365.96,166.04,150.89
2021-09-22,24.41,69.79,87.72,32.26,15.14,22.49,83.25,64.49,78.6,28.77,99.12,190.73,71.27,32.78,143.76,81.39,437.86,369.38,165.42,151.79
2021-09-23,25.26,72.23,91.54,33.18,15.77,22.69,83.07,65.09,79.83,29.2,100.64,193.69,72.26,32.6,143.27,81.11,443.18,372.78,163.51,148.36
2021-09-24,25.45,72.82,92.05,32.85,15.88,22.25,80.54,64.21,78.57,28.81,100.85,194.06,72.58,32.57,143.0,80.52,443.91,373.13,163.3,146.91
2021-09-27,26.35,75.62,98.68,33.93,17.07,22.43,82.06,65.12,80.46,28.99,100.95,194.74,73.32,32.19,141.48,79.65,442.64,370.16,163.64,146.37
2021-09-28,26.44,75.75,97.35,33.45,16.9,21.94,79.7,63.0,77.64,28.12,99.78,192.17,72.54,31.78,139.75,78.65,433.72,359.68,162.05,144.09
2021-09-29,26.44,74.82,97.03,33.6,16.95,21.71,78.36,62.24,76.69,27.74,99.89,191.52,72.74,32.19,140.35,79.55,434.45,359.09,161.32,144.34
2021-09-30,26.05,73.9,96.72,33.33,16.84,21.65,79.95,62.6,77.24,27.88,97.84,187.89,71.9,31.94,139.14,78.94,429.14,357.77,164.22,144.32
2021-10-01,26.92,76.18,99.24,33.79,17.3,21.77,81.06,62.86,77.5,28.0,99.18,190.79,73.12,31.94,139.21,79.02,434.24,359.99,164.59,145.35
2021-10-04,27.36,77.59,101.76,34.58,17.89,21.2,77.3,60.81,73.84,26.8,98.64,189.71,72.59,32.38,141.17,79.85,428.64,352.43,165.36,144.98
2021-10-05,27.52,77.97,102.37,34.54,18.12,21.24,77.71,61.46,73.73,26.7,99.74,191.52,72.81,32.3,140.99,79.77,433.1,357.19,164.59,143.58
2021-10-06,27.23,76.95,100.09,33.82,17.58,21.29,77.69,61.62,73.19,26.39,100.18,192.19,73.18,32.8,143.08,80.94,434.9,359.48,165.03,144.39
2021-10-07,27.44,77.77,102.79,34.43,17.95,21.51,79.4,63.34,74.9,26.84,100.96,193.95,73.95,32.63,142.53,80.73,438.66,362.78,164.16,142.88
2021-10-08,28.28,79.96,105.37,35.04,18.43,21.34,78.53,62.79,74.61,26.65,100.95,193.75,73.99,32.38,141.52,80.33,437.86,360.97,164.23,141.88
2021-10-11,28.18,79.67,105.01,35.23,18.29,21.42,81.39,63.71,75.72,27.01,100.14,192.13,73.92,31.94,139.68,79.32,434.69,358.2,163.92,141.52
2021-10-12,28.2,79.73,104.68,35.6,18.2,22.23,85.87,65.25,78.36,27.9,99.81,191.85,73.92,32.16,140.62,79.89,433.62,356.95,164.66,143.94
2021-10-13,28.18,79.69,104.24,35.8,18.11,22.95,88.03,66.85,80.04,28.68,100.02,192.35,74.0,32.53,142.31,80.8,435.18,359.81,167.59,145.34
2021-10-14,28.52,80.68,105.81,36.42,18.36,22.86,87.47,66.93,79.74,28.69,101.91,195.79,74.4,32.94,143.94,81.82,442.5,366.44,168.0,145.88
2021-10-15,28.67,81.06,105.21,36.45,18.3,22.93,87.15,67.16,79.56,28.73,102.89,197.38,74.91,32.84,143.66,81.61,445.87,368.75,165.33,145.03
2021-10-18,28.68,81.27,105.76,36.55,18.39,23.02,87.98,68.48,79.99,28.81,102.96,197.77,74.62,32.53,142.33,80.9,447.19,372.45,164.92,145.71
2021-10-19,29.01,82.1,106.61,36.74,18.46,23.58,91.51,69.9,81.94,29.63,103.57,198.68,75.05,32.94,143.94,81.88,450.64,375.27,165.45,143.7
2021-10-20,29.25,82.79,107.96,37.19,18.79,23.72,90.15,69.36,81.91,29.58,104.22,199.96,75.24,33.46,146.1,83.09,452.41,374.78,166.9,142.73
2021-10-21,28.7,81.24,105.63,36.62,18.33,23.75,90.16,69.97,82.06,29.75,104.43,200.54,75.5,33.46,146.03,83.18,453.59,377.07,166.75,142.56
2021-10-22,28.98,82.04,107.58,36.52,18.65,23.56,88.44,69.13,80.36,29.36,104.8,200.84,75.39,33.63,146.87,83.68,453.12,373.9,167.77,144.13
2021-10-25,29.4,83.35,110.69,36.61,19.21,23.91,91.0,72.23,83.87,29.98,105.04,201.79,75.34,33.48,146.33,83.21,455.55,377.73,168.93,143.91
2021-10-26,29.57,83.72,110.52,36.03,19.24,23.75,89.69,71.24,83.24,30.0,104.39,200.32,73.97,33.66,146.95,83.49,455.96,378.92,167.68,145.1
2021-10-27,28.72,81.26,105.83,35.8,18.53,24.46,94.19,72.58,83.22,30.1,103.17,197.64,72.95,33.44,146.09,82.93,453.94,379.8,168.12,147.74
2021-10-28,28.92,81.74,107.03,35.59,18.64,25.31,98.0,76.35,87.64,31.2,104.46,200.47,72.83,33.65,147.04,83.5,458.32,384.02,168.08,147.24
2021-10-29,28.74,81.22,106.36,35.06,18.35,25.27,99.1,77.41,88.78,31.31,104.49,200.65,73.29,33.46,146.26,83.25,459.25,385.91,166.65,147.69
2021-11-01,29.23,82.62,109.58,35.76,18.85,25.79,100.53,80.6,92.58,32.11,104.78,202.06,73.86,33.58,146.91,83.5,460.04,387.23,167.52,146.44
2021-11-02,28.95,81.88,108.42,35.76,18.75,25.3,97.3,79.86,91.7,31.71,105.13,202.9,73.43,33.6,146.95,83.56,461.9,388.85,167.16,147.09
2021-11-03,28.72,81.19,107.41,35.46,18.59,24.72,97.15,80.45,92.4,31.64,104.9,202.83,73.81,33.48,146.63,83.23,464.72,392.97,165.77,145.57
2021-11-04,28.75,81.18,106.77,35.2,18.54,24.59,97.36,81.41,92.28,31.64,105.32,203.68,73.8,33.29,145.8,82.86,466.91,398.01,167.65,147.1
2021-11-05,29.13,82.49,109.71,35.2,19.01,24.28,95.76,80.48,91.5,31.44,106.39,205.95,75.67,33.61,147.03,83.5,468.53,398.39,169.84,149.3
2021-11-08,29.4,83.3,111.47,35.66,19.33,24.72,96.6,81.69,95.56,32.29,106.83,206.93,75.45,33.11,145.08,82.45,468.93,397.85,170.45,149.02
2021-11-09,29.51,83.57,111.25,35.79,19.26,24.59,95.83,79.28,92.74,31.96,107.1,207.22,75.41,33.28,145.83,82.83,467.38,395.11,171.29,150.96
2021-11-10,28.74,81.15,106.04,34.71,18.34,24.24,93.19,77.82,89.94,31.21,106.5,205.88,74.71,33.55,146.97,83.54,463.62,389.31,173.15,148.2
2021-11-11,28.84,81.5,107.66,35.02,18.68,24.88,98.62,80.92,94.49,32.12,106.06,205.49,73.9,33.35,146.28,83.11,463.77,390.38,174.12,147.98
2021-11-12,28.77,81.26,107.42,35.07,18.63,25.08,99.61,81.47,95.5,32.33,106.9,207.08,74.12,33.33,146.16,83.15,467.27,394.49,174.45,147.33
2021-11-15,29.01,81.83,108.15,35.01,18.78,24.78,98.0,80.17,94.35,31.89,107.1,207.2,74.48,33.76,147.93,84.07,467.43,394.4,174.18,145.48
2021-11-16,29.06,81.92,107.56,34.97,18.69,24.72,97.51,80.96,94.43,31.96,107.12,207.5,73.95,33.6,147.29,83.77,469.28,397.21,172.92,145.11
2021-11-17,28.61,80.53,103.74,34.23,18.13,24.57,97.14,80.3,92.76,31.64,106.48,206.36,73.87,33.63,147.43,83.94,468.14,397.42,174.5,146.26
2021-11-18,28.44,80.17,103.96,34.04,18.18,24.23,95.01,78.99,89.19,30.87,106.26,205.63,73.44,33.46,146.59,83.39,469.73,401.54,173.94,146.81
2021-11-19,27.33,77.0,98.77,33.09,17.32,24.69,98.12,80.84,90.84,31.14,105.73,204.89,72.63,33.65,147.51,83.81,468.89,403.78,172.61,148.36
2021-11-22,27.82,78.23,100.33,33.08,17.57,24.12,96.03,80.32,89.71,30.82,106.02,205.25,73.03,33.85,148.4,84.25,467.57,399.09,168.74,146.62
2021-11-23,28.67,80.67,104.37,33.65,18.35,23.84,93.46,78.92,88.31,30.25,106.2,205.45,72.88,33.89,148.6,84.36,468.19,397.27,167.28,144.5
2021-11-24,28.95,81.53,105.74,34.02,18.61,23.91,93.7,79.58,88.89,30.29,106.08,205.32,72.69,33.91,148.66,84.4,469.44,398.55,167.12,146.82
2021-11-26,27.79,78.0,98.8,33.18,17.48,23.6,90.67,76.85,86.18,29.71,103.21,199.16,70.17,33.38,146.18,83.11,458.97,390.99,166.85,150.53
2021-11-29,27.95,78.55,100.03,32.48,17.64,23.86,92.33,78.79,87.46,30.0,103.39,199.76,70.29,33.88,148.2,84.32,464.6,399.48,166.62,149.32
2021-11-30,27.3,76.55,97.39,31.68,17.07,23.49,89.49,77.11,85.39,29.53,100.77,194.37,68.66,32.88,143.93,81.72,455.56,393.61,165.5,151.59
2021-12-01,27.0,75.45,93.53,31.25,16.39,22.76,86.4,74.29,81.23,28.68,99.37,191.31,67.46,32.94,144.1,81.79,450.5,386.92,166.16,152.34
2021-12-02,27.79,77.62,96.56,31.85,16.88,22.66,86.33,73.91,81.16,28.54,102.32,197.09,69.29,33.37,146.11,82.97,457.4,389.71,165.24,152.53
2021-12-03,27.57,77.02,95.13,31.68,16.78,21.95,82.16,70.26,76.35,27.45,102.2,196.3,68.93,33.7,147.24,83.49,453.42,382.93,166.63,154.35
2021-12-06,27.98,78.34,98.05,31.63,17.14,22.21,83.3,70.17,77.0,27.65,103.93,199.71,70.4,34.22,149.82,84.79,458.79,386.0,166.22,152.23
2021-12-07,28.64,80.25,101.99,32.08,17.92,22.93,86.33,73.15,79.96,28.57,104.99,201.98,70.8,34.47,150.73,85.42,468.28,397.62,166.81,151.0
2021-12-08,28.63,80.38,102.18,32.34,18.01,23.0,86.95,73.82,81.18,28.9,105.25,202.46,71.23,34.44,150.75,85.4,469.52,399.4,166.9,148.39
2021-12-09,28.41,79.55,100.35,32.01,17.7,22.34,83.81,71.13,78.27,28.16,104.92,201.29,70.73,34.39,150.42,85.16,466.35,393.52,165.88,149.22
2021-12-10,28.62,80.22,101.56,31.77,17.88,22.19,83.64,71.14,77.6,28.1,105.35,201.79,70.78,34.58,151.06,85.58,470.74,397.8,166.58,148.86
2021-12-13,27.83,77.87,96.99,31.05,17.08,21.96,83.79,69.69,76.38,27.68,104.26,199.69,70.16,35.0,152.73,85.95,466.57,392.05,167.0,151.06
2021-12-14,27.71,77.42,95.27,30.85,16.82,21.3,80.56,67.64,73.76,26.85,103.27,197.65,69.89,34.79,151.88,85.31,463.36,388.0,165.44,150.7
2021-12-15,27.58,77.2,95.65,31.1,16.9,21.66,81.43,68.27,74.79,27.16,104.17,199.51,70.45,35.36,154.33,86.67,470.6,396.84,166.15,149.25
2021-12-16,27.75,76.55,94.74,31.43,16.86,21.18,78.77,65.5,72.07,26.84,104.22,198.25,69.8,35.54,153.91,87.12,466.45,386.64,168.16,149.14
2021-12-17,27.18,75.14,93.61,31.2,16.55,21.22,79.04,65.93,72.89,26.8,102.44,195.55,69.73,35.01,151.84,85.81,459.87,384.71,167.8,150.83
2021-12-20,26.5,74.1,90.95,30.56,16.22,20.44,73.76,62.84,68.87,25.92,100.42,192.26,68.42,34.76,151.95,85.69,454.98,380.49,167.09,149.7
2021-12-21,27.26,76.44,95.24,31.23,16.94,21.12,77.94,66.03,71.82,26.69,102.42,196.6,70.44,34.72,151.77,85.73,463.06,389.01,167.02,149.13
2021-12-22,27.43,76.89,95.79,31.33,17.1,21.24,77.81,66.59,71.79,26.93,102.71,197.54,70.64,34.87,152.39,86.11,467.69,393.74,168.59,149.82
2021-12-23,27.45,76.93,95.43,31.52,16.95,21.24,77.91,67.35,72.19,27.02,103.92,199.84,71.47,34.86,152.38,86.16,470.6,396.71,168.97,148.52
2021-12-27,28.05,78.74,99.29,32.13,17.77,21.21,77.18,68.18,71.89,27.05,105.02,201.98,71.94,35.03,153.03,86.58,477.26,403.27,169.37,148.88
2021-12-28,28.03,78.56,98.43,32.2,17.61,21.0,76.0,67.34,70.75,26.71,105.55,202.51,72.25,35.35,154.34,87.31,476.87,401.4,168.64,148.29
2021-12-29,27.85,78.08,98.03,32.14,17.53,20.93,75.46,66.78,69.34,26.46,105.74,202.94,72.12,35.53,155.16,87.83,477.48,401.34,168.59,146.67
2021-12-30,27.68,77.38,96.19,32.17,17.19,21.21,77.68,68.25,71.71,26.92,105.36,202.15,72.08,35.67,155.79,88.04,476.16,400.14,169.8,147.9
2021-12-31,27.75,77.61,95.87,32.74,17.18,21.17,76.97,67.97,71.42,26.83,105.81,202.96,72.25,35.79,156.4,88.43,474.96,397.64,170.96,148.19
2022-01-03,28.61,80.1,100.42,33.68,17.85,21.34,78.49,70.08,72.96,27.4,104.94,201.71,72.72,35.44,155.01,87.48,477.71,401.47,168.33,144.3
2022-01-04,29.6,82.9,104.73,34.42,18.63,21.01,76.32,69.04,72.58,26.92,107.05,205.34,73.96,35.33,154.73,87.4,477.55,396.26,169.57,143.7
2022-01-05,29.59,82.53,101.53,34.11,18.12,20.03,71.21,65.21,68.18,25.81,106.03,202.6,73.08,35.31,154.33,87.02,468.38,384.09,169.06,142.92
2022-01-06,30.25,84.48,104.62,34.63,18.63,19.75,70.63,64.41,67.18,25.33,106.52,203.02,73.31,34.94,152.78,86.25,467.94,383.82,166.99,143.29
2022-01-07,30.67,85.52,104.7,35.07,18.69,19.66,70.75,63.59,66.46,25.17,106.49,202.28,73.74,35.21,153.91,86.86,466.09,379.66,167.75,142.26
2022-01-10,30.58,85.24,104.05,35.14,18.62,19.57,70.7,63.03,64.91,24.64,105.29,200.25,73.34,34.97,152.87,86.27,465.51,379.91,168.26,142.61
2022-01-11,31.61,88.22,108.65,35.8,19.37,19.74,71.91,64.51,66.75,25.12,105.92,201.74,74.02,34.66,151.54,85.57,469.75,385.62,170.29,143.56
2022-01-12,31.67,88.55,109.79,36.35,19.72,19.79,72.23,65.29,66.76,25.37,106.26,202.07,73.89,34.77,151.96,85.89,471.02,387.15,170.74,143.01
2022-01-13,31.51,87.83,107.65,35.85,19.35,19.57,70.63,63.26,64.48,24.83,106.49,202.18,74.15,34.94,152.6,86.12,464.53,377.46,170.16,144.28
2022-01-14,32.26,90.05,110.99,36.35,19.95,19.45,70.45,63.54,64.24,24.61,105.85,201.03,74.68,34.7,151.85,85.68,464.72,379.81,169.67,142.1
2022-01-18,32.38,90.15,109.12,36.28,19.58,18.91,67.43,61.14,61.29,23.67,104.63,198.42,73.88,34.28,150.05,84.57,456.49,370.36,169.39,140.1
2022-01-19,32.15,89.39,107.92,36.03,19.35,18.86,66.94,59.33,59.35,23.42,103.46,195.69,73.27,34.44,150.55,84.86,451.75,366.29,172.08,141.07
2022-01-20,31.85,88.29,104.3,35.73,18.82,18.98,66.99,58.61,58.56,23.29,102.14,193.13,72.56,34.49,150.54,84.79,446.75,361.53,171.65,141.94
2022-01-21,31.23,86.41,100.55,34.99,18.15,18.3,63.74,56.19,55.7,22.4,101.2,191.04,71.46,34.42,150.09,84.56,437.98,351.51,171.09,143.63
2022-01-24,31.43,87.06,102.36,34.88,18.43,18.37,64.42,56.18,55.85,22.12,101.78,192.23,71.94,34.09,149.02,83.78,439.84,353.11,172.03,142.45
2022-01-25,32.65,90.29,106.25,35.73,19.21,17.82,62.37,54.35,54.51,21.57,100.78,190.0,71.27,33.56,146.67,82.6,434.47,344.93,172.58,142.22
2022-01-26,32.6,90.06,104.87,35.93,19.07,17.88,62.49,54.3,53.71,21.53,99.9,188.17,70.62,33.28,145.7,81.92,433.38,344.39,169.79,140.5
2022-01-27,32.96,90.98,104.92,35.96,19.16,17.6,60.14,51.8,50.93,20.79,99.01,185.72,69.05,33.58,146.62,82.37,431.24,340.92,167.6,143.08
2022-01-28,32.81,90.79,106.02,36.04,19.41,17.76,60.51,52.39,51.64,20.88,99.7,187.43,69.48,33.98,148.39,83.48,441.95,351.62,167.1,143.13
2022-01-31,32.96,91.18,106.6,36.41,19.44,18.75,65.48,57.11,56.48,22.16,100.74,190.23,70.34,34.63,151.15,85.01,449.91,362.86,168.09,142.39
2022-02-01,34.13,94.53,111.1,37.42,20.15,18.72,65.21,57.78,57.22,22.34,102.13,192.98,70.81,34.17,149.12,83.98,452.95,365.33,168.23,141.72
2022-02-02,34.24,94.84,111.84,37.96,20.39,18.64,64.0,56.66,55.28,22.18,102.84,193.78,71.29,34.67,151.33,85.05,457.35,368.3,168.84,142.2
2022-02-03,33.92,93.75,110.21,37.87,20.14,18.17,61.44,54.2,52.76,21.43,101.2,190.35,70.42,34.51,150.37,84.41,446.6,353.36,168.6,141.09
2022-02-04,34.45,95.18,111.92,38.39,20.45,18.34,63.41,55.74,54.34,21.72,100.11,188.67,70.38,34.24,149.1,83.87,448.7,357.82,168.86,139.01
2022-02-07,34.89,96.21,111.22,38.32,20.24,18.23,62.89,56.05,54.17,21.53,100.19,188.89,70.97,34.19,148.91,83.68,447.26,354.94,170.11,139.1
2022-02-08,34.14,94.18,107.74,38.0,19.57,18.27,63.8,57.46,55.61,21.78,101.19,191.28,71.87,34.22,149.19,83.81,450.94,358.93,170.63,138.17
2022-02-09,34.42,95.03,109.95,38.25,19.97,18.93,66.83,60.07,58.43,22.57,102.58,194.32,72.76,34.37,149.76,84.23,457.54,366.54,171.21,138.43
2022-02-10,34.21,94.5,110.07,36.79,20.02,18.45,65.05,58.43,57.3,22.01,100.9,190.87,71.96,33.49,145.91,82.12,449.32,358.24,170.56,136.23
2022-02-11,35.21,97.22,113.95,38.1,20.84,17.97,62.58,56.35,55.32,21.51,99.36,187.61,72.04,33.51,145.88,82.0,440.46,346.88,173.81,138.25
2022-02-14,34.38,95.11,111.27,37.2,20.34,17.83,61.73,56.22,55.2,21.22,98.99,187.24,71.35,33.23,144.75,81.33,439.02,347.31,174.74,136.53
2022-02-15,34.01,94.06,110.14,36.98,20.09,18.73,65.55,59.79,59.25,22.43,100.48,190.59,72.24,33.08,144.14,81.0,446.1,355.94,173.08,134.98
2022-02-16,34.29,94.69,109.53,37.05,20.13,18.74,65.66,60.03,59.31,22.49,101.01,191.58,73.0,33.15,144.52,81.22,446.6,355.85,174.86,135.78
2022-02-17,34.24,94.5,109.65,36.75,20.26,18.48,63.96,56.83,56.7,21.93,99.16,188.02,72.14,33.17,144.63,81.21,437.06,345.27,177.25,136.79
2022-02-18,34.03,93.86,108.45,36.35,20.04,18.14,62.48,55.49,55.11,21.45,98.34,186.35,71.49,33.11,144.22,80.98,434.23,341.33,177.12,138.23
2022-02-22,33.47,92.24,106.27,35.68,19.61,17.69,60.15,53.56,52.63,20.82,97.39,184.15,70.79,33.08,144.06,80.8,429.57,337.9,177.49,138.59
2022-02-23,33.82,93.34,108.12,35.82,20.07,17.57,59.66,52.16,51.6,20.57,95.6,180.53,69.95,32.51,141.64,79.56,421.95,329.25,178.29,136.68
2022-02-24,33.56,93.01,109.96,35.5,20.35,18.91,64.8,56.0,55.76,21.59,96.82,183.46,72.09,32.78,143.14,80.27,428.3,340.31,177.14,136.77
2022-02-25,34.44,95.38,111.07,36.31,20.65,19.44,66.42,56.95,56.78,22.24,99.13,187.79,74.18,33.79,147.39,82.7,437.75,345.59,176.55,136.87
2022-02-28,35.29,98.02,116.91,37.59,21.75,20.71,71.47,59.72,59.36,23.45,99.89,189.3,77.25,33.97,148.33,83.14,436.63,346.62,178.38,139.87
2022-03-01,35.65,98.95,119.26,37.9,22.26,20.51,72.84,58.86,59.29,23.11,98.4,186.35,76.98,33.67,146.84,82.53,429.98,341.31,181.62,141.3
2022-03-02,36.46,101.35,121.51,38.33,22.59,20.18,70.35,59.0,58.7,23.1,100.5,190.36,77.82,34.08,148.8,83.56,437.89,347.04,179.73,136.47
2022-03-03,36.56,101.53,120.27,38.18,22.36,19.57,68.33,57.3,57.24,22.31,100.61,189.99,77.09,34.68,151.28,84.97,435.71,342.08,180.8,137.86
2022-03-04,37.62,104.73,125.01,38.48,23.35,19.42,67.96,56.07,55.3,21.84,100.39,189.08,77.53,35.44,154.42,86.78,432.17,337.12,183.68,140.24
2022-03-07,38.17,106.38,125.73,38.08,23.59,19.9,69.99,55.55,56.4,22.0,97.7,183.69,76.68,35.9,156.0,87.59,419.43,324.69,186.41,139.17
2022-03-08,38.77,107.46,126.95,38.42,23.34,21.27,76.51,58.49,61.0,23.65,97.1,183.16,74.8,35.35,153.93,86.21,416.25,323.18,191.51,137.77
2022-03-09,37.58,104.56,125.82,37.84,23.0,21.33,76.82,60.29,62.28,24.16,98.86,187.02,76.05,35.1,152.91,85.78,427.41,334.81,185.82,136.42
2022-03-10,38.74,107.62,128.33,38.55,23.5,21.03,75.0,59.15,61.37,23.77,98.73,186.89,76.02,35.33,153.92,86.42,425.48,331.1,186.4,134.46
2022-03-11,38.42,106.63,126.32,37.32,22.9,20.71,73.63,57.22,59.23,23.53,97.94,185.51,75.04,35.22,153.37,86.0,420.07,324.23,185.09,134.91
2022-03-14,37.28,103.24,120.97,36.03,21.9,19.96,69.1,53.68,55.18,22.51,98.27,185.55,74.68,35.17,153.21,86.06,417.0,318.0,182.3,131.76
2022-03-15,35.91,99.76,118.87,35.63,21.72,20.28,71.33,55.91,57.29,22.77,99.83,188.46,76.1,35.63,155.06,87.21,426.17,327.98,178.89,131.53
2022-03-16,35.74,99.48,119.14,35.87,21.78,20.82,75.61,59.49,61.14,23.91,101.15,191.71,75.54,35.56,155.0,87.12,435.62,340.14,180.01,132.82
2022-03-17,36.97,103.03,125.38,36.36,22.87,21.08,75.18,60.55,63.52,24.41,102.45,194.41,76.59,35.71,155.53,87.45,441.07,344.26,180.89,131.83
2022-03-18,36.94,103.01,125.19,36.23,22.77,21.15,76.04,62.09,65.09,24.72,102.84,195.29,77.06,35.4,154.19,86.93,444.52,351.31,179.3,133.44
2022-03-21,38.06,106.99,128.93,37.05,23.67,21.0,75.58,61.72,64.43,24.39,102.73,195.32,77.81,35.4,155.21,87.27,444.39,349.9,180.67,130.35
2022-03-22,37.78,106.3,128.18,37.21,23.5,21.29,76.75,63.48,65.64,24.89,103.29,196.34,78.61,35.46,155.31,87.33,449.59,356.77,179.36,128.68
2022-03-23,38.44,108.15,130.85,37.39,24.06,20.96,76.19,63.09,64.8,24.47,102.3,194.28,78.18,35.51,155.37,87.34,443.8,351.65,181.81,131.5
2022-03-24,38.53,107.71,132.31,38.04,24.34,21.29,77.25,64.78,66.19,24.86,103.08,195.1,79.3,35.87,155.94,87.77,450.49,359.46,183.13,130.47
2022-03-25,39.38,110.55,138.6,38.59,25.38,21.04,75.36,63.75,65.11,24.42,103.72,195.83,79.6,36.39,158.27,89.01,452.69,359.16,182.38,128.66
2022-03-28,38.4,107.77,135.13,38.25,24.76,21.13,75.97,64.68,64.55,24.37,103.75,195.98,78.86,36.63,159.25,89.58,455.91,364.72,179.06,129.76
2022-03-29,38.3,107.4,135.29,38.62,24.64,21.44,77.06,66.3,66.72,24.93,104.71,198.45,78.84,36.97,160.79,90.41,461.55,371.0,179.14,130.74
2022-03-30,38.74,108.52,136.5,38.61,24.76,21.39,75.78,65.17,65.51,25.01,104.59,197.49,79.34,37.27,162.04,91.11,458.7,366.9,180.58,131.76
2022-03-31,38.22,107.04,134.55,38.3,24.39,21.52,75.46,64.62,65.14,24.8,102.98,194.47,78.32,37.23,161.81,91.0,451.64,362.35,180.65,132.08
2022-04-01,38.53,108.37,138.48,38.38,25.04,21.64,76.21,64.9,65.0,24.95,102.18,193.42,78.82,37.75,164.12,92.24,452.92,361.66,179.5,132.38
2022-04-04,38.58,108.37,138.87,38.72,25.07,22.08,79.41,67.28,68.38,25.67,102.05,193.45,78.8,37.46,162.75,91.57,456.8,369.11,180.37,131.46
2022-04-05,37.97,106.58,135.68,38.41,24.52,22.02,77.35,64.3,65.68,25.15,100.6,190.16,77.98,37.69,163.68,91.97,451.03,360.91,179.24,128.49
2022-04-06,38.2,107.12,135.54,38.34,24.52,21.76,75.34,62.18,62.76,24.64,99.82,188.17,77.65,38.44,166.71,93.61,446.52,353.07,179.66,127.45
2022-04-07,38.7,108.49,136.78,38.49,24.83,21.5,74.55,61.74,62.0,24.4,100.16,188.41,78.37,38.35,166.36,93.6,448.77,353.91,180.34,126.49
2022-04-08,39.76,111.4,139.89,38.98,25.67,21.23,72.71,60.13,59.93,24.1,99.6,187.11,77.41,38.48,166.95,93.89,447.57,348.97,181.47,125.12
2022-04-11,38.57,108.1,137.03,38.4,25.07,21.01,72.22,59.15,59.19,23.71,99.28,186.64,77.38,37.96,164.57,92.55,439.92,340.71,182.37,123.14
2022-04-12,39.21,109.92,138.93,39.57,25.59,20.77,71.71,58.83,58.4,23.47,99.12,186.35,77.6,38.1,165.26,92.89,438.29,339.27,183.77,122.97
2022-04-13,39.79,111.66,142.59,40.06,26.19,21.03,73.0,60.52,60.03,23.93,100.05,188.43,78.39,38.03,165.03,92.71,443.31,346.17,184.65,123.22
2022-04-14,39.92,112.12,142.93,39.99,26.27,20.78,72.04,59.02,58.27,23.6,99.94,187.85,78.67,38.04,164.85,92.52,437.79,338.25,184.04,120.75
2022-04-18,40.51,113.9,145.64,39.91,26.77,20.63,71.66,58.82,57.48,23.34,99.59,187.1,78.25,37.84,164.0,92.06,437.97,338.51,184.61,120.15
2022-04-19,40.18,112.78,143.38,40.41,26.33,21.06,73.26,60.44,58.85,23.77,101.4,190.93,79.21,38.08,165.07,92.67,445.04,346.08,181.82,119.25
2022-04-20,40.33,113.33,145.34,41.18,26.84,20.69,69.83,58.27,57.03,23.53,101.95,191.96,79.27,38.4,166.55,93.48,444.71,341.03,182.71,121.65
2022-04-21,39.06,109.57,139.02,40.46,25.67,19.68,65.01,55.2,53.87,22.5,100.91,189.71,77.31,37.76,163.99,92.09,438.06,333.97,182.06,120.75
2022-04-22,38.1,106.73,133.26,39.26,24.51,19.35,64.5,54.05,52.93,22.23,98.43,185.16,76.26,37.13,161.29,90.56,426.04,325.23,180.29,119.99
2022-04-25,36.84,103.27,130.69,38.15,24.04,19.35,63.97,54.49,53.81,22.23,98.43,185.36,76.04,36.87,159.95,89.81,428.51,329.41,177.05,121.19
2022-04-26,36.89,103.28,129.24,37.99,23.76,18.82,62.36,51.92,51.14,21.26,96.28,181.01,74.63,36.5,158.45,89.35,416.1,316.97,177.32,122.41
2022-04-27,37.43,104.82,131.13,38.12,24.06,19.05,64.16,52.42,51.29,21.45,96.64,181.41,74.12,36.33,157.59,89.16,417.27,316.59,175.98,120.84
2022-04-28,38.56,108.08,135.32,39.02,24.77,19.13,64.75,53.32,52.28,21.73,97.73,183.9,74.59,36.73,159.44,90.13,427.81,327.84,176.93,121.02
2022-04-29,37.58,105.25,131.81,38.07,24.18,18.84,64.23,52.22,50.95,21.31,95.14,179.15,72.65,35.63,154.73,87.41,412.0,313.09,176.91,119.45
2022-05-02,38.17,106.45,132.0,38.07,24.12,18.87,64.98,53.48,52.1,21.42,95.34,179.67,72.86,35.26,153.11,86.49,414.48,318.31,173.63,117.18
2022-05-03,39.24,109.71,138.2,39.11,25.41,19.17,67.09,54.48,53.18,21.71,95.97,180.69,73.16,35.4,153.84,86.87,416.38,318.65,174.09,117.97
2022-05-04,40.88,114.24,143.79,40.63,26.4,19.97,70.55,57.85,55.98,22.57,98.75,185.68,75.29,36.19,157.42,88.83,429.06,329.43,175.8,118.62
2022-05-05,40.26,112.36,140.05,39.62,25.7,19.19,67.44,54.88,53.18,21.48,96.17,180.31,73.4,35.82,155.68,87.88,413.81,312.84,175.13,115.37
2022-05-06,41.46,115.19,141.88,39.93,26.11,18.57,64.77,53.25,51.57,21.0,95.52,178.77,72.75,36.1,156.84,88.46,411.34,309.09,175.42,113.67
2022-05-09,38.03,105.39,127.24,37.76,23.36,17.46,59.91,49.02,46.58,19.48,93.21,173.98,69.51,35.83,155.54,87.58,398.17,296.99,172.88,114.67
2022-05-10,38.38,106.17,127.86,37.55,23.39,17.45,60.32,48.88,45.75,19.36,92.6,172.8,69.68,35.4,153.58,86.43,399.09,300.6,171.42,115.71
2022-05-11,38.89,107.45,128.47,36.98,23.59,16.94,57.79,46.08,42.19,18.92,91.76,170.67,68.83,35.65,154.7,87.07,392.75,291.69,172.82,117.94
2022-05-12,39.06,107.79,128.19,36.23,23.45,16.82,57.59,46.67,43.72,18.84,91.93,171.27,68.42,35.29,153.44,86.12,392.34,291.0,170.17,117.72
2022-05-13,40.39,111.45,133.63,37.68,24.42,17.64,61.71,50.04,47.49,19.98,93.1,174.03,69.8,35.72,155.08,87.2,401.72,301.78,168.79,115.98
2022-05-16,41.46,114.28,136.68,38.26,25.06,17.5,60.74,49.03,46.8,19.87,92.97,173.56,69.92,35.83,155.7,87.49,400.09,298.28,170.4,115.86
2022-05-17,41.94,115.92,140.66,38.87,25.79,18.24,63.99,51.97,49.92,20.73,95.08,177.77,71.58,36.19,157.44,88.44,408.32,306.01,169.33,114.46
2022-05-18,40.86,112.89,136.03,38.01,24.82,18.16,63.84,50.64,48.98,20.43,91.54,171.12,69.86,35.85,155.99,87.44,391.86,290.99,169.42,116.9
2022-05-19,40.71,112.54,135.97,37.75,24.83,18.86,66.72,52.08,50.68,21.24,90.72,170.19,69.25,35.77,155.85,87.41,389.46,289.43,171.91,117.18
2022-05-20,40.88,113.04,136.78,38.0,25.04,18.96,67.19,51.57,49.8,21.09,89.74,168.59,68.51,35.87,156.1,87.62,389.63,288.53,172.03,118.51
2022-05-23,41.97,116.26,142.39,38.48,26.25,19.19,67.77,51.99,50.44,21.43,91.21,171.06,69.76,36.3,157.92,88.61,396.92,293.33,172.83,116.56
2022-05-24,42.13,116.63,141.93,38.33,26.23,18.91,66.31,50.22,48.43,20.98,91.16,170.45,69.85,37.03,160.78,90.24,393.89,287.09,174.13,118.86
2022-05-25,42.99,119.26,147.64,39.4,27.33,19.18,67.41,51.17,49.5,21.07,91.69,171.68,70.33,37.0,160.9,90.21,397.37,291.11,173.08,119.33
2022-05-26,43.47,120.84,151.01,39.65,28.0,19.66,69.72,53.92,51.6,21.62,93.55,175.35,71.25,37.1,161.31,90.44,405.31,299.17,172.76,118.79
2022-05-27,44.26,123.21,157.04,40.34,29.0,20.14,71.28,56.61,54.39,22.16,95.47,179.23,72.73,37.69,163.8,91.99,415.26,308.94,172.85,119.08
2022-05-31,43.6,121.24,154.63,40.3,28.53,19.88,71.1,55.77,53.45,22.08,94.7,177.71,72.17,37.17,161.71,90.67,412.93,308.12,171.14,116.56
2022-06-01,44.31,123.55,159.68,41.08,29.48,19.65,70.22,54.43,51.79,21.66,94.12,176.68,72.12,37.1,161.39,90.61,409.59,305.84,172.23,116.22
2022-06-02,44.17,123.29,159.72,41.25,29.26,20.45,74.07,57.48,54.96,22.62,95.92,180.5,73.63,37.35,162.54,91.23,417.39,314.21,174.35,116.28
2022-06-03,44.76,124.86,161.62,41.17,29.56,20.29,73.65,56.4,53.6,22.17,95.55,179.7,73.5,37.17,161.8,90.94,410.54,306.04,172.58,116.03
2022-06-06,44.71,124.94,163.03,41.35,29.85,20.69,76.79,58.09,54.54,22.39,95.95,180.71,73.81,37.34,162.66,91.14,411.79,307.06,171.82,113.89
2022-06-07,46.04,128.99,169.15,42.17,30.82,20.87,77.56,58.58,54.9,22.56,97.24,183.02,75.1,37.56,163.63,91.76,415.74,309.71,172.94,115.12
2022-06-08,46.14,128.85,167.7,41.41,30.45,20.61,76.51,57.92,54.59,22.4,95.48,179.59,73.7,36.83,160.58,89.98,411.22,307.48,172.78,114.1
2022-06-09,45.12,125.92,165.48,41.39,29.91,19.91,74.63,56.24,52.84,21.67,93.6,176.24,72.32,35.94,156.82,87.42,401.44,299.24,172.23,114.48
2022-06-10,44.35,123.86,162.68,40.18,29.39,19.55,73.44,54.61,50.99,21.22,90.84,170.79,70.66,35.67,155.61,86.64,389.8,288.69,174.54,113.77
2022-06-13,42.04,117.15,152.54,37.87,27.64,18.43,68.83,50.51,47.68,20.05,88.11,164.99,68.35,34.03,148.31,82.68,375.0,275.27,169.93,110.2
2022-06-14,42.12,117.06,151.39,37.12,27.01,18.22,68.14,51.12,46.51,19.73,87.89,164.4,67.72,33.17,144.53,80.63,373.87,275.77,168.57,108.81
2022-06-15,41.19,114.86,149.15,36.51,26.76,18.66,70.19,52.67,48.29,20.31,88.74,166.13,68.68,33.38,145.54,81.16,379.2,282.65,170.77,110.84
2022-06-16,38.87,108.4,139.68,34.92,25.09,17.97,66.21,49.15,45.16,19.38,85.78,159.78,66.31,32.74,142.64,79.54,366.65,271.25,172.69,111.72
2022-06-17,36.74,102.35,129.51,34.02,23.31,18.62,70.13,51.49,47.76,20.07,85.56,159.81,66.63,32.44,141.44,78.85,365.86,274.55,171.27,112.08
2022-06-21,38.22,107.53,134.03,35.57,24.26,19.08,71.45,53.29,48.74,20.35,86.74,162.4,68.0,32.79,143.95,80.37,375.07,280.93,170.63,110.18
2022-06-22,36.69,102.75,126.0,34.0,22.76,18.96,71.11,53.04,48.34,20.15,86.26,161.79,67.76,33.13,145.44,81.1,374.39,280.52,171.31,113.21
2022-06-23,35.33,97.94,120.54,33.35,21.75,19.32,73.03,54.15,50.38,20.21,85.82,160.77,67.48,33.92,147.54,82.92,378.06,284.7,170.26,114.14
2022-06-24,35.79,99.6,121.99,34.27,22.07,19.41,73.77,55.49,49.85,20.63,88.82,166.34,69.77,34.51,150.1,84.32,390.08,294.46,170.09,112.56
2022-06-27,36.85,102.66,127.57,34.8,22.99,19.68,75.04,55.84,50.01,20.76,88.61,166.36,69.88,34.78,151.48,85.05,388.59,292.3,169.9,111.6
2022-06-28,37.84,105.39,130.93,35.33,23.82,19.15,72.21,53.65,47.69,20.35,87.58,164.12,69.38,34.65,150.94,84.7,380.65,283.39,169.62,112.12
2022-06-29,36.53,101.81,124.02,34.75,22.65,18.73,69.32,51.91,45.55,19.63,87.07,162.94,69.04,34.68,150.81,84.69,380.34,283.65,169.49,113.87
2022-06-30,35.76,99.47,119.48,34.45,21.91,19.05,71.39,52.2,45.71,19.6,87.34,163.34,70.09,35.06,152.35,85.6,377.25,280.13,168.46,114.87
2022-07-01,36.29,100.69,120.92,34.96,22.07,19.32,72.0,51.92,45.37,19.66,88.1,164.94,70.89,35.92,156.22,87.74,381.24,281.98,168.32,115.82
2022-07-05,34.85,96.5,114.31,34.03,20.79,19.04,71.62,52.14,45.88,19.63,86.78,163.04,68.96,34.7,150.81,84.74,381.96,286.81,164.75,116.73
2022-07-06,34.26,94.63,112.38,33.39,20.41,18.96,71.06,51.58,45.37,19.51,87.28,163.64,69.72,35.06,152.34,85.62,383.25,288.65,162.14,114.77
2022-07-07,35.49,98.44,118.77,34.86,21.7,19.74,75.02,54.52,48.41,20.4,88.31,165.98,70.32,35.03,152.29,85.64,388.99,294.83,162.23,113.76
2022-07-08,35.47,98.4,118.43,35.02,21.59,19.99,76.68,55.31,49.37,20.72,87.91,165.35,70.23,34.91,151.83,85.34,388.67,295.19,162.3,112.5
2022-07-11,35.13,97.42,117.01,34.82,21.43,19.45,73.05,52.61,46.42,19.89,87.32,163.85,69.66,35.13,152.59,85.75,384.23,288.89,161.43,114.44
2022-07-12,34.45,95.49,114.24,34.29,20.85,19.1,70.61,51.75,46.54,19.83,87.05,163.29,69.7,34.96,151.84,85.38,380.83,286.09,160.83,115.12
2022-07-13,34.4,95.49,115.19,34.73,21.14,19.21,71.12,52.04,46.66,19.85,85.99,161.69,68.89,34.81,151.35,85.0,378.83,285.5,161.6,116.44
2022-07-14,33.74,93.77,113.19,34.24,20.71,19.13,71.14,52.27,46.9,19.65,85.5,160.59,68.24,34.81,151.24,85.04,377.91,286.52,159.33,115.49
2022-07-15,34.29,95.55,115.99,35.01,21.2,18.81,69.71,52.11,46.87,19.66,86.84,163.11,68.93,34.88,151.85,85.21,385.13,291.72,159.01,116.14
2022-07-18,35.08,97.62,119.34,35.84,21.94,19.19,71.37,52.83,47.72,20.07,86.32,162.37,68.44,34.4,149.9,84.15,381.95,289.25,159.16,114.93
2022-07-19,36.16,100.74,124.03,36.69,22.86,19.54,72.61,54.09,49.16,20.49,89.4,168.4,70.84,34.62,151.01,84.81,392.27,298.14,159.54,114.31
2022-07-20,36.51,102.13,127.56,36.69,23.41,19.65,73.35,55.3,50.98,20.76,90.09,169.95,71.43,34.15,149.05,83.93,394.77,302.87,158.04,114.61
2022-07-21,35.87,100.28,123.96,36.42,22.93,19.61,73.12,56.09,51.43,20.95,90.74,171.16,71.8,34.24,149.3,84.17,398.79,307.22,160.27,116.59
2022-07-22,35.58,99.29,121.26,35.97,22.47,19.5,72.04,54.53,49.08,20.57,90.45,170.34,71.28,34.72,151.21,85.15,395.09,301.83,160.67,118.55
2022-07-25,36.88,103.24,127.9,37.17,23.73,19.75,73.21,55.14,49.62,20.73,90.88,171.03,71.6,35.15,153.24,86.17,395.57,300.11,160.23,117.39
2022-07-26,36.54,102.53,127.0,37.51,23.65,19.44,72.63,54.24,48.15,20.34,90.39,170.03,70.98,35.36,154.08,86.57,390.89,294.22,160.04,117.48
2022-07-27,37.37,105.04,131.99,38.27,24.36,20.36,77.09,57.15,50.44,21.04,91.79,173.04,71.55,35.39,154.36,86.91,401.04,306.65,161.67,116.82
2022-07-28,37.58,105.43,132.6,38.84,24.37,21.79,82.88,60.58,54.44,22.34,93.71,177.02,72.9,36.66,159.69,89.98,406.07,309.65,163.64,117.75
2022-07-29,39.21,109.97,137.02,38.84,25.02,22.29,85.57,62.33,55.93,22.85,95.64,180.6,74.2,36.97,161.05,90.79,411.99,315.29,164.1,117.43
2022-08-01,38.4,107.62,134.07,38.86,24.42,22.01,83.35,61.47,55.08,22.53,95.74,180.93,74.64,37.01,161.13,90.77,410.77,315.1,165.03,120.04
2022-08-02,38.31,107.45,134.72,38.84,24.34,22.29,84.17,62.88,56.75,22.82,94.73,179.43,74.24,36.94,160.83,90.63,408.06,314.16,164.05,117.5
2022-08-03,37.21,104.51,131.33,38.81,23.69,21.82,81.77,62.7,57.33,22.96,95.62,181.04,74.66,37.17,161.78,91.24,414.45,322.72,164.45,119.35
2022-08-04,35.83,100.66,125.21,37.62,22.52,22.24,83.46,63.65,58.5,23.39,95.97,181.87,74.27,37.25,162.02,91.43,414.17,324.23,167.17,119.31
2022-08-05,36.54,102.77,129.06,37.82,23.2,22.41,84.77,63.88,58.84,23.51,96.12,182.26,74.21,37.12,161.26,91.18,413.47,321.58,165.29,116.47
2022-08-08,36.73,103.19,129.55,38.02,23.21,22.51,85.37,64.0,59.81,23.82,96.09,182.49,73.77,37.17,161.66,91.43,412.99,320.54,166.69,118.35
2022-08-09,37.38,105.12,131.09,38.18,23.62,22.59,85.85,62.9,58.17,23.47,95.74,181.39,73.7,37.58,163.35,92.3,411.35,316.91,167.2,117.89
2022-08-10,37.65,105.97,133.3,38.83,24.06,23.61,90.13,66.31,61.95,24.53,97.84,185.78,74.76,37.75,164.16,92.75,419.99,325.76,166.78,117.12
2022-08-11,38.94,109.74,138.97,38.81,25.22,23.28,87.93,65.89,61.69,24.55,98.36,186.58,74.44,37.74,164.15,92.81,419.99,323.91,166.34,114.39
2022-08-12,39.24,110.74,140.25,39.07,25.4,23.55,89.08,68.18,64.82,25.04,99.84,189.54,75.84,38.36,166.83,94.33,427.1,330.22,167.87,115.55
2022-08-15,38.47,108.45,136.67,38.86,24.82,23.52,88.89,68.45,64.31,24.93,100.08,190.16,76.43,38.68,168.36,95.11,428.86,332.89,165.71,115.45
2022-08-16,38.38,108.34,136.65,39.47,24.89,23.22,87.65,67.25,62.74,24.65,100.53,190.84,76.47,38.79,168.64,95.4,429.7,332.11,165.42,115.93
2022-08-17,38.7,109.18,138.6,38.94,25.05,23.13,86.63,65.81,60.53,24.05,99.73,188.93,75.97,38.72,168.45,95.25,426.65,328.32,164.35,114.72
2022-08-18,39.74,112.41,144.65,40.34,26.23,23.18,87.67,67.26,61.41,24.2,100.13,189.64,76.13,38.87,168.99,95.5,427.89,329.11,163.92,114.89
2022-08-19,39.73,112.15,142.63,39.82,26.0,22.54,84.82,64.91,57.97,23.26,98.84,186.84,75.26,38.85,168.77,95.35,422.14,322.69,162.72,113.04
2022-08-22,39.65,112.02,143.44,39.79,26.24,22.19,83.33,63.6,56.68,22.65,96.96,183.08,73.61,38.32,166.46,94.06,413.35,314.2,161.64,112.66
2022-08-23,41.08,115.83,146.64,40.82,26.86,22.23,83.92,64.11,57.22,22.75,97.14,183.24,73.6,38.09,165.37,93.57,412.35,313.94,162.77,112.04
2022-08-24,41.59,117.32,149.53,41.02,27.35,22.67,85.65,65.77,59.87,23.37,97.46,184.14,74.31,38.21,165.96,93.93,413.67,314.84,163.25,111.22
2022-08-25,41.91,118.1,150.41,41.29,27.39,23.14,87.49,67.8,60.93,23.84,98.95,187.1,75.58,38.44,167.11,94.54,419.51,320.41,163.75,112.77
2022-08-26,41.42,116.83,149.01,40.81,27.18,22.61,85.72,65.61,58.64,23.24,95.52,180.66,73.4,37.85,164.57,93.04,405.31,307.28,161.76,113.62
2022-08-29,42.04,118.45,150.83,40.96,27.58,22.36,84.71,64.88,57.64,23.0,95.09,179.74,73.16,37.97,164.99,93.33,402.63,304.25,161.86,112.68
2022-08-30,40.62,114.23,143.3,39.77,26.3,22.14,83.63,63.89,56.7,22.74,93.72,177.32,72.14,37.42,162.43,92.02,398.21,300.86,160.51,112.96
2022-08-31,40.25,113.49,144.75,39.53,26.45,22.18,84.33,64.1,57.5,22.92,92.93,175.81,71.55,37.17,161.51,91.46,395.18,299.11,159.27,111.88
2022-09-01,39.26,110.64,139.12,39.23,25.66,21.79,82.79,62.57,55.42,22.3,93.06,175.64,70.96,37.71,163.67,92.62,396.42,299.24,157.87,109.6
2022-09-02,39.98,112.94,142.4,39.73,26.22,21.44,80.84,61.44,54.42,21.88,92.16,173.95,70.47,37.3,162.09,91.72,392.24,295.02,159.26,110.22
2022-09-06,39.61,111.69,140.3,39.29,25.76,21.67,82.35,62.08,54.51,21.89,92.31,174.29,70.44,37.4,162.25,91.9,390.76,292.9,158.33,107.49
2022-09-07,39.15,110.38,137.74,39.4,25.3,22.72,87.42,64.92,57.0,22.64,93.79,177.52,71.61,38.56,167.21,94.7,397.78,298.81,159.94,109.19
2022-09-08,39.32,111.03,139.37,39.52,25.53,22.87,87.75,65.98,57.46,22.81,94.07,178.11,71.72,38.53,167.09,94.73,400.38,300.36,158.98,108.07
2022-09-09,40.3,113.86,143.21,40.37,26.26,22.93,87.79,66.92,58.47,23.22,95.29,180.76,72.76,38.69,167.72,95.06,406.6,306.93,159.82,108.31
2022-09-12,41.04,115.83,145.2,40.71,26.79,23.09,88.2,67.94,59.19,23.33,95.86,182.02,73.07,39.06,169.41,95.89,410.97,310.58,160.63,107.42
2022-09-13,40.01,112.91,141.23,39.74,26.11,22.48,86.66,66.31,57.68,22.66,92.25,175.36,70.3,38.02,164.83,93.34,393.1,293.55,158.54,107.67
2022-09-14,41.13,116.42,146.21,40.84,27.25,22.83,88.35,67.97,59.37,22.88,92.07,174.95,71.12,38.33,166.3,94.12,394.6,295.87,157.93,108.04
2022-09-15,40.08,113.43,141.05,40.29,26.38,22.19,85.01,66.41,58.41,22.42,91.11,173.24,70.38,37.38,162.37,92.03,390.12,290.95,154.98,107.97
2022-09-16,39.22,110.78,137.22,39.47,25.59,22.11,84.98,65.7,57.32,22.1,89.21,169.5,69.82,37.24,161.81,91.67,385.56,289.17,155.84,107.07
2022-09-19,38.82,111.0,136.02,39.73,25.61,22.05,84.29,66.06,57.07,21.9,89.99,171.94,70.13,37.48,163.95,92.83,388.55,290.9,155.96,107.32
2022-09-20,38.55,110.15,134.07,39.72,25.22,21.39,81.66,63.95,55.01,21.27,88.87,169.64,69.78,36.94,161.63,91.54,384.09,288.58,155.07,106.25
2022-09-21,37.99,108.45,131.26,39.3,24.76,21.28,81.23,63.68,54.61,21.14,87.69,167.5,69.2,36.43,159.38,90.33,377.39,283.41,155.79,108.03
2022-09-22,37.85,107.79,129.01,38.16,24.13,20.61,78.47,60.5,52.38,20.48,86.37,164.49,68.4,36.3,158.91,89.86,374.22,279.92,155.7,105.27
2022-09-23,35.24,100.3,118.61,35.82,22.02,20.02,75.7,58.8,50.02,19.68,84.75,161.36,66.6,35.88,156.79,88.74,367.95,275.37,153.01,105.7
2022-09-26,34.38,97.68,114.83,34.79,21.25,19.53,74.35,58.05,49.37,19.41,83.86,159.48,65.75,35.01,153.23,86.25,364.31,274.23,151.23,103.68
2022-09-27,34.76,98.96,117.81,35.31,21.6,19.66,75.92,58.96,50.18,19.51,83.58,159.16,65.45,34.42,150.39,84.81,363.38,274.34,151.54,100.95
2022-09-28,36.3,102.32,125.54,37.04,22.88,19.97,77.33,60.31,51.63,19.85,85.42,162.27,66.69,34.79,150.85,85.79,370.53,279.79,154.69,104.33
2022-09-29,36.3,102.13,124.73,36.47,22.85,19.1,73.27,57.14,48.52,19.0,83.94,159.06,65.06,33.4,144.98,82.56,362.79,271.73,154.66,103.79
2022-09-30,36.01,101.58,124.72,36.56,22.84,19.09,73.61,56.97,48.18,19.06,82.84,157.54,64.52,32.76,142.26,81.13,357.18,267.12,154.67,102.45
2022-10-03,38.04,107.13,132.76,37.27,24.23,19.68,75.37,57.79,49.47,19.47,85.34,162.35,66.69,33.72,146.45,83.5,366.61,273.39,158.43,103.83
2022-10-04,39.68,111.72,139.72,38.51,25.45,20.3,78.36,60.75,52.3,20.53,88.31,168.18,69.0,34.43,149.6,85.24,377.97,281.98,160.7,103.54
2022-10-05,40.5,114.04,142.28,38.62,25.88,19.49,75.26,58.97,50.6,19.8,87.83,167.42,68.6,33.67,146.29,83.42,377.09,281.83,159.81,102.55
2022-10-06,41.22,115.92,144.35,38.25,26.14,18.97,73.14,58.09,49.24,19.37,86.82,165.69,68.11,32.56,141.62,80.68,373.2,279.61,159.63,101.98
2022-10-07,40.9,114.98,142.58,38.07,25.95,18.43,71.05,55.45,46.65,18.74,85.16,162.05,67.62,31.88,138.6,78.93,362.79,268.96,157.88,100.99
2022-10-10,40.06,112.62,140.01,37.3,25.32,18.35,70.09,54.61,45.5,18.38,85.46,162.53,68.04,31.93,138.86,78.99,360.02,266.27,155.48,99.42
2022-10-11,39.74,111.78,138.15,37.97,25.12,18.16,69.12,54.08,45.17,18.12,85.44,162.14,67.94,31.82,138.7,78.83,357.74,262.61,155.16,99.86
2022-10-12,40.06,112.67,139.71,37.89,25.35,17.7,66.89,52.58,44.15,17.84,84.77,160.93,66.8,30.76,134.2,76.38,356.56,262.52,155.99,100.35
2022-10-13,41.69,117.2,144.83,38.84,26.2,17.9,67.57,53.19,45.0,18.11,86.64,164.2,68.27,31.53,137.49,78.22,365.97,268.68,154.91,99.39
2022-10-14,40.14,112.8,137.63,38.1,24.98,17.54,66.0,50.16,43.1,17.65,84.74,160.22,66.43,31.08,135.6,77.0,357.63,260.6,152.98,98.57
2022-10-17,40.64,114.3,140.91,38.88,25.35,17.86,66.61,52.09,44.37,18.14,86.59,164.26,68.19,31.73,138.44,78.66,366.82,269.21,153.42,98.09
2022-10-18,40.99,115.21,142.3,39.56,25.59,18.32,68.46,53.36,44.94,18.46,88.68,168.06,70.51,32.31,140.88,80.06,371.13,271.34,153.75,98.32
2022-10-19,42.21,118.43,145.94,39.57,26.18,17.78,66.1,52.43,43.93,17.99,88.05,166.41,70.48,31.89,139.1,79.16,368.5,270.35,151.69,96.53
2022-10-20,42.24,118.49,144.35,39.39,25.96,17.63,65.37,51.44,42.63,17.85,86.32,163.29,70.34,31.08,135.65,77.22,365.41,268.97,151.45,94.88
2022-10-21,43.47,121.69,147.59,40.07,26.44,17.94,66.55,53.29,43.45,18.26,88.69,167.55,72.1,31.66,138.09,78.56,374.29,275.28,154.15,93.17
2022-10-24,43.67,122.02,147.63,39.74,26.45,17.8,64.86,52.89,42.63,17.95,89.87,169.84,72.74,31.92,139.14,79.2,378.87,278.3,153.65,92.4
2022-10-25,43.72,122.16,148.86,40.23,26.77,18.33,67.99,55.57,45.42,18.62,91.08,172.37,73.39,32.56,142.0,80.78,384.92,284.06,154.0,95.09
2022-10-26,44.31,123.94,151.18,40.6,27.15,18.81,70.83,56.46,45.55,18.92,91.4,172.86,73.2,32.54,142.05,80.64,382.02,277.78,154.98,96.46
2022-10-27,44.47,124.33,149.95,41.05,26.94,18.9,71.59,56.2,45.22,18.92,92.47,174.53,74.18,32.81,143.24,81.12,379.98,272.73,154.74,97.47
2022-10-28,44.63,124.88,149.27,41.45,26.8,18.87,70.88,56.5,45.26,18.96,94.62,178.52,76.09,33.71,147.02,83.08,389.02,281.07,153.16,96.8
2022-10-31,45.0,125.98,151.29,41.91,27.3,18.89,71.28,56.37,46.13,18.85,94.35,177.93,75.98,33.39,145.74,82.51,386.21,277.8,151.91,96.11
2022-11-01,45.44,127.15,153.2,42.07,27.45,18.92,71.75,56.01,45.92,19.04,94.26,178.2,75.82,33.52,146.28,82.71,384.52,274.97,153.46,96.77
2022-11-02,44.34,124.39,149.17,41.29,26.79,18.63,69.93,53.81,43.77,18.43,92.6,174.39,74.89,33.19,144.79,81.86,374.87,265.54,152.39,96.35
2022-11-03,45.16,126.78,152.57,41.36,27.21,19.02,72.52,54.69,44.41,18.72,93.57,175.78,75.32,33.34,145.35,82.31,371.01,260.35,151.81,95.83
2022-11-04,45.71,128.23,155.52,41.45,27.77,19.16,72.36,55.04,45.01,19.23,95.07,178.26,75.85,33.54,146.23,82.64,376.35,264.54,156.47,94.22
2022-11-07,46.49,130.78,160.23,41.6,28.53,18.96,71.41,54.54,44.33,19.19,96.09,180.41,76.94,32.9,143.66,81.34,379.95,267.45,155.85,93.28
2022-11-08,46.54,130.79,159.19,41.72,28.36,19.42,73.89,56.07,44.89,19.47,96.93,181.5,77.59,33.13,144.68,82.06,382.0,269.4,159.45,94.3
2022-11-09,44.26,124.1,148.72,39.93,26.46,19.33,74.59,54.2,43.05,19.19,95.58,178.67,76.99,32.88,143.55,81.34,374.13,263.18,158.65,94.61
2022-11-10,45.25,127.0,154.29,40.83,27.39,20.66,81.48,59.43,47.39,20.67,99.59,187.15,79.63,34.42,150.3,85.03,394.69,282.6,163.48,98.25
2022-11-11,46.56,130.72,159.14,40.76,28.16,20.45,79.48,60.26,48.65,21.05,99.53,187.17,77.51,34.04,148.73,84.06,398.51,287.81,164.56,97.89
2022-11-14,46.55,130.28,156.82,40.62,27.72,20.27,79.25,59.36,47.86,20.72,98.92,185.88,76.69,33.63,147.02,83.12,395.12,285.29,164.92,97.65
2022-11-15,47.04,131.88,160.62,40.6,28.34,20.64,81.82,60.09,48.9,21.1,99.6,187.53,77.69,34.01,148.59,83.9,398.49,289.24,165.5,99.23
2022-11-16,46.08,129.2,155.98,40.74,27.51,20.42,81.54,58.46,47.29,20.76,98.88,185.88,77.44,34.31,149.82,84.67,395.45,285.29,165.12,101.4
2022-11-17,46.18,129.3,155.65,40.25,27.43,20.52,82.62,58.12,46.85,20.47,98.71,185.37,77.5,33.71,147.25,83.33,394.24,284.66,163.92,100.33
2022-11-18,45.81,128.25,153.93,40.81,27.11,20.49,81.51,57.82,46.3,20.47,99.44,186.68,78.09,34.42,150.35,84.99,396.03,284.67,162.79,99.64
2022-11-21,45.19,126.32,151.0,40.38,26.68,20.34,80.81,56.69,45.42,20.12,99.76,187.13,78.32,34.58,151.19,85.46,394.59,281.74,161.88,100.06
2022-11-22,46.61,130.56,157.13,41.42,27.66,20.6,81.49,57.64,45.84,20.19,100.53,188.49,78.68,34.88,152.5,86.16,399.9,285.8,162.07,101.48
2022-11-23,46.1,128.97,154.64,40.81,27.33,20.82,82.35,58.55,46.83,20.67,100.91,189.21,78.77,35.26,154.09,87.04,402.42,288.67,163.08,103.25
2022-11-25,45.94,128.76,154.65,40.86,27.28,20.8,82.49,58.11,46.86,20.69,101.3,189.92,79.42,35.47,155.1,87.49,402.33,286.77,163.22,102.9
2022-11-28,44.67,125.12,148.97,40.43,26.47,20.42,80.46,56.33,44.64,19.96,99.46,186.31,77.94,35.1,153.35,86.69,395.91,282.56,161.93,103.19
2022-11-29,45.35,126.8,150.73,41.21,26.94,20.31,79.49,55.9,44.63,19.98,100.07,187.3,77.88,34.85,152.23,86.13,395.23,280.42,162.73,101.98
2022-11-30,45.58,127.63,152.12,40.05,27.24,21.16,83.98,58.87,47.17,20.87,101.72,190.79,79.06,35.72,156.0,88.24,407.68,293.21,164.81,102.73
2022-12-01,45.42,126.92,149.09,39.71,26.77,20.96,81.5,57.86,46.02,20.77,101.75,190.71,79.05,35.69,155.57,88.18,407.38,293.57,167.84,105.76
2022-12-02,45.15,126.28,147.84,39.92,26.67,21.27,83.76,58.8,47.22,20.85,102.33,191.74,80.22,35.51,154.89,87.9,406.91,292.4,167.26,107.09
2022-12-05,43.81,122.19,140.98,39.17,25.61,21.0,81.9,57.32,45.83,20.46,100.62,188.37,79.39,35.31,153.88,87.41,399.59,287.49,164.39,105.59
2022-12-06,42.66,118.91,137.08,38.32,24.86,20.56,79.09,54.72,43.72,19.96,99.43,186.0,78.18,35.53,154.81,87.66,393.83,281.53,164.84,106.95
2022-12-07,42.56,118.58,135.89,37.75,24.65,20.48,78.46,54.85,43.19,19.88,99.3,185.73,77.79,35.37,154.23,87.27,393.16,280.38,166.33,109.47
2022-12-08,42.37,117.88,132.8,37.47,24.18,20.64,79.09,55.25,43.61,20.11,99.89,186.82,78.19,35.6,155.14,87.77,396.24,283.7,166.47,109.17
2022-12-09,41.34,115.27,130.31,36.89,23.83,20.58,78.62,54.75,43.04,19.86,99.07,185.23,77.41,35.42,154.43,87.4,393.28,281.89,167.06,106.33
2022-12-12,42.42,118.25,135.25,37.6,24.53,20.77,79.46,54.84,43.25,20.04,100.77,188.11,78.45,36.22,157.64,89.16,398.95,285.43,165.68,106.67
2022-12-13,43.23,120.48,137.68,38.22,24.98,20.98,81.15,55.56,44.01,20.17,101.15,189.13,78.41,36.33,158.16,88.87,401.97,288.5,168.51,107.7
2022-12-14,42.97,119.78,136.96,37.84,24.9,21.22,82.73,55.16,44.25,20.29,100.96,188.79,78.61,36.29,158.01,88.82,399.4,286.36,168.1,108.16
2022-12-15,42.71,117.82,137.53,37.54,24.88,20.78,80.24,53.36,43.25,19.75,98.52,183.09,77.03,35.85,154.75,87.59,389.63,276.74,165.35,108.32
2022-12-16,42.18,116.29,135.16,37.46,24.46,20.41,78.43,52.07,42.58,19.5,98.1,182.11,77.23,35.24,152.16,86.16,383.27,274.11,166.79,107.11
2022-12-19,41.74,116.06,132.04,36.88,24.08,20.19,77.4,50.86,40.07,18.91,97.12,180.85,76.69,34.81,151.62,85.67,380.02,269.61,166.32,105.31
2022-12-20,42.38,117.83,133.43,36.81,24.29,20.16,76.81,50.4,39.62,18.72,97.24,181.16,77.34,34.83,151.73,85.69,380.54,269.4,169.08,103.44
2022-12-21,43.18,120.19,136.82,37.38,24.94,20.45,78.42,51.06,40.25,18.92,99.07,184.43,78.8,35.31,153.85,86.86,386.23,273.31,168.8,103.7
2022-12-22,42.19,117.19,132.51,36.9,24.19,20.1,75.86,49.01,38.8,18.55,97.81,181.86,77.43,35.1,152.82,86.22,380.72,266.62,166.76,103.68
2022-12-23,43.53,121.05,137.62,37.81,24.82,19.99,74.86,48.44,38.44,18.41,98.39,182.83,77.78,35.46,154.33,87.17,382.91,267.22,167.26,102.16
2022-12-27,43.99,122.27,138.52,37.68,25.01,19.76,73.08,46.3,36.78,18.24,98.69,183.29,78.19,35.67,155.23,87.64,381.4,263.44,168.67,100.14
2022-12-28,43.01,119.14,132.37,37.12,23.96,19.56,71.83,45.71,36.32,17.97,97.4,180.75,77.42,35.33,153.86,86.74,376.66,259.96,167.91,99.55
2022-12-29,43.46,120.52,135.22,37.91,24.35,19.87,73.08,47.04,37.85,18.47,98.6,183.5,78.23,35.59,155.06,87.38,383.44,266.3,168.85,100.68
2022-12-30,43.74,121.28,135.88,38.07,24.51,19.85,72.94,47.19,38.33,18.36,98.21,182.64,78.4,35.25,153.36,86.54,382.43,266.14,169.64,99.56
2023-01-03,42.2,116.47,128.28,37.47,23.17,19.63,72.17,45.84,37.38,18.23,98.42,183.08,78.41,35.25,153.39,86.5,380.82,264.34,171.06,101.46
2023-01-04,42.19,116.68,128.73,37.69,23.32,19.79,73.3,46.92,38.64,18.61,99.29,184.8,78.89,35.57,154.9,87.31,383.76,265.6,172.67,102.85
2023-01-05,42.97,118.63,128.92,38.02,23.29,19.38,70.91,45.55,37.74,18.21,98.22,182.76,78.63,34.8,151.49,85.35,379.38,261.44,170.52,103.28
2023-01-06,43.78,120.64,131.56,39.22,23.9,19.88,73.87,46.61,38.68,18.83,100.91,187.64,79.93,35.5,154.58,87.13,388.08,268.66,173.71,105.18
2023-01-09,43.63,120.43,132.9,39.48,24.26,20.05,74.71,47.72,39.85,19.2,100.46,187.14,78.59,35.74,155.46,87.64,387.86,270.4,174.1,105.74
2023-01-10,43.94,121.43,133.35,39.27,24.24,20.35,77.04,48.66,41.15,19.48,101.01,188.69,79.12,35.75,155.68,87.49,390.58,272.69,174.74,103.99
2023-01-11,44.07,121.85,134.39,39.78,24.42,20.94,80.21,50.57,42.84,20.04,101.98,190.5,79.52,36.04,156.95,88.37,395.52,277.4,174.62,105.68
2023-01-12,44.91,124.3,138.36,40.24,25.1,21.25,81.68,51.68,44.09,20.47,102.58,191.86,80.09,35.79,156.27,87.7,396.96,278.9,176.64,107.76
2023-01-13,44.97,124.57,139.09,40.13,25.13,21.22,81.74,51.73,44.42,20.48,102.46,192.0,79.4,35.67,155.47,87.42,398.5,280.82,178.76,106.75
2023-01-17,45.07,124.7,139.75,39.98,25.15,21.36,82.29,52.54,44.58,20.57,101.59,190.7,78.89,35.62,155.16,87.29,397.77,281.39,177.59,106.06
2023-01-18,44.24,122.36,137.02,39.46,24.69,21.11,81.79,52.33,44.52,20.47,99.68,187.51,77.55,34.76,151.55,85.27,391.49,277.73,177.08,108.63
2023-01-19,44.79,123.74,139.69,39.83,25.11,20.4,77.96,49.74,42.58,19.99,97.63,183.81,76.43,34.41,150.03,84.45,388.64,275.01,179.89,107.95
2023-01-20,45.24,125.34,141.7,40.03,25.31,20.6,79.47,51.13,43.85,20.39,98.99,186.67,77.2,34.62,150.87,84.95,395.88,282.53,179.29,106.2
2023-01-23,45.3,125.43,143.74,40.65,25.65,20.97,81.61,53.83,45.94,20.82,100.07,188.87,77.97,34.63,151.02,85.02,400.63,288.81,179.63,105.7
2023-01-24,45.13,125.01,142.19,40.74,25.28,20.81,80.68,53.33,45.3,20.71,100.73,189.81,78.85,34.8,151.76,85.42,400.2,288.22,180.28,107.22
2023-01-25,45.13,124.93,142.04,40.64,25.2,20.64,79.2,53.13,44.96,20.52,100.17,189.13,79.09,34.33,149.92,84.45,400.35,287.58,181.11,107.48
2023-01-26,46.56,128.7,145.45,41.08,25.64,20.63,79.48,53.61,44.64,20.61,100.72,190.11,79.51,34.44,150.5,84.65,404.75,293.19,179.47,106.98
2023-01-27,45.62,126.38,143.47,40.91,25.48,20.53,80.15,55.89,46.28,20.88,101.14,191.07,79.55,34.44,150.47,84.65,405.68,296.1,179.22,106.71
2023-01-30,44.57,123.53,138.83,40.1,24.7,20.16,78.22,53.97,44.39,20.44,100.15,189.02,79.24,34.29,149.64,84.34,400.59,290.12,178.76,106.32
2023-01-31,44.97,124.88,140.97,40.39,25.04,20.74,80.8,55.97,46.05,20.86,101.85,192.81,80.36,34.54,150.94,84.99,406.48,294.47,179.41,107.17
2023-02-01,44.08,122.59,137.7,40.32,24.46,20.95,82.63,57.46,47.01,21.36,102.59,194.73,80.63,34.6,151.4,85.19,410.8,300.76,181.67,108.18
2023-02-02,43.08,119.71,135.56,40.7,24.07,20.82,81.7,58.44,48.21,21.66,103.39,196.68,80.69,34.68,151.85,85.23,416.78,311.56,177.9,108.32
2023-02-03,42.98,119.44,134.95,40.45,23.95,20.28,79.73,57.3,47.0,21.12,102.85,195.6,80.25,33.96,148.95,83.69,412.35,306.02,173.46,106.7
2023-02-06,42.78,118.8,132.26,40.35,23.56,20.22,79.16,56.94,46.14,20.81,102.6,194.94,80.49,34.24,149.95,84.35,409.83,303.43,173.82,105.91
2023-02-07,44.17,122.48,137.6,40.33,24.38,20.21,78.92,57.29,46.1,20.88,102.92,195.87,81.12,34.23,149.86,84.25,415.19,309.72,173.98,105.06
2023-02-08,43.78,121.52,135.93,40.61,24.16,20.05,78.02,56.53,45.35,20.63,102.34,194.61,80.68,33.65,147.23,82.92,410.65,304.21,174.41,105.56
2023-02-09,43.4,120.37,133.81,39.55,23.85,19.71,76.4,55.55,44.16,20.56,101.42,192.67,80.13,33.19,145.21,81.93,407.09,301.52,173.03,104.56
2023-02-10,45.1,125.12,140.8,40.11,24.87,19.68,75.88,54.91,43.41,20.36,102.14,193.65,80.76,33.85,148.0,83.44,408.04,299.54,173.36,103.39
2023-02-13,44.99,124.62,139.82,40.13,24.74,19.87,77.08,55.45,43.68,20.54,103.07,195.45,81.33,34.06,148.95,83.86,412.83,304.34,172.48,104.26
2023-02-14,45.01,124.83,140.63,40.63,24.87,19.73,76.53,56.31,44.35,20.52,102.79,195.15,81.75,33.92,148.14,83.45,412.64,306.59,172.61,104.02
2023-02-15,44.24,122.98,138.32,40.46,24.34,20.15,79.04,58.35,46.51,20.72,103.43,196.68,82.24,34.13,149.09,84.0,413.98,308.94,170.89,103.05
2023-02-16,43.81,121.76,136.5,40.22,24.01,19.61,76.23,56.59,44.94,20.51,102.36,194.9,81.52,33.88,148.08,83.54,408.28,303.14,170.75,101.59
2023-02-17,42.24,117.29,130.62,39.53,23.04,19.62,75.7,55.61,44.44,20.42,103.03,195.9,81.84,34.24,149.78,84.44,407.26,301.0,171.26,102.38
2023-02-21,42.03,116.53,128.67,39.05,22.64,19.31,74.09,53.09,42.45,19.84,100.67,191.04,80.93,33.6,146.9,82.86,399.09,293.88,170.62,100.39
2023-02-22,41.76,115.71,128.53,39.27,22.68,19.23,74.09,53.34,42.62,19.65,100.42,190.99,80.98,33.47,146.36,82.54,398.54,294.1,169.66,101.31
2023-02-23,42.38,117.57,132.39,39.38,23.24,19.29,74.65,53.29,43.23,19.73,100.89,191.94,81.1,33.29,145.65,82.13,400.66,296.66,169.57,102.3
2023-02-24,42.33,117.87,134.2,39.16,23.59,18.93,72.59,51.95,41.82,19.33,100.31,190.71,80.58,33.31,145.56,82.04,396.38,291.7,168.35,100.97
2023-02-27,42.46,118.32,134.97,39.16,23.58,19.25,74.22,53.48,42.79,19.61,101.2,192.2,80.7,33.08,144.65,81.55,397.73,293.79,169.01,101.25
2023-02-28,41.85,116.6,132.97,38.88,23.19,19.2,74.29,53.76,42.93,19.57,100.97,191.84,80.34,32.5,142.27,80.31,396.26,293.41,169.78,101.71
2023-03-01,42.67,118.93,135.99,38.84,23.6,19.48,76.55,53.56,42.38,19.65,101.37,192.72,80.82,31.97,140.05,79.04,394.74,291.05,170.76,100.37
2023-03-02,43.04,120.13,137.85,39.42,24.02,19.38,76.25,52.7,42.16,19.66,102.56,194.78,81.73,32.57,142.37,80.37,397.81,293.46,170.66,99.48
2023-03-03,43.63,121.86,141.14,39.68,24.55,19.78,78.2,54.5,43.71,20.12,103.67,196.87,82.25,33.13,144.66,81.61,404.19,299.52,172.49,101.89
2023-03-06,43.65,121.54,138.39,39.8,24.16,19.95,79.72,54.36,43.15,20.19,103.48,195.92,82.18,33.28,145.42,82.03,404.47,299.86,171.62,101.1
2023-03-07,42.89,119.48,136.08,39.54,23.79,19.74,78.78,53.23,42.09,19.74,102.15,193.78,81.62,32.74,143.13,80.83,398.27,296.18,168.62,101.72
2023-03-08,42.45,118.2,133.98,39.36,23.54,19.76,78.35,53.54,42.1,19.79,102.39,194.17,81.24,32.99,144.22,81.4,398.92,297.66,168.54,101.82
2023-03-09,41.85,116.3,130.69,39.13,23.03,19.46,77.02,51.89,40.81,19.38,100.88,190.93,79.98,32.72,142.99,80.81,391.56,292.51,170.2,102.07
2023-03-10,41.31,114.6,128.04,38.72,22.52,19.17,75.06,50.24,39.44,19.1,99.0,187.0,79.15,32.21,140.73,79.47,385.91,288.4,173.87,105.59
2023-03-13,40.47,112.1,124.14,38.26,22.0,19.27,75.13,50.11,39.19,19.05,98.44,185.32,78.55,32.71,142.64,80.65,385.36,290.54,177.86,105.83
2023-03-14,40.88,113.02,124.94,38.27,22.07,19.48,75.62,50.78,39.21,19.25,99.48,187.74,79.45,33.13,144.76,81.81,391.73,297.21,176.83,104.09
2023-03-15,38.68,106.98,117.03,37.04,20.74,19.02,73.23,49.19,37.73,18.55,97.03,182.97,77.67,33.58,146.45,82.71,389.28,298.77,178.21,106.1
2023-03-16,39.1,108.1,120.25,37.37,21.23,18.96,72.25,49.45,38.19,18.72,98.28,185.19,78.68,33.81,147.45,83.3,396.11,306.65,178.57,105.27
2023-03-17,38.49,106.22,117.66,37.04,20.73,18.32,69.41,47.83,36.8,18.27,96.67,181.58,77.02,33.49,146.0,82.38,389.99,305.2,183.77,106.85
2023-03-20,38.85,108.52,119.42,36.85,21.22,18.59,70.51,48.52,36.3,18.33,97.55,184.1,78.03,33.5,147.24,83.08,393.74,305.81,183.84,105.91
2023-03-21,40.19,112.23,123.58,37.78,22.03,19.01,74.08,50.66,38.09,18.91,98.68,186.72,79.02,32.83,144.3,81.64,398.91,310.18,180.37,105.0
2023-03-22,39.34,109.79,120.26,36.98,21.46,18.71,72.49,49.28,36.87,18.58,96.79,182.94,77.57,32.18,141.42,80.02,392.11,305.96,183.44,106.4
2023-03-23,38.79,108.24,118.48,36.35,21.14,18.85,73.58,49.8,37.09,18.83,96.51,182.48,77.61,31.85,139.89,78.76,393.17,309.59,185.74,106.4
2023-03-24,38.94,107.55,119.72,36.53,21.16,18.77,72.98,49.29,36.82,18.64,96.91,182.52,78.19,32.85,143.14,80.99,395.75,310.73,183.65,106.85
2023-03-27,39.78,109.97,123.08,37.26,21.67,18.79,72.92,49.21,36.95,18.66,97.72,183.97,78.8,32.88,143.27,81.02,396.49,308.6,181.95,104.34
2023-03-28,40.39,111.65,124.69,37.61,21.94,18.79,72.56,48.79,37.02,18.61,98.22,184.97,78.89,32.97,143.75,81.33,395.6,306.96,183.44,104.53
2023-03-29,40.95,113.26,126.11,38.14,22.26,19.16,74.2,50.46,38.33,18.98,99.65,187.41,79.76,33.46,145.77,82.46,401.35,312.56,182.53,104.32
2023-03-30,41.13,113.56,126.0,38.48,22.24,19.48,75.75,50.9,39.06,19.49,99.86,187.94,79.99,33.6,146.36,83.03,403.7,315.51,184.18,104.8
2023-03-31,41.42,114.23,127.59,38.65,22.52,19.78,77.63,52.23,40.41,19.71,101.18,190.51,80.55,33.85,147.52,83.71,409.39,320.76,183.22,106.37
2023-04-03,43.29,119.68,133.88,39.44,23.77,19.56,76.36,50.99,39.32,19.59,101.36,191.04,81.7,33.62,146.39,83.13,410.95,319.98,184.54,106.6
2023-04-04,42.51,117.34,130.8,39.1,23.46,19.46,75.83,49.91,38.55,19.34,99.09,186.27,80.71,33.78,147.06,83.48,408.67,318.9,187.98,107.13
2023-04-05,43.15,118.94,132.06,39.19,23.53,19.18,73.69,48.35,37.14,18.98,97.8,183.65,80.19,34.66,150.86,85.32,407.6,315.75,187.83,108.25
2023-04-06,42.49,117.18,130.2,38.94,23.22,19.22,73.68,48.02,37.06,18.92,97.77,183.36,80.11,34.9,151.9,85.89,409.19,317.88,186.49,108.53
2023-04-10,42.83,118.07,133.0,38.93,23.66,19.41,75.19,48.97,37.68,19.07,98.66,185.51,81.06,34.83,151.62,85.73,409.61,317.7,185.11,106.78
2023-04-11,43.24,119.14,134.84,39.3,23.96,19.47,75.72,49.47,38.46,19.23,99.25,186.81,81.03,34.87,151.76,85.9,409.72,315.66,186.28,107.0
2023-04-12,43.26,119.15,133.74,39.39,23.85,19.42,74.64,48.72,37.6,19.04,99.58,187.43,81.41,34.83,151.51,85.85,408.05,312.88,187.19,106.89
2023-04-13,43.53,119.89,134.54,39.42,24.06,19.79,76.99,49.75,38.24,19.37,99.95,188.19,81.88,34.83,151.53,85.91,413.47,319.0,189.72,106.05
2023-04-14,43.62,119.99,134.42,39.5,24.08,19.59,76.33,49.16,37.61,19.24,99.83,187.93,80.96,34.44,149.73,85.01,412.46,318.4,186.36,105.08
2023-04-17,43.1,118.59,132.01,39.37,23.71,19.91,78.36,50.28,38.23,19.43,100.62,189.51,81.58,34.63,150.6,85.45,413.94,318.67,185.53,103.83
2023-04-18,43.27,118.9,131.56,39.31,23.64,19.9,78.4,49.97,37.53,19.26,101.1,190.08,82.24,34.46,149.83,85.04,414.21,318.69,186.25,104.2
2023-04-19,43.12,118.46,130.08,38.96,23.42,19.78,77.78,49.21,37.05,19.18,101.02,190.05,81.92,34.72,150.95,85.61,414.14,318.54,185.36,104.1
2023-04-20,42.74,117.32,128.02,38.79,23.1,19.76,77.63,48.27,36.48,18.87,100.84,189.84,81.64,34.71,150.87,85.63,411.88,316.11,186.09,104.99
2023-04-21,42.49,116.62,126.91,39.14,22.99,19.8,77.72,47.74,36.36,18.86,100.61,189.5,81.2,34.81,151.32,85.81,412.2,316.44,184.25,104.4
2023-04-24,43.14,118.48,129.24,39.21,23.36,19.8,77.68,48.0,36.89,18.99,100.85,189.77,81.23,34.99,152.05,86.19,412.63,315.78,184.81,105.41
2023-04-25,42.33,115.98,125.02,38.61,22.63,19.41,75.62,46.53,35.64,18.48,98.99,186.48,80.29,34.95,151.73,86.14,406.08,309.83,185.75,106.96
2023-04-26,41.76,114.46,122.84,38.67,22.24,18.61,71.45,44.46,34.49,18.26,97.12,182.94,78.63,34.13,148.21,84.19,404.36,311.71,184.74,105.82
2023-04-27,41.92,115.07,123.79,39.08,22.5,18.94,72.75,45.07,35.2,18.65,99.04,186.79,79.89,34.54,149.95,85.11,412.41,320.18,184.75,104.77
2023-04-28,42.56,116.94,127.11,39.25,23.11,18.71,71.99,44.96,35.43,18.6,100.0,188.55,80.32,34.49,149.73,85.22,415.93,322.39,184.8,106.46
2023-05-01,42.08,115.63,126.22,39.07,22.94,18.52,71.13,44.55,34.62,18.43,100.54,189.7,80.83,34.55,149.97,85.37,415.51,322.02,183.97,103.13
2023-05-02,40.26,110.67,120.4,38.37,21.91,18.18,68.81,43.75,34.03,18.21,99.49,188.2,79.92,34.13,148.13,84.42,410.84,319.21,187.52,105.7
2023-05-03,39.49,108.51,118.05,38.02,21.51,18.16,68.71,43.87,34.43,18.19,99.11,187.86,79.31,34.03,147.74,84.18,408.02,317.12,189.11,106.29
2023-05-04,39.06,107.42,116.28,37.67,21.33,18.28,68.27,43.56,34.03,18.29,98.03,185.31,78.33,34.29,148.79,84.65,405.13,316.0,190.44,105.24
2023-05-05,40.12,110.44,120.33,38.36,22.14,18.63,70.21,45.26,35.54,18.82,99.51,188.67,79.36,34.51,149.77,85.2,412.63,322.72,187.46,104.89
2023-05-08,40.12,110.51,120.66,38.08,22.12,18.58,69.95,45.72,35.8,18.74,99.15,188.17,79.0,34.41,149.39,85.02,412.74,323.52,187.69,103.42
2023-05-09,40.13,110.56,120.0,38.34,22.0,18.47,69.25,45.44,35.58,18.47,99.37,188.33,79.65,34.37,149.16,84.91,410.93,321.47,189.02,103.05
2023-05-10,39.67,109.49,119.31,38.32,21.77,18.58,69.89,45.78,36.06,18.49,99.01,188.06,79.13,34.68,150.61,85.74,412.85,324.97,188.75,104.05
2023-05-11,39.2,108.04,117.92,37.31,21.56,18.5,69.81,45.83,36.04,18.35,98.41,186.97,78.66,34.33,148.98,84.84,412.13,326.03,187.13,105.15
2023-05-12,39.26,108.29,119.02,37.45,21.75,19.07,71.94,46.72,35.89,18.32,98.48,187.01,78.5,34.51,149.85,85.25,411.59,324.86,186.81,104.27
2023-05-15,39.46,109.04,121.27,39.06,22.18,19.24,72.69,47.33,36.65,18.65,98.96,188.06,79.25,34.08,148.0,84.26,413.01,326.62,187.21,103.19
2023-05-16,38.49,106.25,117.81,38.68,21.62,18.84,70.99,46.45,35.7,18.44,97.62,185.46,78.47,33.33,144.74,82.51,410.25,326.99,184.87,102.88
2023-05-17,39.23,108.37,120.39,39.04,21.93,18.95,71.66,47.47,36.92,18.47,99.3,188.53,79.83,33.21,144.42,82.27,415.23,330.95,184.23,102.58
2023-05-18,39.51,109.22,122.81,39.61,22.4,18.73,70.77,47.47,36.56,18.32,100.02,190.2,80.36,33.1,143.9,81.94,419.23,337.09,181.84,101.82
2023-05-19,39.82,109.98,123.04,39.69,22.55,18.63,70.11,46.95,35.91,18.4,99.78,189.32,79.93,33.06,143.7,81.81,418.62,336.33,183.64,101.1
2023-05-22,39.65,109.95,125.18,39.5,22.81,18.83,71.34,48.15,37.35,18.62,99.76,189.63,80.23,33.06,143.77,81.87,418.79,337.46,183.21,100.74
2023-05-23,40.08,111.01,125.5,39.55,22.84,18.65,71.14,47.88,37.39,18.47,98.56,187.27,79.0,32.95,143.37,81.6,414.09,333.18,183.43,101.03
2023-05-24,40.26,111.45,126.16,39.47,22.92,18.57,70.82,47.1,36.57,18.27,97.29,184.84,78.21,32.74,142.5,81.07,411.09,331.48,181.95,100.53
2023-05-25,39.54,109.34,122.76,39.13,22.31,18.55,70.62,47.22,36.01,18.07,97.61,185.68,77.66,32.29,140.52,80.03,414.65,339.54,180.2,100.28
2023-05-26,39.38,108.88,122.34,39.01,22.22,18.5,70.77,48.22,36.45,18.15,98.34,187.2,78.47,32.29,140.6,80.02,420.02,348.22,180.92,101.09
2023-05-30,38.98,107.8,119.92,38.72,21.8,18.54,70.81,48.65,37.11,18.17,98.19,186.92,78.57,32.17,140.07,79.78,420.18,349.8,182.04,102.1
2023-05-31,38.29,105.87,118.09,37.48,21.5,18.34,69.98,48.0,36.59,18.0,96.85,184.11,77.91,32.47,141.32,80.41,417.85,347.81,182.32,102.99
2023-06-01,38.77,107.35,118.97,37.9,21.7,18.67,71.48,48.74,37.21,18.27,98.09,186.52,78.81,32.22,140.39,80.01,421.82,351.83,183.76,103.12
2023-06-02,39.95,110.7,123.86,38.6,22.57,18.77,72.07,49.34,37.88,18.48,100.94,192.55,80.69,32.56,141.95,80.9,427.92,354.46,181.05,101.99
2023-06-05,39.69,109.91,122.13,38.55,22.29,18.7,71.81,49.08,37.68,18.41,100.24,191.06,80.12,32.72,142.35,81.15,427.1,354.71,182.14,101.8
2023-06-06,40.01,110.78,124.5,38.67,22.59,18.71,71.24,49.96,38.88,18.6,100.87,192.88,80.87,32.69,142.48,81.13,428.03,354.65,182.34,102.4
2023-06-07,41.06,113.92,129.08,39.25,23.31,18.53,71.02,50.31,39.33,18.62,102.49,195.95,81.98,33.24,144.93,81.95,426.55,348.64,180.15,100.88
2023-06-08,40.89,113.47,128.41,39.2,23.23,18.58,70.82,50.44,38.8,18.61,102.67,196.25,82.35,33.39,145.52,82.27,429.13,352.96,182.53,102.06
2023-06-09,40.67,112.75,127.29,38.56,23.01,18.5,70.39,50.01,38.44,18.55,102.4,195.61,82.06,33.19,144.57,81.83,429.9,354.31,182.04,101.92
2023-06-12,40.28,111.47,125.16,38.33,22.64,18.7,71.54,50.98,39.39,18.81,103.13,197.32,82.57,33.13,144.3,81.78,433.8,360.3,181.88,102.22
2023-06-13,40.47,112.09,126.46,38.19,22.89,18.72,72.31,52.25,40.86,19.31,104.33,199.44,82.78,33.13,144.2,81.65,436.66,363.07,180.54,101.21
2023-06-14,40.05,110.98,124.7,38.39,22.58,18.57,71.62,51.52,39.99,19.13,104.05,198.58,82.08,33.11,143.99,81.59,437.18,365.71,180.64,102.02
2023-06-15,40.49,112.31,127.19,38.89,23.09,18.87,73.2,51.77,40.57,19.37,105.62,201.62,83.09,33.47,145.56,82.43,442.6,370.07,181.91,103.0
2023-06-16,40.43,112.24,127.74,38.99,23.26,18.76,72.79,51.22,39.86,19.3,105.45,201.18,83.31,33.65,146.24,82.85,439.46,367.74,181.63,102.6
2023-06-20,39.18,109.81,123.83,38.57,22.74,18.37,70.5,50.84,38.88,18.78,104.25,200.0,82.81,32.99,144.47,81.98,437.18,366.71,179.75,103.31
2023-06-21,39.49,110.83,125.09,38.57,22.95,18.27,69.64,49.9,38.31,18.64,104.83,201.16,83.49,33.26,145.56,82.59,434.94,361.71,179.49,103.56
2023-06-22,38.96,109.37,122.72,38.26,22.51,18.08,68.93,49.42,37.67,18.5,104.07,199.81,82.62,33.0,144.54,82.03,436.51,365.98,177.71,102.31
2023-06-23,38.68,108.41,121.68,37.95,22.25,17.78,68.04,48.27,36.74,18.08,103.28,198.11,81.74,32.51,142.19,80.9,433.21,362.35,178.2,103.33
2023-06-26,39.38,110.2,123.56,38.35,22.64,17.82,68.41,48.29,36.64,18.03,104.14,199.73,81.86,32.83,143.61,81.66,431.44,357.49,178.51,103.44
2023-06-27,39.47,110.61,124.23,38.42,22.44,17.98,69.2,49.37,37.56,18.26,105.39,202.61,82.81,32.85,143.7,81.84,436.17,363.64,177.69,103.17
2023-06-28,39.87,111.64,125.64,38.8,22.67,18.03,69.63,49.49,38.67,18.35,105.39,202.72,82.72,32.36,141.7,80.7,436.39,364.35,177.28,103.61
2023-06-29,40.33,112.13,128.07,39.14,23.12,17.95,68.92,50.1,39.5,18.45,106.41,203.87,83.91,32.36,140.63,80.8,438.11,363.62,177.09,101.74
2023-06-30,40.58,112.89,128.83,39.21,23.28,18.4,71.42,51.16,40.12,18.9,107.32,205.53,84.47,32.72,142.17,81.75,443.28,369.23,178.27,102.94
2023-07-03,40.68,113.25,129.01,39.61,23.33,18.4,71.42,52.42,40.64,18.98,107.34,205.59,84.57,32.97,143.21,82.19,443.79,370.1,178.47,102.08
2023-07-05,40.46,112.68,128.4,39.48,23.25,18.11,69.79,52.25,40.82,18.81,106.76,204.26,84.43,33.34,144.69,83.05,443.13,370.09,177.84,101.11
2023-07-06,39.54,110.08,125.17,39.2,22.63,17.7,67.36,51.09,39.36,18.33,105.96,202.15,83.73,32.94,142.94,82.11,439.66,367.27,177.31,99.68
2023-07-07,40.4,112.6,128.72,39.66,23.26,17.91,68.05,52.61,40.72,18.78,106.2,203.1,83.77,32.69,141.83,81.54,438.55,366.05,178.64,99.08
2023-07-10,40.71,113.4,129.81,39.77,23.45,18.15,69.37,53.83,42.31,19.08,107.71,205.86,84.61,32.56,141.28,81.28,439.66,366.17,178.78,99.21
2023-07-11,41.6,115.97,133.03,40.08,24.04,18.22,69.36,53.95,42.44,19.24,108.98,208.31,85.48,32.96,142.99,82.16,442.46,367.98,179.45,99.72
2023-07-12,41.99,116.9,133.51,40.3,24.18,18.63,71.32,54.93,43.1,19.63,108.79,208.39,85.02,33.44,145.13,83.2,446.02,372.62,181.88,100.83
2023-07-13,41.83,116.44,133.86,40.53,24.32,18.89,72.12,55.73,43.41,19.87,108.93,209.01,85.09,33.56,145.67,83.45,449.56,378.95,182.01,101.89
2023-07-14,40.72,113.39,129.07,40.01,23.46,18.62,70.72,54.5,41.82,19.52,108.61,208.16,84.37,33.42,145.1,83.09,449.28,378.87,181.43,101.29
2023-07-17,40.65,113.39,129.62,40.13,23.5,19.04,73.55,56.25,43.43,19.91,109.02,209.09,85.02,33.04,143.53,82.32,450.84,382.41,181.56,101.34
2023-07-18,41.06,114.84,133.26,40.49,24.21,18.92,72.89,56.34,43.7,20.07,109.63,210.69,84.76,32.78,142.59,81.74,454.19,385.54,183.64,101.8
2023-07-19,41.29,115.35,133.94,40.59,24.27,18.98,73.01,56.18,43.29,20.13,109.58,210.72,84.43,33.12,144.05,82.54,455.2,385.45,183.67,102.95
2023-07-20,41.78,116.64,135.36,40.9,24.5,18.73,71.44,54.38,42.52,19.91,110.07,211.09,85.14,33.72,146.54,84.1,452.18,376.56,182.74,101.7
2023-07-21,42.15,117.57,136.08,40.97,24.58,18.74,71.15,53.99,41.93,19.83,109.55,210.12,84.67,34.23,148.54,85.26,452.18,375.43,182.18,101.73
2023-07-24,42.83,119.46,138.29,41.46,24.9,18.72,70.92,53.96,42.08,19.88,109.8,210.52,84.9,34.14,148.14,84.97,454.2,376.03,181.4,101.36
2023-07-25,43.06,120.17,138.75,41.34,25.1,18.73,71.04,53.86,41.64,19.79,109.66,210.29,84.65,34.2,148.43,85.08,455.44,378.58,182.41,101.17
2023-07-26,43.07,120.15,139.15,41.33,25.09,18.64,70.02,53.95,42.05,19.84,110.43,211.68,84.96,34.2,148.47,84.83,455.51,377.32,183.3,101.27
2023-07-27,42.79,119.29,138.14,41.05,24.86,18.2,68.13,52.94,40.98,19.36,109.48,209.62,84.18,33.6,145.8,83.41,452.49,376.42,180.42,99.3
2023-07-28,42.92,119.87,140.92,41.38,25.42,18.18,68.26,53.76,42.26,19.74,110.16,210.99,84.79,33.52,145.39,83.23,456.92,383.28,181.86,99.81
2023-07-31,43.74,122.25,143.03,41.72,25.74,18.28,68.54,54.57,43.58,19.87,110.42,211.99,85.32,33.53,145.59,83.28,457.79,383.48,182.35,100.05
2023-08-01,43.53,121.66,142.56,41.51,25.66,18.02,67.06,53.55,43.08,19.52,110.75,212.6,85.71,33.13,143.76,82.37,456.48,382.59,180.46,98.14
2023-08-02,42.97,120.1,140.24,41.13,25.2,17.28,63.38,51.09,41.06,18.9,109.59,210.42,84.58,33.13,143.83,82.43,450.13,374.19,179.6,97.09
2023-08-03,43.4,121.43,143.16,41.16,25.75,17.23,63.63,51.04,41.01,18.83,108.9,208.78,84.45,32.37,140.58,80.6,448.84,373.59,179.54,94.85
2023-08-04,43.46,121.59,144.24,40.91,25.9,17.1,62.72,50.46,40.27,18.66,108.24,207.75,84.52,32.0,139.05,79.68,446.81,371.84,180.19,96.53
2023-08-07,43.51,121.81,145.04,41.26,26.01,17.01,62.21,49.9,39.73,18.6,109.57,210.12,85.51,31.99,139.18,79.75,450.71,374.99,179.78,95.58
2023-08-08,43.72,122.51,146.39,41.2,26.13,16.99,62.04,49.8,39.71,18.45,109.07,209.02,84.89,32.14,139.59,80.02,448.75,371.8,178.64,96.69
2023-08-09,44.28,124.07,148.34,41.0,26.48,17.16,63.4,49.39,39.31,18.51,109.01,208.59,85.23,32.21,139.99,80.3,445.75,367.72,177.79,97.19
2023-08-10,44.27,123.91,147.07,40.26,26.17,16.94,62.78,48.64,38.49,18.25,108.71,208.08,85.0,32.11,139.52,80.0,445.91,368.4,177.6,95.59
2023-08-11,44.95,125.68,148.81,40.77,26.36,16.86,61.82,48.05,38.15,18.09,108.89,208.27,85.31,32.28,140.22,80.36,445.65,366.05,177.6,95.37
2023-08-14,44.76,125.09,147.77,40.64,26.22,16.85,62.02,48.37,38.05,18.0,108.93,208.78,85.15,32.03,138.98,79.73,448.11,370.16,177.06,95.16
2023-08-15,43.83,122.5,145.0,40.18,25.8,16.35,59.58,47.0,36.92,17.55,107.54,205.97,84.09,31.51,136.48,78.4,442.89,366.23,176.59,94.58
2023-08-16,43.45,121.53,144.35,40.2,25.65,16.17,58.19,46.0,35.93,17.3,106.94,204.6,83.88,31.65,137.11,78.72,439.64,362.35,175.57,93.84
2023-08-17,43.97,123.01,146.36,40.34,25.97,15.97,57.27,45.06,35.17,17.04,106.04,202.57,82.86,31.58,136.71,78.44,436.29,358.39,175.3,93.44
2023-08-18,44.4,124.28,147.89,40.8,26.19,15.96,57.01,45.04,35.29,17.05,106.24,203.07,83.2,31.75,137.36,78.78,436.5,357.94,175.33,93.77
2023-08-21,44.13,123.54,148.05,40.87,26.35,15.93,56.38,45.59,35.52,16.98,106.11,202.83,83.33,31.55,136.56,78.35,439.34,363.71,175.81,92.52
2023-08-22,43.78,122.65,146.54,40.83,26.05,15.88,55.79,45.21,35.21,16.77,105.86,202.4,83.51,31.64,136.9,78.52,438.15,363.19,176.1,93.23
2023-08-23,43.67,122.26,145.05,40.68,25.82,16.14,56.76,46.03,35.74,17.0,106.95,204.55,83.99,31.76,137.41,78.82,443.03,368.92,177.89,95.54
2023-08-24,43.38,121.33,144.1,40.54,25.58,15.86,55.5,44.66,34.64,16.67,105.65,202.14,82.89,31.58,136.63,78.35,436.89,361.03,177.85,94.91
2023-08-25,43.79,122.57,145.96,40.75,25.8,16.04,56.17,45.31,35.21,16.96,106.54,203.5,83.3,31.82,137.59,78.92,439.97,363.83,177.62,95.22
2023-08-28,44.09,123.45,146.81,41.0,26.03,16.09,56.48,45.67,35.67,17.01,107.41,205.16,84.05,31.81,137.6,78.93,442.76,366.57,178.13,95.32
2023-08-29,44.21,123.83,147.55,41.17,26.21,16.54,58.72,47.58,37.02,17.62,108.23,207.26,84.49,31.93,138.14,79.23,449.16,374.57,179.87,96.31
2023-08-30,44.43,124.48,148.55,41.19,26.4,16.18,58.28,47.58,36.67,17.4,108.72,208.33,85.06,31.78,137.6,78.94,451.01,376.66,180.32,96.21
2023-08-31,44.46,124.63,148.68,41.13,26.52,16.08,58.23,47.54,36.32,17.19,108.23,207.64,84.76,31.48,136.36,78.28,450.35,377.79,180.02,96.64
2023-09-01,45.37,127.21,152.35,41.69,27.1,16.07,58.41,47.69,36.74,17.12,108.8,208.9,85.23,31.32,135.87,77.94,451.19,377.39,180.11,94.85
2023-09-05,45.61,127.74,151.5,41.72,26.93,15.82,58.02,47.59,36.42,17.01,106.97,204.9,83.94,30.84,133.75,76.83,449.24,377.87,178.64,93.52
2023-09-06,45.63,127.72,151.46,40.81,26.86,15.55,56.81,46.66,35.66,16.77,106.51,204.21,83.01,30.91,133.87,76.96,446.22,374.54,177.83,93.75
2023-09-07,45.58,127.53,151.45,41.02,26.61,15.44,55.56,45.98,35.02,16.46,106.16,203.19,82.84,31.32,135.54,77.89,444.85,371.86,178.02,94.01
2023-09-08,46.03,128.85,153.19,41.21,26.81,15.45,55.57,45.66,34.89,16.35,105.63,202.41,82.28,31.59,136.83,78.51,445.52,372.38,178.08,94.37
2023-09-11,45.42,127.11,150.18,41.1,26.25,15.53,55.73,46.11,35.07,16.52,105.66,202.69,82.16,31.72,137.25,78.77,448.45,376.77,178.41,93.69
2023-09-12,46.49,130.05,153.81,41.5,26.91,15.63,56.79,46.27,35.24,16.53,105.28,201.91,82.04,31.76,137.57,79.03,445.99,372.59,177.49,94.23
2023-09-13,46.14,129.0,152.03,41.54,26.65,15.49,55.62,45.82,34.63,16.36,104.58,200.51,81.58,32.14,139.12,79.88,446.51,374.01,177.08,94.21
2023-09-14,46.68,130.52,152.78,41.8,26.86,15.87,57.1,46.76,35.49,16.77,105.61,202.81,82.37,32.61,141.06,80.99,450.36,377.07,177.17,93.53
2023-09-15,46.01,128.89,150.18,41.61,26.4,15.65,55.92,46.07,34.99,16.59,105.0,201.44,81.88,32.47,140.42,80.65,443.37,370.62,178.34,92.96
2023-09-18,46.06,129.63,149.45,41.9,26.36,15.43,54.24,45.12,33.84,16.27,104.69,201.46,82.29,32.19,140.42,80.55,443.63,370.47,179.39,93.49
2023-09-19,45.63,128.45,147.8,42.21,26.09,15.49,54.6,45.0,33.64,16.31,104.25,200.71,81.81,32.01,139.66,80.17,442.71,369.68,179.22,92.8
2023-09-20,45.2,127.29,145.53,42.47,25.65,15.52,54.54,44.44,33.1,16.12,103.84,199.8,81.67,32.04,139.6,80.24,438.64,364.35,179.35,93.09
2023-09-21,44.58,125.45,143.84,42.21,25.17,15.22,53.59,43.12,31.88,15.7,102.14,196.28,80.16,31.7,138.14,79.35,431.39,357.67,178.05,90.7
2023-09-22,44.65,125.72,143.42,42.0,25.01,15.09,52.82,42.72,31.44,15.62,101.79,195.65,79.59,31.65,137.94,79.19,430.42,357.72,178.62,91.43
2023-09-25,45.22,127.48,146.06,42.43,25.53,14.98,52.57,42.96,31.53,15.42,102.3,196.66,79.93,31.6,137.82,79.08,432.23,359.42,177.7,89.18
2023-09-26,44.96,126.78,145.43,41.8,25.46,14.68,51.74,42.36,31.15,15.21,100.74,193.82,79.09,30.66,133.81,76.25,425.88,354.02,176.28,88.87
2023-09-27,46.08,130.03,149.73,42.24,26.22,14.59,51.68,42.25,31.26,15.32,101.49,195.8,79.9,30.07,131.26,74.89,426.05,354.85,174.1,88.41
2023-09-28,46.13,129.3,150.54,42.35,26.33,14.62,51.85,42.49,31.44,15.29,101.92,196.12,79.96,29.42,127.23,73.46,428.52,357.82,173.23,88.68
2023-09-29,45.19,126.74,147.91,42.2,25.99,14.62,51.79,42.63,31.43,15.38,101.38,194.98,79.8,29.47,127.54,73.58,427.48,358.08,171.45,88.69
2023-10-02,44.29,124.15,142.98,41.59,25.0,14.06,49.43,41.37,30.12,14.9,100.39,193.08,79.2,28.09,121.65,70.39,427.31,361.07,169.65,86.93
2023-10-03,44.26,124.02,142.44,40.94,25.02,13.67,47.59,39.86,29.28,14.5,99.69,191.29,78.53,28.42,122.94,71.05,421.59,354.73,169.16,85.06
2023-10-04,42.88,119.82,136.78,40.49,24.14,13.75,47.9,40.7,29.49,14.39,100.01,192.06,78.41,28.39,122.75,71.08,424.66,359.56,169.14,86.26
2023-10-05,42.61,119.36,136.95,40.72,24.26,13.61,46.66,38.89,28.64,14.39,99.42,191.14,78.19,28.23,122.31,70.79,424.5,358.5,168.83,85.83
2023-10-06,42.87,120.07,139.45,40.83,24.86,13.82,47.73,39.8,29.38,14.53,100.78,193.81,79.14,28.63,123.93,71.68,429.54,364.51,169.7,84.79
2023-10-09,44.29,124.35,145.24,41.75,25.99,13.82,47.09,39.22,28.94,14.37,102.36,196.38,82.39,28.91,125.12,72.38,432.29,366.37,172.82,86.78
2023-10-10,44.35,124.36,145.68,41.92,26.0,14.35,49.76,41.1,30.79,14.9,102.98,197.9,82.6,29.31,126.73,73.31,434.54,368.4,172.53,86.66
2023-10-11,43.78,122.97,145.44,41.97,26.01,14.49,50.4,41.3,30.57,14.99,103.6,199.11,83.45,29.78,128.78,74.34,436.32,371.03,173.79,88.47
2023-10-12,43.83,123.04,145.49,42.08,26.09,14.13,49.0,40.56,29.58,14.74,102.66,196.83,82.46,29.32,126.75,73.22,433.66,369.74,173.26,86.07
2023-10-13,44.79,125.78,148.56,42.39,26.73,14.0,48.33,39.82,29.13,14.46,101.75,194.55,82.53,29.65,127.97,74.02,431.5,365.09,178.83,87.61
2023-10-16,45.1,126.41,150.06,42.7,26.89,14.21,48.97,40.59,29.5,14.67,102.83,196.8,82.8,29.95,129.4,74.82,436.04,369.22,177.96,86.2
2023-10-17,45.56,127.77,151.83,42.76,27.17,14.3,49.68,41.08,30.09,14.74,103.15,197.8,83.2,29.88,129.15,74.75,436.02,368.01,178.29,85.25
2023-10-18,45.98,128.78,152.97,42.98,27.29,13.94,48.23,39.16,28.54,14.28,100.66,192.56,82.31,29.61,127.9,74.04,430.21,363.18,180.87,84.5
2023-10-19,45.9,128.68,152.68,43.1,27.3,13.71,46.75,37.68,27.58,13.98,99.73,190.53,81.48,29.32,126.65,73.31,426.43,359.78,183.09,82.77
2023-10-20,45.13,126.44,150.11,42.84,26.85,13.3,43.92,36.19,26.5,13.63,98.7,188.71,80.49,29.01,125.33,72.52,421.19,354.41,183.59,83.24
2023-10-23,44.4,124.4,147.92,42.49,26.44,13.24,43.68,35.97,26.05,13.52,98.24,187.63,80.26,28.77,124.27,71.98,420.46,355.48,182.97,84.24
2023-10-24,43.78,122.87,146.75,42.49,26.31,13.49,44.26,36.59,26.23,13.77,98.98,188.69,80.81,29.51,127.31,73.61,423.63,358.94,182.95,85.35
2023-10-25,43.69,122.56,146.52,42.43,26.33,13.21,42.64,35.56,25.89,13.42,97.71,186.13,80.46,29.67,127.96,74.22,417.55,350.16,183.72,83.45
2023-10-26,43.35,121.66,145.84,42.1,26.19,13.31,43.05,35.51,25.63,13.37,97.3,185.51,80.53,29.93,129.11,74.68,412.55,343.48,184.01,84.73
2023-10-27,42.31,119.15,143.9,41.73,25.91,12.89,40.95,34.6,24.8,13.23,96.44,183.76,79.63,29.36,126.67,73.35,410.68,345.13,186.15,84.37
2023-10-30,42.46,119.49,143.4,41.74,25.7,12.86,41.35,33.19,24.57,13.31,97.64,186.03,80.06,29.59,127.47,73.91,415.59,349.02,185.1,83.99
2023-10-31,42.6,119.94,145.22,41.96,25.97,13.01,41.98,33.57,24.98,13.38,98.36,187.34,81.45,29.84,128.58,74.55,418.2,350.69,184.09,83.58
2023-11-01,42.49,119.68,144.95,42.23,25.95,12.87,41.52,33.4,24.67,13.3,98.68,188.15,81.86,30.18,130.18,75.3,422.66,356.77,183.51,85.1
2023-11-02,43.78,123.3,148.71,43.54,26.75,13.32,43.04,35.08,26.18,13.97,100.71,192.2,83.48,30.75,132.71,76.83,430.76,363.25,184.12,87.04
2023-11-03,43.34,122.19,147.62,43.72,26.62,13.67,44.7,35.96,27.0,14.4,101.6,194.35,84.06,30.93,133.63,77.29,434.69,367.52,184.79,87.63
2023-11-06,42.85,120.48,143.69,43.34,25.84,13.48,43.88,34.89,26.26,14.36,101.33,193.63,83.98,30.85,133.16,77.19,435.69,369.02,183.35,86.78
2023-11-07,41.9,117.56,139.62,43.03,25.04,13.4,43.91,35.04,26.17,14.12,101.08,193.33,83.83,30.63,132.14,76.68,436.93,372.5,182.59,88.06
2023-11-08,41.38,116.14,136.62,42.2,24.53,13.2,42.54,34.24,25.7,13.95,101.31,193.7,83.82,30.4,131.13,76.13,437.25,372.74,180.77,89.56
2023-11-09,41.25,115.88,135.66,41.24,24.4,13.07,41.56,32.99,24.93,13.81,101.09,193.08,83.78,30.0,129.31,75.33,433.84,369.88,181.49,87.5
2023-11-10,41.71,117.03,137.17,41.39,24.61,13.01,41.4,32.98,24.64,13.68,102.55,195.98,84.83,30.16,129.9,75.64,440.61,378.19,179.51,87.99
2023-11-13,42.01,117.91,138.26,41.63,24.74,13.01,41.71,33.21,24.87,13.7,102.64,196.02,85.52,29.8,128.37,74.9,440.19,377.01,180.51,87.79
2023-11-14,42.38,119.08,140.55,42.19,25.12,13.99,46.03,35.8,26.91,14.52,104.7,201.27,86.55,30.99,133.66,77.64,448.73,385.13,182.12,89.78
2023-11-15,42.3,118.73,140.71,42.26,25.15,14.06,46.65,36.55,27.51,14.79,104.92,201.42,86.28,30.9,133.28,77.43,449.68,385.42,181.64,88.52
2023-11-16,41.47,116.38,136.65,41.74,24.5,13.9,45.48,35.7,26.51,14.49,104.94,201.21,86.02,31.06,133.89,77.8,450.23,385.75,183.69,89.62
2023-11-17,42.35,118.77,139.66,42.7,25.05,13.99,45.63,36.03,26.8,14.59,105.61,202.5,86.14,31.15,134.28,77.92,450.79,385.84,183.67,90.04
2023-11-20,42.4,118.9,139.88,42.72,25.04,14.25,47.03,36.71,27.08,14.83,105.93,203.14,86.92,31.05,133.83,77.72,454.26,390.53,183.37,90.59
2023-11-21,42.31,118.62,138.63,42.75,24.91,13.97,46.04,35.86,26.21,14.5,105.85,202.8,86.82,31.11,133.99,77.88,453.27,388.27,185.35,90.55
2023-11-22,42.29,118.53,138.7,43.03,24.87,13.92,46.06,35.88,26.29,14.41,106.08,203.4,87.18,31.26,134.58,78.26,455.02,389.86,184.56,90.87
2023-11-24,42.47,119.13,139.33,43.2,25.01,13.88,45.48,35.99,26.47,14.61,106.34,203.96,87.5,31.34,134.92,78.36,455.3,389.31,185.52,89.8
2023-11-27,42.31,118.56,138.13,43.05,24.76,13.77,44.63,35.52,25.59,14.45,105.74,203.26,87.23,31.4,135.13,78.49,454.48,388.97,186.77,91.3
2023-11-28,42.33,118.55,137.75,43.03,24.72,13.95,45.29,36.29,25.82,14.58,105.49,202.29,86.98,31.5,135.54,78.68,454.93,389.99,189.26,91.48
2023-11-29,42.01,117.71,137.23,43.45,24.65,14.1,45.84,36.76,26.66,14.6,105.89,202.94,86.7,31.25,134.53,78.12,454.61,389.61,189.54,92.63
2023-11-30,42.29,118.52,138.0,44.06,24.77,14.21,45.84,36.6,26.51,14.65,107.05,205.19,87.95,31.38,135.15,78.56,456.4,388.63,188.75,91.56
2023-12-01,42.51,119.24,139.1,44.3,24.89,14.59,47.87,38.02,27.67,15.04,108.74,209.01,89.05,31.76,136.99,79.6,459.1,389.74,192.01,92.99
2023-12-04,42.31,118.41,137.43,44.15,24.57,14.54,47.74,37.82,27.97,15.04,108.92,209.69,89.72,31.64,136.71,79.41,456.69,386.12,187.86,92.61
2023-12-05,41.58,116.32,134.41,43.67,24.05,14.39,47.23,37.07,27.11,14.91,108.04,207.7,88.67,31.42,135.62,78.78,456.6,387.09,187.15,94.61
2023-12-06,40.96,114.23,130.79,42.74,23.38,14.21,46.58,37.16,26.88,14.85,108.52,208.51,88.88,31.83,137.55,79.72,454.76,384.85,187.84,95.87
2023-12-07,40.67,113.65,130.72,42.38,23.36,14.25,46.65,37.76,27.09,14.93,108.62,208.97,88.68,31.76,137.23,79.59,458.23,390.23,188.15,95.32
2023-12-08,41.12,115.0,132.34,42.29,23.64,14.09,45.82,37.81,27.28,14.95,108.96,210.01,89.11,31.7,136.96,79.44,460.2,391.96,185.64,94.54
2023-12-11,41.17,115.07,132.27,41.62,23.54,14.13,45.81,37.91,27.12,14.89,110.0,211.86,89.84,31.91,137.63,79.95,461.99,395.31,183.59,94.34
2023-12-12,40.6,113.37,129.44,41.27,23.03,13.89,44.46,37.12,26.39,14.62,110.5,212.84,90.27,31.78,137.2,79.77,464.1,398.46,183.49,94.62
2023-12-13,41.17,114.94,132.66,41.81,23.6,14.49,46.94,39.33,28.22,15.07,111.73,215.6,91.32,32.98,142.23,82.51,470.5,403.53,187.63,96.84
2023-12-14,42.38,118.42,137.3,42.38,24.32,15.19,50.76,42.34,30.11,16.03,113.17,219.08,90.76,32.55,140.7,81.61,472.01,403.18,188.73,99.04
2023-12-15,42.15,117.71,136.69,42.0,24.2,15.3,51.78,42.35,29.7,15.87,113.02,218.19,90.69,31.99,138.27,80.25,469.33,405.13,187.0,99.15
2023-12-18,42.09,118.83,137.37,42.19,24.46,15.09,50.6,42.04,29.06,15.48,112.4,218.15,90.71,31.61,137.95,80.22,471.97,406.87,187.85,98.36
2023-12-19,42.6,119.22,139.06,42.49,24.68,15.5,52.95,43.06,29.96,15.72,113.27,219.13,91.49,31.8,137.51,80.61,474.84,408.95,189.13,98.89
2023-12-20,42.2,117.92,136.99,42.32,24.31,14.89,50.64,41.19,28.63,15.31,111.44,215.7,89.96,31.15,134.79,78.52,468.26,402.87,188.1,99.56
2023-12-21,42.37,118.59,138.57,42.61,24.68,15.37,53.06,42.41,29.46,15.69,112.59,218.19,91.08,31.2,135.17,78.71,472.7,407.56,189.43,98.93
2023-12-22,42.49,118.92,138.89,42.41,24.55,15.39,52.59,42.5,29.8,15.73,113.13,219.12,91.53,31.31,135.7,78.99,473.65,408.17,190.27,98.47
2023-12-26,42.85,120.07,141.07,42.54,24.95,15.6,53.66,43.23,30.68,15.94,113.93,220.84,92.05,31.5,136.55,79.5,475.65,410.66,191.72,98.76
2023-12-27,42.67,119.37,140.48,42.55,24.84,15.64,53.68,43.25,30.53,16.09,114.1,221.15,92.14,31.48,136.35,79.39,476.51,411.5,192.59,100.51
2023-12-28,42.01,117.68,138.12,42.58,24.48,15.73,54.22,42.94,30.54,16.21,114.13,221.12,92.18,31.7,137.33,79.93,476.69,411.3,191.47,99.78
2023-12-29,41.92,117.28,136.91,42.52,24.29,15.57,53.35,42.17,29.72,15.97,113.99,220.43,92.16,31.67,137.07,79.93,475.31,409.52,191.17,98.88
2024-01-02,42.37,118.45,137.95,42.56,24.42,15.39,52.07,41.43,28.9,15.63,112.84,218.09,91.47,32.13,138.9,80.8,472.65,402.59,190.72,98.31
2024-01-03,43.06,120.0,139.21,42.95,24.66,15.04,50.08,39.93,28.02,15.24,111.16,214.01,90.21,32.24,139.41,81.01,468.79,398.33,189.13,98.72
2024-01-04,42.31,118.09,136.08,42.69,24.1,14.85,48.77,39.0,27.73,15.15,111.3,214.49,90.2,32.15,138.8,80.76,467.28,396.28,189.32,97.22
2024-01-05,42.34,118.23,136.6,42.99,24.26,14.8,48.29,38.69,27.29,15.08,111.43,214.5,90.18,32.26,139.23,81.03,467.92,396.75,189.35,96.29
2024-01-08,41.85,116.88,135.53,42.85,24.04,14.9,48.29,39.19,27.57,15.18,112.16,216.05,90.46,32.5,140.33,81.55,474.6,404.95,187.87,97.24
2024-01-09,41.18,115.07,133.87,42.91,23.74,14.85,47.91,38.77,26.95,14.92,111.81,215.29,89.84,32.24,139.25,80.99,473.88,405.75,187.93,96.62
2024-01-10,40.78,113.9,132.11,42.87,23.5,14.85,48.26,38.31,26.34,14.87,112.38,216.25,90.44,32.23,139.13,80.97,476.56,408.5,187.5,96.17
2024-01-11,40.88,114.02,132.01,42.9,23.45,14.65,47.01,37.48,25.73,14.71,112.12,215.82,90.17,31.48,135.9,79.34,476.35,409.35,187.87,96.71
2024-01-12,41.34,115.53,133.75,43.33,23.78,14.54,46.45,36.76,25.28,14.6,112.11,215.78,90.92,31.66,136.65,79.82,476.68,409.56,189.71,96.52
2024-01-16,40.35,112.8,129.64,43.13,23.05,14.03,44.27,35.9,24.17,14.03,110.98,213.73,89.49,31.32,135.03,78.96,474.93,409.52,187.91,94.82
2024-01-17,40.02,111.88,128.16,42.72,22.8,13.71,42.89,34.98,23.77,13.61,110.23,212.18,89.11,30.86,133.1,77.93,472.29,407.21,185.84,94.67
2024-01-18,39.96,111.77,128.17,42.62,22.77,13.77,43.27,34.81,23.5,13.72,111.72,214.99,90.35,30.53,131.78,77.32,476.49,412.99,187.37,93.79
2024-01-19,40.08,112.05,128.45,42.49,22.76,13.76,42.9,34.86,23.5,13.65,112.45,216.68,90.65,30.49,131.63,77.32,482.43,421.18,187.93,94.09
2024-01-22,40.24,112.5,129.04,43.36,22.89,13.9,43.56,35.74,24.28,13.88,113.32,218.75,91.2,30.33,131.18,77.09,483.45,421.73,187.22,94.65
2024-01-23,40.32,112.84,129.22,43.46,22.93,14.07,44.89,36.26,24.86,14.13,113.23,218.27,90.9,30.39,131.42,77.21,484.86,423.48,187.95,93.9
2024-01-24,40.9,114.47,130.89,43.61,23.22,13.94,44.03,35.54,24.08,13.98,112.53,216.71,90.66,29.98,129.56,76.16,485.39,425.83,186.4,93.35
2024-01-25,41.81,116.76,133.18,44.2,23.6,14.0,43.88,35.01,24.2,13.92,113.61,218.87,90.43,30.51,131.89,77.46,488.03,426.35,187.14,93.96
2024-01-26,42.13,117.67,134.07,44.73,23.66,13.87,43.19,34.84,24.1,13.88,113.43,218.67,91.0,30.6,132.18,77.72,487.41,423.81,187.01,93.78
2024-01-29,42.06,117.61,134.18,45.01,23.64,14.07,44.05,36.05,25.0,14.09,114.17,220.49,91.4,30.8,133.11,78.13,491.27,428.15,188.33,94.86
2024-01-30,42.5,118.71,136.57,45.05,23.98,13.86,43.22,35.48,24.31,13.86,114.21,220.56,91.59,30.79,132.98,78.19,490.89,425.3,188.59,95.72
2024-01-31,41.71,116.36,133.02,44.44,23.34,13.81,42.37,34.71,23.66,13.85,112.89,217.83,91.03,30.73,132.5,77.89,482.88,416.97,188.45,96.66
2024-02-01,41.7,116.24,132.19,44.69,23.15,14.25,43.42,35.34,24.32,13.98,114.81,221.74,92.24,31.31,135.22,79.41,489.2,421.88,190.41,98.24
2024-02-02,41.76,116.03,130.74,44.32,22.88,13.98,42.28,34.78,23.78,13.72,115.58,223.01,92.39,30.75,132.91,78.22,494.35,429.01,188.61,96.07
2024-02-05,41.65,115.6,129.96,44.21,22.62,13.67,41.1,34.07,22.78,13.37,114.95,221.33,92.05,30.1,130.07,76.76,492.55,428.45,187.57,94.13
2024-02-06,41.79,116.23,130.95,43.99,22.86,13.91,42.28,34.76,23.75,13.57,115.98,223.34,93.03,30.22,130.67,77.04,493.98,427.59,188.55,95.05
2024-02-07,41.88,116.43,132.22,44.01,22.93,14.26,44.16,35.35,23.88,13.7,116.75,224.79,93.58,30.24,130.74,77.15,498.1,431.99,188.5,94.59
2024-02-08,42.31,117.68,133.84,43.42,23.2,14.18,44.1,35.84,24.3,13.78,116.77,225.54,93.55,30.02,129.92,76.63,498.32,432.79,188.33,94.04
2024-02-09,41.65,116.01,132.85,43.32,22.94,14.39,45.49,36.68,24.89,13.94,116.95,226.13,94.11,30.14,130.49,76.92,501.2,437.05,187.6,93.85
2024-02-12,42.12,117.33,135.02,43.84,23.46,14.64,47.3,37.37,25.93,14.2,117.12,226.94,94.26,30.49,132.12,77.68,500.98,435.34,187.11,93.96
2024-02-13,41.69,116.07,132.92,43.35,23.05,14.12,44.49,35.44,24.19,13.6,115.92,223.61,93.58,29.98,129.79,76.87,494.08,428.55,184.53,92.35
2024-02-14,41.65,115.96,133.22,43.6,23.08,14.51,46.63,36.72,25.39,14.07,117.86,227.65,94.85,30.15,130.51,77.34,498.57,433.22,184.42,92.82
2024-02-15,42.81,119.23,137.95,44.47,24.03,14.73,47.4,37.42,25.64,14.15,118.74,229.49,95.55,30.65,132.75,78.52,502.01,434.51,185.66,93.3
2024-02-16,42.78,119.28,138.1,44.91,24.17,14.51,46.86,37.05,25.28,14.08,118.03,228.14,95.38,30.61,132.65,78.51,499.51,430.57,186.34,92.76
2024-02-20,42.4,118.17,136.0,45.31,23.96,14.31,45.81,36.17,24.33,13.86,117.66,227.17,95.11,30.59,132.55,78.42,496.76,427.32,187.47,92.84
2024-02-21,43.19,120.53,139.92,45.48,24.73,14.15,44.76,35.73,23.86,13.85,118.13,227.79,95.49,31.0,134.16,79.39,497.21,425.61,187.48,92.18
2024-02-22,43.26,120.64,139.44,46.01,24.84,13.83,42.65,34.32,22.92,13.6,119.59,230.45,96.24,30.76,133.09,79.06,507.5,438.07,187.56,92.63
2024-02-23,42.98,119.87,138.79,46.12,24.59,13.68,41.99,33.51,22.58,13.47,120.22,231.69,96.68,30.98,133.81,79.54,507.85,436.78,188.62,93.87
2024-02-26,43.13,120.26,139.43,45.72,24.65,13.69,41.98,34.09,23.0,13.54,120.04,231.8,96.59,30.37,131.31,78.19,505.99,436.55,188.2,93.59
2024-02-27,42.94,119.82,139.95,45.89,24.81,13.83,42.56,34.58,23.57,13.65,120.22,232.14,96.81,30.94,133.78,79.47,506.93,437.6,188.0,92.93
2024-02-28,42.86,119.57,138.99,45.43,24.83,13.68,42.01,34.61,23.46,13.56,120.63,232.81,97.68,31.04,134.27,79.71,506.26,435.27,188.34,93.52
2024-02-29,43.07,120.08,140.39,45.69,25.02,13.91,43.15,35.15,23.76,13.82,121.0,233.37,97.86,31.05,134.37,79.76,508.08,439.0,189.31,94.18
2024-03-01,43.57,121.68,142.28,46.24,25.36,14.13,44.18,35.84,23.96,13.99,121.52,234.7,98.18,30.86,133.76,79.31,512.85,445.61,192.89,94.47
2024-03-04,43.1,120.31,140.83,46.14,25.15,13.91,43.39,34.98,23.4,13.81,121.96,235.6,99.02,31.38,135.99,80.55,512.3,444.02,196.01,94.09
2024-03-05,43.42,121.12,141.42,46.38,25.29,13.87,43.0,33.92,22.72,13.67,120.96,233.52,98.57,31.29,135.71,80.42,507.18,436.05,197.19,95.43
2024-03-06,43.56,121.48,141.44,46.92,25.36,14.08,43.94,34.52,23.21,13.98,121.59,235.02,99.44,31.59,137.02,81.16,509.75,438.79,198.81,95.99
2024-03-07,43.93,122.51,142.35,46.78,25.4,14.27,44.97,35.45,23.41,14.11,122.57,236.78,99.93,31.8,137.99,81.71,514.81,445.45,199.94,95.9
2024-03-08,44.08,122.91,143.1,46.42,25.46,14.34,45.77,35.21,23.46,14.05,122.3,236.15,99.48,31.88,138.29,81.81,511.72,439.02,201.63,95.73
2024-03-11,44.54,124.16,143.9,46.54,25.62,14.32,46.38,35.24,23.26,14.12,121.67,234.77,98.61,32.03,138.95,82.13,511.28,437.39,202.0,95.68
2024-03-12,44.47,123.99,143.86,46.67,25.61,13.94,44.62,34.67,22.88,14.04,122.21,235.93,98.44,31.73,137.72,81.55,516.78,443.66,199.79,94.88
2024-03-13,45.18,125.89,146.9,46.74,25.97,13.7,43.87,33.96,22.42,13.94,122.54,236.64,98.7,31.94,138.58,82.04,515.97,440.25,201.19,94.42
2024-03-14,45.65,127.18,147.54,46.18,26.04,13.51,42.69,32.74,21.79,13.73,122.02,235.39,98.21,31.68,137.57,81.48,514.95,439.14,200.35,92.97
2024-03-15,45.78,127.59,148.48,46.63,26.08,13.42,42.55,32.61,21.75,13.72,122.04,235.49,98.34,31.73,137.62,81.59,509.83,433.92,199.71,92.94
2024-03-18,45.57,128.01,147.76,46.73,26.14,13.49,42.8,32.88,21.34,13.76,121.88,235.76,98.1,31.61,138.02,81.98,512.86,437.48,200.03,92.66
2024-03-19,46.09,129.51,149.67,47.08,26.51,13.42,43.05,32.58,21.3,13.82,122.93,237.95,99.0,31.9,139.31,82.69,515.71,438.57,199.8,92.92
2024-03-20,46.03,129.48,150.84,47.31,26.65,13.72,44.09,33.51,22.17,14.02,124.41,240.94,99.97,31.93,139.7,82.91,520.48,443.77,202.18,92.89
2024-03-21,46.3,130.12,151.6,47.43,26.73,13.74,44.39,33.81,22.44,14.03,125.64,243.73,100.48,31.89,139.58,82.38,522.2,445.87,201.97,93.09
2024-03-22,46.2,128.9,150.63,46.98,26.53,13.69,44.03,33.35,21.98,13.93,125.21,242.08,100.39,31.93,138.66,82.44,521.21,446.38,200.35,93.98
2024-03-25,46.63,130.0,152.29,46.96,26.86,13.57,43.45,33.22,21.86,13.97,124.4,240.54,100.18,32.08,139.42,82.8,519.77,444.76,200.99,93.51
2024-03-26,46.27,129.02,150.38,46.85,26.62,13.47,43.02,33.05,21.69,13.93,123.95,240.18,100.19,31.72,137.74,81.99,518.81,443.32,201.64,93.77
2024-03-27,46.7,130.28,152.71,47.09,27.05,13.99,45.39,34.66,22.84,14.2,125.94,244.15,101.71,32.6,141.42,84.01,523.17,444.83,203.1,94.7
2024-03-28,47.21,131.7,154.93,47.46,27.44,13.98,45.37,34.68,23.05,14.15,125.96,244.15,101.57,32.83,142.58,84.52,523.07,444.01,205.72,94.62
2024-04-01,47.56,132.57,156.0,47.49,27.6,13.97,45.07,34.55,23.02,14.14,124.99,242.07,100.6,32.63,141.78,84.15,522.16,444.95,207.82,92.55
2024-04-02,48.22,134.33,157.13,47.75,27.75,13.74,43.39,33.35,22.24,13.97,124.41,240.64,99.87,32.68,141.93,84.13,518.84,441.11,210.89,92.04
2024-04-03,48.55,135.4,159.1,48.19,28.04,13.83,43.88,33.68,22.54,13.97,125.05,242.17,100.23,32.55,141.46,83.92,519.41,442.1,212.74,92.02
2024-04-04,48.52,135.23,159.14,47.93,27.98,13.82,43.72,33.48,22.27,14.0,123.95,240.04,100.28,32.49,141.09,83.59,513.07,435.34,211.52,92.68
2024-04-05,49.04,136.7,160.59,47.8,28.2,13.67,43.13,33.19,22.05,13.92,125.67,243.18,101.47,32.58,141.7,83.92,518.43,440.47,215.14,91.39
2024-04-08,48.73,135.87,159.7,47.76,28.13,13.77,43.74,33.84,22.31,14.08,125.45,243.03,101.55,32.79,142.56,84.4,518.72,440.6,216.48,91.38
2024-04-09,48.74,135.81,159.87,47.39,28.23,14.2,45.52,34.72,22.85,14.33,125.16,242.41,100.36,32.97,143.15,84.62,519.32,442.23,217.67,92.23
2024-04-10,48.9,136.29,160.41,47.05,28.34,13.81,43.97,33.84,22.01,13.97,124.09,239.5,99.87,32.41,140.53,83.5,514.12,438.37,215.61,90.22
2024-04-11,48.86,135.96,159.87,47.03,28.19,13.88,43.68,33.92,21.94,13.9,124.23,239.87,100.12,32.35,140.29,83.23,518.0,445.37,219.8,89.81
2024-04-12,48.06,134.02,157.98,46.48,27.86,13.53,41.99,32.7,21.05,13.69,122.9,237.44,99.08,32.1,139.22,82.59,510.85,438.27,216.89,90.29
2024-04-15,47.62,132.67,155.45,45.8,27.47,13.23,40.6,31.64,20.49,13.39,122.02,235.36,98.35,31.81,137.94,81.88,504.45,431.06,220.95,88.89
2024-04-16,47.2,131.57,154.14,45.53,27.25,13.06,39.74,31.03,20.12,13.16,121.74,234.75,98.71,31.39,136.04,80.91,503.53,431.1,221.22,88.3
2024-04-17,47.06,130.97,152.96,45.96,27.05,13.17,40.1,31.17,19.97,13.29,121.11,233.08,98.28,32.04,138.84,82.37,500.55,425.84,219.59,89.28
2024-04-18,46.92,130.68,151.63,46.36,26.98,13.1,39.7,30.73,19.56,13.35,120.69,232.29,98.11,32.22,139.52,82.72,499.52,423.41,220.34,88.83
2024-04-19,47.49,132.25,153.23,46.97,27.28,13.02,39.59,30.48,19.21,13.26,120.47,232.2,98.31,32.72,141.62,83.87,495.16,414.65,221.03,89.15
2024-04-22,47.79,133.2,154.4,47.19,27.48,13.13,39.95,30.61,19.31,13.19,121.38,233.71,99.0,33.01,143.09,84.69,499.72,418.82,215.57,89.0
2024-04-23,48.06,133.71,155.48,47.27,27.59,13.26,40.5,31.25,19.75,13.36,123.07,237.17,100.45,33.17,143.77,85.11,505.65,425.07,215.04,89.03
2024-04-24,48.1,133.9,156.21,47.5,27.8,13.14,40.31,31.52,19.67,13.39,122.09,235.54,99.78,33.37,144.69,85.58,505.41,426.51,214.64,88.4
2024-04-25,48.31,134.56,156.86,47.36,27.99,13.08,39.79,31.46,19.52,13.22,122.46,236.22,100.35,33.46,145.18,85.9,503.49,424.45,215.92,87.78
2024-04-26,47.87,133.49,157.02,47.52,28.07,13.23,40.77,32.02,20.16,13.41,122.66,236.5,100.91,33.1,143.53,85.03,508.26,431.0,216.62,88.24
2024-04-29,48.19,134.44,158.01,47.67,28.18,13.43,41.62,33.24,20.7,13.69,123.48,238.18,101.98,33.54,145.68,86.18,510.06,432.75,216.18,88.98
2024-04-30,46.76,130.36,151.43,46.89,27.14,13.23,40.33,32.34,20.38,13.45,121.52,234.05,101.23,33.37,144.84,85.63,501.98,424.59,211.87,88.22
2024-05-01,46.01,128.23,148.07,46.55,26.58,13.25,40.3,32.28,20.43,13.53,121.22,233.21,101.17,33.76,146.51,86.45,500.35,421.52,213.79,88.56
2024-05-02,46.28,129.07,149.06,46.89,26.77,13.52,41.49,33.29,21.19,13.8,121.92,235.79,102.3,33.94,147.56,86.89,505.03,426.9,213.13,88.94
2024-05-03,46.28,129.17,150.23,47.3,27.02,13.85,42.91,34.39,21.74,14.04,122.77,237.47,102.93,34.21,148.68,87.65,511.29,435.48,212.96,89.84
2024-05-06,46.65,130.26,152.1,47.46,27.46,13.91,43.25,35.04,22.21,14.15,124.01,240.07,104.2,34.38,149.51,88.16,516.57,440.25,215.2,90.19
2024-05-07,46.6,130.24,152.37,47.59,27.55,13.96,43.06,34.62,21.71,14.13,124.35,240.36,103.88,34.77,151.04,89.03,517.14,440.32,214.21,90.74
2024-05-08,46.55,130.04,151.59,47.9,27.4,13.85,42.48,34.42,21.53,14.07,124.35,240.47,104.31,35.13,152.39,89.79,517.19,440.06,213.58,90.19
2024-05-09,47.17,131.83,153.07,47.0,27.59,13.95,43.2,34.68,21.84,14.25,125.59,242.95,105.21,35.67,154.89,91.05,520.17,441.02,216.95,90.63
2024-05-10,46.92,130.97,150.68,46.69,27.16,13.84,42.06,33.98,21.06,14.07,125.68,243.15,104.87,35.63,154.59,90.96,520.84,442.06,218.71,90.12
2024-05-13,46.79,130.57,149.97,46.3,27.15,13.88,42.77,34.57,21.6,14.25,125.15,241.98,104.1,35.63,154.73,91.01,520.91,443.08,216.26,90.35
2024-05-14,46.85,131.02,151.25,46.71,27.38,14.11,43.77,35.53,22.56,14.56,125.12,242.4,104.31,35.73,155.02,91.17,523.3,445.93,218.09,90.86
2024-05-15,46.96,131.3,151.31,46.68,27.43,14.29,43.73,35.34,22.19,14.63,125.94,244.04,104.85,36.26,157.23,92.32,529.78,452.9,220.89,92.1
2024-05-16,46.83,130.89,150.46,46.23,27.2,14.25,43.33,35.23,21.97,14.55,125.19,242.08,104.78,36.14,156.75,92.08,528.69,451.98,220.03,92.01
2024-05-17,47.48,132.74,152.44,46.68,27.48,14.16,42.61,35.21,21.89,14.48,125.33,242.29,105.04,36.17,156.89,92.2,529.45,451.76,223.66,91.39
2024-05-20,47.17,132.12,153.13,47.05,27.73,14.15,42.27,35.15,21.75,14.47,125.57,242.94,105.56,36.11,156.62,91.94,530.06,454.91,224.56,91.12
2024-05-21,46.94,131.55,151.99,46.78,27.52,14.27,42.91,35.53,21.91,14.43,125.16,242.39,105.73,36.44,157.94,92.63,531.36,455.8,224.23,91.59
2024-05-22,46.04,128.96,149.71,45.94,27.02,14.79,46.76,37.28,22.74,14.74,125.31,242.72,105.58,36.01,156.1,91.78,529.83,455.71,220.11,91.7
2024-05-23,45.62,127.69,148.11,45.41,26.71,14.57,45.14,36.21,21.88,14.44,123.83,239.68,104.18,35.4,153.36,90.3,525.96,453.66,215.72,91.11
2024-05-24,45.69,127.9,148.42,45.46,26.86,14.92,47.5,37.78,22.73,14.73,124.46,241.41,105.4,35.75,154.84,91.2,529.44,457.95,215.92,91.38
2024-05-28,46.15,129.36,150.71,45.56,27.37,15.08,47.62,37.88,22.92,14.94,122.94,238.37,104.38,35.72,154.58,90.98,529.81,459.68,218.19,90.07
2024-05-29,45.34,127.11,148.3,45.26,27.01,14.83,47.6,37.15,22.7,14.63,121.2,235.04,103.0,35.26,152.66,89.71,526.1,456.44,216.16,88.98
2024-05-30,45.47,127.56,148.98,45.03,27.13,15.04,49.0,37.89,23.08,14.96,122.03,236.76,103.73,35.73,154.57,90.99,522.61,451.55,216.57,89.84
2024-05-31,46.6,130.56,152.0,45.88,27.63,14.97,48.28,37.78,22.99,14.93,123.51,239.56,105.02,36.36,157.43,92.53,527.37,450.71,215.3,90.45
2024-06-03,45.38,127.03,147.62,45.24,26.8,15.08,48.13,37.63,22.87,14.88,122.0,236.55,104.43,35.94,155.89,91.49,527.8,453.13,217.22,91.6
2024-06-04,44.94,125.58,145.35,45.35,26.35,14.94,47.41,37.05,22.4,14.73,121.7,234.96,104.22,35.93,156.0,91.51,528.39,454.37,215.27,92.67
2024-06-05,44.94,125.74,145.84,45.79,26.48,15.06,48.53,37.9,22.98,14.84,122.93,237.94,105.09,35.72,154.99,91.06,534.67,463.53,217.82,93.35
2024-06-06,45.17,126.27,146.57,46.16,26.56,14.91,47.51,37.61,22.53,14.66,122.2,236.14,104.25,35.35,153.16,90.09,534.66,463.37,219.43,93.21
2024-06-07,44.99,125.7,145.69,46.22,26.46,14.53,45.94,36.8,22.0,14.42,122.33,235.97,104.0,34.97,151.5,89.17,534.01,462.96,211.6,91.5
2024-06-10,45.33,127.16,148.8,46.98,27.02,14.78,47.26,37.52,22.33,14.59,122.71,236.72,104.18,35.42,153.43,90.25,535.66,464.83,213.54,90.89
2024-06-11,45.24,126.96,149.28,46.46,26.99,14.73,47.83,37.62,22.37,14.37,122.01,235.35,103.41,35.21,152.49,89.37,536.95,468.02,214.15,91.83
2024-06-12,44.76,125.84,147.47,46.45,26.73,14.87,48.29,38.18,22.6,14.51,123.17,238.14,103.99,34.97,151.51,88.76,541.36,474.15,214.72,92.52
2024-06-13,44.35,124.54,145.19,46.14,26.26,14.67,47.12,37.48,22.18,14.25,122.38,236.89,102.95,35.06,151.71,88.94,542.45,476.72,212.97,93.88
2024-06-14,44.02,123.17,142.74,45.64,25.79,14.34,45.8,36.18,21.38,14.15,121.15,234.31,101.93,34.97,151.49,88.84,542.78,479.19,215.73,94.67
2024-06-17,44.13,123.53,142.71,46.09,25.79,14.12,44.93,35.84,21.26,13.96,122.49,236.65,103.26,34.58,149.87,88.19,547.1,485.06,214.61,93.73
2024-06-18,44.32,124.23,142.9,46.09,25.93,14.14,45.11,35.78,21.1,13.99,123.15,237.84,103.83,34.6,149.88,88.22,548.49,485.21,215.47,94.59
2024-06-20,45.13,126.16,144.5,46.6,26.16,13.95,43.77,34.72,20.58,13.87,123.23,237.91,103.77,34.9,151.12,88.94,547.0,481.47,218.16,93.96
2024-06-21,44.88,125.3,143.38,46.75,25.94,13.91,43.23,34.5,20.62,13.78,122.97,237.26,103.94,34.69,150.34,88.46,544.51,480.18,214.78,93.96
2024-06-24,45.64,128.66,146.78,47.53,26.81,14.05,42.96,34.63,20.4,13.72,123.07,238.28,103.65,34.87,152.22,89.67,542.74,473.96,215.63,94.34
2024-06-25,45.74,128.91,146.57,47.66,26.73,13.79,41.65,34.3,20.33,13.64,122.02,236.32,103.06,34.54,150.83,88.82,544.83,479.38,214.56,94.5
2024-06-26,45.29,127.83,145.18,47.64,26.46,13.71,41.25,34.96,20.45,13.56,121.69,235.42,103.03,34.4,150.31,88.63,545.51,480.37,212.58,93.15
2024-06-27,45.4,128.08,145.21,47.7,26.24,13.77,42.06,35.04,20.89,13.68,121.82,236.0,103.17,34.46,150.52,88.74,546.37,481.61,214.99,93.52
2024-06-28,45.58,127.57,145.47,47.98,26.28,13.32,40.21,34.01,20.15,13.52,121.87,235.22,102.72,34.07,147.92,87.88,544.22,479.11,215.01,91.78
2024-07-01,45.6,127.56,145.87,48.17,26.32,13.31,39.24,33.87,19.76,13.32,120.56,232.12,102.05,33.83,146.64,87.2,545.34,481.92,215.57,89.91
2024-07-02,45.56,127.69,146.43,48.25,26.53,13.26,38.98,34.62,19.76,13.33,121.22,233.72,102.96,34.01,147.4,87.51,549.01,486.98,215.56,90.61
2024-07-03,45.76,128.28,147.67,48.58,26.81,13.59,40.54,35.68,20.54,13.7,121.66,234.91,103.34,34.22,148.33,88.05,551.46,491.04,217.99,91.8
2024-07-05,45.05,126.15,143.97,48.17,26.22,13.61,40.01,35.57,20.48,13.79,121.22,233.86,102.82,34.28,148.35,88.16,554.64,496.16,220.93,92.56
2024-07-08,44.78,125.64,143.95,48.22,26.3,13.7,40.45,36.29,20.74,13.79,121.37,234.03,103.24,34.31,148.48,88.23,555.28,497.34,218.19,92.76
2024-07-09,44.38,124.5,142.64,48.33,26.15,13.7,40.73,36.11,20.69,13.83,120.84,232.72,102.85,34.41,148.87,88.51,555.82,497.77,218.56,92.35
2024-07-10,44.68,125.34,143.29,48.13,26.34,13.86,41.39,36.95,21.18,14.03,121.92,235.02,103.86,34.74,150.33,89.28,561.32,502.96,219.36,92.64
2024-07-11,45.15,126.95,145.73,48.29,26.79,14.24,43.27,37.57,22.4,14.39,123.47,238.74,104.35,35.37,153.24,90.8,556.48,491.93,223.25,93.54
2024-07-12,45.26,127.32,146.0,48.44,26.85,14.41,44.5,38.97,23.38,14.81,124.18,240.35,104.43,35.63,154.62,91.49,559.99,494.82,223.11,93.94
2024-07-15,45.94,129.42,148.17,48.71,27.24,13.85,41.89,37.86,22.98,14.41,125.07,242.39,104.9,34.76,151.05,89.65,561.53,496.15,223.83,92.86
2024-07-16,46.15,129.94,148.36,48.88,27.24,14.09,43.47,39.16,23.99,14.69,128.19,249.26,107.41,35.03,152.41,90.52,564.86,496.34,228.29,94.17
2024-07-17,46.61,130.95,148.25,48.82,27.19,13.8,42.24,37.73,23.06,14.32,126.55,245.56,105.99,35.06,152.53,90.64,556.94,481.77,227.23,94.19
2024-07-18,46.69,131.06,147.53,49.02,27.12,13.75,41.73,37.13,22.29,14.06,125.56,243.34,105.3,35.03,152.51,90.48,552.66,479.49,225.78,93.47
2024-07-19,46.19,129.61,146.48,48.95,26.89,13.67,41.4,36.34,21.68,13.91,124.87,242.0,104.55,35.06,152.6,90.52,548.99,475.24,221.73,92.92
2024-07-22,45.9,128.95,145.76,49.15,26.77,13.83,41.62,37.16,21.99,13.98,126.14,245.1,105.8,35.36,153.78,91.26,554.65,482.32,221.8,92.65
2024-07-23,45.17,127.04,143.57,48.9,26.33,13.73,41.44,36.98,22.09,13.98,125.9,245.08,108.0,35.14,152.99,90.52,553.78,480.62,222.58,92.52
2024-07-24,45.17,126.82,142.58,48.0,25.94,13.92,41.8,35.84,21.47,13.78,123.19,239.28,105.36,35.53,154.66,91.42,541.23,463.38,221.8,91.52
2024-07-25,45.95,128.65,144.39,47.72,26.02,13.93,42.08,35.7,21.47,13.78,124.18,241.28,107.11,35.24,153.5,90.07,538.41,458.27,218.33,92.27
2024-07-26,46.1,129.2,145.15,48.1,26.12,14.11,42.69,36.32,21.93,13.96,126.3,245.61,107.61,35.58,154.92,90.82,544.44,462.97,220.63,92.99
2024-07-29,45.7,128.01,143.34,48.02,25.85,13.99,41.66,36.44,21.57,13.71,126.08,244.99,107.46,35.74,155.52,91.2,544.76,463.9,220.32,93.49
2024-07-30,46.41,129.93,145.2,48.33,25.95,13.93,40.98,35.51,21.06,13.57,126.45,245.49,107.94,35.93,156.38,91.68,542.0,457.53,222.52,93.85
2024-07-31,46.6,130.67,146.39,48.08,26.34,14.15,42.13,36.62,21.56,13.84,127.86,248.34,109.4,36.4,158.02,92.82,550.81,471.07,226.55,94.81
2024-08-01,45.37,127.19,142.0,47.93,25.56,13.98,41.41,35.16,20.49,13.46,125.49,243.3,107.93,37.05,160.96,94.49,543.01,459.66,225.77,95.31
2024-08-02,44.2,123.41,134.75,47.07,24.31,13.94,40.19,33.28,19.47,13.12,122.73,237.32,105.28,37.11,161.08,94.68,532.9,448.75,225.34,98.28
2024-08-05,43.22,120.8,131.0,45.73,23.59,13.48,39.12,32.38,18.91,12.73,120.6,232.33,103.32,36.13,156.88,92.16,517.38,435.37,222.48,98.8
2024-08-06,43.49,121.28,131.47,46.77,23.73,13.55,39.18,32.37,18.6,12.71,122.05,234.35,104.13,36.44,157.97,92.94,522.15,439.53,220.7,96.59
2024-08-07,43.67,121.85,132.38,46.42,23.9,13.68,39.46,31.67,18.09,12.66,121.46,233.35,104.48,36.64,158.77,93.56,518.66,434.77,220.55,95.91
2024-08-08,44.6,124.54,136.39,46.3,24.64,13.91,40.2,33.0,18.66,12.91,124.26,238.65,107.39,36.68,159.0,93.7,530.65,448.07,224.01,95.32
2024-08-09,44.71,124.66,136.44,45.62,24.64,13.85,39.39,32.61,18.12,12.91,124.28,238.46,107.66,36.81,159.46,93.85,532.99,450.41,224.56,96.26
2024-08-12,44.92,125.49,138.29,44.77,25.02,13.82,39.26,32.18,17.77,12.78,123.65,237.38,107.5,36.87,159.68,94.0,533.27,451.38,228.41,96.61
2024-08-13,44.49,124.32,136.87,44.66,24.7,14.16,40.66,33.36,18.71,13.11,124.95,239.95,108.22,37.08,160.48,94.5,542.04,462.58,228.06,97.28
2024-08-14,44.75,124.95,137.41,45.58,24.85,14.06,40.07,32.68,18.22,13.08,125.46,240.63,108.78,37.06,160.4,94.56,543.75,462.73,226.2,97.89
2024-08-15,45.28,126.62,139.89,46.12,25.3,14.19,41.11,34.09,18.99,13.2,127.15,244.56,110.21,37.06,160.62,94.63,553.07,474.42,226.91,97.1
2024-08-16,45.24,126.53,139.31,46.87,25.22,14.17,40.7,34.01,18.99,13.32,126.97,244.2,110.34,37.22,161.24,94.89,554.31,475.03,231.99,97.44
2024-08-19,45.54,127.28,140.32,47.08,25.44,14.37,41.6,34.77,19.41,13.45,127.74,245.88,110.76,37.47,162.26,95.57,559.61,481.27,231.61,97.89
2024-08-20,44.34,124.06,136.72,46.36,24.91,14.21,40.74,34.22,19.09,13.31,127.39,244.74,110.34,37.38,161.87,95.42,558.7,480.26,232.46,98.67
2024-08-21,44.42,124.02,136.79,46.55,24.87,14.27,41.13,34.86,19.59,13.47,128.16,246.52,110.8,37.65,163.03,96.05,560.62,482.5,232.15,98.73
2024-08-22,44.53,124.27,136.34,46.54,24.85,14.05,40.08,34.1,19.01,13.25,128.0,246.13,110.92,37.6,162.79,95.99,556.22,474.85,229.37,97.75
2024-08-23,45.19,126.37,139.14,46.97,25.32,14.45,42.17,35.84,20.0,13.73,129.28,249.49,111.53,37.71,163.31,96.2,562.13,480.0,232.02,98.39
2024-08-26,45.6,127.56,140.09,47.13,25.58,14.41,41.68,35.68,19.93,13.62,129.14,249.34,111.21,37.96,164.21,96.72,560.79,475.34,232.76,98.14
2024-08-27,45.17,126.34,138.28,46.51,25.28,14.35,41.53,35.37,19.65,13.59,129.22,248.63,111.29,37.65,163.06,96.04,561.56,476.76,233.39,97.97
2024-08-28,44.88,125.47,137.68,46.13,25.09,14.27,40.92,34.69,19.0,13.4,129.16,248.28,111.71,37.65,163.01,96.08,558.3,471.35,231.75,97.85
2024-08-29,45.47,127.09,139.85,47.23,25.56,14.18,40.78,34.95,19.39,13.43,130.07,249.93,112.54,37.86,163.83,96.54,558.35,470.66,232.95,97.53
2024-08-30,45.64,127.43,139.54,47.33,25.37,14.29,41.28,35.27,19.35,13.49,131.46,252.79,113.5,38.15,165.09,97.26,563.68,476.27,231.29,96.49
2024-09-03,44.51,123.95,134.39,46.69,24.41,13.91,39.82,33.42,18.4,13.1,128.55,246.25,110.12,38.09,164.75,97.01,552.08,461.81,230.29,97.75
2024-09-04,43.89,122.14,132.21,46.52,23.97,14.09,40.28,33.75,18.58,13.06,128.68,246.04,110.54,38.42,166.05,97.74,550.95,460.61,230.43,99.01
2024-09-05,43.55,121.29,131.17,46.65,23.91,14.18,39.99,33.76,18.43,13.08,127.18,243.39,109.86,38.32,165.6,97.44,549.61,461.04,232.35,99.57
2024-09-06,43.01,119.72,129.12,46.3,23.47,13.89,38.97,32.47,17.82,12.63,125.89,240.78,107.93,37.96,164.18,96.51,540.36,448.69,230.63,99.56
2024-09-09,43.31,120.31,128.32,46.31,23.3,13.87,38.17,32.43,17.81,12.69,127.82,243.63,110.04,38.34,165.55,97.48,546.41,454.46,231.6,99.99
2024-09-10,42.57,118.24,126.92,46.56,23.06,13.88,38.1,32.79,18.09,12.64,128.04,244.2,109.59,38.52,166.44,97.91,548.79,458.66,232.62,100.69
2024-09-11,42.17,117.44,126.87,46.57,23.17,14.37,40.49,34.57,18.96,13.12,128.27,245.02,109.76,38.64,166.83,98.07,554.42,468.62,232.25,100.61
2024-09-12,42.56,118.5,127.25,46.98,23.24,14.27,40.04,34.34,18.91,13.13,129.26,247.36,111.08,38.72,167.15,98.35,559.09,473.22,236.33,100.14
2024-09-13,42.79,119.23,128.55,47.4,23.44,14.45,40.58,34.81,19.21,13.29,130.57,250.29,111.74,39.27,169.63,99.62,562.01,475.34,238.68,100.41
2024-09-16,43.28,120.84,129.86,47.59,23.72,14.55,40.57,34.72,19.1,13.34,131.24,251.88,112.15,39.57,171.02,100.32,562.84,473.24,238.66,101.33
2024-09-17,43.87,122.6,132.19,47.56,24.1,14.66,41.46,35.2,19.54,13.5,131.96,253.33,111.98,39.54,170.92,100.02,563.07,473.49,237.34,100.84
2024-09-18,43.96,122.76,132.67,47.36,24.12,14.61,41.45,34.97,19.24,13.41,131.85,253.22,111.83,39.24,169.59,99.24,561.4,471.44,235.51,99.59
2024-09-19,44.48,124.34,134.82,47.19,24.39,14.53,41.14,35.6,19.39,13.76,134.12,257.94,113.2,39.01,168.73,98.87,570.98,483.36,239.17,99.26
2024-09-20,44.38,124.17,134.81,47.17,24.42,14.37,40.66,34.88,19.13,13.48,133.18,256.17,113.66,40.04,172.84,101.2,568.25,482.44,242.21,98.88
2024-09-23,44.56,125.65,135.14,47.65,24.72,14.48,40.94,35.29,19.12,13.47,133.64,257.66,114.59,40.17,174.54,102.21,569.67,483.04,242.68,98.67
2024-09-24,44.45,125.29,134.28,47.48,24.6,14.61,41.51,35.59,19.46,13.75,134.6,259.26,114.22,39.88,173.15,101.56,571.3,485.37,246.07,98.65
2024-09-25,43.58,122.79,131.1,47.29,24.0,14.45,40.58,34.93,19.04,13.44,133.97,257.88,113.99,40.09,174.03,101.41,570.04,485.82,245.73,97.83
2024-09-26,42.72,120.23,127.95,46.66,23.05,14.69,41.94,35.69,19.59,13.89,134.64,259.22,114.01,39.81,172.91,100.65,572.3,489.47,246.98,98.06
2024-09-27,43.6,121.73,131.14,46.99,23.68,14.77,43.0,36.39,20.11,14.08,134.83,258.73,114.39,40.21,173.33,101.45,571.47,486.75,245.02,98.57
2024-09-30,43.9,122.47,131.52,47.13,23.75,14.69,43.11,35.91,20.03,14.01,135.44,260.07,114.97,40.39,174.05,102.02,573.76,488.07,243.06,98.1
2024-10-01,44.9,125.14,133.73,47.39,24.21,14.5,42.67,35.2,19.49,13.87,135.51,259.6,115.93,40.72,175.33,102.75,568.62,481.27,245.61,98.49
2024-10-02,45.36,126.52,135.36,47.18,24.5,14.37,42.45,34.9,19.67,13.93,135.26,259.57,115.9,40.74,175.27,102.77,568.86,481.95,245.66,97.66
2024-10-03,46.16,128.81,139.81,47.48,25.19,14.21,41.64,34.55,19.56,13.7,134.57,257.85,115.11,40.72,175.14,102.81,567.82,481.59,245.49,96.74
2024-10-04,46.59,130.05,140.79,47.65,25.4,14.16,42.13,35.07,20.22,13.87,135.51,259.83,116.38,40.65,174.88,102.51,572.98,487.32,245.0,95.55
2024-10-07,46.76,130.61,141.66,47.65,25.58,14.15,42.89,35.16,20.62,14.03,135.18,259.64,116.25,39.72,171.01,100.41,567.8,482.1,244.17,94.83
2024-10-08,45.53,127.24,137.77,47.08,24.98,13.96,40.54,34.68,19.99,13.68,135.48,259.78,116.48,39.74,171.06,100.51,573.17,489.3,242.37,94.99
2024-10-09,45.81,127.76,137.79,47.45,24.88,13.92,40.05,35.18,20.41,13.65,136.69,261.9,116.89,39.4,169.67,99.91,577.14,493.15,241.05,94.45
2024-10-10,46.12,128.74,139.16,47.53,25.1,13.58,38.57,34.23,19.93,13.4,135.99,260.32,115.86,39.28,169.15,99.67,576.13,492.59,242.82,94.08
2024-10-11,46.4,129.65,140.71,47.69,25.34,13.71,39.32,34.6,20.77,13.6,138.42,265.14,117.64,39.63,170.71,100.42,579.58,493.36,245.47,93.7
2024-10-14,46.38,129.25,138.79,47.68,24.94,13.65,38.88,34.64,20.47,13.46,139.25,266.64,118.37,40.13,172.83,101.74,584.32,497.5,245.07,93.76
2024-10-15,44.89,125.2,133.46,47.23,24.04,13.38,37.51,33.86,20.14,13.18,138.18,264.71,117.72,40.31,173.72,102.16,579.78,490.85,245.92,94.91
2024-10-16,45.1,125.95,134.47,47.43,24.22,13.55,37.75,34.49,20.76,13.26,139.25,267.2,118.79,41.1,177.08,103.94,582.3,490.91,247.15,95.31
2024-10-17,45.32,126.55,135.68,47.1,24.36,13.41,37.02,33.88,20.35,13.1,138.85,266.64,119.17,40.74,175.46,103.1,582.35,491.25,248.63,93.8
2024-10-18,45.17,125.99,134.87,47.11,24.2,13.44,37.34,33.8,20.37,13.19,139.27,267.3,119.29,40.97,176.31,103.61,584.59,494.47,251.27,93.87
2024-10-21,45.03,125.67,134.2,46.68,24.08,13.35,36.9,33.42,20.15,13.04,138.78,266.06,119.77,40.81,175.63,103.26,583.63,495.42,251.22,92.23
2024-10-22,45.14,125.82,134.54,46.86,24.07,13.32,37.28,33.41,20.42,13.0,137.1,263.04,117.3,40.67,175.08,102.88,583.32,495.96,253.93,92.32
2024-10-23,44.9,125.16,133.31,46.94,23.93,13.09,37.04,32.56,19.82,12.86,136.7,261.86,117.16,41.06,176.57,103.78,577.99,488.36,250.87,92.07
2024-10-24,44.9,125.19,134.35,46.92,24.18,13.12,37.21,33.56,20.23,12.91,135.76,260.87,116.42,40.79,175.41,103.01,579.24,492.32,252.8,92.66
2024-10-25,44.88,125.32,134.36,46.85,24.18,13.16,38.95,33.9,20.29,13.09,135.4,260.07,116.64,40.19,172.95,101.57,579.04,495.32,253.32,92.14
2024-10-28,44.6,124.42,132.57,46.65,23.77,13.29,39.88,34.47,21.09,13.32,135.8,261.27,116.56,40.51,174.25,102.25,580.83,495.4,253.33,91.89
2024-10-29,43.92,122.77,130.42,46.82,23.58,13.06,38.45,34.15,20.76,13.06,135.62,260.89,116.15,39.64,170.78,100.69,581.77,500.16,256.09,92.03
2024-10-30,44.02,123.03,131.7,46.74,23.85,13.11,38.88,33.69,20.51,12.96,135.39,260.77,115.94,39.54,170.39,100.19,580.01,496.38,257.5,92.3
2024-10-31,44.29,123.64,130.73,46.5,23.53,13.1,39.83,33.15,20.05,12.83,133.83,257.51,113.79,39.96,171.98,101.19,568.64,483.85,253.51,92.45
2024-11-01,44.01,122.72,129.34,46.48,23.22,13.15,39.79,33.53,20.33,12.86,134.01,258.39,114.35,39.06,168.18,99.15,571.04,487.43,252.47,90.84
2024-11-04,44.78,124.95,131.8,46.79,23.68,13.45,41.08,34.12,20.64,13.04,133.86,258.37,114.56,38.6,166.5,98.12,569.81,486.01,252.83,92.25
2024-11-05,45.08,125.82,132.96,47.49,23.9,13.5,41.79,34.85,21.1,13.26,136.1,262.91,116.36,39.18,169.05,99.65,576.7,492.21,253.4,92.74
2024-11-06,46.78,130.97,139.92,48.38,25.06,12.51,37.25,33.86,20.16,12.42,141.43,273.79,120.25,38.78,167.76,99.0,591.04,505.58,245.7,90.2
2024-11-07,46.56,130.62,139.04,48.35,24.91,12.67,37.58,33.96,20.18,12.55,140.58,272.64,119.79,38.85,167.69,99.19,595.61,513.54,249.65,91.33
2024-11-08,46.88,131.27,140.03,48.18,24.98,12.38,36.04,34.09,20.1,12.2,142.09,275.29,123.13,39.59,170.8,100.93,598.19,514.14,247.96,92.49
2024-11-11,47.14,132.28,142.13,48.13,25.37,12.33,36.14,34.77,20.62,12.25,143.19,277.7,124.5,39.7,171.58,101.27,598.76,513.84,242.14,92.04
2024-11-12,46.89,131.46,140.75,47.85,25.1,12.01,34.72,33.38,19.75,11.77,141.96,274.8,123.44,39.24,169.68,100.23,596.9,512.91,240.05,90.66
2024-11-13,47.26,132.14,141.34,46.99,25.18,11.97,34.84,33.56,19.76,11.8,142.26,275.24,122.98,39.17,169.33,100.19,597.19,512.25,237.63,89.8
2024-11-14,47.44,132.69,142.2,47.45,25.42,12.21,35.57,33.07,19.4,11.79,139.86,270.49,118.61,39.04,168.68,99.56,593.35,508.69,237.01,90.32
2024-11-15,47.37,132.06,140.85,47.85,25.16,12.09,34.31,32.71,19.02,11.69,139.11,268.6,117.67,39.63,171.11,100.82,585.75,496.57,236.59,90.08
2024-11-18,47.99,133.93,143.64,48.28,25.69,12.14,34.52,33.32,19.21,11.75,138.92,268.78,117.12,39.97,172.59,101.62,588.15,500.02,241.09,90.24
2024-11-19,47.69,133.3,142.72,48.49,25.51,12.06,34.01,33.29,19.54,11.79,138.8,269.03,117.77,40.22,173.62,102.15,590.3,503.46,243.25,90.7
2024-11-20,48.17,134.73,145.06,48.49,25.96,12.08,34.65,33.48,19.61,11.72,138.95,269.54,118.49,40.24,173.77,102.31,590.5,503.17,244.62,90.41
2024-11-21,48.56,136.1,146.91,49.13,26.33,12.02,34.33,33.64,20.16,11.79,140.69,273.32,119.55,40.94,176.73,104.03,593.67,504.98,246.66,90.34
2024-11-22,48.63,136.78,148.67,49.63,26.48,12.12,34.64,34.5,20.63,11.87,142.65,276.74,121.04,40.72,176.05,103.64,595.51,505.79,249.84,90.39
2024-11-25,47.67,134.0,146.04,49.16,26.05,12.34,36.05,35.57,21.5,12.28,143.54,279.2,120.03,40.8,176.53,104.01,597.53,506.59,242.48,92.73
2024-11-26,47.61,133.66,144.99,49.65,25.9,12.25,35.97,34.9,20.8,12.02,143.71,279.13,120.9,41.45,178.92,105.49,600.65,509.31,242.95,92.37
2024-11-27,47.56,133.67,145.0,50.31,25.93,12.35,36.54,35.14,21.17,12.19,143.18,278.06,120.37,41.45,178.98,105.52,598.83,505.3,243.49,93.01
2024-11-29,47.76,134.18,145.48,51.32,26.11,12.39,36.83,35.57,21.64,12.35,143.99,279.7,121.39,41.47,179.11,105.57,602.55,509.74,245.59,93.97
2024-12-02,47.26,132.9,143.83,50.65,25.64,12.43,37.47,36.12,21.5,12.25,142.93,277.48,120.36,40.58,175.53,103.41,603.63,515.29,243.44,93.87
2024-12-03,47.26,132.97,143.94,50.67,25.81,12.34,36.87,35.51,21.16,12.11,142.03,275.81,120.66,40.22,174.16,102.62,603.91,516.87,243.93,93.06
2024-12-04,46.12,129.9,139.41,49.78,25.17,12.14,36.02,35.02,20.85,12.03,142.65,277.13,121.73,40.22,173.8,102.57,607.66,523.26,244.67,94.06
2024-12-05,46.29,130.32,138.98,50.17,25.18,12.15,35.43,34.86,20.8,12.03,140.92,273.95,120.17,40.35,174.24,102.79,606.66,521.81,242.86,94.25
2024-12-06,45.51,127.98,135.82,49.92,24.53,12.1,35.32,35.48,21.04,12.11,140.56,273.1,120.02,39.85,172.25,101.55,607.81,526.48,242.95,94.39
2024-12-09,45.44,127.67,137.11,49.15,24.69,12.34,36.79,36.41,21.59,12.31,139.34,270.76,117.93,39.35,170.18,100.22,604.68,522.38,245.36,93.52
2024-12-10,45.13,127.0,136.28,48.68,24.54,12.18,35.79,35.74,20.98,12.03,139.0,269.67,118.39,39.06,169.03,99.59,602.8,520.6,248.59,93.08
2024-12-11,45.2,127.52,138.25,49.15,25.07,12.18,35.55,36.22,20.9,12.13,138.68,269.71,118.09,38.81,168.07,99.07,607.46,529.92,250.96,92.2
2024-12-12,44.83,126.6,137.08,49.31,24.97,11.98,34.88,35.87,20.51,11.97,137.79,267.61,117.38,38.79,167.7,98.88,604.33,526.5,247.28,91.08
2024-12-13,44.61,125.69,135.96,49.09,24.66,11.98,35.07,36.09,20.58,11.94,137.43,266.71,117.58,38.82,167.76,98.93,604.21,530.53,244.29,90.15
2024-12-16,43.63,123.1,132.4,48.38,24.08,11.81,34.16,36.44,20.57,11.86,137.55,266.78,118.84,38.51,166.6,98.21,606.79,538.17,244.88,90.42
2024-12-17,43.31,122.1,131.53,48.04,23.89,11.76,34.63,36.4,20.42,11.84,136.29,263.8,117.53,38.35,165.87,96.91,604.29,535.8,243.94,90.64
2024-12-18,42.03,117.74,127.09,47.04,23.14,11.39,33.53,34.43,19.56,11.44,132.44,255.01,113.94,37.44,160.52,94.65,586.28,516.47,239.26,89.16
2024-12-19,41.66,116.67,125.5,47.15,22.98,11.35,32.56,33.95,19.19,11.39,132.27,254.51,114.6,37.62,161.34,95.17,586.1,514.17,239.6,87.81
2024-12-20,42.07,117.74,126.26,47.55,23.22,11.52,33.54,34.68,20.05,11.67,133.82,257.02,116.21,38.22,163.59,96.42,591.15,518.66,242.1,88.31
2024-12-23,41.97,118.46,126.81,47.95,23.5,11.6,34.06,35.12,20.22,11.74,133.12,256.9,115.99,38.03,164.22,96.68,594.69,522.87,240.96,87.5
2024-12-24,42.32,119.37,128.33,48.67,23.88,11.64,34.43,35.75,20.76,11.89,134.16,258.93,116.86,38.24,165.03,97.22,601.3,529.96,241.44,87.87
2024-12-26,42.28,119.25,128.34,47.89,23.71,11.6,34.39,35.7,21.3,11.93,134.26,259.3,117.27,38.15,164.67,97.01,601.34,529.6,243.07,87.82
2024-12-27,42.28,119.27,128.54,47.88,23.8,11.53,33.95,35.13,20.94,11.82,133.26,257.33,116.27,38.04,164.23,96.74,595.01,522.56,241.4,87.1
2024-12-30,42.28,119.65,130.63,48.01,24.36,11.43,33.62,34.47,20.5,11.67,131.92,254.83,114.95,37.88,163.59,96.3,588.22,515.61,240.63,87.8
2024-12-31,42.83,121.31,132.37,48.16,24.63,11.38,33.12,33.93,20.01,11.57,131.76,254.39,114.73,37.85,163.42,96.21,586.08,511.23,242.13,87.33
2025-01-02,43.33,122.78,134.82,48.72,25.11,11.6,34.73,34.42,20.89,11.78,131.3,253.83,114.4,38.13,164.52,96.68,584.64,510.23,245.42,87.57
2025-01-03,43.74,123.83,135.57,48.79,25.18,11.65,35.15,36.21,21.99,12.16,132.72,256.9,115.69,38.54,166.3,97.66,591.95,518.58,243.49,87.29
2025-01-06,43.53,123.4,135.23,48.86,25.22,11.72,35.55,36.65,22.48,12.29,132.43,257.09,114.47,38.11,164.53,96.81,595.36,524.54,243.19,86.9
2025-01-07,43.97,124.55,136.76,48.65,25.55,11.82,36.6,36.44,22.47,12.17,132.3,256.05,114.15,38.01,164.05,96.68,588.63,515.18,244.56,85.92
2025-01-08,44.01,124.55,137.67,49.46,25.73,11.53,35.3,35.16,21.21,11.82,132.82,256.92,115.09,38.01,164.17,96.81,589.49,515.27,245.86,86.03
2025-01-10,44.19,125.02,139.31,49.18,25.96,11.22,34.14,34.34,20.55,11.47,131.33,254.0,114.63,37.79,162.97,96.25,580.49,507.19,248.21,85.46
2025-01-13,45.13,127.69,141.91,49.59,26.38,11.17,33.72,34.21,20.11,11.28,132.87,256.73,115.71,37.35,161.24,95.33,581.39,505.56,245.74,85.43
2025-01-14,45.61,129.16,142.89,50.49,26.64,11.24,33.94,34.21,20.02,11.31,134.44,260.04,117.1,37.84,163.46,96.35,582.19,505.08,247.03,85.29
2025-01-15,46.28,130.99,145.61,50.79,26.97,11.37,34.35,34.95,20.54,11.57,135.29,262.2,117.52,38.4,165.97,97.73,592.78,516.7,248.88,86.76
2025-01-16,46.62,131.85,145.88,51.48,27.09,11.4,34.68,35.12,20.76,11.66,136.93,265.07,118.7,39.37,169.89,100.02,591.64,513.08,250.6,87.04
2025-01-17,46.98,132.76,145.45,51.71,26.96,11.44,34.39,35.23,20.53,11.67,137.75,266.49,119.51,39.42,170.17,100.14,597.58,521.74,249.27,87.19
2025-01-21,46.74,131.93,143.77,52.47,26.71,11.33,33.67,34.84,20.37,11.7,140.58,272.45,123.07,40.03,172.59,101.64,603.05,524.8,253.13,87.97
2025-01-22,45.89,129.56,142.46,51.95,26.54,11.04,32.57,33.88,19.91,11.51,140.25,271.78,122.68,39.16,169.04,99.61,606.44,531.51,254.43,87.51
2025-01-23,46.1,130.04,142.7,52.08,26.47,11.19,33.53,34.32,20.19,11.7,141.67,273.99,123.29,39.35,169.61,99.9,609.75,532.64,254.07,86.83
2025-01-24,45.65,128.86,140.74,52.1,26.12,11.17,33.65,34.3,20.38,11.81,141.07,272.35,122.21,39.74,171.27,100.85,607.97,529.63,255.65,87.22
2025-01-27,45.18,127.12,138.03,51.11,25.45,11.14,33.32,33.35,19.47,11.49,139.18,267.71,120.31,38.83,167.65,99.05,599.37,514.21,252.99,88.25
2025-01-28,44.75,126.03,137.32,51.76,25.45,11.07,32.65,32.73,19.22,11.41,138.26,265.96,119.18,38.29,165.36,97.82,604.52,521.81,255.18,88.19
2025-01-29,44.85,126.28,138.13,51.9,25.6,11.21,33.61,32.97,19.27,11.35,137.79,265.37,118.65,38.37,165.69,97.72,601.81,520.83,254.2,88.01
2025-01-30,45.08,126.83,137.43,52.13,25.61,11.41,34.18,33.62,19.76,11.56,139.33,268.61,120.87,39.17,169.06,100.15,605.04,523.05,258.05,88.34
2025-01-31,43.82,123.63,134.16,51.57,24.87,11.37,33.8,33.53,19.55,11.42,138.35,266.46,120.59,38.94,168.06,99.46,601.82,522.29,258.56,87.76
2025-02-03,44.1,124.09,133.91,52.31,24.84,11.24,33.22,32.7,19.03,11.15,136.98,264.05,120.31,39.15,169.07,100.13,597.77,518.11,259.94,88.16
2025-02-04,45.02,126.75,137.16,52.71,25.24,11.37,33.96,33.35,19.39,11.36,137.02,263.92,120.33,38.81,167.61,99.29,601.78,524.47,262.5,88.43
2025-02-05,45.12,126.94,136.96,53.06,25.28,11.42,33.57,33.08,19.15,11.34,137.12,264.71,120.92,39.19,169.3,100.28,604.22,526.85,264.13,89.89
2025-02-06,44.28,124.54,133.92,52.35,24.77,11.43,34.27,33.47,19.64,11.46,137.74,265.78,120.26,39.15,169.27,100.15,606.32,529.6,263.43,89.85
2025-02-07,44.28,124.46,133.25,52.18,24.69,11.25,34.36,32.85,19.4,11.31,137.33,264.93,119.82,39.07,168.67,99.93,600.77,522.92,263.9,89.27
2025-02-10,45.26,127.3,138.09,52.63,25.62,11.23,34.26,32.59,19.4,11.41,138.56,267.28,120.51,39.49,170.48,101.01,604.85,529.25,268.37,89.0
2025-02-11,45.62,128.15,139.28,52.08,25.73,11.12,33.29,31.75,18.66,11.15,138.61,266.86,120.1,39.69,171.35,101.42,605.31,527.99,267.39,88.43
2025-02-12,44.52,124.98,134.79,50.38,24.96,11.1,33.19,31.86,18.72,11.22,137.75,264.51,119.02,39.63,171.17,101.28,603.36,528.3,267.67,87.23
2025-02-13,44.85,125.79,135.58,51.38,25.12,11.22,33.76,32.92,19.22,11.52,137.89,264.36,117.92,39.72,171.48,101.52,609.73,535.9,270.31,88.68
2025-02-14,45.03,126.31,136.67,51.57,25.29,11.33,34.31,33.3,19.35,11.61,137.55,264.11,116.98,39.55,170.69,101.27,609.7,538.15,266.29,89.15
2025-02-18,45.65,127.9,138.24,52.39,25.54,11.35,34.9,33.99,19.77,11.79,138.63,265.98,118.08,39.92,172.63,102.15,611.49,539.37,270.7,88.1
2025-02-19,46.01,128.73,139.94,52.16,25.96,11.39,35.5,34.17,19.68,11.79,138.77,265.73,117.7,40.13,173.27,102.57,612.93,539.52,270.85,88.21
2025-02-20,46.43,129.85,139.69,52.24,25.93,11.52,35.38,34.06,19.6,11.8,137.86,263.77,116.59,40.13,173.33,102.55,610.38,537.23,270.99,88.54
2025-02-21,45.47,127.0,135.31,51.71,25.06,11.36,34.44,33.03,18.91,11.68,134.84,257.24,114.09,40.13,173.28,102.6,599.94,526.08,270.74,89.61
2025-02-24,45.47,126.91,134.82,51.41,24.96,11.4,34.28,32.28,18.41,11.59,134.23,256.0,114.0,39.94,172.59,102.27,597.21,519.87,272.21,89.87
2025-02-25,44.82,124.93,131.64,51.26,24.36,11.51,34.26,31.44,18.06,11.56,134.92,257.35,114.7,39.74,171.95,101.89,594.24,513.32,268.62,91.42
2025-02-26,44.56,124.46,130.51,51.4,24.3,11.55,34.96,31.5,18.42,11.7,135.0,258.15,115.16,39.9,172.63,102.15,594.54,514.56,269.03,91.96
2025-02-27,44.81,124.66,129.58,51.29,24.11,11.2,33.68,30.5,17.85,11.37,134.53,256.42,115.3,39.01,169.07,100.1,585.05,500.27,264.93,91.31
2025-02-28,45.5,126.6,130.91,51.91,24.32,11.11,32.35,30.38,17.56,11.23,136.33,259.53,116.71,39.61,171.47,101.64,594.18,508.17,263.27,92.43
2025-03-03,43.91,121.82,124.57,51.57,23.13,10.94,31.31,29.09,16.46,10.96,134.39,254.74,115.51,39.67,171.72,101.88,583.77,497.05,266.74,92.57
2025-03-04,43.49,120.85,123.87,50.7,23.06,11.13,32.08,29.14,16.61,11.03,131.77,250.42,113.59,39.02,169.13,100.24,576.86,495.55,269.06,91.43
2025-03-05,42.85,119.14,121.92,50.37,22.79,11.29,32.39,29.93,17.14,11.4,133.85,254.17,116.4,38.74,167.84,99.65,583.06,502.01,269.62,90.7
2025-03-06,42.98,119.3,120.5,49.64,22.37,11.27,32.15,29.39,16.79,11.25,132.7,251.5,114.36,37.94,164.44,97.57,572.71,488.2,268.25,90.4
2025-03-07,43.72,121.24,122.56,50.33,22.69,11.52,32.83,30.05,17.18,11.5,134.25,254.22,115.78,38.65,167.32,99.37,575.92,491.79,268.39,90.11
2025-03-10,44.04,121.81,122.54,50.5,22.88,11.45,32.55,29.14,16.49,11.21,132.15,249.64,114.18,39.07,169.12,100.16,560.58,472.73,266.04,91.05
2025-03-11,43.69,121.12,123.16,50.65,23.24,11.58,32.63,29.04,16.73,11.26,130.12,246.64,114.17,38.71,167.74,99.26,555.92,471.6,269.16,90.4
2025-03-12,43.89,121.73,124.44,50.87,23.49,11.49,32.28,29.21,16.74,11.28,130.11,246.4,114.26,38.58,167.05,98.95,558.87,476.92,270.33,89.86
2025-03-13,43.59,120.86,122.65,50.43,23.13,11.49,32.09,28.75,16.44,11.2,128.78,243.71,113.86,38.68,167.58,99.16,551.42,468.34,275.13,90.65
2025-03-14,44.88,124.38,126.93,51.49,23.86,11.58,32.39,29.29,16.92,11.46,131.13,248.61,115.69,39.44,170.8,100.93,562.81,479.66,275.24,90.17
2025-03-17,45.6,126.5,129.51,52.22,24.27,11.86,33.54,29.88,17.48,11.73,132.94,251.9,117.36,39.6,171.62,101.54,567.15,482.77,276.73,90.62
2025-03-18,45.67,126.83,130.28,52.09,24.46,11.79,32.87,29.58,17.18,11.72,131.88,249.74,117.19,39.33,170.42,100.31,561.02,474.54,279.96,90.71
2025-03-19,46.42,128.98,133.36,52.38,25.0,11.85,33.09,29.95,17.41,11.76,133.63,253.25,119.3,39.47,170.94,100.56,567.13,480.89,281.11,91.18
2025-03-20,46.58,129.37,133.23,52.23,24.97,11.79,32.59,29.61,17.13,11.56,132.96,251.95,118.26,39.63,171.64,100.92,565.49,479.26,280.75,91.24
2025-03-21,46.26,128.39,131.36,51.6,24.73,11.72,32.16,29.81,17.16,11.44,132.25,250.2,117.52,39.38,170.39,100.31,563.98,480.84,278.49,90.7
2025-03-24,46.42,129.98,132.5,51.97,25.14,11.58,31.83,30.48,17.39,11.27,134.29,255.61,119.91,39.08,170.53,100.39,574.08,490.66,277.25,89.77
2025-03-25,46.62,129.46,132.54,51.94,25.18,11.68,32.13,30.59,17.34,11.29,134.49,255.03,121.01,38.46,166.74,98.94,575.46,493.46,278.47,89.76
2025-03-26,46.89,130.25,133.15,52.21,25.24,11.53,31.36,29.8,16.86,11.13,133.6,252.78,119.46,38.72,167.78,99.61,568.59,484.38,278.24,89.17
2025-03-27,46.44,129.02,131.82,52.04,24.79,11.53,31.27,29.69,16.62,11.07,132.89,251.62,118.93,38.71,167.76,99.61,567.08,481.62,281.97,88.91
2025-03-28,46.22,128.4,130.68,52.07,24.64,11.53,31.01,28.81,16.02,10.77,130.15,246.19,116.7,38.99,169.03,100.27,555.66,468.94,284.06,90.14
2025-03-31,46.72,129.71,131.71,51.94,24.85,11.42,30.46,28.62,15.74,10.54,131.07,247.55,116.55,39.42,170.81,101.42,559.39,468.92,288.14,91.03
2025-04-01,47.0,130.35,132.45,52.26,24.96,11.49,30.8,29.18,15.87,10.62,131.81,249.18,117.3,39.53,171.33,101.75,560.97,472.7,287.57,91.49
2025-04-02,47.06,130.56,133.75,52.57,25.23,11.55,31.08,29.18,15.99,10.65,133.05,251.85,118.82,39.71,171.95,102.19,564.52,476.15,288.16,91.43
2025-04-03,43.37,120.29,119.46,50.62,22.92,11.69,30.35,27.49,15.0,10.43,125.85,237.58,113.56,39.46,171.04,101.73,536.7,450.66,286.42,91.85
2025-04-04,39.38,109.38,106.71,47.02,20.33,11.09,28.88,25.94,14.31,9.82,117.94,224.0,105.2,37.26,161.7,96.09,505.28,422.67,279.72,92.85
2025-04-07,39.13,108.52,106.25,45.96,20.17,10.75,27.67,25.86,14.2,9.54,117.39,222.28,105.33,36.69,159.32,94.7,504.38,423.69,273.71,90.05
2025-04-08,38.22,105.87,101.91,45.07,19.37,10.56,26.03,24.46,13.42,9.21,116.42,220.04,106.11,36.54,158.36,93.98,496.48,416.06,275.2,88.35
2025-04-09,41.18,114.2,113.74,47.17,21.45,11.09,27.97,27.44,15.02,9.99,126.76,240.4,115.32,37.99,164.49,97.8,548.62,466.0,285.38,88.87
2025-04-10,38.49,106.71,104.39,45.81,19.79,10.91,26.7,25.86,14.15,9.72,123.49,233.41,113.56,37.7,163.39,97.19,524.58,446.18,292.35,86.42
2025-04-11,39.44,109.54,107.57,46.56,20.46,11.29,27.72,26.27,14.65,10.15,125.67,237.31,115.4,38.16,165.48,98.42,533.94,454.4,297.93,86.89
2025-04-14,39.58,109.97,107.49,47.69,20.49,11.39,28.65,26.99,14.89,10.33,126.98,240.01,116.61,38.85,168.34,100.21,539.12,457.48,296.23,87.51
2025-04-15,39.53,109.82,106.95,48.37,20.48,11.37,28.29,26.53,14.74,10.4,126.35,238.81,116.45,38.84,168.47,100.11,537.61,457.99,297.78,87.82
2025-04-16,39.85,110.79,108.89,48.2,20.86,11.32,27.83,25.96,14.54,10.27,124.62,235.39,115.61,38.49,166.94,99.26,525.66,444.18,307.47,88.31
2025-04-17,40.75,113.43,111.93,48.64,21.36,11.52,28.16,26.13,14.64,10.29,125.3,236.9,115.8,38.88,168.78,100.23,526.41,444.1,306.12,87.53
2025-04-21,39.69,110.34,108.55,47.63,20.64,11.47,27.61,25.36,14.28,10.15,122.49,231.16,113.33,37.97,164.82,97.98,513.88,433.11,315.59,86.0
2025-04-22,40.69,113.14,111.22,48.62,21.13,11.71,28.85,26.19,14.78,10.39,124.63,235.57,113.4,39.0,169.23,100.47,527.25,444.48,311.11,86.48
2025-04-23,40.62,112.87,111.59,48.77,21.12,11.49,28.29,26.34,14.89,10.48,126.19,238.6,116.1,39.17,169.83,100.69,535.42,454.56,303.65,87.32
2025-04-24,41.27,114.65,112.77,49.64,21.36,11.74,29.0,27.47,15.63,10.69,129.02,244.33,118.57,39.22,170.0,100.84,546.69,467.35,308.07,88.24
2025-04-25,41.19,114.63,113.38,49.47,21.47,11.85,29.88,28.11,15.97,10.89,129.01,244.2,119.79,39.1,169.35,100.56,550.64,472.56,304.73,88.89
2025-04-28,41.49,115.44,114.7,49.48,21.69,11.93,29.79,28.39,16.01,10.99,129.44,244.82,120.5,39.35,170.57,101.27,550.85,472.41,309.07,89.45
2025-04-29,41.37,114.99,113.91,49.21,21.49,11.92,29.61,28.28,15.93,11.03,130.28,246.42,121.25,39.65,171.75,101.94,554.32,475.53,306.06,90.2
2025-04-30,40.25,111.92,110.71,48.24,20.84,11.77,28.38,27.75,15.56,10.86,131.22,247.83,121.77,39.45,170.99,101.72,554.54,475.47,303.77,89.47
2025-05-01,40.4,112.65,112.7,47.93,21.18,11.74,28.8,27.89,15.87,10.93,132.21,249.65,123.09,39.56,171.52,101.96,558.47,481.68,297.46,88.69
2025-05-02,40.99,114.4,114.95,48.41,21.55,11.84,29.35,28.48,16.25,11.16,134.58,254.59,124.95,39.88,172.64,102.64,566.76,488.83,297.98,87.73
2025-05-05,40.25,112.24,112.96,47.49,21.11,11.76,28.85,27.81,15.9,11.2,134.65,254.5,124.88,39.78,172.23,102.45,563.51,485.93,306.88,87.24
2025-05-06,40.26,112.37,113.14,47.1,21.11,11.87,29.3,27.68,16.08,11.25,133.47,252.66,123.88,40.26,174.2,103.49,558.8,481.41,315.48,87.53
2025-05-07,40.28,112.56,113.29,47.93,21.16,11.82,29.6,27.75,16.43,11.18,134.15,253.72,124.44,40.38,174.79,103.87,561.15,483.3,310.75,87.9
2025-05-08,40.81,114.18,117.0,48.06,21.78,11.96,30.73,28.66,16.97,11.41,136.0,257.51,126.57,40.05,173.39,103.06,565.06,488.29,304.63,86.92
2025-05-09,41.22,115.31,118.84,48.44,22.12,12.18,31.71,29.47,17.16,11.53,136.11,257.81,126.56,40.12,173.52,103.21,564.34,487.97,306.84,87.05
2025-05-12,42.29,118.17,123.27,48.97,22.78,12.35,33.03,31.02,18.04,11.86,140.3,266.18,128.12,39.88,172.34,102.29,582.99,507.85,298.19,86.24
2025-05-13,42.88,119.94,127.35,49.94,23.49,12.81,34.72,32.27,18.57,11.97,141.28,268.07,128.67,39.83,172.03,101.94,586.84,515.59,299.46,85.89
2025-05-14,42.63,119.24,126.73,48.88,23.33,12.93,35.26,32.53,18.56,11.96,140.6,266.9,128.26,39.65,171.33,101.55,587.59,518.68,293.16,85.32
2025-05-15,42.81,119.59,125.57,49.19,23.05,13.0,35.66,32.58,18.42,11.95,142.16,269.59,130.62,40.49,175.11,103.81,590.46,519.25,297.84,86.07
2025-05-16,42.74,119.32,125.45,49.14,23.0,12.96,35.14,32.73,18.49,11.97,143.78,272.36,131.56,41.09,177.57,105.24,594.2,521.51,294.24,86.3
2025-05-19,42.19,117.85,124.16,48.8,22.69,12.83,34.27,32.1,18.02,11.89,144.27,272.94,132.26,41.26,178.39,105.74,594.85,522.01,298.03,86.05
2025-05-20,41.79,116.78,123.51,48.92,22.64,12.99,34.48,32.38,17.96,11.94,143.75,272.06,132.38,41.38,178.82,106.11,592.85,520.27,303.58,85.43
2025-05-21,41.03,114.63,120.8,48.28,22.27,12.78,33.97,31.37,17.34,11.82,141.32,266.92,130.21,40.63,175.48,104.31,582.86,513.04,305.82,83.97
2025-05-22,40.87,114.19,120.73,48.06,22.18,12.46,31.44,30.48,17.32,11.62,141.29,266.69,129.99,40.05,173.06,102.94,583.09,514.0,303.11,84.41
2025-05-23,40.99,114.62,120.84,48.33,22.25,12.55,31.73,30.43,17.51,11.67,140.83,265.86,129.6,40.53,175.1,104.19,579.11,509.24,309.75,84.55
2025-05-27,41.35,115.74,122.75,48.8,22.58,12.61,31.93,31.02,18.12,11.8,143.31,271.12,132.6,40.83,176.67,105.05,591.15,521.22,304.5,85.73
2025-05-28,40.83,114.37,120.64,48.42,22.31,12.56,31.68,30.82,18.47,11.73,142.6,269.56,132.12,40.26,174.0,103.63,587.73,518.91,303.81,85.36
2025-05-29,41.13,115.09,121.18,48.04,22.33,12.61,31.93,30.5,18.1,11.74,142.73,269.83,132.51,40.54,175.38,104.32,590.05,519.93,305.61,86.15
2025-05-30,40.76,114.21,119.55,47.77,22.02,12.67,32.35,30.21,17.85,11.72,142.82,269.39,133.43,40.96,176.96,105.34,589.39,519.11,303.6,86.28
2025-06-02,41.3,115.62,121.12,47.97,22.48,12.59,31.82,29.8,17.52,11.71,142.64,268.93,133.72,41.09,177.52,105.71,592.71,523.21,311.67,85.16
2025-06-03,41.79,117.22,123.64,48.7,22.95,12.8,33.09,31.04,18.23,11.89,143.74,272.02,134.88,41.2,177.89,105.88,596.09,527.3,308.91,85.01
2025-06-04,40.97,115.04,120.61,47.95,22.51,12.81,33.12,31.18,18.39,11.99,143.82,272.16,135.3,40.48,174.94,104.2,595.93,528.77,310.9,86.39
2025-06-05,40.94,114.92,120.31,48.21,22.44,12.85,33.33,30.75,18.21,11.94,143.72,272.04,135.0,40.42,174.67,104.04,593.05,524.79,309.33,86.45
2025-06-06,41.71,117.13,123.23,48.75,23.01,12.95,33.59,31.3,18.7,12.08,144.93,274.48,136.26,40.6,175.3,104.35,599.14,529.92,305.18,85.35
2025-06-09,41.78,117.34,124.27,48.35,23.16,12.96,33.78,32.1,19.42,12.19,144.8,274.41,136.79,40.33,174.43,103.63,599.68,530.7,306.62,85.44
2025-06-10,42.53,119.27,126.1,48.7,23.46,13.13,34.32,32.78,19.78,12.28,144.17,273.54,135.08,40.43,174.94,103.87,603.08,534.21,306.71,85.88
2025-06-11,43.15,121.12,128.5,48.93,23.87,13.24,34.54,32.63,19.78,12.4,144.24,273.43,135.68,40.46,175.21,103.91,601.36,532.41,308.37,86.14
2025-06-12,43.29,121.58,129.33,49.24,24.1,13.25,34.23,32.47,19.62,12.39,143.86,272.86,135.87,40.94,177.19,105.19,603.75,533.66,312.2,87.17
2025-06-13,44.05,123.76,132.78,49.13,24.81,13.3,34.97,32.37,19.54,12.23,142.65,270.28,136.67,40.71,176.05,104.57,597.0,526.96,316.29,86.33
2025-06-16,43.92,123.47,133.1,48.82,24.64,13.31,35.38,33.16,20.22,12.49,143.63,272.29,135.88,40.51,175.21,103.47,602.68,534.29,311.78,85.46
2025-06-17,44.33,124.63,134.83,48.59,24.87,12.73,32.14,31.52,19.23,12.15,142.55,270.15,136.09,40.17,173.94,102.73,597.53,529.08,311.94,86.5
2025-06-18,44.04,123.88,133.86,48.73,24.78,12.7,32.49,31.91,19.52,12.16,142.21,269.89,134.96,40.28,174.46,102.95,597.44,528.99,310.26,86.65
2025-06-20,44.49,124.93,134.55,48.74,24.93,12.63,32.05,31.65,19.18,12.08,142.37,270.02,135.54,40.39,174.74,103.07,594.28,526.83,310.13,86.49
2025-06-23,43.01,121.64,128.96,48.57,24.01,12.7,32.06,31.93,19.0,12.0,143.86,273.52,136.83,40.62,177.0,104.36,600.15,531.65,311.08,86.77
2025-06-24,42.46,120.31,128.04,48.65,23.77,12.96,33.41,32.54,19.52,12.33,145.06,276.37,136.46,40.79,177.69,104.79,606.78,539.78,306.19,87.4
2025-06-25,42.27,119.64,126.14,48.03,23.34,12.9,33.47,32.36,19.39,12.32,143.78,273.79,136.8,40.25,175.29,103.27,607.12,541.16,307.12,87.51
2025-06-26,42.88,120.38,127.78,48.82,23.47,13.11,34.31,33.06,20.15,12.59,145.34,276.32,138.87,40.58,175.45,104.03,611.87,546.22,306.78,87.95
2025-06-27,42.65,119.79,127.2,48.94,23.39,13.02,34.14,32.61,19.75,12.58,146.79,278.91,140.56,40.67,175.86,104.16,614.91,548.09,301.22,87.39
2025-06-30,42.4,119.12,125.8,48.86,23.11,13.11,34.26,32.69,19.92,12.6,147.52,280.07,141.69,40.83,176.51,104.57,617.85,551.64,304.83,88.25
2025-07-01,42.73,119.94,126.88,48.39,23.2,13.22,35.24,32.78,20.09,12.7,148.01,281.16,139.82,40.97,177.0,104.83,617.65,546.99,307.55,88.14
2025-07-02,43.47,121.98,129.28,48.94,23.54,13.43,37.04,33.65,20.92,12.99,148.16,282.14,140.23,40.62,175.62,103.84,620.45,550.8,309.25,87.58
2025-07-03,43.51,122.22,129.17,49.1,23.43,13.83,38.73,34.62,21.62,13.25,149.42,284.47,141.76,40.92,176.97,104.71,625.34,556.22,307.14,86.97
2025-07-07,43.1,120.96,127.75,48.57,23.15,13.58,38.55,33.86,21.29,12.94,148.9,283.25,142.3,41.01,177.17,104.81,620.68,552.03,307.37,86.14
2025-07-08,44.26,124.11,131.81,48.82,23.95,13.47,38.08,34.04,21.7,13.03,148.86,283.3,141.41,40.57,175.42,103.7,620.34,552.34,304.16,86.03
2025-07-09,44.03,123.41,130.71,48.7,23.63,13.6,38.58,34.53,22.04,13.26,149.9,285.43,142.7,40.95,177.01,104.61,624.06,556.25,305.52,86.93
2025-07-10,44.37,124.42,132.29,48.71,23.76,13.55,38.92,35.19,22.5,13.3,150.74,286.85,142.32,41.28,178.26,105.4,625.82,555.45,306.2,86.99
2025-07-11,44.56,125.09,133.07,48.82,23.95,13.37,38.1,34.66,22.11,13.2,150.2,285.74,142.8,41.22,178.04,105.29,623.62,554.2,309.14,85.79
2025-07-14,44.08,123.8,131.68,48.99,23.85,13.39,38.3,34.71,22.44,13.2,151.01,287.21,145.19,41.39,178.95,105.77,624.81,556.21,308.01,85.61
2025-07-15,43.44,121.91,128.84,48.72,23.23,13.5,38.32,35.1,22.75,13.19,149.88,284.54,144.46,40.99,177.11,104.74,622.14,556.72,306.73,85.01
2025-07-16,43.06,120.76,126.74,48.66,22.99,13.46,37.87,34.9,22.77,13.18,150.41,285.87,145.14,41.01,177.29,104.81,624.22,557.29,308.26,85.13
2025-07-17,43.33,121.63,129.22,48.61,23.42,13.44,37.97,35.83,23.63,13.43,151.8,289.04,146.81,41.19,177.92,105.21,628.04,561.8,307.59,85.11
2025-07-18,42.98,120.89,129.41,49.11,23.48,13.58,37.99,36.47,24.19,13.56,151.46,288.33,146.54,41.88,181.1,106.97,627.58,561.26,308.39,85.24
2025-07-21,42.53,119.25,126.17,48.4,22.71,13.74,38.36,36.43,23.98,13.69,150.66,286.69,145.57,42.01,181.59,107.14,628.77,564.17,313.13,86.0
2025-07-22,42.74,119.96,127.57,48.64,23.11,13.98,40.12,37.36,24.81,13.92,151.02,287.31,144.02,42.53,183.76,108.47,628.86,561.25,316.1,86.52
2025-07-23,43.4,121.92,128.46,48.68,23.31,13.94,39.27,36.95,24.62,13.96,153.73,292.43,146.85,42.21,182.52,107.85,634.21,563.81,312.18,86.04
2025-07-24,43.72,122.83,128.79,49.11,23.58,13.92,39.13,36.61,24.65,13.99,153.47,292.14,146.38,42.15,182.23,107.8,634.42,565.01,310.27,85.89
2025-07-25,43.55,122.23,128.02,49.09,23.44,13.97,39.11,37.03,24.77,14.0,154.99,295.5,147.37,42.26,182.66,108.07,637.1,566.37,307.4,86.43
2025-07-28,44.04,123.75,130.93,49.1,23.96,13.8,38.68,36.98,24.3,13.87,154.51,294.61,147.19,41.81,180.89,106.98,636.94,568.14,305.41,85.87
2025-07-29,44.47,124.87,131.78,49.77,24.2,13.73,38.42,36.15,23.28,13.62,152.75,291.77,146.26,42.29,182.78,108.39,635.26,567.26,306.25,87.32
2025-07-30,43.84,123.16,129.7,49.8,23.93,13.55,37.56,35.88,22.89,13.45,152.0,290.69,147.02,42.6,184.1,108.87,634.46,568.02,300.96,86.87
2025-07-31,43.6,122.45,128.15,50.07,23.69,13.41,36.8,35.29,22.77,13.36,152.01,289.98,146.0,42.83,185.24,109.27,632.08,565.01,302.96,86.92
2025-08-01,42.79,120.13,123.7,49.45,22.92,13.53,36.46,34.98,22.23,13.26,149.74,285.4,145.1,42.9,185.3,109.3,621.72,553.88,309.11,87.82
2025-08-04,42.7,119.94,124.09,49.81,22.9,13.57,36.69,34.78,22.9,13.41,151.12,288.41,146.94,43.66,188.61,111.17,631.17,564.1,310.91,88.06
2025-08-05,42.76,120.24,125.04,49.26,23.04,13.59,36.46,34.82,23.24,13.45,150.81,288.36,147.22,43.19,186.74,110.03,627.97,560.27,311.16,88.33
2025-08-06,42.36,119.19,123.71,49.29,22.88,13.6,36.07,34.31,22.8,13.46,150.93,288.2,147.37,42.81,185.22,109.21,632.78,567.32,310.5,87.82
2025-08-07,42.19,118.67,122.54,48.91,22.71,13.71,36.48,34.75,23.34,13.59,150.71,287.85,147.27,43.28,187.03,110.34,632.25,569.24,313.12,87.67
2025-08-08,42.47,119.28,122.99,49.09,22.83,13.69,36.75,35.19,23.37,13.61,150.83,287.76,146.69,43.09,186.28,109.91,637.18,574.55,313.05,87.29
2025-08-11,42.13,118.37,121.81,48.61,22.61,13.53,36.6,35.22,23.73,13.63,150.34,286.92,146.36,42.96,185.75,109.7,635.92,572.85,308.55,87.39
2025-08-12,42.33,119.09,123.27,48.94,22.85,13.77,36.88,36.11,24.18,13.78,151.9,290.99,147.75,43.14,186.61,109.97,642.69,580.05,308.27,86.95
2025-08-13,42.82,120.36,124.93,48.43,23.09,13.8,37.25,36.83,24.63,13.85,152.48,292.48,147.94,43.24,187.07,110.1,644.89,580.34,309.21,87.67
2025-08-14,42.78,120.23,125.15,48.06,23.08,13.66,36.62,36.37,24.26,13.75,151.13,289.57,146.93,42.94,185.79,109.33,644.95,579.89,307.25,87.02
2025-08-15,42.78,120.07,124.52,48.06,22.95,14.1,39.84,36.98,24.85,14.03,150.44,288.11,146.23,42.81,185.22,109.01,643.44,577.34,307.43,86.4
2025-08-18,42.53,119.45,123.48,48.03,22.67,14.49,41.69,37.81,25.11,14.21,151.03,289.48,146.82,42.63,184.33,108.59,643.3,577.11,306.95,86.15
2025-08-19,42.54,119.29,122.92,47.95,22.47,14.33,41.0,37.07,24.47,14.07,151.36,289.65,144.8,43.04,186.1,109.69,639.81,569.28,305.27,86.65
2025-08-20,42.9,120.35,124.11,48.06,22.63,14.39,41.03,36.67,24.23,13.95,151.22,288.81,145.27,43.08,186.24,109.75,638.11,565.9,308.36,86.84
2025-08-21,43.19,121.23,124.36,48.13,22.82,14.18,39.62,36.27,24.14,13.85,150.68,287.85,145.53,42.79,185.05,109.07,635.55,563.28,307.29,86.41
2025-08-22,44.07,123.78,128.62,48.27,23.44,14.67,41.89,38.05,25.5,14.36,153.14,293.6,146.69,43.02,186.15,109.6,645.31,571.97,310.58,87.05
2025-08-25,44.19,124.17,129.96,48.0,23.65,14.39,41.67,38.06,25.46,14.22,151.61,290.94,146.3,42.53,184.11,108.27,642.47,570.32,309.83,86.8
2025-08-26,44.12,123.96,129.54,48.08,23.53,14.39,41.81,38.16,25.83,14.27,153.17,293.7,149.2,42.63,184.48,108.63,645.16,572.61,312.08,86.75
2025-08-27,44.61,125.35,131.4,48.2,23.78,14.34,40.96,38.2,25.45,14.2,153.15,293.74,148.89,42.64,184.8,108.81,646.63,573.49,312.71,86.65
2025-08-28,44.95,126.31,132.78,48.5,24.09,14.52,41.46,38.57,25.67,14.39,153.42,294.17,149.34,42.31,183.52,107.97,648.92,577.08,315.03,87.22
2025-08-29,45.19,126.89,133.01,48.7,24.07,14.39,41.55,37.91,25.28,14.27,152.01,291.31,147.97,42.16,182.69,107.73,645.05,570.4,318.07,86.6
2025-09-02,45.26,127.17,134.57,48.41,24.38,14.16,40.98,37.2,24.9,13.88,150.56,288.9,147.87,42.02,182.07,107.27,640.27,565.62,325.59,85.63
2025-09-03,44.24,124.48,130.84,48.18,23.6,14.2,41.57,37.32,24.77,13.91,149.8,287.42,146.53,41.92,181.74,107.05,643.74,570.07,328.14,86.57
2025-09-04,44.54,125.36,132.25,48.13,23.84,14.33,42.02,37.46,24.87,14.01,151.49,290.68,147.25,41.87,181.48,106.95,649.12,575.23,326.69,87.23
2025-09-05,43.68,123.02,129.64,47.76,23.31,14.68,44.04,38.26,25.52,14.34,150.93,290.16,147.45,41.74,181.07,106.48,647.24,576.06,331.05,88.56
2025-09-08,43.58,122.71,128.69,47.47,23.06,14.57,43.33,37.78,25.28,14.39,151.27,290.58,147.5,41.31,179.16,105.44,648.83,578.87,334.82,89.74
2025-09-09,43.79,123.32,129.03,47.64,22.98,14.39,41.97,37.25,24.7,14.18,150.25,288.08,146.77,41.6,180.42,106.12,650.33,580.51,334.06,89.23
2025-09-10,44.56,125.48,131.77,47.64,23.67,14.56,41.91,37.69,24.75,14.18,151.36,290.15,148.71,42.31,183.2,107.64,652.21,580.7,335.26,89.74
2025-09-11,44.56,125.46,131.37,47.79,23.57,14.69,41.86,38.43,25.31,14.32,152.8,293.45,149.69,42.53,184.29,108.25,657.63,584.08,334.76,90.34
2025-09-12,44.3,124.7,130.13,47.76,23.36,14.63,41.78,38.46,25.41,14.38,151.58,290.92,149.22,42.75,185.17,108.75,657.41,586.66,335.42,89.95
2025-09-15,44.15,124.33,129.34,47.6,23.15,14.81,42.35,39.09,26.14,14.54,152.28,292.21,150.19,42.85,185.75,108.8,660.91,591.68,338.91,90.16
2025-09-16,44.89,126.49,133.42,47.71,23.85,14.89,42.67,39.66,26.47,14.66,151.83,291.57,150.41,42.07,182.5,106.36,660.0,591.18,339.59,90.35
2025-09-17,44.99,126.7,133.33,47.74,23.77,15.06,42.86,40.38,27.08,14.74,151.14,290.14,149.42,42.17,183.08,106.68,659.18,590.0,336.97,90.12
2025-09-18,44.85,126.38,132.92,47.81,23.62,15.04,42.81,41.27,27.94,14.98,152.75,294.03,151.33,42.21,183.36,106.83,662.26,595.32,335.62,89.19
2025-09-19,44.26,124.63,130.1,46.92,22.99,15.17,43.17,41.56,28.39,14.95,153.12,294.25,151.48,42.47,184.91,107.49,663.7,599.35,339.18,89.02
2025-09-22,43.83,124.64,130.19,46.51,23.08,15.36,43.89,42.61,29.19,15.03,153.0,295.61,151.8,42.6,186.5,108.4,666.84,602.2,345.05,88.7
2025-09-23,44.59,126.89,133.24,46.7,23.56,15.19,42.37,41.88,28.46,14.96,153.04,295.14,152.72,42.82,187.51,108.93,663.21,598.2,346.46,89.32
2025-09-24,45.17,127.44,135.28,47.42,24.06,15.14,43.35,42.0,29.03,14.93,152.25,292.31,151.16,43.13,187.4,109.63,661.1,596.1,343.32,88.98
2025-09-25,45.58,128.51,136.09,47.4,23.98,15.16,43.71,41.94,29.42,14.98,151.22,290.34,150.72,42.71,185.61,108.65,658.05,593.53,344.75,88.98
2025-09-26,45.99,129.65,137.24,47.56,24.25,15.21,43.42,41.98,29.11,14.88,152.58,292.83,152.55,43.4,188.25,110.28,661.82,595.97,346.74,88.9
2025-09-29,45.15,127.2,133.5,46.98,23.67,15.41,43.82,42.11,28.94,14.91,153.05,293.63,152.63,43.53,188.91,110.63,663.68,598.73,352.46,89.63
2025-09-30,44.67,125.86,132.2,46.93,23.49,15.48,43.63,41.96,28.88,15.07,154.23,296.29,155.45,43.6,189.41,110.9,666.18,600.37,355.47,89.37
2025-10-01,44.67,126.05,134.49,46.88,23.93,15.88,45.08,43.21,30.54,15.43,153.8,295.87,155.73,44.03,190.89,111.71,668.45,603.25,356.03,89.29
2025-10-02,44.22,124.72,131.87,46.62,23.32,15.89,46.18,43.11,30.66,15.59,154.2,296.99,156.14,43.94,190.8,111.31,669.22,605.73,354.79,89.55
2025-10-03,44.46,125.57,133.19,46.64,23.64,15.98,45.98,43.36,31.71,15.88,154.41,297.66,156.26,44.46,192.83,112.54,669.21,603.18,357.64,89.38
2025-10-06,44.67,126.19,134.15,46.25,23.83,16.08,46.24,44.16,32.72,16.08,155.13,299.22,158.42,44.88,194.75,113.47,671.61,607.71,364.38,88.67
2025-10-07,44.74,126.42,133.73,46.47,23.88,15.89,45.68,43.11,32.25,15.94,154.25,297.28,158.2,45.09,195.5,113.96,669.12,604.51,366.26,89.18
2025-10-08,44.49,125.92,133.92,46.35,23.85,16.01,46.14,43.75,32.53,16.12,155.59,300.22,159.55,45.4,196.94,114.8,673.11,611.44,372.3,89.25
2025-10-09,43.88,124.07,131.0,45.64,23.31,16.14,47.54,43.96,32.77,16.14,153.29,295.93,156.71,45.28,196.45,114.41,671.16,610.7,365.43,89.18
2025-10-10,42.61,120.37,123.96,44.68,22.11,15.78,44.95,42.25,31.29,15.46,149.9,289.12,152.83,45.1,195.5,113.93,653.02,589.5,369.12,90.62
2025-10-13,43.19,122.33,127.21,45.45,22.64,16.37,46.32,45.6,33.68,16.19,151.46,293.01,155.19,45.44,197.28,114.69,663.04,602.01,378.09,90.57
2025-10-14,43.19,122.15,126.14,45.31,22.31,16.42,46.89,46.19,34.78,16.27,153.24,296.62,156.12,45.85,198.99,115.56,662.23,598.0,380.79,90.86
2025-10-15,43.16,122.24,125.93,45.86,22.45,16.87,48.93,47.32,35.92,16.64,152.6,295.68,153.98,46.45,201.45,116.84,665.17,602.22,387.39,90.66
2025-10-16,42.64,120.61,123.29,45.45,21.95,16.79,48.03,46.32,34.05,16.42,151.6,293.52,152.87,45.94,199.33,115.75,660.64,599.99,396.45,91.34
2025-10-17,42.99,121.36,123.57,45.63,21.95,16.53,46.56,45.53,32.85,16.28,151.73,293.07,152.36,45.78,198.69,115.4,664.39,603.93,388.99,91.2
2025-10-20,43.44,122.71,125.27,46.35,22.28,16.6,47.24,46.39,34.05,16.45,153.52,296.98,155.01,45.77,198.78,115.4,671.3,611.54,403.15,91.55
2025-10-21,43.35,122.31,124.34,46.25,22.15,16.34,46.81,45.51,32.94,16.21,154.88,299.25,156.6,45.31,196.44,114.25,671.29,611.38,377.24,92.0
2025-10-22,43.9,123.77,124.9,46.61,22.17,16.12,45.95,44.13,31.71,15.93,152.87,294.74,154.34,45.2,195.67,114.06,667.8,605.49,377.28,92.06
2025-10-23,44.49,125.73,129.66,46.93,22.82,16.34,46.53,45.03,32.31,16.13,154.78,299.2,158.28,45.17,195.65,113.94,671.76,610.58,378.79,91.43
2025-10-24,44.03,124.6,128.46,46.74,22.59,16.7,48.1,46.16,33.51,16.55,154.91,300.38,158.9,45.69,198.11,115.18,677.25,617.1,377.52,91.47
2025-10-27,44.14,124.83,128.35,46.91,22.55,16.75,48.91,46.17,33.12,16.57,155.79,301.69,159.53,45.82,198.63,115.35,685.24,628.09,367.01,91.78
2025-10-28,43.68,123.65,125.83,46.95,22.1,16.89,48.45,45.98,32.59,16.68,154.68,299.66,159.01,45.06,195.43,113.35,687.06,632.92,364.38,92.02
2025-10-29,44.01,124.63,126.36,46.67,22.14,17.32,48.6,46.67,33.15,16.78,155.08,300.73,158.61,45.05,195.37,112.93,687.39,635.77,363.0,91.09
2025-10-30,43.74,123.86,125.86,46.91,22.07,17.03,47.73,45.4,32.36,16.55,154.69,299.3,157.14,44.86,194.31,112.62,679.83,626.05,370.13,90.56
2025-10-31,44.06,124.54,126.82,46.64,22.41,17.3,49.12,46.52,33.51,16.66,155.06,300.39,157.87,44.55,193.06,111.83,682.06,629.07,368.12,90.29
2025-11-03,44.07,124.62,127.66,46.62,22.63,17.6,49.14,46.54,32.87,16.76,154.4,299.13,157.76,44.58,193.29,111.78,683.34,632.08,368.78,89.74
2025-11-04,43.6,123.17,125.93,46.55,22.45,17.17,47.93,44.5,31.17,16.29,152.61,294.95,155.42,44.42,192.46,111.55,675.24,619.25,362.32,89.94
2025-11-05,43.71,123.34,124.74,46.97,22.33,18.1,51.28,47.23,32.95,16.9,153.2,296.83,153.99,44.42,192.73,111.6,677.58,623.28,366.51,88.96
2025-11-06,44.13,124.25,126.84,47.04,22.63,17.77,50.24,45.84,31.49,16.74,152.59,294.35,152.57,44.23,191.85,111.15,670.31,611.67,366.07,89.76
2025-11-07,44.77,126.16,129.48,47.2,23.17,17.66,50.39,45.72,31.9,16.73,153.33,295.88,153.34,44.85,194.47,112.53,670.97,609.74,368.31,89.57
2025-11-10,45.17,127.37,131.41,47.35,23.45,18.01,52.86,47.15,33.25,17.19,154.2,298.04,154.87,44.83,194.39,112.49,681.44,623.23,378.38,89.55
2025-11-11,45.76,129.0,134.13,47.47,24.08,17.76,51.85,46.54,32.69,17.01,154.24,297.53,154.81,44.85,194.43,112.62,683.0,621.57,379.87,89.96
2025-11-12,45.13,127.19,132.05,46.22,23.82,17.66,50.57,46.09,31.89,16.9,154.39,297.7,154.19,44.96,194.88,112.79,683.38,621.08,385.99,90.12
2025-11-13,45.24,127.28,131.92,46.25,23.86,16.87,48.48,43.49,30.18,16.46,152.0,291.91,150.5,44.34,192.27,111.44,672.04,608.4,382.87,89.38
2025-11-14,46.01,129.34,134.01,46.95,24.13,17.02,49.51,43.37,30.52,16.36,152.01,292.17,150.85,44.38,192.35,111.7,671.93,608.86,375.96,88.87
2025-11-17,45.17,127.05,131.44,46.58,23.74,16.8,48.76,42.58,29.79,16.21,150.52,288.28,149.59,44.78,193.82,112.56,665.67,603.66,371.65,89.09
2025-11-18,45.53,128.15,133.49,46.79,24.08,16.6,48.22,42.64,29.9,15.96,149.85,287.22,149.01,44.61,193.08,112.34,660.08,596.31,374.35,89.06
2025-11-19,44.94,126.63,131.88,46.81,23.92,16.56,47.62,42.84,29.84,15.86,150.35,288.48,148.95,44.24,191.76,111.75,662.63,599.87,374.96,88.88
2025-11-20,44.43,125.06,128.56,46.79,23.55,16.08,45.66,41.1,28.29,15.35,147.83,283.32,146.12,44.01,190.7,111.24,652.53,585.67,374.85,89.23
2025-11-21,44.71,125.79,129.74,47.0,23.66,16.07,45.94,41.61,28.72,15.36,149.63,287.32,146.28,44.08,190.96,111.43,659.03,590.07,374.27,89.5
2025-11-24,44.58,125.67,130.83,46.93,23.88,16.29,46.46,42.68,29.48,15.41,150.0,288.84,147.62,44.58,193.19,112.4,668.73,605.16,380.2,90.01
2025-11-25,44.31,125.06,130.22,47.15,23.7,16.43,47.08,43.36,30.08,15.64,151.92,293.23,149.33,44.4,192.57,112.15,675.02,608.89,380.08,90.24
2025-11-26,44.64,125.97,131.68,47.39,24.09,16.8,47.9,44.45,30.97,15.88,152.8,295.11,150.15,44.99,194.98,113.56,679.68,614.27,383.12,90.64
2025-11-28,45.22,127.67,134.02,47.66,24.6,16.99,48.91,45.42,31.65,16.19,153.69,296.95,151.31,45.31,196.45,114.31,683.39,619.25,387.88,90.21
2025-12-01,45.66,128.77,135.08,47.71,24.74,16.55,47.64,44.25,30.9,15.94,151.44,292.86,147.55,44.26,191.98,111.81,680.27,617.17,389.75,88.77
2025-12-02,45.07,127.21,133.05,47.19,24.29,16.72,47.63,44.62,31.06,15.95,152.76,294.81,149.13,43.94,190.5,111.05,681.53,622.0,387.24,88.81
2025-12-03,45.92,129.85,136.48,47.6,25.06,16.64,47.38,45.27,31.02,16.02,154.21,297.64,149.84,43.8,189.92,110.72,683.89,623.52,386.88,89.06
2025-12-04,46.11,130.41,136.48,48.08,25.12,16.97,48.04,46.3,32.32,16.16,155.01,299.84,151.85,43.71,189.73,110.48,684.39,622.94,387.13,88.58
2025-12-05,45.92,129.79,136.69,47.98,25.22,16.87,47.69,46.36,32.11,16.17,154.58,299.15,150.7,43.3,187.79,109.54,685.69,625.48,386.44,88.17
2025-12-08,45.42,128.35,134.13,47.65,24.76,16.7,47.59,45.92,32.14,16.21,154.39,298.49,152.0,42.72,185.63,108.14,683.63,624.28,385.42,87.88
2025-12-09,45.7,129.16,134.55,47.42,24.73,16.68,47.47,45.81,32.48,16.14,153.26,296.02,150.85,42.75,185.64,108.09,683.04,625.05,387.4,87.97
2025-12-10,46.18,130.26,135.22,47.4,24.87,16.74,48.78,46.0,32.45,16.38,156.06,301.87,152.37,42.73,185.46,108.03,687.57,627.61,389.05,88.31
2025-12-11,45.96,129.72,133.01,47.33,24.41,17.04,49.24,46.62,33.16,16.45,157.73,305.47,154.63,43.04,187.04,108.94,689.17,625.58,393.24,88.19
2025-12-12,45.51,128.3,131.73,47.41,24.08,16.6,47.84,45.33,31.68,16.2,156.74,302.2,154.1,42.83,186.01,108.59,681.76,613.62,395.44,87.34
2025-12-15,45.19,127.27,129.88,47.53,23.73,16.58,47.57,44.85,30.81,16.21,156.99,302.37,154.31,43.22,187.52,109.54,680.73,610.54,395.8,87.4
2025-12-16,43.81,123.43,124.96,46.8,22.91,16.29,47.79,44.59,30.72,16.1,156.06,300.65,153.17,43.04,186.9,108.52,678.87,611.75,395.89,87.88
2025-12-17,44.78,124.88,127.9,47.07,23.55,16.0,47.25,43.36,29.84,15.79,153.53,294.76,151.38,42.76,184.06,107.77,671.4,600.41,399.29,87.8
2025-12-18,44.13,123.11,125.09,46.82,22.88,16.18,48.33,44.97,30.93,15.95,154.53,297.0,152.72,43.18,185.98,108.76,676.47,609.11,398.57,88.22
2025-12-19,44.13,123.39,125.56,46.7,23.02,16.44,48.99,46.26,31.71,16.18,155.86,299.75,156.24,42.63,183.5,107.4,680.59,617.05,399.02,87.55
2025-12-22,44.21,124.61,125.25,46.96,23.22,16.65,51.4,47.13,32.51,16.3,157.05,303.56,159.62,42.47,184.46,107.96,684.83,619.21,408.23,87.36
2025-12-23,44.5,125.4,126.48,47.19,23.41,16.54,50.4,46.5,32.09,16.28,156.99,303.25,159.83,42.62,184.84,108.25,687.96,622.11,413.64,87.5
2025-12-24,44.37,124.97,125.92,47.18,23.27,16.58,50.86,46.65,32.22,16.39,157.5,304.05,160.1,42.81,185.74,108.81,690.38,623.93,411.93,88.03
2025-12-26,44.2,124.51,124.96,46.98,23.14,16.62,50.83,46.37,32.06,16.39,157.21,303.51,158.94,42.78,185.51,108.68,690.31,623.89,416.74,87.74
2025-12-29,44.62,125.67,126.46,46.98,23.36,16.52,50.13,45.58,31.35,16.28,156.87,302.38,158.51,42.86,185.84,108.92,687.85,620.87,398.6,88.07
2025-12-30,44.96,126.62,127.43,47.2,23.61,16.45,49.53,44.9,31.07,16.25,156.42,301.28,157.93,42.96,186.21,109.1,687.01,619.43,398.89,87.86
2025-12-31,44.71,125.92,126.26,47.02,23.41,16.43,49.12,44.59,30.54,16.08,155.12,298.38,156.63,42.69,185.04,108.36,681.92,614.31,396.31,87.16
2026-01-02,45.65,128.66,128.96,47.43,23.83,17.1,51.6,46.48,32.36,16.64,157.98,304.5,161.15,43.18,187.22,109.52,683.17,613.12,398.28,87.03
2026-01-05,46.89,131.63,127.5,47.47,23.27,17.13,51.12,47.43,33.18,16.65,159.85,309.17,165.32,42.7,185.45,108.41,687.72,617.99,408.76,87.46
2026-01-06,45.64,128.43,125.54,46.72,22.95,17.2,51.51,48.14,33.62,16.77,162.02,313.34,168.23,42.91,186.42,108.86,691.81,623.42,413.18,87.28
2026-01-07,45.13,127.1,123.96,47.0,22.65,16.98,50.47,47.65,33.14,16.72,158.97,307.8,165.06,41.87,182.18,106.3,689.58,624.02,409.23,87.79
2026-01-08,46.55,130.87,128.46,47.56,23.24,17.12,50.4,47.7,33.23,16.66,160.17,310.39,167.21,41.99,182.68,106.66,689.51,620.47,411.49,87.35
2026-01-09,46.67,131.2,127.41,48.03,23.1,17.32,50.3,48.46,33.42,16.81,161.93,314.57,171.69,42.51,184.95,107.99,694.07,626.65,414.47,87.93
2026-01-12,46.34,130.48,127.54,48.41,23.2,17.56,52.14,49.12,34.53,17.12,163.17,317.04,174.59,42.58,185.21,108.07,695.16,627.17,422.23,87.67
2026-01-13,47.0,132.42,129.75,49.03,23.66,17.55,52.19,49.51,34.78,17.18,164.01,318.12,175.31,42.85,186.37,108.72,693.77,626.24,421.63,87.82
2026-01-14,48.06,135.35,131.94,49.12,23.96,17.36,51.49,49.08,34.95,17.32,164.27,318.87,176.98,43.17,187.64,109.47,690.36,619.55,425.94,88.33
2026-01-15,47.61,134.23,130.28,49.1,23.62,17.51,51.97,49.34,34.87,17.32,165.78,322.51,178.91,43.61,189.71,110.72,692.24,621.78,423.33,88.31
2026-01-16,47.69,134.62,130.29,49.32,23.62,17.7,51.88,49.57,35.31,17.44,166.9,324.45,180.82,43.39,188.76,110.09,691.66,621.26,421.29,87.8
2026-01-20,47.6,134.2,129.76,48.97,23.63,17.53,51.49,49.1,34.61,17.27,163.53,317.81,176.77,42.96,186.71,108.99,677.58,608.06,437.23,86.65
2026-01-21,48.75,137.68,134.63,49.04,24.4,17.74,52.25,50.15,35.12,17.58,166.36,323.34,178.48,43.02,187.21,109.45,685.4,616.28,443.6,87.31
2026-01-22,48.91,137.98,134.53,49.18,24.35,18.11,54.02,51.06,36.22,18.02,165.5,322.65,177.46,42.71,186.01,108.88,688.98,620.76,451.79,87.69
2026-01-23,49.19,138.69,135.22,49.25,24.5,18.27,55.23,50.52,35.91,18.13,164.22,319.86,176.88,42.56,185.14,108.5,689.23,622.72,458.0,87.93
2026-01-26,49.22,138.69,134.79,49.33,24.59,18.2,55.11,49.77,34.97,18.05,164.38,319.73,175.27,42.87,186.35,109.26,692.73,625.46,464.7,88.35
2026-01-27,49.67,140.15,135.4,49.78,24.87,18.58,56.06,50.54,35.8,18.26,165.06,321.11,178.05,43.43,188.64,110.5,695.49,631.13,476.1,87.8
2026-01-28,50.05,141.06,137.1,50.04,25.13,19.03,57.36,51.86,36.13,18.3,164.14,319.76,175.74,43.33,188.28,110.31,695.42,633.22,494.56,87.6
2026-01-29,50.51,142.64,138.97,50.35,25.47,18.51,55.75,50.71,35.54,18.14,165.86,322.09,175.68,43.33,188.34,110.0,694.04,629.43,495.9,87.62
2026-01-30,51.05,143.79,140.24,50.03,25.61,18.15,53.85,49.26,33.74,17.59,165.44,320.22,174.58,43.25,187.99,109.81,691.97,621.87,444.95,87.13
2026-02-02,50.05,141.13,135.76,49.59,24.75,18.23,53.69,49.43,33.69,17.45,167.53,324.4,173.73,42.62,185.22,108.38,695.41,626.14,427.13,86.55
2026-02-03,51.67,145.49,139.78,50.34,25.33,18.76,55.59,50.54,34.73,17.87,168.94,327.55,176.26,43.24,187.94,109.89,689.53,616.52,454.29,86.76
2026-02-04,52.83,148.4,143.81,50.62,25.99,18.74,58.1,49.56,33.76,17.96,169.39,327.6,171.26,43.08,186.96,109.42,686.19,605.75,453.97,86.54
2026-02-05,52.21,146.58,141.46,50.72,25.48,18.11,55.83,47.43,31.94,17.57,168.37,325.59,169.64,43.1,187.11,109.61,677.62,597.03,441.88,87.48
2026-02-06,53.25,149.89,146.41,50.68,26.18,18.61,57.74,49.68,34.24,18.02,173.18,335.64,175.26,43.35,188.11,110.24,690.62,609.65,455.46,87.54
2026-02-09,53.64,151.26,146.49,50.95,26.22,19.04,58.72,50.59,34.82,18.19,173.7,337.12,176.87,43.48,188.7,110.72,693.95,614.32,467.03,87.52
2026-02-10,53.58,150.82,145.62,51.21,26.03,18.85,58.59,50.52,34.44,18.12,173.91,337.23,175.5,44.2,191.63,112.4,692.12,611.47,462.4,88.53
2026-02-11,54.98,154.69,149.06,50.49,26.68,19.04,58.38,51.17,34.51,18.29,174.84,339.28,173.13,44.59,193.23,113.36,691.96,613.11,467.63,88.06
2026-02-12,53.98,151.59,144.63,50.27,26.03,18.38,56.86,49.17,32.92,17.91,172.75,334.23,173.98,45.25,196.13,114.77,681.27,600.64,451.39,89.23
2026-02-13,54.35,152.95,147.89,51.31,26.59,18.42,57.92,50.54,33.48,18.11,174.17,337.03,176.1,46.5,201.32,117.77,681.75,601.92,462.62,89.72
2026-02-17,53.75,151.14,145.4,51.39,26.18,18.73,59.87,50.71,33.43,18.22,175.08,338.64,177.37,46.38,200.87,117.41,682.85,601.3,448.2,89.87
2026-02-18,54.78,154.11,148.05,51.56,26.83,19.03,60.43,51.12,33.54,18.34,175.04,339.23,178.67,45.61,197.39,115.57,686.29,605.79,458.28,89.53
2026-02-19,55.18,155.41,151.36,51.51,27.38,18.81,58.52,50.4,33.56,18.21,176.34,341.5,181.2,46.11,199.51,116.75,684.48,603.47,459.56,89.62
2026-02-20,54.88,154.75,151.86,51.79,27.61,18.91,59.77,50.17,33.42,18.39,177.23,342.93,180.62,46.33,200.31,117.14,689.43,608.81,468.62,89.41
2026-02-23,55.15,155.18,149.49,51.71,27.18,18.98,60.09,50.36,33.33,18.34,174.83,337.98,178.95,46.68,201.69,117.86,682.39,601.41,481.28,89.74
2026-02-24,55.1,155.23,149.56,51.58,27.07,19.19,60.53,51.49,34.23,18.64,176.98,342.37,181.1,47.2,203.79,119.03,687.35,607.87,474.61,89.9
2026-02-25,54.87,154.61,148.39,51.33,26.91,19.09,59.31,51.71,34.26,18.82,175.6,340.12,179.12,47.36,204.55,119.44,693.15,616.68,473.42,89.91
2026-02-26,55.05,155.2,149.79,51.8,27.11,18.67,57.58,50.4,33.85,18.6,176.7,342.12,180.32,47.18,203.78,119.25,689.3,609.24,477.48,90.27
2026-02-27,55.92,157.59,153.72,52.04,27.93,18.22,55.0,48.41,32.41,18.36,177.14,341.85,181.07,47.73,205.87,120.7,685.99,607.29,483.75,90.82
2026-03-02,57.04,160.89,159.56,52.68,28.65,18.33,56.36,49.16,33.17,18.45,178.9,345.06,185.59,47.37,204.47,119.96,686.38,608.09,490.0,89.61
2026-03-03,56.52,159.38,158.99,52.52,28.57,17.72,54.47,47.35,31.69,17.52,175.44,337.94,182.14,47.07,203.22,119.25,680.33,601.58,468.14,89.43
2026-03-04,56.19,158.85,160.77,52.62,28.54,18.09,54.87,48.18,32.45,17.75,175.97,339.34,183.67,47.27,204.13,119.69,685.13,610.75,471.8,89.15
2026-03-05,56.48,159.56,163.82,52.66,28.92,17.79,54.09,47.07,31.6,17.32,172.06,331.63,179.5,46.9,202.48,118.88,681.31,608.91,466.13,88.79
2026-03-06,56.57,159.62,164.13,52.6,29.08,17.43,53.28,45.03,30.86,17.28,169.94,326.26,180.76,46.74,201.6,118.42,672.38,599.75,473.51,88.46
2026-03-09,56.32,159.08,161.82,52.29,29.09,17.96,54.1,46.75,31.8,17.53,170.94,329.04,181.05,46.85,202.12,118.71,678.27,607.76,472.53,89.23
2026-03-10,55.6,157.15,159.0,51.86,28.36,18.25,54.9,47.44,32.55,17.53,170.02,327.19,178.7,46.56,200.84,117.67,677.18,607.77,477.86,88.28
2026-03-11,56.98,160.91,164.69,52.41,29.11,18.51,55.73,48.06,33.04,17.81,169.49,326.65,177.99,46.17,199.3,116.85,676.33,607.69,476.24,87.14
2026-03-12,57.51,162.15,166.71,52.06,29.38,18.39,54.75,46.8,32.39,17.62,165.24,318.17,174.08,46.5,200.63,117.69,666.06,597.26,466.88,86.97
2026-03-13,57.7,162.78,167.89,52.21,29.71,18.38,55.38,46.48,32.21,17.48,164.65,316.59,173.23,46.96,202.59,118.72,662.29,593.72,460.84,86.54
2026-03-16,57.9,163.2,167.37,52.31,29.73,18.52,56.75,47.28,32.63,17.93,166.06,319.58,175.32,47.26,203.71,119.28,669.03,600.38,460.43,87.21
2026-03-17,58.51,165.13,170.08,52.66,30.08,18.76,57.74,48.1,32.75,18.12,166.5,321.22,176.16,47.13,203.11,118.39,670.79,603.31,459.27,87.45
2026-03-18,58.43,165.23,173.36,52.51,30.32,18.37,56.58,47.37,32.05,17.78,165.18,318.06,174.6,46.73,201.48,117.52,661.43,594.9,444.74,86.96
2026-03-19,59.36,167.89,175.04,53.06,30.95,18.75,56.95,47.88,32.22,17.86,164.06,316.74,172.79,46.54,200.77,117.08,659.8,593.02,426.41,87.49
2026-03-20,59.31,167.77,177.12,52.86,31.09,18.06,55.15,45.78,30.86,17.43,161.67,311.14,169.2,44.65,192.75,112.57,648.57,582.06,413.38,85.83
2026-03-23,59.63,169.43,174.87,53.11,30.9,18.18,54.99,46.57,31.64,17.82,163.05,315.46,169.51,44.78,194.78,113.42,655.38,588.0,404.04,86.39
2026-03-24,60.84,172.12,180.24,53.53,31.62,18.31,55.43,47.7,32.23,17.67,164.0,316.61,168.78,45.09,194.89,114.11,653.18,583.98,404.13,86.01
2026-03-25,60.57,171.44,181.62,53.37,31.95,18.81,56.99,48.34,32.77,18.06,165.1,319.37,171.36,45.25,195.48,114.49,656.82,587.82,416.29,86.84
2026-03-26,61.52,174.14,185.32,53.81,32.36,18.03,55.23,45.89,31.39,17.67,161.27,311.17,167.54,45.33,195.92,114.81,645.09,573.79,400.64,86.11
2026-03-27,62.56,176.95,188.18,53.48,32.74,17.85,54.52,45.54,31.09,17.49,159.2,307.21,164.38,45.59,196.88,115.34,634.09,562.58,414.7,85.64
2026-03-30,61.96,175.0,185.48,53.26,32.32,17.51,52.89,43.63,30.08,17.35,156.61,301.89,160.11,45.92,198.11,116.21,631.97,558.28,414.58,86.78
2026-03-31,61.26,173.04,181.83,52.64,31.69,18.29,55.71,46.47,31.58,17.93,161.73,312.22,165.7,45.89,198.14,116.11,650.34,577.18,430.29,86.69
2026-04-01,58.97,166.8,174.85,52.09,30.63,18.25,56.27,46.89,31.58,18.04,164.43,317.4,169.66,46.11,198.97,116.61,655.24,584.31,437.82,86.26
2026-04-02,59.25,168.06,177.72,52.37,31.16,18.05,54.85,46.51,31.76,18.01,163.77,316.36,169.68,46.34,200.14,117.48,655.83,584.98,429.41,86.79
2026-04-06,59.68,169.13,179.06,52.26,31.34,17.89,54.16,46.52,31.82,18.14,164.61,317.99,171.67,46.17,199.4,116.92,658.93,588.5,427.65,86.65
2026-04-07,60.16,170.54,180.34,52.73,31.66,17.85,53.47,46.26,31.18,17.89,164.28,317.42,170.46,46.27,199.98,117.27,659.22,588.59,431.81,86.64
2026-04-08,58.05,164.78,171.69,52.51,30.3,18.52,55.48,48.64,32.52,18.6,170.44,329.69,176.28,46.78,202.09,118.26,676.01,606.09,434.53,86.92
2026-04-09,57.33,162.73,167.76,52.36,29.93,18.64,54.72,49.1,32.58,18.69,172.19,332.89,175.67,47.15,203.63,119.13,679.91,610.19,437.91,86.7
2026-04-10,56.94,161.79,168.46,52.3,29.97,18.92,55.23,49.81,32.91,18.87,171.52,331.8,174.36,46.96,202.89,118.54,679.46,611.07,437.13,86.49
2026-04-13,57.11,162.31,168.69,52.06,29.96,18.97,54.9,50.55,33.43,19.14,172.73,334.94,176.85,46.39,200.25,117.26,686.1,617.39,435.36,86.75
2026-04-14,55.95,158.69,163.42,51.55,28.97,19.73,55.23,52.21,34.38,19.51,173.35,336.73,177.65,46.47,200.91,117.41,694.46,628.6,445.09,87.21
2026-04-15,55.76,158.45,164.26,51.33,29.01,19.53,55.32,52.16,34.94,19.51,171.18,332.64,176.53,46.02,199.25,116.31,699.94,637.4,440.46,86.83
2026-04-16,56.58,160.93,167.82,51.65,29.56,19.35,54.49,53.23,35.39,19.63,170.33,331.34,174.74,46.35,200.51,117.0,701.66,640.47,440.08,86.28
2026-04-17,55.02,156.07,159.69,51.11,28.46,19.4,55.13,53.73,35.8,19.83,173.51,337.72,176.59,46.16,199.7,116.57,710.14,648.85,445.93,87.07
2026-04-20,55.07,156.45,161.11,51.25,28.61,19.65,55.55,54.58,36.43,19.89,173.9,338.89,176.29,45.75,198.05,115.62,708.72,646.79,442.09,87.05
2026-04-21,55.87,158.69,165.0,51.46,29.15,19.4,54.68,54.89,36.17,19.7,171.44,334.65,171.29,44.95,194.44,113.57,704.08,644.33,429.57,86.57
2026-04-22,56.54,160.75,168.26,51.91,29.78,19.85,57.03,56.16,37.6,20.15,171.04,334.1,169.6,44.87,194.34,113.54,711.21,655.11,435.26,86.74
2026-04-23,56.98,162.04,169.56,52.16,30.11,20.14,58.6,57.1,37.24,20.02,174.07,338.9,168.67,46.09,199.69,116.72,708.45,651.42,431.04,86.55
2026-04-24,56.87,161.72,168.05,51.9,29.82,19.99,58.32,56.97,37.13,20.39,172.47,336.01,166.07,46.18,199.84,116.84,713.94,663.88,433.25,86.71
2026-04-27,56.77,161.89,169.48,52.02,30.02,20.18,58.69,57.22,37.36,20.38,172.51,336.15,165.81,46.19,200.11,116.67,715.17,664.23,429.89,86.28
2026-04-28,57.71,164.43,171.65,52.63,30.5,19.84,57.62,55.04,36.26,20.13,170.98,332.88,165.45,46.25,200.26,116.87,711.69,657.55,421.91,86.37
2026-04-29,59.03,168.13,177.72,53.13,31.31,20.33,56.12,56.72,36.53,20.37,169.93,330.82,163.53,45.68,197.6,115.53,711.58,661.57,417.41,85.7
2026-04-30,59.65,169.58,178.21,54.12,31.4,20.77,58.41,58.65,38.23,20.93,174.58,340.02,167.45,46.85,202.49,118.3,718.66,667.74,423.66,85.62
2026-05-01,58.85,167.52,176.67,53.62,31.02,20.95,59.27,59.19,38.7,21.0,172.96,337.52,165.58,46.55,201.12,117.41,720.65,674.15,423.18,85.61
2026-05-04,59.39,169.25,181.01,53.92,31.67,20.76,58.38,58.58,38.38,20.97,170.98,333.6,164.7,46.37,200.51,117.1,718.01,672.88,414.71,84.96
2026-05-05,59.45,169.23,180.59,53.9,31.39,21.29,60.71,59.69,39.61,21.54,172.41,337.38,164.03,46.37,200.54,116.96,723.77,681.61,418.27,85.43
2026-05-06,57.0,162.43,169.33,52.79,29.65,21.32,60.47,60.32,40.08,21.76,176.87,345.38,168.4,45.71,198.05,115.28,733.83,695.77,430.96,86.08
2026-05-07,55.95,159.31,166.06,53.36,29.2,20.71,59.76,58.59,39.37,21.47,174.0,339.77,166.67,45.12,195.44,113.92,731.58,694.94,431.68,85.65
2026-05-08,55.7,158.38,165.16,53.16,28.92,21.16,61.94,59.81,40.45,21.88,173.2,338.87,167.61,44.72,193.9,112.84,737.62,711.23,433.77,86.08
2026-05-11,57.17,162.46,168.66,53.44,29.58,21.73,63.05,62.13,41.95,22.12,175.04,341.95,169.44,45.14,195.62,113.77,739.3,713.29,434.65,85.56
2026-05-12,57.57,163.67,169.74,54.07,29.79,21.38,61.65,60.66,41.08,21.45,174.35,340.19,169.63,45.19,195.91,114.1,738.18,707.24,432.93,84.99
2026-05-13,57.63,163.61,168.34,53.17,29.79,21.88,63.81,62.64,42.02,21.76,173.62,339.04,169.5,44.67,193.52,112.75,742.31,714.71,430.5,84.8
2026-05-14,58.07,164.8,169.22,53.87,30.05,22.13,64.95,63.06,41.88,21.75,174.51,341.48,169.52,44.9,194.56,113.42,748.17,719.79,427.21,84.92
2026-05-15,59.44,168.38,174.13,54.05,30.8,21.79,64.96,61.18,41.34,21.23,171.4,334.48,164.59,43.87,190.2,111.08,739.17,708.93,417.29,83.66
2026-05-18,60.58,171.5,176.21,54.46,31.12,21.33,62.61,58.75,39.18,21.0,170.75,332.75,166.52,43.94,190.32,111.32,738.65,705.88,418.43,83.56
2026-05-19,61.29,173.25,178.56,54.84,31.49,20.99,60.97,57.33,37.98,20.38,168.74,328.47,165.05,44.34,192.06,112.26,733.73,701.53,411.5,83.02
2026-05-20,59.8,169.17,174.73,54.4,30.74,21.52,62.92,59.93,39.55,20.71,170.73,333.47,168.19,44.51,192.92,112.55,741.25,713.15,417.4,83.91
2026-05-21,59.13,167.28,170.65,54.18,30.19,22.18,64.86,62.1,41.56,21.33,170.53,333.32,167.93,45.0,194.93,113.59,742.72,714.51,416.99,84.22
2026-05-22,59.49,168.02,171.95,54.52,30.34,22.41,65.95,63.4,43.01,21.71,171.77,336.09,170.24,45.35,196.47,114.48,745.64,717.54,413.82,84.68
2026-05-26,57.85,163.72,166.1,53.33,29.22,22.93,68.96,66.45,44.66,22.41,174.3,341.95,174.04,45.33,196.65,114.41,750.59,730.28,414.0,85.1
2026-05-27,56.99,160.84,163.36,52.69,28.61,23.15,70.51,66.26,45.02,22.22,174.3,342.32,174.44,45.14,195.7,113.85,750.46,729.45,408.49,85.3
2026-05-28,56.95,160.72,164.96,52.44,28.8,23.4,71.93,66.96,45.88,22.44,173.8,341.94,178.07,44.63,193.55,112.61,754.6,735.6,412.77,85.74
2026-05-29,56.29,159.1,163.99,51.6,28.52,23.57,73.93,66.31,45.33,22.19,173.13,340.64,177.59,44.42,192.66,112.11,756.48,738.31,417.12,85.76
2026-06-01,57.3,161.83,167.87,52.19,29.32,23.04,71.13,65.55,45.34,22.36,172.4,338.33,173.6,43.1,187.11,109.08,758.54,742.74,411.26,85.47
2026-06-02,57.96,163.72,168.85,52.73,29.46,23.75,72.27,68.47,46.99,22.46,174.19,342.25,172.97,43.9,190.78,110.95,759.57,746.16,411.95,85.65
2026-06-03,58.71,165.57,171.13,52.59,29.76,23.09,70.29,68.19,45.35,22.25,174.05,341.18,169.96,43.71,189.68,110.64,754.24,744.21,407.87,85.31
2026-06-04,58.75,165.86,171.02,53.25,29.81,23.1,70.44,67.77,45.72,22.2,176.16,345.21,173.53,43.94,190.85,111.3,757.09,740.61,411.27,85.5
2026-06-05,57.67,162.36,165.99,52.77,28.72,21.32,64.05,61.39,40.78,20.75,174.18,340.04,170.5,44.35,192.36,112.23,737.55,705.06,396.24,85.06
2026-06-08,58.33,164.43,168.39,52.59,29.14,21.0,63.58,61.53,40.93,20.49,173.63,338.98,169.76,43.52,188.76,110.16,739.22,716.07,397.27,84.62
2026-06-09,57.39,161.56,164.05,52.13,28.47,20.63,61.83,60.14,39.25,20.2,175.6,342.81,171.75,43.98,190.6,111.52,737.05,707.83,390.78,85.12
2026-06-10,58.25,164.08,167.99,52.77,29.17,19.86,59.16,57.24,37.65,19.59,169.66,331.24,167.62,44.0,190.57,111.55,725.43,693.69,374.58,84.88
2026-06-11,57.12,161.1,163.41,52.31,28.41,20.74,62.3,60.48,39.71,20.25,175.15,342.49,176.32,44.05,190.7,111.38,737.76,717.12,386.32,85.98
2026-06-12,57.55,162.34,165.34,52.13,28.79,20.92,63.03,61.49,40.15,20.4,176.18,344.22,174.13,44.53,192.89,112.58,741.75,721.34,386.54,85.77
2026-06-15,55.55,156.76,158.36,51.24,27.66,21.03,62.7,63.52,40.84,20.57,178.68,348.83,175.81,44.74,194.0,112.42,754.83,744.0,396.55,85.72
2026-06-16,55.36,155.95,157.17,50.98,27.47,20.82,60.58,61.67,40.02,20.25,179.85,350.84,176.49,45.06,195.09,113.22,750.33,729.86,397.63,86.19
2026-06-17,54.67,154.28,155.75,50.61,27.28,20.48,58.45,61.03,39.98,20.09,179.6,349.71,177.73,44.46,192.6,111.81,740.96,722.51,388.6,86.33
2026-06-18,53.77,151.82,153.36,50.67,26.88,21.1,60.58,64.24,41.54,20.3,180.91,353.56,175.31,44.76,193.95,112.49,746.74,740.62,387.12,86.75
2026-06-22,54.06,153.75,154.9,50.66,27.32,21.63,61.11,65.26,41.22,20.44,181.8,355.88,172.65,44.72,194.82,112.97,744.39,737.95,384.59,86.09
2026-06-23,54.46,154.68,155.04,51.65,27.39,20.67,58.56,61.17,38.92,19.55,178.15,348.28,171.73,45.07,196.29,113.94,733.58,713.65,377.32,86.2
2026-06-24,53.57,150.88,153.03,50.39,26.87,20.48,58.16,60.52,37.78,19.28,180.21,351.35,171.05,45.54,196.86,115.25,733.24,710.62,365.92,87.38
2026-06-25,54.09,152.54,154.74,51.1,26.76,20.29,57.87,60.78,37.47,19.21,184.12,358.22,171.69,45.85,198.16,115.94,734.3,716.38,369.46,87.35
2026-06-26,53.84,152.07,154.68,51.44,26.74,19.5,56.85,57.4,36.85,18.86,181.2,352.47,171.54,46.2,199.66,116.82,728.99,706.52,373.63,87.36
2026-06-29,53.58,151.28,155.37,51.71,26.58,19.88,57.6,58.89,38.1,19.22,182.76,355.46,173.02,46.02,198.78,116.25,741.0,724.08,368.58,87.45
2026-06-30,53.11,150.13,154.26,51.85,26.61,20.49,59.15,61.32,39.01,19.6,185.23,360.38,176.65,45.34,195.73,114.61,746.77,736.4,368.38,86.42
2026-07-01,52.81,149.33,153.75,51.62,26.15,20.18,57.8,59.65,38.12,19.31,183.36,355.98,177.53,44.77,193.38,113.31,745.76,725.17,370.6,85.52
2026-07-02,53.22,150.44,154.64,52.06,26.44,19.67,56.32,56.71,36.58,19.04,183.91,355.13,181.08,45.76,197.54,115.75,744.78,712.6,378.13,85.51
2026-07-06,53.13,150.15,153.96,51.92,26.23,20.12,57.54,58.7,37.52,19.5,185.56,358.74,182.44,45.3,195.62,114.75,751.28,722.82,382.13,85.45
2026-07-07,54.64,154.33,157.36,52.87,27.04,19.33,54.81,55.13,35.3,18.69,182.38,351.5,178.7,45.7,197.25,115.97,747.71,709.43,377.49,84.55
2026-07-08,55.6,156.94,161.99,53.3,27.52,19.05,54.14,55.0,35.13,18.53,180.42,347.54,175.51,45.36,195.85,115.08,745.4,711.44,374.45,84.36
2026-07-09,54.82,154.81,159.46,52.95,26.95,19.33,54.95,56.55,35.68,18.62,181.11,349.25,174.92,45.13,194.97,114.53,751.71,723.28,378.18,84.49
2026-07-10,55.08,155.5,158.57,52.7,26.72,19.25,54.96,55.7,35.22,18.63,181.92,350.38,174.3,45.41,196.17,115.19,754.95,725.51,377.01,84.47
2026-07-13,56.74,160.15,165.19,53.69,27.59,18.63,53.12,53.57,34.0,18.24,180.37,347.05,171.39,45.72,197.48,116.05,749.17,711.74,367.13,83.97
2026-07-14,56.95,160.91,165.85,53.82,27.54,19.07,55.13,54.9,34.98,18.5,180.45,347.81,171.7,45.69,197.39,115.94,751.83,719.69,372.15,84.08
2026-07-15,56.5,159.42,164.86,53.2,27.42,19.08,55.8,54.78,34.92,18.66,180.06,347.35,171.88,45.22,195.62,114.87,754.81,717.74,372.35,84.24
2026-07-16,57.02,160.76,166.44,53.95,27.51,18.35,54.18,52.19,33.43,18.21,180.15,346.9,168.8,45.47,196.49,115.67,750.72,705.94,364.96,84.21
2026-07-17,57.68,162.78,170.18,54.03,28.04,18.37,53.9,52.24,33.39,18.15,179.41,345.3,168.51,45.17,195.22,114.84,743.29,695.33,368.41,84.52
2026-07-20,57.94,163.48,170.04,54.47,27.99,18.14,52.69,51.25,33.21,17.93,178.12,342.31,167.83,44.94,194.21,114.24,742.09,696.06,367.6,83.89
2026-07-21,58.5,165.52,173.83,54.4,28.52,18.52,53.74,53.11,34.24,18.21,178.66,344.57,168.88,44.92,194.22,114.01,748.28,708.97,374.81,83.66
2026-07-22,59.2,167.49,176.59,54.82,29.29,18.54,53.72,52.82,33.83,18.21,178.85,345.01,170.2,45.93,198.41,116.44,747.41,705.35,379.12,83.44
2026-07-23,59.38,168.17,175.66,54.93,29.29,18.37,52.85,51.6,33.22,18.04,181.94,349.75,174.26,46.19,199.43,117.03,738.18,691.96,371.52,83.17
2026-07-24,59.62,168.23,174.05,54.99,29.13,17.78,51.28,49.26,31.66,17.68,182.66,350.17,175.26,46.29,199.46,117.16,738.93,684.23,371.9,83.25
2026-07-27,58.36,164.52,169.08,54.23,27.97,17.81,51.56,49.71,32.24,17.6,183.2,351.42,177.18,45.68,197.01,115.69,739.09,682.12,374.63,83.75
2026-07-28,57.57,162.02,166.37,54.8,27.62,17.2,49.1,48.12,31.1,17.16,182.49,349.49,177.66,45.52,196.22,115.37,740.86,675.49,369.37,84.24
2026-07-29,58.65,165.14,172.04,54.82,28.68,16.87,47.68,46.48,29.86,16.74,176.66,337.87,170.92,44.91,193.47,113.95,729.46,661.73,371.08,82.85
2026-07-30,58.96,166.28,174.87,54.83,28.8,17.67,49.84,49.39,32.06,17.36,178.39,341.98,172.63,44.66,192.58,113.1,741.69,683.55,377.16,82.8
2026-07-31,59.55,167.97,177.4,55.32,29.35,17.55,49.33,49.26,32.11,17.32,179.84,344.44,174.44,44.35,191.22,112.39,747.03,687.99,371.54,82.25
2026-08-03,58.79,165.87,174.28,55.14,29.09,17.99,51.24,50.45,32.98,17.64,183.16,351.63,179.14,44.36,191.55,112.52,757.67,700.07,371.71,82.19
2026-08-04,58.52,165.25,171.95,55.0,28.6,18.44,53.37,52.29,34.64,18.32,186.4,358.35,183.54,44.11,190.54,111.87,771.33,723.85,374.16,82.82
2026-08-05,57.31,161.57,165.19,54.36,27.72,18.1,51.27,51.3,33.58,18.02,186.35,358.04,183.47,43.66,188.61,110.74,769.79,717.3,389.64,83.0
2026-08-06,58.16,164.12,167.05,55.03,28.28,18.12,51.25,51.55,33.64,17.93,184.76,355.45,181.96,43.38,187.64,110.29,768.56,714.65,389.67,82.52
2026-08-07,57.5,162.37,166.4,54.36,28.37,18.3,52.75,52.82,34.81,18.23,185.18,356.83,183.78,43.61,188.86,110.95,773.26,723.03,398.47,82.76
2026-08-10,60.18,170.07,175.93,55.05,29.81,18.08,51.86,52.05,34.61,18.17,184.6,354.89,184.02,43.13,186.8,109.8,773.03,720.87,402.54,82.06
2026-08-11,60.93,171.96,178.37,55.35,30.06,18.2,52.7,52.8,35.01,18.25,185.7,356.9,184.07,43.63,188.87,110.98,770.56,718.45,400.96,82.19
2026-08-12,61.03,172.29,178.58,54.67,29.78,18.41,52.33,53.09,34.64,18.54,185.88,357.66,184.46,43.84,189.77,111.49,772.49,723.7,404.92,82.11
2026-08-13,61.06,172.3,179.17,54.35,29.5,18.36,52.47,53.07,34.81,18.55,185.79,357.65,183.27,44.04,190.62,111.86,777.88,732.07,398.96,82.59
2026-08-14,61.91,174.68,180.49,54.96,29.94,18.21,51.97,53.42,35.12,18.5,186.51,358.97,185.09,44.31,191.73,112.53,776.34,731.07,401.48,82.04
2026-08-17,62.58,176.62,183.35,54.69,30.38,18.11,50.92,53.16,34.63,18.47,186.32,358.74,183.18,44.18,191.01,112.16,772.67,729.87,405.49,81.35
2026-08-18,63.68,179.21,185.35,55.31,30.74,17.74,49.87,50.88,33.41,18.02,183.57,352.33,182.56,44.02,190.24,111.66,767.45,717.51,398.55,81.66
2026-08-19,63.58,179.06,186.33,54.9,31.06,17.83,50.47,50.82,33.55,18.17,181.95,349.26,179.48,44.02,190.36,111.86,769.06,716.08,413.84,83.02
2026-08-20,63.75,179.72,187.45,54.91,31.62,17.63,49.73,49.86,32.69,18.07,179.77,344.77,173.77,43.77,189.31,111.22,762.6,710.93,415.26,82.34
2026-08-21,63.64,179.58,189.54,54.75,31.5,17.59,49.32,50.46,33.29,18.04,180.25,345.76,173.67,42.77,185.03,108.97,765.72,713.44,423.36,82.05
2026-08-24,63.11,177.87,186.24,54.92,31.13,17.43,48.32,49.27,32.28,17.89,179.0,342.79,170.79,43.22,186.88,110.03,763.47,706.32,426.69,82.56
2026-08-25,62.06,175.13,182.73,54.61,30.54,17.65,48.85,49.92,32.84,18.06,178.4,341.9,170.62,43.31,187.32,110.05,765.91,710.72,428.07,83.47
2026-08-26,62.43,175.94,184.46,55.48,30.6,17.68,48.78,49.89,32.57,17.95,180.34,345.51,172.41,43.51,188.05,110.49,766.08,711.37,421.32,83.3
2026-08-27,62.29,175.74,185.47,55.31,30.94,17.83,49.74,50.55,32.86,18.18,178.8,343.14,171.69,43.18,186.74,109.64,771.1,721.11,422.6,83.13
2026-08-28,62.68,176.56,185.94,55.24,30.78,17.48,48.65,48.89,31.81,17.96,177.14,339.25,170.01,42.73,184.76,108.67,769.35,716.43,408.89,82.88
2026-08-31,63.96,180.17,188.96,55.59,31.2,17.3,47.57,48.91,31.61,17.68,175.13,335.75,167.39,42.23,182.86,107.59,767.05,716.76,408.42,82.52
