Date,ZM_VIX_level,ZM_MOVE_level,ZM_EPU_UNVALIDATED_level,ZE_OVX_level,ZE_WTI_logret,ZE_TTF_logret,ZCT_EUA_logret
2014-01-02,14.2300000000,73.4000000000,33.8000000000,20.2400000000,,,
2014-01-03,13.7600000000,72.7000000000,33.5800000000,20.6000000000,-0.0156286180,-0.0032651593,-0.0041493835
2014-01-06,13.5500000000,69.9000000000,33.3100000000,20.7000000000,-0.0056566670,0.0058257928,-0.0188882845
2014-01-07,12.9200000000,73.8000000000,33.4600000000,19.6700000000,0.0025654744,-0.0081803798,0.0084388686
2014-01-08,12.8700000000,75.3000000000,32.9900000000,20.1700000000,-0.0144088514,0.0102970917,-0.0233804486
2014-01-09,12.8900000000,73.7000000000,32.7900000000,19.5100000000,-0.0072830367,-0.0022628573,-0.0151682215
2014-01-10,12.1400000000,61.2000000000,33.1300000000,19.4700000000,0.0114981200,-0.0170623047,0.0043573054
2014-01-13,13.2800000000,58.9000000000,33.2000000000,19.7500000000,-0.0099719014,-0.0189102547,0.0215062052
2014-01-14,12.2800000000,61.6000000000,33.2500000000,19.8100000000,0.0085688468,0.0001893688,0.0437114331
2014-01-15,12.2800000000,60.8000000000,33.2600000000,18.7000000000,0.0169205151,0.0039307632,-0.0020387367
2014-01-16,12.5300000000,60.8000000000,33.5900000000,17.9100000000,-0.0022324997,0.0058673254,0.0497615096
2014-01-17,12.4400000000,60.3000000000,34.0400000000,17.1200000000,0.0043540662,-0.0077929806,0.0000000000
2014-01-20,,,,,-0.0046734020,0.0015483679,-0.0295588022
2014-01-21,12.8700000000,59.5000000000,34.5200000000,18.2600000000,0.0112217989,0.0042550852,0.0217614918
2014-01-22,12.8400000000,60.5000000000,34.5500000000,18.1700000000,0.0181519693,-0.0051989267,0.0174592214
2014-01-23,13.7700000000,62.2000000000,34.5900000000,18.7900000000,0.0060809257,-0.0004533605,-0.0194180859
2014-01-24,18.1400000000,63.5000000000,33.1800000000,19.4600000000,-0.0070117837,0.0061030931,0.0459851132
2014-01-27,17.4200000000,64.2000000000,32.8300000000,20.8900000000,-0.0095654711,-0.0274146238,0.0203899557
2014-01-28,15.8000000000,64.5000000000,32.5800000000,20.8300000000,0.0175016117,0.0009645993,0.0271509891
2014-01-29,17.3500000000,64.5000000000,32.1700000000,20.8100000000,-0.0005134261,-0.0124957969,-0.0053715438
2014-01-30,17.2900000000,,32.3600000000,19.7600000000,0.0088962190,-0.0081162593,0.0370086287
2014-01-31,18.4100000000,64.7000000000,32.4600000000,20.3500000000,-0.0075618590,-0.0137949625,-0.0334243955
2014-02-03,21.4400000000,,31.7300000000,21.6500000000,-0.0109324521,-0.0162166804,0.0556665443
2014-02-04,19.1100000000,66.8000000000,31.8000000000,21.4700000000,0.0078504690,-0.0016240361,0.0000000000
2014-02-05,19.9500000000,,31.6700000000,20.6500000000,0.0019530252,-0.0085697321,0.0414309461
2014-02-06,17.2300000000,67.2000000000,31.7900000000,19.6500000000,0.0047126406,0.0180733928,0.0598603879
2014-02-07,15.2900000000,64.7000000000,32.5200000000,19.0300000000,0.0206359740,-0.0038310360,-0.0030627895
2014-02-10,15.2600000000,62.3000000000,32.5600000000,19.1800000000,0.0018005406,-0.0061603502,-0.0046118452
2014-02-11,14.5100000000,61.5000000000,33.3500000000,19.0500000000,-0.0012000001,-0.0009354728,-0.0249622946
2014-02-12,14.3000000000,61.0000000000,33.5000000000,19.2300000000,0.0042933519,0.0099201137,0.0172283040
2014-02-13,14.1400000000,58.1000000000,33.6000000000,19.0000000000,-0.0001992826,-0.0190357981,0.0046475684
2014-02-14,13.5700000000,57.3000000000,33.8600000000,17.9500000000,-0.0004983803,-0.0135190268,0.0319418790
2014-02-17,,,,,0.0027877358,0.0010816209,0.0324034241
2014-02-18,13.8700000000,56.0000000000,33.9800000000,18.4300000000,0.0182262077,0.0049769917,-0.0087336800
2014-02-19,15.5000000000,57.3000000000,33.4700000000,18.3500000000,0.0085545384,-0.0133693501,0.0245499694
2014-02-20,14.7900000000,58.7000000000,33.7500000000,17.5900000000,-0.0037821894,-0.0007969632,0.0099362067
2014-02-21,14.6800000000,58.4000000000,33.8100000000,17.9000000000,-0.0070203096,-0.0091474977,0.0209651285
2014-02-24,14.2300000000,57.4000000000,33.9700000000,18.1600000000,0.0060482089,-0.0283475432,-0.0181442521
2014-02-25,13.6700000000,56.8000000000,33.4600000000,18.4700000000,-0.0096751304,-0.0008716876,-0.1179591075
2014-02-26,14.3500000000,57.8000000000,33.2100000000,18.4800000000,0.0074357059,-0.0058599897,0.0418990688
2014-02-27,14.0400000000,58.1000000000,33.2400000000,18.8100000000,-0.0018537495,0.0186409621,0.0015186032
2014-02-28,14.0000000000,57.7000000000,33.4200000000,18.7100000000,0.0018537495,-0.0058286545,0.0815590082
2014-03-03,16.0000000000,57.8000000000,33.2500000000,20.9000000000,0.0224576929,0.0903220478,-0.0650048303
2014-03-04,14.1000000000,63.2000000000,32.9400000000,19.8800000000,-0.0152704048,-0.0572305583,0.0294138852
2014-03-05,13.8900000000,60.8000000000,32.9200000000,20.2900000000,-0.0183616840,-0.0027266833,-0.0058139699
2014-03-06,14.2100000000,61.0000000000,33.1600000000,19.9600000000,0.0010836906,0.0106130608,0.0029112102
2014-03-07,14.1100000000,58.2000000000,32.6300000000,20.0100000000,0.0099932251,0.0070408243,0.0144302648
2014-03-10,14.2000000000,55.7000000000,32.3100000000,20.3300000000,-0.0143350516,-0.0242707041,-0.0014336920
2014-03-11,14.8000000000,55.5100000000,32.2100000000,20.6700000000,-0.0108377894,-0.0070866605,-0.0100938132
2014-03-12,14.4700000000,55.1000000000,32.0900000000,20.9000000000,-0.0206047083,0.0045463315,-0.0474866663
2014-03-13,16.2200000000,57.4800000000,31.8000000000,20.8300000000,0.0021407827,0.0051163984,-0.0106952891
2014-03-14,17.8200000000,62.8400000000,31.9700000000,21.7000000000,0.0070019059,0.0069768702,-0.0217399866
2014-03-17,15.6400000000,61.8000000000,32.1400000000,20.3400000000,-0.0082246491,-0.0145550695,-0.0682082500
2014-03-18,14.5200000000,59.2100000000,31.6100000000,20.2500000000,0.0163822048,-0.0068227632,-0.0203742192
2014-03-19,15.1200000000,65.6000000000,31.1500000000,19.8800000000,0.0066976809,-0.0188754119,0.0386927997
2014-03-20,14.5200000000,60.8000000000,31.3900000000,19.6900000000,-0.0094094788,-0.0081872570,0.0032948959
2014-03-21,15.0000000000,60.8000000000,31.2900000000,19.4600000000,0.0003016743,-0.0085651738,0.0275767678
2014-03-24,15.0900000000,58.7000000000,31.1500000000,19.5200000000,0.0014066113,-0.0162714242,-0.0525572507
2014-03-25,14.0200000000,58.3400000000,31.2000000000,19.1900000000,-0.0041249618,-0.0060119969,0.0000000000
2014-03-26,14.9300000000,57.8000000000,31.1200000000,19.1700000000,0.0107296091,0.0070029879,-0.0101695792
2014-03-27,14.6200000000,59.4000000000,31.4700000000,19.2800000000,0.0101221466,-0.0118660813,-0.1135331355
2014-03-28,14.4100000000,61.9000000000,32.0500000000,19.1500000000,0.0038433159,-0.0149177714,-0.1747169574
2014-03-31,13.8800000000,61.8000000000,32.3000000000,19.2600000000,-0.0008856089,-0.0213132016,0.0659579678
2014-04-01,13.1000000000,61.5000000000,32.2100000000,19.6100000000,-0.0182798653,-0.0160483456,0.0816780310
2014-04-02,13.0900000000,66.3000000000,32.4200000000,19.7900000000,-0.0012038525,-0.0406599895,-0.0420482362
2014-04-03,13.3700000000,65.2000000000,32.4700000000,18.4500000000,0.0067030415,0.0004998501,0.0040816383
2014-04-04,13.9600000000,58.8000000000,32.8000000000,18.2800000000,0.0084397066,0.0005495466,-0.0352368061
2014-04-07,15.5700000000,58.8000000000,32.9600000000,18.6400000000,-0.0069451614,0.0488805369,0.0593828484
2014-04-08,14.8900000000,55.9000000000,32.9700000000,18.8900000000,0.0208874589,-0.0143715048,-0.0241460423
2014-04-09,13.8200000000,54.7000000000,33.0900000000,18.5500000000,0.0100893367,0.0169840227,0.0161619680
2014-04-10,15.8900000000,55.4000000000,33.4700000000,18.7200000000,-0.0019323678,0.0018957352,0.0354367788
2014-04-11,17.0300000000,58.6000000000,33.0900000000,18.3900000000,0.0032828068,0.0120951189,0.0379552200
2014-04-14,16.1100000000,59.2000000000,33.4300000000,18.7100000000,0.0029837839,0.0208779716,-0.0150096627
2014-04-15,15.6100000000,59.2000000000,32.7700000000,18.7100000000,-0.0028873937,-0.0061578247,0.0551610413
2014-04-16,14.1800000000,58.0000000000,33.0300000000,18.9000000000,0.0000963809,0.0035430843,-0.0144146640
2014-04-17,13.3600000000,59.5000000000,33.3300000000,18.9300000000,0.0051908220,-0.0373429128,0.0162019746
2014-04-21,13.2500000000,56.8000000000,33.3500000000,18.2800000000,0.0006709158,,0.0000000000
2014-04-22,13.1900000000,57.1000000000,33.2700000000,18.8100000000,-0.0216957662,-0.0333541995,0.0229489330
2014-04-23,13.2700000000,56.6000000000,33.5200000000,18.4600000000,-0.0067790209,-0.0094106688,-0.0017467253
2014-04-24,13.3200000000,57.8000000000,33.6800000000,18.3600000000,0.0049169142,-0.0027407517,0.0087032751
2014-04-25,14.0600000000,,33.6500000000,18.8800000000,-0.0132321472,-0.0020980077,-0.1195176415
2014-04-28,13.9700000000,59.1000000000,33.9100000000,19.1400000000,0.0023828447,-0.0015513577,0.0269765877
2014-04-29,13.7100000000,59.9000000000,33.9900000000,19.1900000000,0.0043538561,-0.0198276689,0.0373177630
2014-04-30,13.4100000000,58.9000000000,34.5700000000,19.3700000000,-0.0153221583,0.0065684189,0.0000000000
2014-05-01,13.2500000000,58.8400000000,34.6700000000,18.4400000000,-0.0032134995,-0.0105610532,0.0000000000
2014-05-02,12.9100000000,55.3000000000,34.4000000000,17.8000000000,0.0034140007,0.0307079328,-0.0411272914
2014-05-05,13.2900000000,55.3000000000,34.2200000000,18.5500000000,-0.0028106824,0.0022357480,0.0057088642
2014-05-06,13.8000000000,58.7000000000,34.1300000000,17.9600000000,0.0002010252,-0.0306894660,0.0018957352
2014-05-07,13.4000000000,57.3000000000,34.1800000000,17.7100000000,0.0126830481,-0.0239265686,-0.0191210414
2014-05-08,13.4300000000,,34.3900000000,17.4900000000,-0.0050738805,0.0292345993,0.0019286409
2014-05-09,12.9200000000,56.1000000000,34.6100000000,17.0000000000,-0.0026966308,0.0101796225,0.0209731234
2014-05-12,12.2300000000,56.2000000000,35.3200000000,16.6500000000,0.0059826682,0.0024157032,0.0112571545
2014-05-13,12.1300000000,56.1000000000,34.5700000000,16.8600000000,0.0109744539,-0.0072646874,-0.0037383221
2014-05-14,12.1700000000,,34.8800000000,16.7200000000,0.0065663979,-0.0077769981,-0.0342890735
2014-05-15,13.1700000000,55.7000000000,34.6700000000,15.9400000000,-0.0085349024,-0.0007657164,-0.0660901118
2014-05-16,12.4400000000,58.7000000000,34.7300000000,15.4200000000,0.0051100740,-0.0141948485,0.0041322373
2014-05-19,12.4200000000,58.2000000000,34.6700000000,15.9000000000,0.0057665214,0.0013975519,-0.0208340869
2014-05-20,12.9600000000,60.0000000000,34.5000000000,16.2000000000,-0.0016581325,0.0013439473,0.0290476854
2014-05-21,11.9100000000,59.1000000000,34.5800000000,16.3800000000,0.0157864883,0.0068466974,0.0556803850
2014-05-22,12.0300000000,58.2000000000,34.8600000000,16.0500000000,-0.0031759807,-0.0011806680,0.0077071672
2014-05-23,11.3600000000,58.2000000000,35.0900000000,15.8900000000,0.0058628646,0.0063489026,-0.0077071672
2014-05-26,,,,,-0.0006710445,0.0000000000,-0.0058196091
2014-05-27,11.5100000000,56.8000000000,34.8500000000,16.1000000000,-0.0016315566,-0.0202620806,0.0154443224
2014-05-28,11.6800000000,55.2000000000,34.7700000000,16.0200000000,-0.0134411925,-0.0160658677,0.0057306747
2014-05-29,11.5700000000,56.4000000000,34.7300000000,15.5500000000,0.0083374211,-0.0040836948,0.0000000000
2014-05-30,11.4000000000,58.3000000000,34.9500000000,15.6100000000,-0.0084347778,0.0108354875,-0.0289875369
2014-06-02,11.5800000000,59.7000000000,34.9000000000,15.5200000000,-0.0023394104,-0.0374936805,0.0174931574
2014-06-03,11.8700000000,60.9000000000,34.4800000000,15.5300000000,0.0018524843,-0.0049790818,0.0543714038
2014-06-04,12.0800000000,64.9000000000,34.0200000000,15.4100000000,-0.0001948368,-0.0320477729,-0.0073260401
2014-06-05,11.6800000000,65.1000000000,34.3000000000,15.1400000000,-0.0015600627,-0.0139734786,0.0254097155
2014-06-06,10.7300000000,59.3000000000,34.4100000000,14.5000000000,0.0017548995,-0.0274245012,-0.0180836754
2014-06-09,11.1500000000,57.3000000000,34.5800000000,14.6700000000,0.0169028992,0.0212022077,0.0162899530
2014-06-10,10.9900000000,56.9000000000,34.5400000000,14.7400000000,-0.0005748228,-0.0039376969,-0.0072072384
2014-06-11,11.6000000000,55.4000000000,34.4000000000,14.6700000000,0.0004790419,0.0078599492,-0.0237888620
2014-06-12,12.5600000000,,34.4300000000,19.1700000000,0.0201969602,0.0042509255,0.0345803336
2014-06-13,12.1800000000,58.4000000000,34.5000000000,19.4700000000,0.0035607234,0.0412140071,0.0212397365
2014-06-16,12.6500000000,,34.5400000000,19.5200000000,-0.0000935410,0.0114855780,-0.0052677909
2014-06-17,12.0600000000,58.4000000000,34.4800000000,17.4000000000,-0.0050642517,-0.0350291728,0.0122486221
2014-06-18,10.6100000000,59.4000000000,34.7900000000,17.2800000000,-0.0036735312,-0.0150370240,-0.0087336800
2014-06-19,10.6200000000,55.5000000000,35.3400000000,18.0500000000,0.0043314569,-0.0053312058,-0.0194868877
2014-06-20,10.8500000000,54.9000000000,35.3000000000,18.8400000000,0.0077683015,0.0036718343,0.0194868877
2014-06-23,10.9800000000,54.6000000000,35.5000000000,18.0500000000,-0.0102142105,-0.0105930755,0.0242646220
2014-06-24,12.1300000000,53.9000000000,35.1900000000,17.9300000000,-0.0013195101,0.0028319626,-0.0085985053
2014-06-25,11.5900000000,54.1000000000,35.1200000000,17.7000000000,0.0044229122,0.0027664129,-0.0069324368
2014-06-26,11.6300000000,53.2500000000,35.4500000000,16.9700000000,-0.0062164653,-0.0098323522,0.0000000000
2014-06-27,11.2600000000,53.3000000000,35.4100000000,16.4400000000,-0.0009452690,0.0008714598,0.0103807161
2014-06-30,11.5700000000,52.7000000000,35.5700000000,16.5200000000,-0.0035052852,0.0041146359,0.0085690327
2014-07-01,11.1500000000,53.2500000000,35.9400000000,16.2400000000,-0.0002847516,-0.0241751362,0.0319086685
2014-07-02,10.8200000000,59.6000000000,36.1900000000,15.8700000000,-0.0081975485,-0.0098839745,0.0098685011
2014-07-03,10.3200000000,56.9000000000,36.6700000000,15.5900000000,-0.0040280097,-0.0140401812,-0.0131797624
2014-07-04,,,,,-0.0028871159,-0.0391066351,-0.0580367626
2014-07-07,11.3300000000,55.0500000000,37.0000000000,16.3600000000,-0.0022191142,-0.0251123384,-0.0195214717
2014-07-08,11.9800000000,54.9700000000,36.9900000000,16.3100000000,-0.0012564637,0.0110683241,0.0334833041
2014-07-09,11.6500000000,55.1700000000,37.2000000000,16.3600000000,-0.0107930456,-0.0080961696,0.0103449198
2014-07-10,12.5900000000,55.6000000000,36.8800000000,16.4600000000,0.0062372291,-0.0054989626,-0.0225508255
2014-07-11,12.0800000000,54.8000000000,36.6300000000,17.2600000000,-0.0206132151,-0.0029885677,0.0104712999
2014-07-14,11.8200000000,54.4000000000,36.6600000000,18.1000000000,0.0007931001,0.0449127765,0.0240148762
2014-07-15,11.9600000000,54.0000000000,36.2600000000,17.9600000000,-0.0094589245,-0.0110090560,0.0101181302
2014-07-16,11.0000000000,52.9000000000,36.2600000000,16.8800000000,0.0123286509,0.0098263973,0.0166393190
2014-07-17,14.5400000000,54.5000000000,36.2300000000,17.8700000000,0.0194731923,0.0277625004,0.0179890378
2014-07-18,12.0600000000,54.4000000000,36.1500000000,17.3900000000,-0.0005816208,0.0168787982,-0.0246115786
2014-07-21,12.8100000000,53.8500000000,36.1900000000,16.9700000000,0.0140576164,-0.0282100190,0.0099174367
2014-07-22,12.2400000000,53.8000000000,36.3000000000,17.1000000000,-0.0016267168,-0.0013487832,0.0179303907
2014-07-23,11.5200000000,53.4000000000,36.4000000000,16.7300000000,-0.0125278694,0.0229253779,0.0000000000
2014-07-24,11.8400000000,54.2600000000,36.4200000000,15.9500000000,-0.0102345062,0.0256310459,-0.0195764816
2014-07-25,12.6900000000,54.4300000000,36.6300000000,16.6700000000,0.0001959248,0.0599953136,0.0130934767
2014-07-28,12.5600000000,54.0800000000,36.5900000000,16.3700000000,-0.0041225029,0.0366369049,0.0097088141
2014-07-29,13.2800000000,53.8000000000,36.2700000000,16.7900000000,-0.0069088313,-0.0395582243,-0.0261026239
2014-07-30,13.3300000000,55.8900000000,36.2600000000,17.1100000000,-0.0069568955,-0.0306026235,0.0163938098
2014-07-31,16.9500000000,56.4600000000,36.0600000000,18.7800000000,-0.0211658778,0.0530901992,0.0129242510
2014-08-01,17.0300000000,52.2600000000,36.2600000000,19.3900000000,-0.0029584311,-0.0279118432,0.0095847379
2014-08-04,15.1200000000,52.3000000000,36.2400000000,18.9200000000,0.0041800540,-0.0297991464,-0.0063796070
2014-08-05,16.8700000000,56.7000000000,35.9000000000,19.1000000000,-0.0093014418,0.0058721414,-0.0048115570
2014-08-06,16.3700000000,56.9200000000,35.9000000000,18.8100000000,-0.0047349548,0.0335926515,0.0016064260
2014-08-07,16.6600000000,59.5000000000,35.7900000000,18.8500000000,0.0043241085,0.0069564545,-0.0443058517
2014-08-08,15.7700000000,62.4700000000,36.1300000000,18.8800000000,0.0031796529,-0.0030614500,0.0050209311
2014-08-11,14.2300000000,60.3000000000,36.4500000000,17.5400000000,0.0043938149,-0.0153382317,0.0263606697
2014-08-12,14.1300000000,59.3700000000,36.6200000000,17.5500000000,-0.0072653172,-0.0086551619,-0.0032573319
2014-08-13,12.9000000000,58.8000000000,36.5900000000,17.1900000000,0.0022568742,0.0073755712,0.0193867138
2014-08-14,12.4200000000,58.5000000000,36.6400000000,17.8600000000,-0.0208114360,0.0244712659,0.0000000000
2014-08-15,13.1500000000,60.4000000000,36.5200000000,18.5900000000,0.0183491387,0.0333364203,0.0237165266
2014-08-18,12.3200000000,61.6900000000,36.8200000000,19.5200000000,-0.0097028011,-0.0418471099,-0.0062696130
2014-08-19,12.2100000000,62.0000000000,36.5500000000,19.3800000000,-0.0202217588,-0.0173532954,0.0156009404
2014-08-20,11.7800000000,62.8000000000,36.4600000000,17.9600000000,0.0166889205,-0.0355792301,-0.0031007777
2014-08-21,11.7600000000,60.2000000000,36.3600000000,17.2500000000,-0.0222079326,-0.0010403423,-0.0109290705
2014-08-22,11.4700000000,59.8400000000,36.4500000000,16.5100000000,-0.0033047309,0.0404587758,0.0015686278
2014-08-25,11.7000000000,57.2000000000,36.3100000000,16.9200000000,-0.0032085589,0.0161404887,-0.0047132845
2014-08-26,11.6300000000,56.4500000000,36.4100000000,16.6800000000,0.0054484404,-0.0132015119,-0.0047356047
2014-08-27,11.7800000000,56.9000000000,36.2900000000,16.4700000000,0.0002130606,0.0009961814,0.0094488892
2014-08-28,12.0500000000,59.8000000000,36.3600000000,16.5200000000,0.0071114241,0.0503220296,0.0124612204
2014-08-29,11.9800000000,60.4900000000,36.3300000000,16.6800000000,0.0148026429,0.1473874018,-0.0077700469
2014-09-01,,,,,-0.0013556496,0.0346623456,0.0015588468
2014-09-02,12.2500000000,61.3500000000,36.2600000000,18.3400000000,-0.0312674510,-0.0306757497,-0.0015588468
2014-09-03,12.3600000000,64.9000000000,36.5200000000,18.4900000000,0.0282366706,-0.0190334142,-0.0109805025
2014-09-04,12.6400000000,64.9000000000,36.0800000000,18.9500000000,-0.0114744140,0.0145019582,-0.0336840185
2014-09-05,12.0900000000,60.3000000000,36.5000000000,18.5200000000,-0.0123576730,-0.0094917204,0.0241752305
2014-09-08,12.6600000000,60.0000000000,36.4700000000,20.4300000000,-0.0067760410,-0.0075940993,0.0015910902
2014-09-09,13.5000000000,61.5000000000,36.1500000000,19.6800000000,0.0009708215,-0.0166779231,-0.0241363286
2014-09-10,12.8800000000,63.2000000000,35.7600000000,20.4900000000,-0.0117125295,0.0052009020,-0.0065359710
2014-09-11,12.8000000000,62.8000000000,35.9900000000,20.6300000000,0.0125746914,0.0067070582,0.0032733253
2014-09-12,13.3100000000,65.6000000000,35.8100000000,19.5300000000,-0.0060508018,-0.0064266975,-0.0098522964
2014-09-15,14.1200000000,66.1000000000,36.0700000000,20.1700000000,0.0070198463,0.0317735181,-0.0216855871
2014-09-16,12.7300000000,67.1000000000,36.6900000000,18.9300000000,0.0208740273,-0.0065386420,-0.0204436421
2014-09-17,12.6500000000,62.3000000000,36.1400000000,19.1800000000,-0.0048600201,0.0015022195,0.0153717800
2014-09-18,12.0300000000,62.0000000000,36.2500000000,18.9800000000,-0.0144010169,0.0130153681,0.0151390612
2014-09-19,12.1100000000,59.8000000000,35.9800000000,18.5600000000,-0.0071167003,-0.0003592599,0.0066555986
2014-09-22,13.6900000000,58.0000000000,35.1300000000,19.9800000000,-0.0096776703,-0.0087064946,-0.0049875415
2014-09-23,14.9300000000,57.4000000000,35.0100000000,20.7300000000,0.0004369675,-0.0215249197,-0.0565703515
2014-09-24,13.2700000000,58.3000000000,35.1600000000,19.8000000000,0.0134521447,0.0096289703,0.0261111440
2014-09-25,15.6400000000,59.1000000000,34.8500000000,20.0700000000,-0.0029137235,0.0187142089,0.0000000000
2014-09-26,14.8500000000,64.5000000000,34.7700000000,19.4200000000,0.0108562360,-0.0099039815,0.0187239513
2014-09-29,15.9800000000,62.3000000000,34.4300000000,19.8600000000,0.0109511487,0.0058005329,-0.0273521325
2014-09-30,16.3100000000,64.2000000000,34.2500000000,21.5200000000,-0.0367240966,0.0838622670,0.0120587163
2014-10-01,16.7100000000,64.3000000000,34.0700000000,22.3800000000,-0.0047281412,0.0175457549,-0.0051502260
2014-10-02,16.1600000000,66.2000000000,33.4700000000,23.3600000000,0.0030813274,-0.0203751996,-0.0208703227
2014-10-03,14.5500000000,62.5000000000,33.2500000000,24.2200000000,-0.0140527900,-0.0189712716,-0.0017590154
2014-10-06,15.4600000000,60.4000000000,33.2200000000,24.6200000000,0.0066637297,-0.0105446131,0.0000000000
2014-10-07,17.2000000000,65.3000000000,32.8200000000,25.0900000000,-0.0166307756,-0.0031378306,0.0087642980
2014-10-08,15.1100000000,65.0000000000,33.2900000000,25.2800000000,-0.0174845508,0.0103645624,0.0543427413
2014-10-09,18.7600000000,66.5000000000,33.1500000000,27.7200000000,-0.0177957088,-0.0008525150,0.0115038245
2014-10-10,21.2400000000,68.7000000000,33.0500000000,30.0300000000,0.0005827846,-0.0127461331,-0.0131580846
2014-10-13,24.6400000000,,33.0700000000,31.3200000000,-0.0009326184,-0.0202000630,0.0033057881
2014-10-14,22.7900000000,74.6000000000,33.3600000000,37.2300000000,-0.0465533395,0.0011452232,0.0032948959
2014-10-15,26.2500000000,101.3000000000,33.3700000000,36.3600000000,-0.0007334067,-0.0051196157,0.0114473858
2014-10-16,25.2000000000,90.1000000000,33.1900000000,34.0900000000,0.0111868871,0.0151065581,0.0097088141
2014-10-17,21.9900000000,82.9000000000,33.4400000000,31.1600000000,0.0006044122,-0.0139567769,-0.0129661460
2014-10-20,18.5700000000,79.2000000000,33.3500000000,29.3600000000,-0.0004835006,-0.0074527894,0.0016299922
2014-10-21,16.0800000000,78.9000000000,33.5200000000,27.1400000000,0.0012083133,0.0008901549,0.0064935293
2014-10-22,17.8700000000,77.2000000000,33.2800000000,30.6800000000,-0.0280432263,0.0121599517,0.0080580613
2014-10-23,16.5300000000,80.4000000000,33.2400000000,31.7800000000,0.0193106056,-0.0078096097,0.0175024356
2014-10-24,16.1100000000,81.6100000000,33.2900000000,31.2700000000,-0.0132436025,-0.0035498795,0.0109805025
2014-10-27,16.0400000000,77.6000000000,33.1700000000,32.4400000000,-0.0001234492,-0.0064664528,-0.0188982002
2014-10-28,14.3900000000,74.7000000000,33.4400000000,30.1100000000,0.0051717884,0.0146565068,-0.0208842932
2014-10-29,15.1500000000,73.0000000000,33.2500000000,28.9300000000,0.0095343590,0.0073360166,0.0413413402
2014-10-30,14.5200000000,69.5600000000,33.0200000000,30.4500000000,-0.0132257622,-0.0184196555,0.0000000000
2014-10-31,14.0300000000,68.7000000000,33.1100000000,30.5200000000,-0.0071755844,0.0185947102,-0.0109633048
2014-11-03,14.7300000000,67.4500000000,33.2400000000,31.8400000000,-0.0220947979,0.0151136378,0.0355799324
2014-11-04,14.8900000000,68.6000000000,32.9700000000,33.1300000000,-0.0203892426,-0.0158578320,-0.0137722146
2014-11-05,14.1700000000,72.9000000000,32.5500000000,31.3900000000,0.0191190786,-0.0017093647,0.0243543240
2014-11-06,13.6700000000,69.1000000000,32.6900000000,30.3400000000,-0.0098346792,0.0028473200,-0.0030120505
2014-11-07,13.1200000000,66.6000000000,33.3600000000,29.4700000000,0.0094533152,0.0156246397,0.0194180859
2014-11-10,12.6700000000,66.5500000000,32.8800000000,30.7200000000,-0.0160208489,0.0022798160,-0.0059347355
2014-11-11,12.9200000000,,33.2100000000,30.7900000000,0.0069525193,-0.0144111550,0.0118344576
2014-11-12,13.0200000000,66.8000000000,33.0600000000,30.7100000000,-0.0097989438,-0.0003487814,0.0073260401
2014-11-13,13.7900000000,67.0000000000,32.7500000000,33.1200000000,-0.0392414441,-0.0179511178,-0.0087977107
2014-11-14,13.3100000000,67.0000000000,32.9800000000,32.9900000000,0.0214631981,-0.0111159378,-0.0253555716
2014-11-17,13.9900000000,66.9000000000,33.0000000000,34.3900000000,-0.0023768663,0.0228558555,0.0414260417
2014-11-18,13.8600000000,69.2000000000,33.2900000000,33.1700000000,-0.0137106973,0.0010524932,0.0172418064
2014-11-19,13.9600000000,70.0000000000,32.8700000000,33.1400000000,-0.0004021717,0.0035876832,0.0028449521
2014-11-20,13.5800000000,69.2000000000,33.0600000000,33.6400000000,0.0133193232,0.0078738852,-0.0114286958
2014-11-21,12.9000000000,67.0000000000,34.0400000000,34.9200000000,0.0122297533,0.0135997965,0.0057306747
2014-11-24,12.6200000000,64.4000000000,34.0100000000,36.2800000000,-0.0095870457,0.0166175931,0.0071174678
2014-11-25,12.2500000000,64.6000000000,34.1400000000,37.4900000000,-0.0225538352,0.0353551319,0.0098801086
2014-11-26,12.0700000000,64.7000000000,34.2000000000,36.0200000000,-0.0054134656,-0.0037404500,0.0097834463
2014-11-27,,,,,-0.0723036988,-0.0078515166,-0.0140058312
2014-11-28,13.3300000000,66.6000000000,33.3800000000,36.4400000000,-0.0356385154,-0.0062184901,-0.0070771704
2014-12-01,14.2900000000,67.3000000000,33.4300000000,37.4900000000,0.0421816140,-0.0077550309,0.0042523097
2014-12-02,12.8500000000,,33.1700000000,38.5700000000,-0.0312065358,-0.0117254275,-0.0316118276
2014-12-03,12.4700000000,65.8000000000,33.4600000000,36.1600000000,0.0074482692,-0.0030797164,0.0058224328
2014-12-04,12.3800000000,64.6000000000,33.2400000000,35.3900000000,-0.0084954680,-0.0084438817,-0.0072833534
2014-12-05,11.8200000000,64.8000000000,33.0600000000,34.2000000000,-0.0146252136,-0.0073561190,-0.0266682471
2014-12-08,14.2100000000,62.8000000000,32.9000000000,39.6800000000,-0.0432994940,-0.0116142315,0.0000000000
2014-12-09,14.8900000000,66.5700000000,33.2500000000,37.5600000000,0.0121385584,0.0049384956,0.0119404404
2014-12-10,18.5300000000,68.2000000000,32.9000000000,42.2100000000,-0.0461768473,-0.0015136120,-0.0270693220
2014-12-11,20.0800000000,,32.5400000000,44.9500000000,-0.0163788921,-0.0136827269,0.0270693220
2014-12-12,21.0800000000,,32.0100000000,49.7700000000,-0.0363491104,-0.0025479959,-0.0119404404
2014-12-15,20.4200000000,77.6000000000,31.3100000000,57.5500000000,-0.0334185161,-0.0166774024,0.0339516005
2014-12-16,23.5700000000,80.7000000000,30.3700000000,55.7700000000,0.0003576538,0.0050413901,0.0158390640
2014-12-17,19.4400000000,72.4200000000,31.1800000000,56.7500000000,0.0096086149,-0.0025398254,0.0099503309
2014-12-18,16.8100000000,71.1700000000,31.9600000000,57.4500000000,-0.0426905120,0.0112243587,0.0070472455
2014-12-19,16.4900000000,70.7000000000,31.8300000000,54.8400000000,0.0435755462,-0.0126530579,0.0056022555
2014-12-22,15.2500000000,70.0800000000,31.6400000000,54.8200000000,-0.0225452383,-0.0084350823,0.0041811908
2014-12-23,14.8000000000,68.8000000000,31.6700000000,53.9700000000,0.0331049985,0.0069148495,0.0206476709
2014-12-24,14.3700000000,68.9000000000,31.5800000000,54.8800000000,-0.0226638596,0.0109918113,0.0162165716
2014-12-25,,,,,0.0014316395,,
2014-12-26,14.5000000000,55.4000000000,32.0100000000,54.6800000000,-0.0215100928,,
2014-12-29,15.0600000000,69.2000000000,31.9100000000,53.6300000000,-0.0206763873,-0.0416613967,-0.0162165716
2014-12-30,15.9200000000,69.0000000000,31.9500000000,51.1700000000,0.0094681855,-0.0216887772,-0.0054644945
2014-12-31,19.2000000000,68.9000000000,31.9600000000,50.2400000000,-0.0158304824,0.0041407927,0.0054644945
2015-01-01,,,,,0.0239276926,,
2015-01-02,17.7900000000,70.0000000000,31.9300000000,54.2500000000,-0.0348753293,-0.0406341835,-0.0346535021
2015-01-05,19.9200000000,71.5000000000,31.4500000000,57.6700000000,-0.0516029986,-0.0149289596,-0.0142047843
2015-01-06,21.1200000000,84.9000000000,31.7200000000,56.4500000000,-0.0430810724,-0.0305948314,-0.0187731145
2015-01-07,19.3100000000,85.2000000000,31.6400000000,53.2500000000,0.0149101955,0.0028621097,0.0014566645
2015-01-08,17.0100000000,85.2000000000,32.0000000000,50.9600000000,0.0028735652,-0.0001531198,0.0043573054
2015-01-09,17.5500000000,80.6000000000,31.8600000000,50.0700000000,-0.0088523481,-0.0015836125,-0.0145987994
2015-01-12,19.6000000000,81.9000000000,31.7600000000,53.1300000000,-0.0485110468,0.0101730277,0.0000000000
2015-01-13,20.5600000000,83.0000000000,30.9700000000,53.7800000000,-0.0039147505,0.0343720887,0.0818510264
2015-01-14,21.4800000000,85.3000000000,29.9000000000,53.1700000000,0.0549041134,0.0068708698,-0.0177721697
2015-01-15,22.3900000000,85.3000000000,30.0800000000,57.7700000000,-0.0470898778,-0.0167478573,-0.0055325176
2015-01-16,20.9500000000,92.6000000000,30.2800000000,56.4400000000,0.0514122062,-0.0214632647,0.0013860016
2015-01-18,,,,,0.0032807083,,
2015-01-19,,,,,-0.0221472366,-0.0278826095,0.0110193952
2015-01-20,19.8900000000,90.6000000000,30.3700000000,57.9900000000,-0.0295232231,-0.0013498081,-0.0068728793
2015-01-21,18.8500000000,88.3000000000,30.3000000000,55.0900000000,0.0295232231,0.0142365844,0.0218289704
2015-01-22,16.4000000000,85.1000000000,30.6400000000,56.4000000000,-0.0312492214,0.0012284385,-0.0800427077
2015-01-23,16.6600000000,89.9000000000,30.2600000000,57.6200000000,-0.0156695263,-0.0042034099,0.0058309203
2015-01-26,15.5200000000,85.3000000000,30.7200000000,56.6500000000,-0.0096981144,0.0074208995,0.0072411613
2015-01-27,17.2200000000,86.2000000000,30.6300000000,54.2300000000,0.0236386581,0.0155324263,-0.0028901754
2015-01-28,20.4400000000,86.4000000000,30.1800000000,55.1800000000,-0.0392639760,0.0147013836,0.0157935803
2015-01-29,18.7600000000,86.6000000000,29.9300000000,54.6900000000,0.0017981574,0.0237582666,0.0141445074
2015-01-30,20.9700000000,,29.7600000000,58.6200000000,0.0800254331,-0.0212384402,0.0042046313
2015-02-02,19.4300000000,88.1000000000,30.1300000000,57.8400000000,0.0271972596,0.0010850267,0.0069686693
2015-02-03,17.3300000000,92.7000000000,30.4700000000,59.6800000000,0.0678490530,-0.0086636350,-0.0097697916
2015-02-04,18.3300000000,92.3000000000,30.5500000000,62.7300000000,-0.0907025267,0.0145123234,-0.0184010854
2015-02-05,16.8500000000,93.0000000000,30.9300000000,63.1400000000,0.0410448799,0.0463462548,0.0099503309
2015-02-06,17.2900000000,93.7000000000,30.3600000000,60.8300000000,0.0236871210,-0.0172243128,-0.0070972619
2015-02-09,18.5500000000,95.1000000000,30.7200000000,56.0000000000,0.0223825700,0.0277886926,-0.0042826618
2015-02-10,17.2300000000,95.3500000000,30.2900000000,59.2900000000,-0.0552239837,0.0338182187,0.0268188268
2015-02-11,16.9600000000,94.2000000000,29.9800000000,60.2300000000,-0.0238732762,0.0236179215,0.0179438907
2015-02-12,15.3400000000,91.6000000000,30.4500000000,58.6900000000,0.0473851762,0.0521190745,0.0216517254
2015-02-13,14.6900000000,91.4000000000,30.8100000000,55.5300000000,0.0301975056,-0.0231690041,0.0316231884
2015-02-15,,,,,0.0239622098,,
2015-02-16,,,,,-0.0083589230,-0.0320583141,0.0012961765
2015-02-17,15.8000000000,91.8000000000,30.7100000000,56.3300000000,-0.0014933734,-0.0054076762,-0.0235921820
2015-02-18,15.4500000000,91.4000000000,30.7500000000,55.9700000000,-0.0263098359,-0.0013233934,0.0026490082
2015-02-19,15.2900000000,98.5000000000,30.4900000000,55.7500000000,-0.0189744318,-0.0349005801,-0.0200407509
2015-02-20,14.3000000000,98.3000000000,30.1900000000,54.0000000000,-0.0161579870,0.0147915582,-0.0040568007
2015-02-23,14.5600000000,97.7000000000,29.8500000000,58.6700000000,-0.0178379316,-0.0147915582,0.0502086956
2015-02-24,13.6900000000,94.1000000000,29.7900000000,56.2700000000,-0.0034437388,0.0195095019,-0.0314161962
2015-02-25,13.8400000000,91.5000000000,29.8100000000,54.9300000000,0.0341112158,0.0312442677,-0.0093521056
2015-02-26,13.9100000000,90.5000000000,29.8000000000,56.4600000000,-0.0568931144,0.0316455039,-0.0453063070
2015-02-27,13.3400000000,91.4000000000,29.8600000000,55.8500000000,0.0324750278,-0.0299090909,0.0042046313
2015-03-02,13.0400000000,90.2000000000,29.7600000000,54.9200000000,-0.0034222479,-0.0288650804,-0.0212022077
2015-03-03,13.8600000000,91.8000000000,29.7600000000,53.0500000000,0.0185800970,-0.0224830020,-0.0319330471
2015-03-04,14.2300000000,90.7000000000,29.7800000000,48.9200000000,0.0197948649,0.0102206254,0.0432968058
2015-03-05,14.0400000000,89.3000000000,29.7300000000,47.0900000000,-0.0150555195,-0.0318201360,-0.0403512955
2015-03-06,15.2000000000,86.6000000000,28.9400000000,48.9600000000,-0.0229162165,-0.0205036287,0.0073260401
2015-03-09,15.0600000000,84.0000000000,28.5500000000,48.9900000000,0.0078305791,0.0316385680,-0.0176735086
2015-03-10,16.6900000000,84.4000000000,28.1700000000,50.9200000000,-0.0347985055,-0.0040684291,0.0205889626
2015-03-11,16.8700000000,85.0000000000,28.2000000000,49.1700000000,-0.0024880792,0.0244372203,-0.0087719861
2015-03-12,15.4200000000,85.6000000000,28.3400000000,49.5900000000,-0.0235255546,-0.0110920312,-0.0527628024
2015-03-13,16.0000000000,86.1000000000,28.3400000000,54.5600000000,-0.0481102678,-0.0114013740,0.0077101384
2015-03-16,15.6100000000,84.8000000000,28.0700000000,56.9300000000,-0.0216419628,-0.0122347024,0.0045977092
2015-03-17,15.6600000000,86.3000000000,28.1700000000,59.8500000000,-0.0096176606,-0.0103505982,0.0360399365
2015-03-18,13.9700000000,85.7000000000,28.5900000000,53.6500000000,0.0272372716,0.0075852523,0.0014738396
2015-03-19,14.0700000000,87.8000000000,28.5000000000,53.8200000000,-0.0157981169,-0.0032437797,-0.0103627870
2015-03-20,13.0200000000,86.5000000000,28.7700000000,50.8400000000,0.0392557094,-0.0080371083,0.0535971860
2015-03-23,13.4100000000,84.9000000000,28.7400000000,49.3200000000,0.0371406861,-0.0064287466,0.0000000000
2015-03-24,13.6200000000,83.7000000000,28.8200000000,47.9400000000,0.0012636901,0.0120614977,-0.0014114328
2015-03-25,15.4400000000,84.2000000000,28.5600000000,47.0300000000,0.0351566397,-0.0035463545,-0.0099362067
2015-03-26,15.8000000000,86.2000000000,28.3200000000,49.5800000000,0.0441248049,0.0278405575,-0.0028571448
2015-03-27,15.0700000000,86.2000000000,28.1700000000,52.8400000000,-0.0510579485,0.0046879395,-0.0260884361
2015-03-30,14.5100000000,86.4000000000,28.5600000000,51.9800000000,-0.0038954432,-0.0016520586,0.0174676930
2015-03-31,15.2900000000,86.1000000000,28.4600000000,53.7200000000,-0.0224355069,-0.0095063014,0.0057554116
2015-04-01,15.1100000000,85.6000000000,29.0300000000,50.9000000000,0.0509886261,0.0167367924,0.0310759470
2015-04-02,14.6700000000,84.3000000000,29.3100000000,49.8400000000,-0.0191480203,-0.0024653044,0.0000000000
2015-04-03,,79.3000000000,,,0.0000000000,,
2015-04-06,14.7400000000,79.0000000000,29.4900000000,48.3300000000,0.0592590414,,
2015-04-07,14.7800000000,77.8000000000,29.4600000000,46.2500000000,0.0346811991,-0.0179412169,-0.0055788150
2015-04-08,13.9800000000,80.0000000000,29.3300000000,48.1000000000,-0.0682256858,0.0070950239,0.0013976243
2015-04-09,13.0900000000,78.8000000000,29.3000000000,46.6500000000,0.0073115631,0.0091992737,-0.0154823641
2015-04-10,12.5800000000,77.8000000000,29.2700000000,43.0400000000,0.0165970812,-0.0063384375,-0.0099787000
2015-04-13,13.9400000000,75.8000000000,29.0600000000,44.2000000000,0.0052148839,0.0124549437,-0.0202611851
2015-04-14,13.6700000000,74.8000000000,29.2900000000,44.6500000000,0.0262372465,-0.0162403790,0.0000000000
2015-04-15,12.8400000000,73.0000000000,29.6400000000,46.1400000000,0.0565431415,0.0085200967,0.0072833534
2015-04-16,12.6000000000,72.4000000000,29.6800000000,43.4800000000,0.0056587242,-0.0116701433,0.0028985528
2015-04-17,13.8900000000,74.4000000000,29.5400000000,42.0000000000,-0.0172525400,-0.0190169665,-0.0043509858
2015-04-20,13.3000000000,73.5000000000,29.4900000000,42.0600000000,0.0114164636,-0.0008042198,0.0412870027
2015-04-21,13.2500000000,72.9000000000,29.4600000000,41.0400000000,-0.0200651662,0.0126503603,-0.0069979292
2015-04-22,12.7100000000,72.9000000000,29.5900000000,39.0100000000,0.0161554402,-0.0041208206,0.0000000000
2015-04-23,12.4800000000,73.2000000000,29.7600000000,37.9800000000,0.0277454145,-0.0143676558,0.0235958206
2015-04-24,12.2900000000,71.6000000000,29.8800000000,36.6100000000,-0.0102707840,0.0062166531,0.0041067820
2015-04-27,13.1200000000,71.0000000000,30.2100000000,37.4600000000,-0.0028035764,-0.0064070839,-0.0179191562
2015-04-28,12.4100000000,72.9000000000,30.4900000000,37.3100000000,0.0012275319,-0.0055383288,0.0274365632
2015-04-29,13.3900000000,73.9000000000,30.4800000000,36.6800000000,0.0262899956,0.0028207415,0.0147752856
2015-04-30,14.5500000000,75.3000000000,30.5700000000,36.2800000000,0.0177654617,-0.0225965582,-0.0093771618
2015-05-01,12.7000000000,78.9000000000,30.9000000000,35.6200000000,-0.0080822127,-0.0155018975,0.0120402792
2015-05-04,12.8500000000,81.1000000000,31.0800000000,36.2000000000,-0.0037262916,0.0000000000,0.0132102317
2015-05-05,14.3100000000,87.7000000000,31.2600000000,36.2400000000,0.0246388061,0.0130083135,-0.0039447783
2015-05-06,15.1500000000,91.0000000000,31.0400000000,36.8800000000,0.0087365593,-0.0039240743,-0.0026385240
2015-05-07,15.1300000000,89.6000000000,30.9800000000,38.1300000000,-0.0332056870,-0.0107719196,-0.0132980683
2015-05-08,12.8600000000,80.9000000000,30.6800000000,35.0900000000,0.0076058847,0.0082129890,0.0132980683
2015-05-11,13.8500000000,84.1000000000,30.8600000000,34.8600000000,-0.0023600820,0.0293746087,0.0118189163
2015-05-12,13.8600000000,87.4000000000,30.9500000000,33.7400000000,0.0250013022,-0.0048442503,-0.0039241385
2015-05-13,13.7600000000,85.6000000000,31.2900000000,34.3300000000,-0.0041237172,-0.0023104703,0.0065317019
2015-05-14,12.7400000000,83.2000000000,31.4200000000,32.6300000000,-0.0103008055,-0.0146115558,-0.0117879558
2015-05-15,12.3800000000,83.2000000000,31.5400000000,29.9500000000,-0.0031780574,0.0016612111,0.0039447783
2015-05-18,12.7300000000,88.2000000000,31.0000000000,30.6300000000,-0.0043653528,-0.0086291965,0.0013114756
2015-05-19,12.8500000000,87.6700000000,30.6600000000,34.8200000000,-0.0371968497,0.0023608116,-0.0306078451
2015-05-20,12.8800000000,87.6500000000,30.6000000000,33.7000000000,0.0295961037,0.0044604637,-0.0027063616
2015-05-21,12.1100000000,86.1000000000,30.5500000000,31.6100000000,0.0290747297,-0.0016642197,-0.0067981227
2015-05-22,12.1300000000,87.6700000000,30.4300000000,31.2900000000,-0.0166061604,-0.0016179250,0.0013633267
2015-05-24,,,,,0.0033433665,,
2015-05-25,,,,,-0.0011689072,0.0000000000,0.0067888923
2015-05-26,14.0600000000,85.3600000000,29.9400000000,34.6600000000,-0.0308813138,0.0051388832,-0.0177479061
2015-05-27,13.2700000000,84.0000000000,29.7300000000,35.2900000000,-0.0090012725,0.0003416551,-0.0069108775
2015-05-28,13.3100000000,82.7000000000,29.6200000000,34.2000000000,0.0029516473,0.0031669495,0.0013860016
2015-05-29,13.8400000000,82.7000000000,29.5600000000,33.7400000000,0.0444216108,-0.0153430622,0.0192049798
2015-06-01,13.9700000000,83.5500000000,29.5000000000,35.3000000000,-0.0016597514,-0.0050512661,-0.0109290705
2015-06-02,14.2400000000,87.5000000000,29.8300000000,35.7400000000,0.0174547491,0.0013891647,0.0271019298
2015-06-03,13.6600000000,91.8100000000,29.7100000000,37.4000000000,-0.0268006115,-0.0008928129,0.0053333460
2015-06-04,14.7100000000,92.2100000000,29.5200000000,38.4200000000,-0.0278834794,-0.0086718709,-0.0120402792
2015-06-05,14.2100000000,88.9000000000,29.3900000000,33.5400000000,0.0192953993,0.0063866099,0.0013449901
2015-06-08,15.2900000000,87.6000000000,29.3200000000,34.0400000000,-0.0168845147,0.0120626339,0.0053619431
2015-06-09,14.4700000000,87.2000000000,29.3000000000,33.0100000000,0.0338212824,-0.0005898545,0.0159154553
2015-06-10,13.2200000000,89.8000000000,29.3700000000,31.7900000000,0.0212231376,0.0030438435,0.0026281224
2015-06-11,12.8500000000,87.8000000000,29.4100000000,31.7600000000,-0.0108020690,-0.0171062657,-0.0105541877
2015-06-12,13.7800000000,87.7000000000,29.5600000000,31.5100000000,-0.0134185729,-0.0004488890,0.0131754212
2015-06-15,15.3900000000,86.0000000000,29.2700000000,32.5500000000,-0.0073652827,-0.0000997805,-0.0118500399
2015-06-16,14.8100000000,85.7000000000,29.2200000000,32.3900000000,0.0075320467,0.0084954680,-0.0133335309
2015-06-17,14.5000000000,82.4000000000,29.6400000000,32.8300000000,-0.0008340980,-0.0068005524,0.0066889882
2015-06-18,13.1900000000,82.6000000000,29.8900000000,31.5900000000,0.0088062379,0.0020897609,-0.0026702286
2015-06-19,13.9600000000,84.7000000000,29.5900000000,30.4000000000,-0.0139932318,0.0083156446,-0.0053619431
2015-06-22,12.7400000000,84.4000000000,29.6800000000,30.0600000000,0.0011736107,0.0206846733,0.0080321717
2015-06-23,12.1100000000,84.2000000000,29.7200000000,29.6900000000,0.0220408293,0.0012063601,0.0026631174
2015-06-24,13.2600000000,82.7000000000,30.0300000000,29.6000000000,-0.0122033177,-0.0050765212,-0.0013306722
2015-06-25,14.0100000000,83.3200000000,29.6500000000,29.2600000000,-0.0095024471,-0.0082252915,0.0132277061
2015-06-26,14.0200000000,84.3000000000,29.8100000000,29.0100000000,-0.0011732173,-0.0007333350,-0.0079156086
2015-06-29,18.8500000000,89.8000000000,29.3400000000,33.6400000000,-0.0220422624,-0.0023993156,-0.0241298571
2015-06-30,18.2300000000,92.3000000000,29.1600000000,32.4300000000,0.0193554430,0.0027416056,0.0121377080
2015-07-01,16.0900000000,90.3000000000,29.2500000000,34.1100000000,-0.0431227166,0.0106984098,0.0053476063
2015-07-02,16.7900000000,88.0000000000,29.3400000000,33.8000000000,-0.0005268241,0.0097233016,-0.0053476063
2015-07-03,,,,,-0.0250791268,-0.0025420288,-0.0013413818
2015-07-06,17.0100000000,86.1800000000,29.1000000000,40.0100000000,-0.0553588812,-0.0049104663,-0.0080862974
2015-07-07,16.0900000000,90.5000000000,28.7400000000,40.5400000000,-0.0038146146,-0.0026578410,0.0107672642
2015-07-08,19.6600000000,89.4000000000,28.3700000000,42.2000000000,-0.0130796248,-0.0099203303,-0.0013395849
2015-07-09,19.9700000000,89.3000000000,28.4100000000,42.0400000000,0.0216421355,0.0132535862,0.0040133833
2015-07-10,16.8300000000,90.2000000000,28.6800000000,41.2200000000,-0.0007581502,0.0065854541,0.0172075722
2015-07-13,13.9000000000,84.7000000000,28.7900000000,38.0800000000,-0.0102916860,0.0051610551,0.0233473640
2015-07-14,13.3700000000,80.8000000000,28.8300000000,36.3100000000,0.0159638510,-0.0068873431,-0.0077220461
2015-07-15,13.2300000000,79.1000000000,28.5400000000,37.2500000000,-0.0312136398,0.0038321564,0.0038684768
2015-07-16,12.1100000000,76.0000000000,28.5100000000,35.9200000000,-0.0097733382,0.0074781839,-0.0129535490
2015-07-17,11.9500000000,74.2100000000,28.1600000000,34.6800000000,-0.0003929273,-0.0060926458,0.0103762280
2015-07-20,12.2500000000,72.8000000000,27.5600000000,36.3900000000,-0.0146479262,0.0021938200,0.0304979164
2015-07-21,12.2200000000,72.4000000000,27.7300000000,34.9700000000,0.0041786948,-0.0060685887,-0.0025062670
2015-07-22,12.1200000000,72.1000000000,27.4900000000,37.6600000000,-0.0235068584,-0.0100677649,0.0000000000
2015-07-23,12.6400000000,72.6000000000,27.1000000000,38.4600000000,-0.0151580125,-0.0038806743,0.0149442383
2015-07-24,13.7400000000,73.0000000000,26.9200000000,39.0000000000,-0.0064189060,-0.0061427650,-0.0086903092
2015-07-27,15.6000000000,72.2000000000,26.4600000000,41.1500000000,-0.0157021964,0.0016612923,0.0012461061
2015-07-28,13.4400000000,71.9000000000,26.7600000000,39.9400000000,0.0123730214,0.0109731146,0.0000000000
2015-07-29,12.5000000000,69.7100000000,27.1600000000,38.5900000000,0.0167411164,0.0007723126,0.0049689543
2015-07-30,12.1300000000,71.2000000000,26.9200000000,37.3300000000,-0.0055492898,0.0075468428,-0.0225573474
2015-07-31,12.1200000000,75.8000000000,26.9300000000,38.8200000000,-0.0292785447,-0.0179749718,-0.0012682310
2015-08-03,12.5600000000,74.7000000000,26.4600000000,40.9100000000,-0.0422643897,-0.0074386171,0.0101010960
2015-08-04,13.0000000000,80.4700000000,26.2300000000,40.1200000000,0.0125400389,-0.0030501327,-0.0063012181
2015-08-05,12.5100000000,80.7000000000,26.0800000000,40.1800000000,-0.0129829087,-0.0039494522,-0.0088889474
2015-08-06,13.7700000000,80.3000000000,26.1100000000,41.5400000000,-0.0109120335,0.0030128687,0.0012746974
2015-08-07,13.3900000000,76.2000000000,25.8800000000,41.1700000000,-0.0178475312,-0.0125556847,-0.0076726719
2015-08-10,12.2300000000,75.3000000000,26.3700000000,40.9900000000,0.0245424904,-0.0022498322,0.0178121758
2015-08-11,13.7100000000,78.1000000000,25.9400000000,42.1600000000,-0.0427143533,-0.0005006509,0.0212110260
2015-08-12,13.6100000000,81.5000000000,25.6900000000,42.4000000000,0.0050937827,-0.0194171039,0.0122700926
2015-08-13,13.4900000000,80.0000000000,25.3000000000,43.2300000000,-0.0250217661,-0.0060946131,0.0000000000
2015-08-14,12.8300000000,77.1000000000,24.3300000000,40.9200000000,0.0063732070,-0.0006166496,0.0157293019
2015-08-17,13.0200000000,76.1000000000,23.8300000000,40.3500000000,-0.0149344959,-0.0070671672,-0.0096502558
2015-08-18,13.7900000000,82.7000000000,23.5300000000,39.4800000000,0.0177540466,0.0039266390,0.0036297681
2015-08-19,15.2500000000,81.5000000000,23.2400000000,41.2900000000,-0.0436415453,-0.0097935855,0.0084185705
2015-08-20,19.1400000000,84.6000000000,23.0100000000,42.5800000000,0.0082988028,-0.0136841205,0.0023923456
2015-08-21,28.0300000000,88.5000000000,22.1600000000,44.6600000000,-0.0169142407,-0.0022725481,-0.0193009610
2015-08-24,40.7400000000,94.5000000000,20.8500000000,50.1100000000,-0.0561845553,-0.0290964753,-0.0036607728
2015-08-25,36.0200000000,91.1000000000,20.6800000000,49.0000000000,0.0275968513,0.0200076780,0.0097324369
2015-08-26,30.3200000000,92.0000000000,20.9400000000,46.8700000000,-0.0182266630,-0.0054072996,-0.0183267194
2015-08-27,26.1000000000,91.4000000000,22.5000000000,49.0300000000,0.0976625686,0.0183510908,-0.0074257767
2015-08-28,26.0500000000,91.1000000000,23.2300000000,51.5600000000,0.0606246218,0.0000000000,0.0086580627
2015-08-31,28.4300000000,87.7000000000,23.1700000000,54.3700000000,0.0843541566,0.0144941449,-0.0049382816
2015-09-01,31.4000000000,88.7000000000,22.5000000000,57.5100000000,-0.0801612784,0.0069369228,-0.0074534507
2015-09-02,26.0900000000,93.1000000000,22.7400000000,53.7500000000,0.0183291188,0.0060177628,0.0136225017
2015-09-03,25.6100000000,91.4000000000,22.9500000000,50.4400000000,0.0107527918,0.0103559145,0.0061312271
2015-09-04,27.8000000000,86.8000000000,22.5000000000,49.2900000000,-0.0150864930,-0.0142607646,-0.0098280889
2015-09-06,,,,,-0.0071919238,,
2015-09-07,,,,,-0.0225623373,-0.0041269081,-0.0012353306
2015-09-08,24.9000000000,85.2000000000,22.8800000000,50.1400000000,0.0273626956,-0.0001033912,0.0195844693
2015-09-09,26.2300000000,85.1000000000,22.7100000000,49.5000000000,-0.0397432702,0.0023237211,0.0036297681
2015-09-10,24.3700000000,83.6000000000,22.9300000000,50.0500000000,0.0393078250,-0.0034617307,0.0012070008
2015-09-11,23.2000000000,83.8000000000,23.0300000000,49.6300000000,-0.0284944734,-0.0022280379,-0.0024154601
2015-09-14,24.2500000000,82.7000000000,22.9300000000,49.8100000000,-0.0142166447,-0.0055136681,-0.0036341651
2015-09-15,22.5400000000,85.0000000000,22.8900000000,51.1400000000,0.0133199847,-0.0069088519,-0.0073081933
2015-09-16,21.3500000000,84.9000000000,23.1400000000,50.2400000000,0.0558243904,0.0115402967,0.0073081933
2015-09-17,21.1400000000,77.7000000000,23.3600000000,45.3400000000,-0.0053163336,-0.0106478380,0.0000000000
2015-09-18,22.2800000000,75.8000000000,22.9200000000,45.8400000000,-0.0484917013,-0.0068450141,-0.0146701897
2015-09-21,20.1400000000,74.5000000000,22.8600000000,47.5100000000,0.0437898332,-0.0076905097,-0.0161393944
2015-09-22,22.4400000000,75.6000000000,22.5100000000,48.9000000000,-0.0183769089,0.0090632660,0.0049937682
2015-09-23,22.1300000000,69.2000000000,22.3200000000,51.1200000000,-0.0298992486,-0.0038590696,0.0062073446
2015-09-24,23.4700000000,76.4000000000,22.2900000000,49.4400000000,0.0096208372,-0.0156407491,-0.0087011115
2015-09-25,23.6200000000,75.9000000000,22.2900000000,47.7100000000,0.0174378108,0.0088913280,-0.0012492194
2015-09-28,27.6300000000,76.9000000000,21.7300000000,49.4600000000,-0.0281833810,-0.0137992471,-0.0100503359
2015-09-29,26.8300000000,83.3000000000,21.8300000000,49.3200000000,0.0178456665,-0.0007572070,0.0075472056
2015-09-30,24.5000000000,81.6000000000,22.1600000000,45.5200000000,-0.0031000911,0.0099599736,0.0210795158
2015-10-01,22.5500000000,81.5000000000,22.3000000000,44.6100000000,-0.0077925364,-0.0146240094,0.0024509816
2015-10-02,20.9400000000,78.9000000000,22.4300000000,42.8600000000,0.0177231046,-0.0119761910,-0.0024509816
2015-10-05,19.5400000000,77.5000000000,23.2600000000,43.0300000000,0.0156865962,0.0111604638,0.0073349962
2015-10-06,19.4000000000,80.3000000000,23.3900000000,44.1400000000,0.0479045066,0.0256727311,0.0012172856
2015-10-07,18.4000000000,80.0000000000,23.6700000000,43.2600000000,-0.0149473408,-0.0060098572,-0.0134723409
2015-10-08,17.4200000000,79.5000000000,23.7400000000,43.2800000000,0.0333227047,0.0028764735,0.0024630554
2015-10-09,17.0800000000,78.2000000000,24.2000000000,42.8000000000,0.0040379623,-0.0024498068,0.0267006153
2015-10-12,16.1700000000,,23.7800000000,44.9000000000,-0.0523224886,-0.0163968945,-0.0060060241
2015-10-13,17.6700000000,76.3000000000,23.6700000000,45.3700000000,-0.0093857344,-0.0149081259,0.0036079414
2015-10-14,18.0300000000,74.8000000000,23.8200000000,42.7000000000,-0.0004287246,-0.0081759377,0.0131188524
2015-10-15,16.0500000000,74.6000000000,23.9000000000,41.9900000000,-0.0055902102,0.0080108713,-0.0011855366
2015-10-16,15.0500000000,74.7000000000,23.6900000000,39.5800000000,0.0187959399,0.0013747218,-0.0047562515
2015-10-19,14.9800000000,71.0000000000,23.4100000000,40.7400000000,-0.0294170434,0.0116366141,-0.0047789816
2015-10-20,15.7500000000,71.1000000000,23.3500000000,41.7200000000,-0.0074366047,-0.0122412589,0.0142689698
2015-10-21,16.7000000000,69.7000000000,23.1200000000,41.7700000000,-0.0077135369,-0.0067306885,-0.0023640673
2015-10-22,14.4500000000,70.0000000000,23.3800000000,40.2200000000,0.0039743925,0.0043635629,0.0035440084
2015-10-23,14.4600000000,70.8000000000,23.6200000000,41.5100000000,-0.0173376203,0.0072487962,0.0175340553
2015-10-26,15.2900000000,69.7000000000,23.5700000000,42.9900000000,-0.0139988739,-0.0124430389,0.0034702175
2015-10-27,15.4300000000,69.8000000000,23.2800000000,44.7700000000,-0.0178944899,0.0022136146,-0.0057904041
2015-10-28,14.3300000000,70.3000000000,23.2300000000,44.2900000000,0.0614957020,0.0019329013,-0.0046565858
2015-10-29,14.6100000000,73.1000000000,23.1200000000,43.6300000000,0.0026086971,0.0013783600,0.0127537961
2015-10-30,15.0700000000,73.1000000000,22.9800000000,41.9500000000,0.0114410314,-0.0089101007,-0.0046189459
2015-11-02,14.1500000000,73.2000000000,23.0300000000,41.8800000000,-0.0097056731,-0.0088219444,-0.0046403796
2015-11-03,14.5400000000,73.3000000000,23.2000000000,41.2700000000,0.0374352517,0.0025205155,-0.0175957619
2015-11-04,15.5100000000,77.6000000000,23.0100000000,41.5400000000,-0.0335416712,0.0041310839,-0.0059347355
2015-11-05,15.0500000000,76.7000000000,22.7500000000,39.2900000000,-0.0244767464,-0.0136300733,0.0082988028
2015-11-06,14.3300000000,74.3000000000,22.8000000000,39.8500000000,-0.0203381689,0.0092192457,-0.0071090347
2015-11-09,16.5200000000,,22.6100000000,41.3400000000,-0.0095282028,-0.0233812910,-0.0107592192
2015-11-10,15.2900000000,70.5000000000,22.5600000000,39.3400000000,0.0077202927,-0.0119278835,0.0143200538
2015-11-11,16.0600000000,,22.7200000000,41.9200000000,-0.0293801256,-0.0103132742,0.0000000000
2015-11-12,18.3700000000,,22.3800000000,43.9300000000,-0.0278714309,-0.0103023900,-0.0083284241
2015-11-13,20.0800000000,68.3000000000,22.1600000000,46.2600000000,-0.0244890405,0.0060177173,0.0023866360
2015-11-16,18.1600000000,67.7000000000,22.1300000000,47.4400000000,0.0242494909,0.0130896510,0.0165488410
2015-11-17,18.8400000000,72.3000000000,21.9100000000,46.6300000000,-0.0259691817,0.0228997926,0.0093349569
2015-11-18,16.8500000000,71.7000000000,22.1600000000,43.5300000000,0.0019651198,-0.0159573291,-0.0034904049
2015-11-19,16.9900000000,70.5000000000,22.0900000000,43.7500000000,-0.0051666987,0.0008644288,0.0058105916
2015-11-20,15.4700000000,70.5000000000,22.2200000000,44.9300000000,-0.0037069114,-0.0080391399,-0.0140025625
2015-11-23,15.6200000000,70.8000000000,21.9000000000,45.8400000000,0.0331172217,-0.0016854100,0.0058582476
2015-11-24,15.9300000000,70.9000000000,22.0100000000,47.1700000000,0.0264728293,0.0133470131,0.0104591308
2015-11-25,15.1900000000,70.0000000000,21.7500000000,48.4600000000,0.0039576352,0.0078893618,-0.0034742363
2015-11-26,,,,,-0.0105104319,0.0025592188,-0.0046511712
2015-11-27,15.1200000000,69.6000000000,21.5300000000,48.2800000000,-0.0208785757,-0.0036417475,0.0000000000
2015-11-30,16.1300000000,69.9000000000,21.5500000000,48.1400000000,-0.0014395396,0.0271616776,0.0000000000
2015-12-01,14.6700000000,71.0000000000,21.6500000000,49.2800000000,0.0047904283,0.0106504332,-0.0023337233
2015-12-02,15.9100000000,72.3000000000,21.2100000000,51.9600000000,-0.0467134689,-0.0204066081,-0.0093897403
2015-12-03,18.1100000000,74.6000000000,21.2300000000,50.6500000000,0.0281430571,-0.0281804809,0.0128882862
2015-12-04,14.8100000000,71.3000000000,21.6400000000,45.4400000000,-0.0273922123,0.0056885263,-0.0081823952
2015-12-07,15.8400000000,70.5600000000,21.3700000000,49.0000000000,-0.0597962185,-0.0359921027,-0.0129948669
2015-12-08,17.6000000000,72.7000000000,20.8900000000,50.3400000000,-0.0037253902,0.0002375579,0.0000000000
2015-12-09,19.6100000000,72.4000000000,21.1100000000,51.5300000000,-0.0093746501,-0.0151980428,-0.0011897681
2015-12-10,19.3400000000,72.3000000000,21.0200000000,51.2300000000,-0.0108226165,-0.0048350149,-0.0047732788
2015-12-11,24.3900000000,75.0000000000,20.7400000000,54.2900000000,-0.0315030196,-0.0132339178,-0.0353049448
2015-12-14,22.7300000000,78.2000000000,20.4800000000,55.3600000000,0.0191859076,-0.0259334828,0.0000000000
2015-12-15,20.9500000000,79.6000000000,20.5700000000,50.0300000000,0.0282397262,0.0138899812,0.0232711053
2015-12-16,17.8600000000,70.2000000000,20.8000000000,47.6400000000,-0.0502369935,-0.0228768147,-0.0072904333
2015-12-17,18.9400000000,67.7000000000,20.5200000000,47.4500000000,-0.0161774494,-0.0081065136,-0.0073439743
2015-12-18,20.7000000000,67.8000000000,20.1800000000,49.4300000000,-0.0063146019,-0.0134853803,-0.0012292565
2015-12-21,18.7000000000,66.4000000000,20.0500000000,49.1800000000,0.0002878941,-0.0202106617,0.0158636640
2015-12-22,16.6000000000,66.9000000000,20.2000000000,48.8400000000,0.0395085244,-0.0094572799,0.0072376673
2015-12-23,15.5700000000,66.0000000000,20.5800000000,47.3900000000,0.0369406478,-0.0256198357,-0.0036122857
2015-12-24,15.7400000000,65.5000000000,20.8600000000,44.8100000000,0.0158733492,-0.0075113195,-0.0036253816
2015-12-28,16.9100000000,67.2000000000,20.3800000000,47.0000000000,-0.0344447347,0.0254734298,0.0144233270
2015-12-29,16.0800000000,67.2000000000,20.2800000000,45.2700000000,0.0283896945,0.0372607045,-0.0047846981
2015-12-30,17.2900000000,67.3000000000,20.2000000000,46.0100000000,-0.0341110015,-0.0318136650,-0.0072202480
2015-12-31,18.2100000000,67.8000000000,20.1800000000,46.5700000000,0.0119501694,-0.0084184085,0.0012070008
2016-01-04,20.7000000000,68.8000000000,20.0600000000,49.7900000000,-0.0075881123,-0.0123168513,-0.0219521010
2016-01-05,19.3400000000,71.4200000000,20.0800000000,49.6800000000,-0.0217250398,0.0121815791,-0.0061843116
2016-01-06,20.5900000000,71.6800000000,19.7400000000,52.3600000000,-0.0572074755,0.0228696025,-0.0315085927
2016-01-07,24.9900000000,74.2100000000,19.3200000000,56.1500000000,-0.0208216921,0.0262297284,-0.0272567166
2016-01-08,27.0100000000,71.0100000000,19.1500000000,56.1000000000,-0.0033117598,-0.0503176052,-0.0185928331
2016-01-11,24.3000000000,71.0200000000,18.8800000000,62.9800000000,-0.0542180167,-0.0084331294,-0.0396497596
2016-01-12,22.4700000000,,18.7100000000,65.2700000000,-0.0313687806,-0.0414140743,-0.0027932979
2016-01-13,25.2200000000,74.4600000000,18.4600000000,60.6700000000,0.0013131978,0.0087881501,0.0193911893
2016-01-14,23.9500000000,73.6100000000,18.5300000000,57.5600000000,0.0233473640,-0.0297204015,-0.0221923116
2016-01-15,27.0200000000,78.0600000000,18.2200000000,62.0900000000,-0.0587433796,-0.0322060481,-0.0592230799
2016-01-17,,,,,0.0111544168,,
2016-01-18,,,,,0.0090346942,0.0051664223,0.0059347355
2016-01-19,26.0500000000,77.3200000000,18.0100000000,64.0400000000,-0.0533642335,-0.0029917749,0.0146845517
2016-01-20,27.5900000000,81.8200000000,18.1200000000,67.9300000000,-0.0694698450,-0.0423056164,-0.0756790644
2016-01-21,26.6900000000,80.7300000000,18.1200000000,65.7900000000,0.1063769481,-0.0173410194,-0.0238674814
2016-01-22,22.3400000000,77.3500000000,18.6300000000,61.8600000000,0.0862491496,0.0677039757,0.0238674814
2016-01-25,24.1500000000,75.4100000000,18.5500000000,65.7400000000,-0.0591888714,-0.0534935842,-0.0733825459
2016-01-26,22.5000000000,75.1600000000,19.0400000000,65.8900000000,0.0359320092,0.0105268234,0.0316429398
2016-01-27,23.1100000000,71.9400000000,19.1200000000,65.6200000000,0.0266682471,0.0299533396,-0.0282645582
2016-01-28,22.4200000000,70.9800000000,19.3100000000,65.9900000000,0.0280848740,0.0285701917,0.0266238687
2016-01-29,20.2000000000,74.0000000000,19.5900000000,61.8600000000,0.0119690238,-0.0216684388,-0.0032894767
2016-02-01,19.9800000000,73.4600000000,19.5900000000,66.6300000000,-0.0613312962,-0.0437825379,-0.0611395814
2016-02-02,21.9800000000,77.4900000000,18.9700000000,68.5900000000,-0.0566004715,-0.0017980695,0.0225117732
2016-02-03,21.6500000000,79.6200000000,19.5700000000,67.7100000000,0.0772584831,0.0112045990,-0.0348467313
2016-02-04,21.8400000000,83.7600000000,20.0000000000,66.7800000000,-0.0175004466,-0.0409058214,-0.0035524016
2016-02-05,23.3800000000,81.6700000000,20.3700000000,66.6700000000,-0.0265148898,-0.0108599819,-0.0089366100
2016-02-08,26.0000000000,89.2700000000,20.2100000000,68.3800000000,-0.0396222182,-0.0026109675,-0.0591669773
2016-02-09,26.5400000000,91.6100000000,19.8100000000,72.2900000000,-0.0607509349,-0.0068864020,-0.0548082365
2016-02-10,26.2900000000,86.3200000000,20.2000000000,72.5000000000,-0.0176931859,-0.0145008134,-0.0162275366
2016-02-11,28.1400000000,96.3100000000,20.3500000000,77.7900000000,-0.0462251506,-0.0102349887,-0.0290476854
2016-02-12,25.4000000000,93.7200000000,21.2800000000,78.9700000000,0.1162132765,0.0186296687,0.0651961996
2016-02-14,,,,,-0.0123036412,,
2016-02-15,,,,,0.0509493563,-0.0097310204,-0.0526437335
2016-02-16,24.1100000000,86.8200000000,21.2600000000,71.5300000000,-0.0523258190,-0.0201771228,-0.0231345754
2016-02-17,22.3100000000,84.7900000000,21.4300000000,69.4700000000,0.0542846835,0.0135526384,0.0816780310
2016-02-18,21.6400000000,86.1200000000,21.3800000000,67.4900000000,0.0035813159,0.0210621730,0.0308904870
2016-02-19,20.5300000000,90.1000000000,21.3100000000,62.4600000000,-0.0374153889,-0.0119335136,-0.0172583382
2016-02-22,19.3800000000,85.1500000000,21.6400000000,62.8400000000,0.0602276231,0.0316731431,0.0472231269
2016-02-23,20.9800000000,83.9800000000,21.5000000000,65.0300000000,0.0123127049,-0.0058323373,-0.0988218736
2016-02-24,20.7200000000,85.0900000000,21.7200000000,66.0900000000,0.0087473223,-0.0211830581,-0.0081800047
2016-02-25,19.1100000000,84.4400000000,21.8000000000,63.7400000000,0.0282140763,-0.0122731660,0.0422173245
2016-02-26,19.8100000000,82.5400000000,21.9000000000,59.9600000000,-0.0088079537,0.0216062917,-0.0158733492
2016-02-29,20.5500000000,83.3900000000,21.9200000000,60.0100000000,0.0291618440,0.0023812468,0.0019980027
2016-03-01,17.7000000000,84.2200000000,22.2400000000,56.8400000000,0.0190761471,-0.0017237845,-0.0019980027
2016-03-02,17.0900000000,83.6500000000,23.1100000000,53.3700000000,0.0075297199,0.0034446028,-0.0060180723
2016-03-03,16.7000000000,81.7200000000,23.3400000000,52.5700000000,-0.0026000304,-0.0146806760,-0.0141846350
2016-03-04,16.8600000000,78.0100000000,24.1400000000,51.8900000000,0.0383079895,-0.0154055291,0.0061037829
2016-03-07,17.3500000000,77.8300000000,24.4500000000,52.8000000000,0.0536568687,-0.0022806953,0.0339015517
2016-03-08,18.6700000000,80.7200000000,24.0200000000,54.0400000000,-0.0376388515,0.0098456637,-0.0138205556
2016-03-09,18.3400000000,80.3600000000,24.6000000000,51.7400000000,0.0478765049,0.0109927822,0.0118578465
2016-03-10,18.0500000000,80.8500000000,24.6300000000,51.9800000000,-0.0118220213,-0.0164506236,-0.0339693001
2016-03-11,16.5000000000,81.4200000000,24.9000000000,50.2500000000,0.0172914971,0.0103028930,0.0161293819
2016-03-14,16.9200000000,79.1200000000,24.9700000000,50.1700000000,-0.0348872590,0.0016652793,-0.0242926926
2016-03-15,16.8400000000,78.4700000000,24.6400000000,48.9800000000,-0.0228519193,0.0019946815,-0.0020512828
2016-03-16,14.9900000000,74.1600000000,25.0100000000,43.9800000000,0.0566996772,-0.0040767143,0.0203259030
2016-03-17,14.4400000000,72.4100000000,25.8000000000,46.2200000000,0.0442482555,0.0050725650,0.0080160750
2016-03-18,14.0200000000,71.2600000000,26.1300000000,44.9800000000,-0.0190864659,0.0053770242,-0.0120483385
2016-03-21,13.7900000000,70.8300000000,26.2400000000,45.0900000000,0.0118463893,-0.0161347479,-0.0142423567
2016-03-22,14.1700000000,71.1200000000,26.1700000000,44.1200000000,0.0378609625,-0.0005031869,-0.0102987522
2016-03-23,14.9400000000,71.0800000000,25.7500000000,44.5800000000,-0.0408722571,0.0030989597,-0.0041493835
2016-03-24,14.7400000000,72.6800000000,25.7200000000,44.9600000000,-0.0083281238,0.0070000286,0.0103413538
2016-03-28,15.2400000000,74.6900000000,25.5700000000,45.9800000000,-0.0017755236,,
2016-03-29,13.8200000000,72.6600000000,25.9800000000,46.6300000000,-0.0285844104,0.0001660716,-0.0145080265
2016-03-30,13.5600000000,70.5400000000,26.3200000000,46.3800000000,0.0010443865,0.0024049437,0.0368894287
2016-03-31,13.9500000000,68.8000000000,26.3500000000,45.9100000000,0.0005217845,-0.0113287342,0.0490775618
2016-04-01,13.1000000000,67.0000000000,26.0200000000,47.7600000000,-0.0412676685,-0.0252812922,-0.0076923456
2016-04-04,14.1200000000,65.3600000000,25.5200000000,50.8900000000,-0.0300753803,-0.0229435631,0.0285461819
2016-04-05,15.4200000000,68.3100000000,25.4500000000,50.1600000000,0.0053080164,-0.0122060599,-0.0170297398
2016-04-06,14.0900000000,69.7100000000,25.0900000000,46.1600000000,0.0505267705,0.0144014505,0.0132703369
2016-04-07,16.1600000000,71.0900000000,24.2700000000,46.5000000000,-0.0130651105,-0.0221738575,-0.0056657375
2016-04-08,15.3600000000,70.8800000000,25.0800000000,47.4200000000,0.0639344740,0.0067930186,0.0261697177
2016-04-11,16.2600000000,69.7700000000,27.6600000000,49.0400000000,0.0159843563,-0.0033907412,0.0290929609
2016-04-12,14.8500000000,68.7800000000,29.0000000000,48.7800000000,0.0438698723,0.0064148474,0.0017905108
2016-04-13,13.8400000000,67.4800000000,28.9300000000,48.7900000000,-0.0097701242,0.0054911129,-0.0089847864
2016-04-14,13.7200000000,67.5200000000,28.4700000000,46.3700000000,-0.0062455163,-0.0086043020,0.0125562188
2016-04-15,13.6200000000,66.4900000000,28.6500000000,51.2700000000,-0.0278542318,-0.0013371965,-0.0234456186
2016-04-18,13.3500000000,66.3400000000,29.1700000000,46.4500000000,-0.0144749221,0.0117945765,-0.0018264845
2016-04-19,13.2400000000,66.4400000000,30.3200000000,43.9300000000,0.0321571116,0.0278206241,0.0181164375
2016-04-20,13.2800000000,67.7700000000,30.1800000000,43.6700000000,0.0370368457,0.0115933444,-0.0035971262
2016-04-21,13.9500000000,68.6000000000,30.1100000000,43.7600000000,0.0128191943,0.0577138622,0.0354019271
2016-04-22,13.2200000000,67.7800000000,29.8400000000,41.9700000000,0.0126569403,0.0453557017,0.0375470726
2016-04-25,14.0800000000,67.8900000000,29.4800000000,44.2400000000,-0.0252415856,-0.0085224517,-0.0117945765
2016-04-26,13.9600000000,67.1500000000,30.2600000000,43.5100000000,0.0323055320,0.0750658425,0.1151430190
2016-04-27,13.7700000000,64.7400000000,30.6000000000,43.6400000000,0.0288707531,0.0000000000,0.0326923617
2016-04-28,15.2200000000,64.6400000000,30.9700000000,42.8400000000,0.0153242929,-0.1005240345,-0.0759089632
2016-04-29,15.7000000000,64.9200000000,31.3100000000,42.5200000000,-0.0023926058,0.0106994963,-0.0255604970
2016-05-02,14.6800000000,64.6800000000,31.1600000000,45.1500000000,-0.0251391408,-0.0402385249,-0.0113914983
2016-05-03,15.6000000000,68.4100000000,30.0700000000,45.7800000000,-0.0255583289,-0.0104001265,-0.0198353611
2016-05-04,16.0500000000,68.1200000000,29.2500000000,44.7600000000,0.0029738098,0.0225460248,0.0231033378
2016-05-05,15.9100000000,68.6700000000,29.0500000000,44.8200000000,0.0122589503,0.0323873273,0.0113545421
2016-05-06,14.7200000000,65.1500000000,29.5200000000,42.4700000000,0.0076422040,0.0031895472,-0.0563996885
2016-05-09,14.5700000000,64.1200000000,28.6500000000,44.1400000000,-0.0276975708,0.0190789694,-0.0276834287
2016-05-10,13.6300000000,63.9700000000,29.5400000000,42.2800000000,0.0276975708,-0.0156673199,0.0344861761
2016-05-11,14.6900000000,63.8900000000,29.9800000000,42.0200000000,0.0345506916,0.0070960575,0.0201349084
2016-05-12,14.4100000000,63.9200000000,29.4100000000,41.5000000000,0.0101152267,-0.0074831593,-0.0355066885
2016-05-13,15.0400000000,64.0700000000,30.2900000000,41.5700000000,-0.0105479398,-0.0046569473,0.0068610904
2016-05-16,14.6800000000,66.9400000000,30.6300000000,42.0300000000,0.0321543723,0.0184990631,0.0434851119
2016-05-17,15.5700000000,67.1200000000,30.7200000000,42.7500000000,0.0122879813,0.0038112707,-0.0098685011
2016-05-18,15.9500000000,69.8500000000,29.9800000000,42.8700000000,-0.0024870479,-0.0036585407,0.0016515280
2016-05-19,16.3300000000,70.5600000000,29.6200000000,42.4000000000,-0.0006227297,-0.0111338348,-0.0099503309
2016-05-20,15.2000000000,68.5100000000,29.6200000000,40.1700000000,-0.0085497341,0.0059278822,-0.0050125418
2016-05-23,15.8200000000,67.7800000000,29.6900000000,39.4400000000,0.0068872233,-0.0084791998,-0.0392877171
2016-05-24,14.4200000000,69.4100000000,29.2000000000,38.0200000000,0.0111686787,0.0062507438,0.0103987072
2016-05-25,13.9000000000,67.5400000000,29.6800000000,35.9400000000,0.0191490879,0.0225908067,0.0119967163
2016-05-26,13.4300000000,66.1500000000,29.6700000000,36.5600000000,-0.0016155092,0.0141888722,0.0268923769
2016-05-27,13.1200000000,66.7600000000,29.2800000000,35.9700000000,-0.0030361323,0.0242476078,0.0016570012
2016-05-29,,,,,0.0050551114,,
2016-05-30,,,,,-0.0014128572,0.0067082879,0.0131580846
2016-05-31,14.1900000000,67.9100000000,29.1700000000,38.0800000000,-0.0083156346,0.0233064407,-0.0032733253
2016-06-01,14.2000000000,68.7500000000,29.2700000000,40.0000000000,-0.0018346759,-0.0116563787,-0.0215418438
2016-06-02,13.6300000000,69.5600000000,29.3500000000,36.6400000000,0.0032593225,0.0224839093,0.0100000833
2016-06-03,13.4700000000,67.5900000000,30.5500000000,34.8100000000,-0.0112487125,-0.0087227098,-0.0133557912
2016-06-06,13.6500000000,66.2700000000,30.8000000000,35.6100000000,0.0217687367,0.0158534818,0.0427696764
2016-06-07,14.0500000000,,30.6600000000,36.1900000000,0.0133935036,0.0085177050,-0.0145987994
2016-06-08,14.0800000000,67.9200000000,30.6700000000,35.1700000000,0.0171280888,-0.0151622477,-0.0016353233
2016-06-09,14.6400000000,,30.7500000000,35.9000000000,-0.0131645481,-0.0144793213,0.0016353233
2016-06-10,17.0300000000,75.1000000000,30.0000000000,39.9500000000,-0.0299128997,-0.0146205585,-0.0264916154
2016-06-13,20.9700000000,79.5700000000,29.6200000000,42.7200000000,-0.0038795352,-0.0098430942,-0.0169208775
2016-06-14,20.5000000000,79.1000000000,29.3200000000,43.0700000000,-0.0080107237,0.0121996490,0.0000000000
2016-06-15,20.1400000000,78.6700000000,29.9300000000,42.5800000000,-0.0099482686,0.0127570830,0.0084962278
2016-06-16,19.3700000000,83.5400000000,29.7400000000,44.4900000000,-0.0382130977,-0.0016915707,-0.0344268078
2016-06-17,19.4100000000,82.5800000000,29.9500000000,41.3500000000,0.0375880325,0.0238388650,-0.0070299059
2016-06-20,18.3700000000,77.3200000000,30.3500000000,38.9900000000,0.0285586949,0.0422151550,0.0329604858
2016-06-21,18.4800000000,76.9600000000,30.2500000000,40.3700000000,-0.0105885738,-0.0173176034,-0.0525514953
2016-06-22,21.1700000000,79.5200000000,30.0900000000,43.2500000000,0.0057154677,0.0249482154,0.0231121399
2016-06-23,17.2500000000,74.0400000000,30.4500000000,40.1000000000,0.0197507428,-0.0058493151,-0.0070547030
2016-06-24,25.7600000000,77.9400000000,29.6100000000,43.3300000000,-0.0505478445,-0.0180244978,-0.1302498044
2016-06-27,23.8500000000,81.5700000000,29.1500000000,42.8500000000,-0.0278830451,-0.0409618253,-0.0390594358
2016-06-28,18.7500000000,78.6700000000,29.7300000000,40.1800000000,0.0322814185,-0.0104727719,-0.0169137224
2016-06-29,16.6400000000,71.8000000000,30.4400000000,38.2900000000,0.0415490029,0.0192441473,-0.0369205886
2016-06-30,15.6300000000,72.6400000000,30.8900000000,38.0900000000,-0.0315676350,-0.0036801764,-0.0111235852
2016-07-01,14.7700000000,74.3500000000,31.0300000000,36.1800000000,0.0135637098,-0.0066306298,0.0330062965
2016-07-03,,,,,0.0004081633,,
2016-07-04,,,,,-0.0073725503,0.0179747370,0.0730251350
2016-07-05,15.5800000000,78.1200000000,31.1800000000,40.0800000000,-0.0430512675,-0.0207797880,-0.0537319321
2016-07-06,14.9600000000,76.0900000000,31.6000000000,41.4300000000,0.0176543988,-0.0054925848,-0.0258078840
2016-07-07,14.7600000000,76.7300000000,31.3800000000,43.2400000000,-0.0494861685,0.0157626998,-0.0021810259
2016-07-08,13.2000000000,72.3100000000,32.0900000000,41.4100000000,0.0059635737,-0.0175295472,-0.0065717652
2016-07-11,13.5400000000,69.7800000000,32.5900000000,42.5100000000,-0.0144174617,-0.0016282613,-0.0267276489
2016-07-12,13.5500000000,71.4300000000,32.5100000000,39.6700000000,0.0445683195,0.0133020929,0.0441572840
2016-07-13,13.0400000000,71.6500000000,32.0300000000,43.1000000000,-0.0447917582,-0.0054683255,0.0339735433
2016-07-14,12.8200000000,73.5600000000,33.2200000000,38.3000000000,0.0205691206,0.0057479480,-0.0020898649
2016-07-15,12.6700000000,74.7700000000,32.9000000000,36.6600000000,0.0058932835,-0.0061698296,0.0308984416
2016-07-18,12.4400000000,72.9200000000,33.1500000000,38.1500000000,-0.0155721976,0.0049109121,-0.0163602831
2016-07-19,11.9700000000,70.5300000000,32.9800000000,37.2000000000,-0.0131273439,0.0086405666,-0.0378196333
2016-07-20,11.7700000000,70.6400000000,32.4600000000,37.0200000000,0.0064739594,0.0212803198,0.0042735108
2016-07-21,12.7400000000,71.8600000000,32.7300000000,38.1300000000,-0.0042368220,0.0175053282,-0.0064171343
2016-07-22,12.0200000000,69.9100000000,32.8100000000,38.8500000000,-0.0125929256,-0.0089163598,-0.0195022432
2016-07-25,12.8700000000,68.7500000000,32.4000000000,40.9700000000,-0.0242797085,-0.0004714916,0.0065430986
2016-07-26,13.0500000000,68.7600000000,32.9400000000,41.2700000000,-0.0048808929,-0.0169178883,-0.0175443097
2016-07-27,12.8300000000,66.6400000000,33.8700000000,41.6000000000,-0.0235748777,-0.0099160708,0.0044150182
2016-07-28,12.7200000000,66.6700000000,34.2900000000,42.9300000000,-0.0187821558,-0.0208384577,-0.0110743103
2016-07-29,11.8700000000,64.1500000000,34.3300000000,41.0800000000,0.0111192830,0.0213919377,-0.0134531177
2016-08-01,12.4400000000,63.6700000000,34.3500000000,44.2200000000,-0.0377218370,-0.0286254988,-0.0113508597
2016-08-02,13.3700000000,67.8500000000,34.4700000000,45.7000000000,-0.0138245258,-0.0177364359,0.0090909717
2016-08-03,12.8600000000,67.7900000000,34.6900000000,44.6400000000,0.0328633009,-0.0073441523,0.0485746701
2016-08-04,12.4200000000,67.1000000000,34.8900000000,43.1000000000,0.0265844559,-0.0038022859,0.0128481425
2016-08-05,11.3900000000,66.5900000000,34.5100000000,41.5000000000,-0.0031052217,-0.0222231368,0.0063626938
2016-08-08,11.5000000000,65.5000000000,34.8500000000,41.1400000000,0.0287687843,-0.0208908597,0.0454623741
2016-08-09,11.6600000000,64.3000000000,34.7100000000,39.7600000000,-0.0058282016,-0.0168148968,-0.0142423567
2016-08-10,12.0500000000,63.3400000000,35.1100000000,39.3200000000,-0.0250960140,0.0030290109,-0.0227989150
2016-08-11,11.6800000000,65.2900000000,35.3700000000,39.2900000000,0.0417901184,-0.0073944684,0.0227989150
2016-08-12,11.5500000000,64.3700000000,35.2300000000,37.7800000000,0.0227334182,-0.0420434433,0.0040899853
2016-08-15,11.8100000000,63.7700000000,35.3200000000,37.2800000000,0.0277087438,-0.0503802813,-0.0185381210
2016-08-16,12.6400000000,63.6700000000,35.4100000000,37.4500000000,0.0181980759,0.0181715113,-0.0231345754
2016-08-17,12.1900000000,63.5400000000,35.2300000000,35.1200000000,0.0044982404,0.0180951362,-0.0457098070
2016-08-18,11.4300000000,63.6500000000,35.6900000000,36.7500000000,0.0301043679,-0.0063834414,0.0435798807
2016-08-19,11.3400000000,64.8200000000,35.5500000000,34.8800000000,0.0062022113,-0.1248249877,0.0169137224
2016-08-22,12.2700000000,67.8700000000,34.9700000000,36.4100000000,-0.0307652180,0.0605969085,0.0268889002
2016-08-23,12.3800000000,66.6200000000,34.7400000000,37.5300000000,0.0220713111,0.0358861012,-0.0395472971
2016-08-24,13.4500000000,66.5100000000,33.7100000000,37.4600000000,-0.0280402054,-0.0491880873,-0.0214600510
2016-08-25,13.6300000000,69.3600000000,33.6400000000,36.7600000000,0.0119023722,-0.0021592451,0.0214600510
2016-08-26,13.6500000000,71.2400000000,33.5100000000,36.0500000000,0.0065284006,0.0297258034,-0.0021253993
2016-08-29,12.9400000000,68.6100000000,33.7200000000,36.7200000000,-0.0139507653,0.0311583860,0.0000000000
2016-08-30,13.1200000000,69.1100000000,32.9800000000,38.0300000000,-0.0135006872,-0.0219337100,-0.0324352758
2016-08-31,13.4200000000,69.0800000000,31.9800000000,39.5000000000,-0.0362477904,0.0933079246,-0.0177388243
2016-09-01,13.4800000000,70.2500000000,32.8300000000,41.2200000000,-0.0350593612,-0.0041908890,-0.0203396842
2016-09-02,11.9800000000,66.4600000000,33.6700000000,38.6400000000,0.0292258244,0.0078927008,-0.0709517360
2016-09-04,,,,,-0.0074534507,,
2016-09-05,,,,,0.0215303226,-0.0157683232,-0.0374575625
2016-09-06,12.0200000000,63.4600000000,34.3900000000,39.8500000000,-0.0053392785,-0.0117289262,0.0496379811
2016-09-07,11.9400000000,64.0700000000,34.3200000000,38.6300000000,0.0148347678,-0.0307716587,-0.0294861657
2016-09-08,12.5100000000,65.9500000000,34.3200000000,38.2100000000,0.0455405151,-0.0024195915,0.0173057471
2016-09-09,17.5000000000,69.1200000000,33.3800000000,39.7200000000,-0.0372235488,-0.0059486582,0.0000000000
2016-09-12,15.1600000000,68.9100000000,33.4400000000,39.1600000000,0.0088966628,-0.0059842566,-0.0123306125
2016-09-13,17.8500000000,70.6000000000,32.7400000000,41.1000000000,-0.0304881603,0.0148523813,0.0000000000
2016-09-14,18.1400000000,69.2300000000,32.9200000000,42.4700000000,-0.0298394652,-0.0049263240,-0.0124845567
2016-09-15,16.3000000000,69.1300000000,33.0800000000,40.9000000000,0.0075437551,0.0438074057,0.0394139685
2016-09-16,15.3700000000,69.2100000000,32.6400000000,39.8600000000,-0.0202445377,0.0234373357,0.0517762695
2016-09-19,15.5300000000,69.2300000000,32.8100000000,39.6600000000,0.0062550882,0.0458118721,0.0091324836
2016-09-20,15.9200000000,69.2300000000,32.9700000000,40.9900000000,0.0032280406,-0.0263591721,-0.0560894667
2016-09-21,13.3000000000,63.7300000000,33.9300000000,39.8500000000,0.0428089695,0.0181021067,0.0119475734
2016-09-22,12.0200000000,61.1800000000,34.1300000000,41.5700000000,0.0213841882,0.0213281761,0.0486770484
2016-09-23,12.2900000000,59.7500000000,33.7900000000,43.8900000000,-0.0405341833,0.0331634353,0.0267873160
2016-09-26,14.5000000000,58.8500000000,33.3000000000,44.9000000000,0.0320788484,-0.0080264155,0.0174676930
2016-09-27,13.1000000000,59.2300000000,33.0600000000,43.8800000000,-0.0278163630,-0.0439809097,-0.0419951210
2016-09-28,12.3900000000,57.6200000000,33.4800000000,45.2400000000,0.0519087307,0.0441248049,0.1109879925
2016-09-29,14.0200000000,58.8400000000,33.3000000000,42.0500000000,0.0164421917,0.0035906681,0.0140423571
2016-09-30,13.2900000000,60.5600000000,33.2000000000,39.3100000000,0.0085354947,0.0956359658,-0.0120241930
2016-10-03,13.5700000000,60.4300000000,33.1800000000,38.0400000000,0.0117466575,0.0160272269,0.0681860945
2016-10-04,13.6300000000,62.0800000000,32.3400000000,37.6600000000,-0.0024615397,0.0238822994,-0.0190119795
2016-10-05,12.9900000000,62.5700000000,32.1600000000,36.6500000000,0.0231435421,0.0095318916,0.0505252452
2016-10-06,12.8400000000,64.2900000000,31.6600000000,35.9200000000,0.0121672988,0.0190388358,0.0670445026
2016-10-07,13.4800000000,62.8400000000,32.0500000000,36.6000000000,-0.0125687440,-0.0223304576,-0.0294393555
2016-10-10,13.3800000000,,32.0300000000,36.5700000000,0.0304491693,-0.0161167380,-0.0052863559
2016-10-11,15.3600000000,,31.8000000000,38.0800000000,-0.0109654516,-0.0229571741,-0.0414847583
2016-10-12,15.9100000000,63.9500000000,31.9800000000,39.0500000000,-0.0120829439,-0.0040186728,0.0164387263
2016-10-13,16.6900000000,,31.8200000000,37.2200000000,0.0051679702,0.0210791173,0.0232776849
2016-10-14,16.1200000000,64.9800000000,31.8400000000,35.5500000000,-0.0017858919,0.0264824713,0.0279250257
2016-10-17,16.2100000000,64.4200000000,31.9200000000,34.8800000000,-0.0081763343,0.0088171487,0.0102740630
2016-10-18,15.2800000000,63.1800000000,32.5400000000,36.3700000000,0.0069839653,0.0284436724,0.0135365857
2016-10-19,14.4100000000,61.6400000000,33.1200000000,32.7200000000,0.0257154223,-0.0008356713,-0.0482021018
2016-10-20,13.7500000000,59.6200000000,33.0600000000,32.4800000000,-0.0229354364,0.0092725343,-0.0160003413
2016-10-21,13.3400000000,57.0900000000,33.0500000000,32.5100000000,0.0082938864,-0.0075422753,0.0540672213
2016-10-24,13.0200000000,,32.8700000000,32.7900000000,-0.0065108250,0.0305277595,-0.0136754268
2016-10-25,13.4600000000,57.4100000000,33.0800000000,33.9300000000,-0.0111466122,0.0167425504,0.0000000000
2016-10-26,14.2400000000,59.5100000000,32.8900000000,35.3900000000,-0.0157356485,-0.0262119330,0.0221285625
2016-10-27,15.3600000000,,32.6700000000,35.8600000000,0.0109202299,0.0174742628,-0.0221285625
2016-10-28,16.1900000000,64.3800000000,32.4800000000,37.7600000000,-0.0207282366,-0.0106101791,0.0119761910
2016-10-31,17.0600000000,65.4700000000,32.8300000000,40.9600000000,-0.0385145970,0.0308805680,0.0033955890
2016-11-01,18.5600000000,67.7600000000,32.8300000000,40.0800000000,-0.0040628731,0.0362090442,0.0217946598
2016-11-02,19.3200000000,69.2500000000,32.3300000000,40.8600000000,-0.0289119149,0.0271659933,0.0342331716
2016-11-03,22.0800000000,72.5700000000,32.3900000000,41.4900000000,-0.0151113987,-0.0046003835,0.0408219945
2016-11-04,22.5100000000,74.6100000000,32.6300000000,43.6900000000,-0.0132989676,-0.0284919558,-0.0139429060
2016-11-07,18.7100000000,,33.2000000000,44.2000000000,0.0184357739,-0.0192705407,-0.0284829381
2016-11-08,18.7400000000,68.4700000000,33.4900000000,43.5600000000,0.0020028937,-0.0191957401,-0.0129242510
2016-11-09,14.3800000000,76.3300000000,33.6400000000,41.2500000000,0.0064266149,0.0150734013,-0.0032573319
2016-11-10,14.7400000000,82.5700000000,33.8000000000,42.4400000000,-0.0135663150,0.0087259134,-0.0348583011
2016-11-11,14.1700000000,,32.9700000000,45.3100000000,-0.0283884171,-0.0004981596,-0.0431473312
2016-11-14,14.4800000000,89.2200000000,32.4100000000,50.1700000000,-0.0020754072,-0.0265365772,-0.0469400249
2016-11-15,13.3700000000,84.1200000000,32.8200000000,49.4300000000,0.0558879858,0.0147298016,0.0592101175
2016-11-16,13.7200000000,80.1200000000,32.6400000000,50.0900000000,-0.0052528026,-0.0124015118,-0.0336612826
2016-11-17,13.3500000000,77.5400000000,32.1200000000,47.3700000000,-0.0032970686,0.0004536691,0.0611544232
2016-11-18,12.8500000000,81.6500000000,32.1800000000,46.5600000000,0.0059269189,0.0146333093,-0.0557635745
2016-11-21,12.4200000000,80.5800000000,32.3300000000,45.7100000000,0.0386397070,-0.0299443945,-0.0180836754
2016-11-22,12.4100000000,76.4600000000,32.5700000000,46.6900000000,0.0113066531,0.0148006931,0.0054595222
2016-11-23,12.4300000000,78.6400000000,32.0200000000,47.5400000000,-0.0014584855,0.0099340434,-0.0220192382
2016-11-24,,,,,0.0004169273,0.0021880005,-0.0093197319
2016-11-25,12.3400000000,79.6900000000,32.1900000000,53.4600000000,-0.0408393630,-0.0079332005,-0.0657877405
2016-11-28,13.1500000000,78.7400000000,32.2600000000,52.5600000000,0.0219033880,0.0144686239,-0.0534007767
2016-11-29,12.9000000000,77.3000000000,32.2000000000,55.0900000000,-0.0400876989,0.0005566069,-0.0387145122
2016-11-30,13.3300000000,80.9600000000,32.1600000000,44.2500000000,0.0889992297,0.0133762773,0.0043763746
2016-12-01,14.0700000000,86.6300000000,32.1500000000,40.4500000000,0.0322415987,-0.0067763254,-0.0265502321
2016-12-02,14.1200000000,82.0600000000,32.5400000000,35.5100000000,0.0120694477,-0.0308753125,-0.0365337433
2016-12-05,12.1400000000,79.8400000000,32.7200000000,37.0000000000,0.0021262210,-0.0332137059,0.0161479864
2016-12-06,11.7900000000,76.5700000000,33.0000000000,37.1100000000,-0.0167449395,-0.0391240596,0.0293143877
2016-12-07,12.2200000000,73.4400000000,33.2300000000,36.0500000000,-0.0230397480,-0.0040533127,-0.0454623741
2016-12-08,12.6400000000,73.1100000000,33.1800000000,35.0300000000,0.0212710535,0.0094322988,0.0696128343
2016-12-09,11.7500000000,75.5500000000,32.9700000000,35.2100000000,0.0128983613,0.0053502073,-0.0330790910
2016-12-12,12.6400000000,76.3900000000,32.9700000000,30.3000000000,0.0254974035,0.0362030487,0.0879451711
2016-12-13,12.7200000000,75.3600000000,33.1100000000,31.3500000000,0.0028352727,0.0019279648,-0.0165635257
2016-12-14,13.1900000000,75.8400000000,32.7000000000,33.9700000000,-0.0373048448,-0.0005254401,0.0449055037
2016-12-15,12.7900000000,78.6100000000,32.4700000000,33.5800000000,-0.0027467155,0.0026826866,-0.0345211944
2016-12-16,12.2000000000,78.2200000000,32.4600000000,29.1800000000,0.0194558666,0.0189800615,0.0184242673
2016-12-19,11.7100000000,75.2400000000,31.9700000000,29.2300000000,0.0042299621,-0.0085512300,0.0319388425
2016-12-20,11.4500000000,75.4600000000,32.1600000000,27.4300000000,0.0021082902,0.0085512300,0.0309502460
2016-12-21,11.2700000000,73.9700000000,32.2800000000,28.3900000000,0.0049656328,0.0074582600,0.1030721851
2016-12-22,11.4300000000,74.0500000000,32.1600000000,30.2900000000,0.0087253968,0.0241529210,0.0453478200
2016-12-23,11.4400000000,72.5700000000,32.1400000000,29.9000000000,0.0013211288,0.0011067457,0.0243321007
2016-12-26,,,,,0.0032012079,,
2016-12-27,11.9900000000,70.6600000000,32.3300000000,30.0000000000,0.0132600692,0.0138955964,0.0158985861
2016-12-28,12.9500000000,70.7900000000,32.4500000000,29.9100000000,0.0029640629,0.0237156744,0.0000000000
2016-12-29,13.3700000000,71.2800000000,32.8200000000,30.0100000000,-0.0053788500,0.0117554968,0.0047207011
2016-12-30,14.0400000000,71.6300000000,32.8000000000,30.8300000000,-0.0009303192,0.0282863917,0.0309143629
2017-01-02,,,,,0.0057540762,-0.0175003821,-0.0676890903
2017-01-03,12.8500000000,76.7300000000,33.1100000000,32.8800000000,-0.0319696275,-0.0434793255,-0.1210456813
2017-01-04,11.8500000000,76.4100000000,33.6000000000,32.3600000000,0.0176157600,0.0246063774,0.0519364699
2017-01-05,11.6700000000,76.5000000000,34.0200000000,31.5600000000,0.0093441158,0.0009017851,-0.0780087102
2017-01-06,11.3200000000,75.2400000000,33.8400000000,30.4700000000,0.0042691480,-0.0169509179,-0.0483185773
2017-01-09,11.5600000000,74.8300000000,33.9200000000,33.7300000000,-0.0383246524,0.0315312746,0.0445378544
2017-01-10,11.4900000000,73.2600000000,34.1900000000,33.6100000000,-0.0221842139,0.0343612882,0.0444517626
2017-01-11,11.2600000000,72.8300000000,33.9200000000,32.9500000000,0.0277499130,0.0344887433,0.0018099552
2017-01-12,11.5400000000,73.7400000000,33.8700000000,32.3700000000,0.0144406842,-0.0089172565,-0.0907995722
2017-01-13,11.2300000000,74.5000000000,34.1000000000,30.7300000000,-0.0121466667,-0.0154242153,0.0000000000
2017-01-15,,,,,0.0015264266,,
2017-01-16,,,,,0.0013337146,-0.0515879568,-0.0718257346
2017-01-17,11.8700000000,73.9400000000,34.0100000000,31.2500000000,-0.0007619048,0.0240737443,0.0618754037
2017-01-18,12.4800000000,73.9400000000,34.0800000000,31.2400000000,-0.0270391135,0.0078805034,-0.0325231917
2017-01-19,12.7800000000,78.3200000000,33.8800000000,30.8800000000,0.0056613133,0.0146734064,0.0717439049
2017-01-20,11.5400000000,76.7100000000,34.0200000000,29.1900000000,0.0202338534,0.0289114736,0.0432805084
2017-01-23,11.7700000000,75.5200000000,34.6300000000,30.7900000000,0.0062755745,0.0305158106,-0.0185878958
2017-01-24,11.0700000000,75.5300000000,35.2600000000,29.5900000000,0.0081186135,-0.0203205577,-0.0460734076
2017-01-25,10.8100000000,77.0600000000,35.3500000000,30.4100000000,-0.0081186135,-0.0333970045,-0.0218479395
2017-01-26,10.6300000000,74.6900000000,34.7400000000,29.5900000000,0.0193378785,-0.0088791373,0.0432287346
2017-01-27,10.5800000000,72.1900000000,34.9500000000,29.7800000000,-0.0114073233,-0.0175880099,-0.0553500951
2017-01-30,11.8800000000,72.3600000000,34.6400000000,30.9400000000,-0.0102080282,0.0451204353,0.0495641580
2017-01-31,11.9900000000,72.5200000000,35.0400000000,31.3300000000,0.0034142674,0.0169631519,0.0360912866
2017-02-01,11.8100000000,70.8400000000,35.2000000000,30.6500000000,0.0200587848,0.0362523135,-0.0150378774
2017-02-02,11.9300000000,69.9200000000,35.6000000000,29.3900000000,-0.0063303134,0.0108633912,-0.0095148196
2017-02-03,10.9700000000,67.3900000000,35.4600000000,28.1100000000,0.0054018945,0.0224135948,-0.0134746986
2017-02-06,11.3700000000,67.5500000000,35.4900000000,29.3700000000,-0.0153503576,-0.0136247440,-0.0116960398
2017-02-07,11.2900000000,68.0700000000,35.6200000000,29.6100000000,-0.0159729580,-0.0311049792,0.0136321488
2017-02-08,11.4500000000,68.7400000000,35.8100000000,29.0900000000,0.0032532801,-0.0471201912,0.0096247134
2017-02-09,10.8800000000,68.9500000000,35.8000000000,28.2500000000,0.0125310165,-0.0050890695,0.0133208440
2017-02-10,10.8500000000,69.6300000000,36.3900000000,26.4300000000,0.0160961738,-0.0208215730,-0.0326638068
2017-02-13,11.0700000000,68.8300000000,36.3300000000,26.9900000000,-0.0174178015,-0.0371996939,-0.0439192339
2017-02-14,10.7400000000,67.2600000000,36.1300000000,27.4900000000,0.0050881105,-0.0168871963,0.0458704541
2017-02-15,11.9700000000,65.5100000000,36.1400000000,27.7500000000,-0.0016931619,0.0063330086,-0.0117648416
2017-02-16,11.7600000000,68.2300000000,35.9900000000,27.3700000000,0.0046961672,0.0084522426,-0.0259754864
2017-02-17,11.4900000000,69.7800000000,35.6500000000,25.2900000000,0.0007493444,-0.0284925639,0.0080645598
2017-02-19,,,,,0.0072768303,,
2017-02-20,,,,,0.0033407603,0.0050209311,0.0218479395
2017-02-21,11.5700000000,68.7200000000,35.7900000000,25.7900000000,0.0016662042,-0.0244220369,-0.0078895873
2017-02-22,11.7400000000,69.2600000000,35.7600000000,27.0900000000,-0.0087320573,-0.0041474332,0.0039525743
2017-02-23,11.7100000000,68.6400000000,35.4400000000,25.7900000000,0.0159203659,0.0140862899,0.0537557433
2017-02-24,11.4700000000,69.8500000000,34.9300000000,25.7200000000,-0.0084840051,-0.0279242521,0.0074488240
2017-02-27,12.0900000000,70.8900000000,34.4100000000,25.0100000000,0.0011106999,-0.0294784594,-0.0358867593
2017-02-28,12.9200000000,,34.2400000000,25.4600000000,-0.0007403295,-0.0225307245,0.0076628727
2017-03-01,12.5400000000,,34.4600000000,24.6700000000,-0.0033382820,0.0127030643,0.1203243331
2017-03-02,11.8100000000,69.5400000000,33.6900000000,25.9400000000,-0.0229247168,-0.0207848767,-0.0773672150
2017-03-03,10.9600000000,65.7900000000,33.8900000000,25.5900000000,0.0135928089,0.0003579312,0.0234879813
2017-03-06,11.2400000000,65.4100000000,33.2300000000,26.9600000000,-0.0024406283,-0.0091073128,-0.0198383422
2017-03-07,11.4500000000,66.0300000000,33.1600000000,26.4600000000,-0.0011284560,-0.0067035309,-0.0202398813
2017-03-08,11.8600000000,66.6100000000,32.7400000000,31.7400000000,-0.0553225566,-0.0157570134,-0.0263668758
2017-03-09,12.3000000000,69.1800000000,32.4800000000,31.9800000000,-0.0200890645,-0.0076623992,-0.0212158392
2017-03-10,11.6600000000,67.7000000000,32.7000000000,33.4500000000,-0.0161607281,0.0017972798,0.0077670293
2017-03-13,11.3500000000,65.6400000000,32.7900000000,32.3900000000,-0.0018577774,-0.0203290816,-0.0019361090
2017-03-14,12.3000000000,65.1800000000,32.4200000000,33.1900000000,-0.0141492165,0.0062992334,-0.0097371753
2017-03-15,11.6300000000,61.6200000000,33.1500000000,30.0800000000,0.0236084686,0.0106184633,0.0174592214
2017-03-16,11.2100000000,60.4400000000,33.7800000000,28.6300000000,-0.0022538684,-0.0072333046,-0.0096619109
2017-03-17,11.2800000000,60.7200000000,33.6300000000,27.4500000000,0.0006151953,0.0002502972,-0.0019436352
2017-03-20,11.3400000000,59.8200000000,33.8800000000,28.1100000000,-0.0115465200,-0.0130992490,-0.0296171697
2017-03-21,12.4700000000,62.1300000000,33.5900000000,30.5700000000,-0.0184182687,-0.0088504605,-0.0100705786
2017-03-22,12.8100000000,,33.7400000000,30.0500000000,0.0146783931,-0.0023050337,0.0060545089
2017-03-23,13.1200000000,65.2200000000,33.8200000000,29.7900000000,-0.0071025993,-0.0013470607,0.0020100509
2017-03-24,12.9600000000,64.4500000000,33.8400000000,30.9900000000,0.0056444176,-0.0215410911,-0.0430835861
2017-03-27,12.5000000000,62.6800000000,33.7100000000,30.7800000000,-0.0050156845,-0.0205414061,-0.0297894368
2017-03-28,11.5300000000,61.9500000000,34.0400000000,29.9200000000,0.0133196558,0.0091300491,0.0234802676
2017-03-29,11.4200000000,61.0200000000,34.1300000000,28.5400000000,0.0232948825,0.0327598626,0.0042105325
2017-03-30,11.5400000000,60.9400000000,34.0200000000,27.8200000000,0.0168239498,0.0229121818,0.0330608623
2017-03-31,12.3700000000,60.7000000000,34.0800000000,27.5900000000,0.0049529571,-0.0085702207,-0.0478759480
2017-04-03,12.3800000000,61.2300000000,34.1300000000,26.8900000000,-0.0071400541,0.0119528348,0.0376613546
2017-04-04,11.7900000000,64.7700000000,34.4700000000,27.9700000000,0.0156021729,0.0088407997,-0.0462267175
2017-04-05,12.8900000000,63.7200000000,34.6300000000,27.7300000000,0.0023487973,0.0055631247,0.0359067085
2017-04-06,12.3900000000,68.2500000000,34.4700000000,26.7900000000,0.0106952891,-0.0045099388,0.0485925552
2017-04-07,12.8700000000,68.6600000000,34.3900000000,27.4600000000,0.0103907035,-0.0196973697,-0.0341741798
2017-04-10,14.0500000000,68.5000000000,34.2800000000,26.7100000000,0.0159517245,-0.0204798379,-0.0206618921
2017-04-11,15.0700000000,70.5600000000,34.2700000000,27.2700000000,0.0060105365,-0.0009028181,0.0165635257
2017-04-12,15.7700000000,73.4200000000,34.0000000000,26.9200000000,-0.0054455115,0.0086719670,0.0122450510
2017-04-13,15.9600000000,74.4800000000,33.7500000000,26.0200000000,0.0013171514,0.0009589261,0.0040485885
2017-04-17,14.6600000000,70.9600000000,34.1900000000,25.8000000000,-0.0100161472,,
2017-04-18,14.4200000000,72.8700000000,33.8900000000,26.8800000000,-0.0045688258,0.0366368914,-0.0183491387
2017-04-19,14.9300000000,73.1300000000,33.7000000000,29.8100000000,-0.0383129017,-0.0043212611,-0.0061919702
2017-04-20,14.1500000000,73.8600000000,33.9700000000,27.9600000000,-0.0033760334,-0.0075139298,-0.0167018496
2017-04-21,14.6300000000,77.1500000000,33.6300000000,30.0600000000,-0.0130144994,0.0171800048,-0.0386314131
2017-04-24,10.8400000000,63.2700000000,33.5100000000,29.8800000000,-0.0078907845,-0.0120817595,0.0152011613
2017-04-25,10.7600000000,62.3600000000,33.4700000000,29.3900000000,0.0066808630,-0.0220078477,-0.0306369695
2017-04-26,10.8500000000,60.9500000000,33.5500000000,29.3200000000,0.0080386285,0.0180932188,0.0241504602
2017-04-27,10.3600000000,59.8200000000,33.0900000000,29.8800000000,-0.0130957850,-0.0008096914,-0.0131006240
2017-04-28,10.8200000000,60.1900000000,33.3600000000,28.5500000000,0.0062670780,0.0082529710,0.0043859719
2017-05-01,10.1100000000,59.4000000000,33.3100000000,29.4200000000,-0.0093136936,-0.0004326730,
2017-05-02,10.5900000000,60.3200000000,33.5500000000,32.2300000000,-0.0240876288,0.0167370489,-0.0266091087
2017-05-03,10.6800000000,59.3800000000,33.4700000000,32.8000000000,0.0039513413,-0.0073837101,-0.0112995553
2017-05-04,10.4600000000,60.0800000000,33.0700000000,34.6700000000,-0.0484788801,-0.0265010699,0.0269074529
2017-05-05,10.5700000000,58.7200000000,33.4700000000,33.8300000000,0.0151354241,-0.0049177326,0.0131870043
2017-05-08,9.7700000000,55.4100000000,33.5300000000,33.8500000000,0.0051369976,-0.0233394014,-0.0355593020
2017-05-09,9.9600000000,55.2200000000,33.6300000000,34.2100000000,-0.0122437358,-0.0023966070,0.0223722978
2017-05-10,10.2100000000,55.0300000000,34.0500000000,34.0200000000,0.0304375950,0.0078806687,-0.0156078977
2017-05-11,10.6000000000,54.4700000000,34.3500000000,33.7200000000,0.0104276232,-0.0091785274,-0.0227282511
2017-05-12,10.4000000000,55.7100000000,34.5700000000,33.7200000000,-0.0006226004,-0.0032520354,0.0249729209
2017-05-15,10.4200000000,56.7300000000,34.8600000000,33.1000000000,0.0203438641,0.0090791804,-0.0158195389
2017-05-16,10.6500000000,55.5000000000,34.7700000000,33.4400000000,-0.0032599866,-0.0094049664,0.0335977850
2017-05-17,15.5900000000,62.5800000000,34.7300000000,33.9000000000,0.0083325347,0.0150699744,0.0087719861
2017-05-18,14.6600000000,58.9800000000,34.2400000000,32.8000000000,0.0050469472,0.0092013429,0.0385486701
2017-05-19,12.0400000000,57.8200000000,34.9300000000,29.7600000000,0.0201342394,-0.0142209814,0.0187310367
2017-05-22,10.9300000000,55.4700000000,35.0100000000,30.5900000000,0.0090373896,0.0000645140,0.0122952369
2017-05-23,10.7200000000,,34.6900000000,31.7700000000,0.0114731448,0.0085434918,-0.0331293238
2017-05-24,10.0200000000,54.4100000000,34.6600000000,30.9400000000,-0.0025166986,-0.0054517019,0.0331293238
2017-05-25,9.9900000000,54.3200000000,34.6000000000,33.0300000000,-0.0486544882,-0.0111234413,0.0141559492
2017-05-26,9.8100000000,54.0500000000,34.6200000000,30.0400000000,0.0183491387,-0.0017574125,0.0413038061
2017-05-28,,,,,-0.0022002209,,
2017-05-29,,,,,0.0006005405,0.0048740958,-0.0038610087
2017-05-30,10.3800000000,,34.4500000000,30.3000000000,-0.0012014419,0.0144813472,-0.0058196091
2017-05-31,10.4100000000,53.9500000000,34.3800000000,32.2900000000,-0.0274212367,-0.0229449394,-0.0316231884
2017-06-01,9.8900000000,54.0000000000,34.2600000000,31.1900000000,0.0008233842,-0.0128312338,0.0198813706
2017-06-02,9.7500000000,53.7400000000,34.2800000000,32.4700000000,-0.0151345275,-0.0104517811,0.0156253179
2017-06-05,10.0700000000,53.0000000000,34.4500000000,33.7100000000,-0.0098667747,0.0054725177,0.0019361090
2017-06-06,10.4500000000,53.2200000000,34.7500000000,32.1200000000,0.0165293020,-0.0119850117,-0.0394528484
2017-06-07,10.3900000000,54.8000000000,34.7500000000,34.2300000000,-0.0526156917,0.0053071906,-0.0182746202
2017-06-08,10.1600000000,53.7300000000,34.8000000000,33.8400000000,-0.0017513139,0.0238342961,0.0342430234
2017-06-09,10.7000000000,52.5600000000,34.9600000000,32.5900000000,0.0041543735,-0.0186884298,-0.0019821612
2017-06-12,11.4600000000,52.3200000000,34.4000000000,33.9500000000,0.0054401179,-0.0139618324,-0.0240975516
2017-06-13,10.4200000000,51.6700000000,34.6700000000,32.3400000000,0.0127225436,-0.0083489370,0.0181273846
2017-06-14,10.6400000000,52.2200000000,34.2800000000,32.0200000000,-0.0379958369,0.0019747376,-0.0140705839
2017-06-15,10.9000000000,51.5900000000,33.4800000000,31.9000000000,-0.0055797489,-0.0079910271,0.0040404095
2017-06-16,10.3800000000,51.4800000000,33.7800000000,27.9300000000,0.0064696266,0.0010965665,-0.0162605209
2017-06-19,10.3700000000,51.6000000000,33.8900000000,30.3400000000,-0.0120806838,0.0106289752,0.0101937682
2017-06-20,10.8600000000,51.6000000000,33.1200000000,32.4900000000,-0.0209241202,0.0026396848,0.0040485885
2017-06-21,10.7500000000,51.6400000000,33.4800000000,33.3200000000,-0.0176216013,-0.0041318174,-0.0142423567
2017-06-22,10.4800000000,51.1300000000,33.6400000000,32.6500000000,0.0051330024,-0.0077678232,-0.0041067820
2017-06-23,10.0200000000,51.1600000000,33.8400000000,31.9200000000,0.0069573564,0.0004103406,0.0020554992
2017-06-26,9.9000000000,50.0200000000,33.9700000000,31.7700000000,0.0078269276,0.0118272178,-0.0186533906
2017-06-27,11.0600000000,52.1000000000,33.7500000000,32.2800000000,0.0199779630,0.0142236548,0.0329247847
2017-06-28,10.0300000000,52.5100000000,33.8500000000,30.8000000000,0.0111757980,0.0076979609,0.0000000000
2017-06-29,11.4400000000,54.6600000000,33.6700000000,30.4600000000,0.0046568440,-0.0100990826,0.0259754864
2017-06-30,11.1800000000,55.2200000000,33.8700000000,28.7000000000,0.0238288682,-0.0090559063,-0.0079208335
2017-07-03,11.2200000000,55.2500000000,33.9500000000,30.2600000000,0.0213729016,0.0189566483,0.0216330954
2017-07-04,,,,,-0.0033891157,-0.0113040635,-0.0038986404
2017-07-05,11.0700000000,56.4400000000,34.0700000000,32.6100000000,-0.0387200959,-0.0003344146,-0.0157483570
2017-07-06,12.5400000000,56.9600000000,33.8200000000,32.8200000000,0.0079086528,0.0036057731,0.0389154162
2017-07-07,11.1900000000,55.7600000000,33.7200000000,33.1700000000,-0.0290840791,-0.0152459382,0.0189041546
2017-07-10,11.1100000000,53.1800000000,33.8500000000,33.2300000000,0.0047196402,-0.0121882147,0.0111733006
2017-07-11,10.8900000000,53.2200000000,34.0000000000,33.6100000000,0.0140267245,-0.0093606575,-0.0130477154
2017-07-12,10.3000000000,52.4300000000,34.3600000000,32.4800000000,0.0094620576,0.0005530591,0.0277538628
2017-07-13,9.9000000000,52.2100000000,34.3700000000,31.7600000000,0.0128388229,0.0090130990,-0.0221411259
2017-07-14,9.5100000000,51.0300000000,34.7500000000,30.2800000000,0.0107527918,0.0023943914,0.0111318404
2017-07-17,9.8200000000,50.0000000000,34.8700000000,30.6100000000,-0.0111853177,0.0159970876,0.0036832454
2017-07-18,9.8900000000,49.5500000000,35.0500000000,29.9600000000,0.0077569878,-0.0088481209,0.0036697289
2017-07-19,9.7900000000,48.2600000000,35.1000000000,29.5500000000,0.0155471133,0.0023716765,-0.0129034048
2017-07-20,9.5800000000,47.0000000000,34.9900000000,29.2500000000,-0.0084890153,0.0116409483,-0.0168385644
2017-07-21,9.3600000000,47.4500000000,35.0700000000,29.2500000000,-0.0208901750,-0.0042907011,-0.0404289900
2017-07-24,9.4300000000,47.0000000000,35.0800000000,29.2400000000,0.0121134944,-0.0108759136,0.0097752489
2017-07-25,9.4300000000,49.5700000000,35.3600000000,29.1800000000,0.0319502476,0.0071063884,0.0038835000
2017-07-26,9.6000000000,47.2800000000,35.6400000000,29.4400000000,0.0171367877,0.0232638387,0.0172914971
2017-07-27,10.1100000000,48.4200000000,35.6400000000,29.8100000000,0.0065293029,-0.0031676922,-0.0211749971
2017-07-28,10.2900000000,48.5300000000,35.7200000000,29.8600000000,0.0129320857,-0.0096972067,0.0077519768
2017-07-31,10.2600000000,48.1400000000,35.5500000000,30.8400000000,0.0089937650,-0.0011352634,0.0096062218
2017-08-01,10.0900000000,49.9700000000,35.9100000000,30.5400000000,-0.0194883114,-0.0196355959,0.0132955425
2017-08-02,10.2800000000,48.7500000000,35.7800000000,30.4300000000,0.0088871520,0.0045551971,0.0242323134
2017-08-03,10.4400000000,47.9300000000,35.9500000000,29.6500000000,-0.0109180219,0.0032507140,0.0000000000
2017-08-04,10.0300000000,47.2800000000,35.6700000000,28.5300000000,0.0109180219,0.0140989244,-0.0148425730
2017-08-07,9.9300000000,46.9100000000,35.6500000000,28.7300000000,-0.0032225607,0.0230001242,-0.0150661984
2017-08-08,10.9600000000,47.3400000000,35.7700000000,29.4400000000,-0.0081021306,-0.0115327928,0.0000000000
2017-08-09,11.1100000000,49.6700000000,36.2900000000,29.0600000000,0.0079003753,0.0258926773,0.0187975460
2017-08-10,16.0400000000,52.0000000000,35.7600000000,29.2700000000,-0.0197663083,0.0130161986,0.0000000000
2017-08-11,15.5100000000,52.0600000000,35.8400000000,28.4100000000,0.0047223165,0.0150369312,0.0037174764
2017-08-14,12.3300000000,49.3000000000,35.9200000000,29.1600000000,-0.0255174098,-0.0087177949,0.0238324754
2017-08-15,12.0400000000,48.6300000000,35.8100000000,29.3100000000,-0.0008408661,-0.0189500774,0.0018099552
2017-08-16,11.7400000000,48.4700000000,36.2800000000,29.1800000000,-0.0163260278,0.0328995733,0.0476701020
2017-08-17,15.5500000000,48.8400000000,36.0700000000,29.3100000000,0.0066049031,0.0061927372,0.0017226533
2017-08-18,14.2600000000,50.1600000000,36.3600000000,27.5300000000,0.0297092980,-0.0061927372,0.0017196909
2017-08-21,13.1900000000,52.0600000000,36.7900000000,28.7700000000,-0.0237808453,0.0052044727,-0.0121004069
2017-08-22,11.3500000000,51.3000000000,36.8800000000,27.9700000000,0.0056836276,-0.0017937225,0.0052038279
2017-08-23,12.2500000000,52.0800000000,36.8400000000,27.8000000000,0.0160336595,0.0127335402,0.0289875369
2017-08-24,12.2300000000,52.4900000000,37.0100000000,28.3700000000,-0.0204514641,-0.0007337655,0.0000000000
2017-08-25,11.2800000000,50.5600000000,37.0700000000,28.8800000000,0.0092340635,-0.0027564257,0.0232568622
2017-08-28,11.3200000000,48.8600000000,37.3700000000,30.3900000000,-0.0275324464,0.0001226693,0.0016406895
2017-08-29,11.7000000000,51.4000000000,37.3100000000,30.4900000000,-0.0027954002,0.0101294496,-0.0098847592
2017-08-30,11.2200000000,51.5600000000,37.1600000000,29.7800000000,-0.0103897038,0.0029099748,-0.0016570012
2017-08-31,10.5900000000,51.1300000000,37.4400000000,29.1000000000,0.0272578309,-0.0041249679,-0.0150378774
2017-09-01,10.1300000000,49.4400000000,37.8000000000,28.9700000000,0.0012695727,-0.0023734911,-0.0186921330
2017-09-03,,,,,0.0006341825,,
2017-09-04,,,,,0.0019001378,0.0022519105,0.0153194485
2017-09-05,12.2300000000,53.3200000000,37.9600000000,29.5800000000,0.0260241604,0.0239079143,0.0934657280
2017-09-06,11.6300000000,52.9200000000,38.4600000000,30.0700000000,0.0102229473,-0.0011878602,0.0303053495
2017-09-07,11.5500000000,54.0100000000,38.3400000000,29.7300000000,-0.0014249366,-0.0016653784,0.0294138852
2017-09-08,12.1200000000,,38.1500000000,29.4900000000,-0.0333467783,-0.0007145835,0.0243390683
2017-09-11,10.7300000000,51.8800000000,38.5800000000,27.7300000000,0.0123497122,0.0238975469,-0.0272418280
2017-09-12,10.5800000000,51.6500000000,38.5100000000,27.5900000000,0.0033229522,-0.0023875393,-0.0014545457
2017-09-13,10.5000000000,51.3700000000,38.3500000000,26.6200000000,0.0219428470,0.0081291819,0.0329306778
2017-09-14,10.4400000000,50.7300000000,38.3500000000,26.0900000000,0.0118965008,0.0168022991,0.0000000000
2017-09-15,10.1700000000,50.6300000000,38.2400000000,26.6500000000,0.0000000000,-0.0222531679,-0.0213531245
2017-09-18,10.1500000000,50.1600000000,38.2200000000,27.5300000000,0.0004008016,-0.0055392113,-0.0321665159
2017-09-19,10.1800000000,49.8600000000,38.3600000000,25.7600000000,-0.0086528360,0.0014022789,0.0436115622
2017-09-20,9.7800000000,49.1500000000,38.1800000000,26.9900000000,0.0186210206,-0.0118643469,-0.0172170680
2017-09-21,9.6700000000,48.3100000000,38.2200000000,26.3000000000,0.0027733774,-0.0103935605,-0.0519790348
2017-09-22,9.5900000000,50.5200000000,38.2600000000,26.3900000000,0.0021736991,-0.0061682383,0.0136262517
2017-09-25,10.2100000000,51.1100000000,38.4500000000,26.9300000000,0.0303289187,0.0445849544,0.0905140075
2017-09-26,10.1700000000,50.6400000000,38.2700000000,27.8000000000,-0.0065322038,-0.0026462651,-0.0420819454
2017-09-27,9.8700000000,52.0800000000,38.3100000000,27.2900000000,0.0105455871,0.0078035741,-0.0071891036
2017-09-28,9.5500000000,51.8600000000,38.6600000000,27.1800000000,-0.0107383582,0.0063810608,0.0043196611
2017-09-29,9.5100000000,52.8800000000,38.7900000000,26.8300000000,0.0015411292,-0.0129181562,0.0156810056
2017-10-02,9.4500000000,54.4600000000,39.3700000000,27.7200000000,-0.0204187940,0.0143369584,-0.0185587054
2017-10-03,9.5100000000,54.6000000000,40.3600000000,27.9500000000,-0.0031483694,0.0165358098,0.0086083745
2017-10-04,9.6300000000,54.4900000000,40.5300000000,27.0400000000,-0.0083119418,0.0017277418,-0.0143887375
2017-10-05,9.1900000000,55.5800000000,41.1800000000,26.4500000000,0.0163598800,0.0067153456,-0.0014503266
2017-10-06,9.6500000000,54.9800000000,40.8100000000,27.5900000000,-0.0297641019,-0.0016607621,0.0158390640
2017-10-09,10.3300000000,,40.7100000000,27.3200000000,0.0056236340,0.0098137297,-0.0057306747
2017-10-10,10.0800000000,53.8900000000,40.5300000000,26.5400000000,0.0257032734,-0.0069920730,0.0599482606
2017-10-11,9.8500000000,52.6900000000,40.6600000000,26.4300000000,0.0071963745,-0.0034312945,-0.0013540963
2017-10-12,9.9100000000,51.8200000000,41.0300000000,25.8500000000,-0.0130695316,-0.0092454014,0.0040568007
2017-10-13,9.6100000000,50.8500000000,41.2700000000,25.7300000000,0.0155857431,0.0037976143,-0.0122201113
2017-10-16,9.9100000000,,41.6200000000,26.3200000000,0.0078945245,0.0105903238,0.0054496048
2017-10-17,10.3100000000,49.0300000000,41.3300000000,25.8700000000,-0.0005755396,-0.0027062121,0.0081191244
2017-10-18,10.0700000000,50.2900000000,41.3900000000,26.4100000000,0.0028743912,0.0122572783,0.0512259067
2017-10-19,10.0500000000,51.4900000000,41.3500000000,26.3000000000,-0.0144552965,-0.0112623083,-0.0206993160
2017-10-20,9.9700000000,53.9800000000,41.5500000000,24.5100000000,0.0063860885,-0.0184565723,-0.0105125804
2017-10-23,11.0700000000,54.1000000000,41.8700000000,25.0800000000,0.0046189459,-0.0025921349,-0.0173222186
2017-10-24,11.1600000000,55.9400000000,42.1300000000,25.6000000000,0.0112650356,-0.0084995979,0.0040241503
2017-10-25,11.2300000000,57.3600000000,42.0500000000,25.4400000000,-0.0045670869,0.0088944869,-0.0094149989
2017-10-26,11.3000000000,57.3500000000,41.9100000000,25.2200000000,0.0081679626,-0.0073592180,-0.0273989742
2017-10-27,9.8000000000,54.6700000000,41.8100000000,25.1800000000,0.0230024167,0.0011357185,-0.0041753714
2017-10-30,10.5000000000,51.6900000000,41.7800000000,25.3300000000,0.0051632053,-0.0004541326,-0.0041928783
2017-10-31,10.1800000000,51.1500000000,41.8300000000,25.3100000000,0.0040381846,0.0334453192,0.0317049298
2017-11-01,10.2000000000,49.9400000000,42.0500000000,25.6500000000,-0.0014665447,0.0122794677,0.0188177596
2017-11-02,9.9300000000,48.7300000000,42.3300000000,25.6500000000,0.0047584277,0.0007590956,0.0197765180
2017-11-03,9.1400000000,45.8300000000,42.3800000000,24.8200000000,0.0197059617,-0.0128189400,0.0283159201
2017-11-06,9.4000000000,45.0500000000,42.6600000000,26.8500000000,0.0301530382,0.0345857352,0.0050633020
2017-11-07,9.8900000000,44.2000000000,42.0000000000,28.7500000000,-0.0024347838,0.0191202379,-0.0216983625
2017-11-08,9.7800000000,43.9700000000,42.1400000000,27.9900000000,-0.0066387386,0.0016116039,-0.0038784793
2017-11-09,10.5000000000,44.9900000000,41.9400000000,28.3700000000,0.0059419958,0.0086374635,-0.0222668008
2017-11-10,11.2900000000,47.2900000000,41.3700000000,29.4000000000,-0.0071697431,0.0110113530,-0.0200675631
2017-11-13,11.5000000000,46.3900000000,41.0400000000,30.2200000000,-0.0001755156,0.0102362300,-0.0067796870
2017-11-14,11.5900000000,47.7700000000,40.7500000000,30.0800000000,-0.0191393402,-0.0299369932,0.0054274217
2017-11-15,13.1300000000,48.0000000000,40.3300000000,29.8400000000,-0.0066421571,-0.0186137239,0.0397930486
2017-11-16,11.7600000000,47.7400000000,40.3100000000,28.4200000000,-0.0030666570,0.0152313869,-0.0250177630
2017-11-17,11.4300000000,49.0900000000,40.8100000000,26.9600000000,0.0242739029,-0.0176158098,-0.0026702286
2017-11-20,10.6500000000,48.1000000000,40.8400000000,27.1800000000,-0.0051268565,0.0281929811,-0.0053619431
2017-11-21,9.7300000000,48.0900000000,41.2400000000,26.6400000000,0.0088230676,0.0182450442,-0.0067431139
2017-11-22,9.8800000000,46.8800000000,41.4900000000,26.8300000000,0.0191410055,-0.0080338053,-0.0027100288
2017-11-23,,,,,0.0061855867,0.0179610707,0.0385942776
2017-11-24,9.6700000000,46.1600000000,41.6700000000,26.8800000000,0.0090374901,0.0246644832,0.0142581806
2017-11-27,9.8700000000,45.2900000000,41.3200000000,28.3600000000,-0.0128130223,0.0081366621,-0.0090498355
2017-11-28,10.0300000000,44.9300000000,41.1900000000,28.1300000000,-0.0018931251,-0.0182161535,-0.0143887375
2017-11-29,10.7000000000,45.5400000000,41.0400000000,28.0200000000,-0.0119575119,0.0050770288,0.0143887375
2017-11-30,11.2800000000,46.8300000000,41.0500000000,25.9500000000,0.0015678080,-0.0017223142,-0.0223252870
2017-12-01,11.4300000000,50.1700000000,41.0200000000,23.7300000000,0.0160583611,0.0266319559,0.0197245053
2017-12-04,11.6800000000,48.7600000000,40.2300000000,23.6800000000,-0.0153623458,0.0213980410,-0.0170719839
2017-12-05,11.3300000000,49.2400000000,39.8800000000,23.1300000000,0.0031260880,0.0024379964,-0.0160217045
2017-12-06,11.0200000000,49.3200000000,39.5600000000,23.1300000000,-0.0288498461,-0.0084646638,-0.0217695672
2017-12-07,10.1600000000,49.2400000000,39.4200000000,23.1300000000,0.0127683948,0.0094007743,0.0109440217
2017-12-08,9.5800000000,47.4900000000,39.5300000000,23.8500000000,0.0120852684,-0.0200833685,-0.0289875369
2017-12-11,9.3400000000,46.5700000000,39.5800000000,22.9600000000,0.0105637834,0.0016692504,0.0083682497
2017-12-12,9.9200000000,46.7500000000,39.6600000000,22.8400000000,-0.0154503551,0.0364493318,-0.0083682497
2017-12-13,10.1800000000,45.0300000000,39.8900000000,23.4900000000,-0.0100220619,-0.0526387662,-0.0098522964
2017-12-14,10.4900000000,44.8400000000,38.2700000000,23.0000000000,0.0086215015,0.0312294455,0.0028248606
2017-12-15,9.4200000000,46.4300000000,37.4800000000,21.2500000000,0.0043702543,-0.0126126521,0.0126140425
2017-12-18,9.5300000000,46.7300000000,38.9100000000,18.4300000000,-0.0019205593,-0.0270306260,0.0288283519
2017-12-19,10.0300000000,48.9600000000,38.5100000000,18.8800000000,0.0059243944,-0.0173908859,0.0200944471
2017-12-20,9.7200000000,49.9500000000,38.9200000000,19.4600000000,0.0098539997,0.0105789706,0.0351827818
2017-12-21,9.6200000000,51.6000000000,39.5000000000,17.8600000000,0.0046340081,-0.0158607607,0.0265334580
2017-12-22,9.9000000000,50.3800000000,40.7200000000,19.2600000000,0.0023943914,-0.0171831594,0.0209754760
2017-12-25,,,,,0.0008537523,,
2017-12-26,10.2500000000,48.8200000000,40.4300000000,20.9900000000,0.0237805287,,
2017-12-27,10.4700000000,47.7300000000,40.4800000000,20.6400000000,-0.0051800600,-0.0261587440,-0.0024449890
2017-12-28,10.1800000000,46.1900000000,40.8500000000,20.7100000000,0.0030110428,0.0279868053,0.0048840146
2017-12-29,11.0400000000,46.6000000000,40.9800000000,21.3200000000,0.0094755925,-0.0043725919,-0.0036607728
2018-01-01,,,,,-0.0033145539,,
2018-01-02,9.7700000000,49.1700000000,41.8200000000,22.7300000000,0.0023213408,-0.0100889392,-0.0462871868
2018-01-03,9.1500000000,47.6000000000,42.1500000000,22.7500000000,0.0191919284,-0.0060922280,0.0025575462
2018-01-04,9.2200000000,47.3800000000,42.2700000000,22.1200000000,0.0056703271,-0.0057128174,-0.0076923456
2018-01-05,9.2200000000,46.0700000000,42.7000000000,22.3000000000,-0.0079474913,-0.0143208050,0.0012861738
2018-01-08,9.5200000000,45.9000000000,42.2400000000,21.9000000000,0.0050353392,0.0069499569,-0.0155443544
2018-01-09,10.0800000000,47.2900000000,42.0300000000,22.9600000000,0.0184610749,0.0201019624,0.0155443544
2018-01-10,9.8200000000,49.1700000000,42.3000000000,23.5200000000,0.0087101667,0.0033882675,0.0140397967
2018-01-11,9.8800000000,48.1900000000,42.5900000000,23.5200000000,0.0040912724,-0.0092679069,-0.0089115803
2018-01-12,10.1600000000,47.6100000000,42.9800000000,23.5200000000,0.0085998497,0.0266437442,0.0051020519
2018-01-14,,,,,0.0007781496,,
2018-01-15,,,,,0.0069762317,-0.0347981509,-0.0076628727
2018-01-16,11.6600000000,45.9100000000,43.1200000000,26.4100000000,-0.0165112785,-0.0092210011,0.0315483577
2018-01-17,11.9100000000,45.8800000000,43.0600000000,24.7000000000,0.0039188074,-0.0285092979,0.0160200592
2018-01-18,12.2200000000,48.5500000000,43.4600000000,24.3800000000,-0.0004694468,-0.0089759885,0.0371968497
2018-01-19,11.2700000000,,43.4900000000,21.2000000000,-0.0091195601,-0.0067440012,0.0313069046
2018-01-22,11.0300000000,52.6000000000,43.5700000000,22.0300000000,0.0040983664,0.0197195626,-0.0011422046
2018-01-23,11.1000000000,52.5500000000,43.3900000000,22.3400000000,0.0115734792,-0.0165886381,0.0292813713
2018-01-24,11.4700000000,54.1100000000,44.1700000000,23.9300000000,0.0161953104,-0.0206124319,0.0487373114
2018-01-25,11.5800000000,53.3800000000,44.0100000000,22.3500000000,0.0001529871,-0.0045450798,-0.0235304974
2018-01-26,11.0800000000,55.6300000000,44.3100000000,22.2900000000,0.0091366556,0.0040410899,-0.0163669775
2018-01-29,13.8400000000,55.9800000000,44.1300000000,22.7300000000,-0.0088307517,-0.0207710006,-0.0099503309
2018-01-30,14.7900000000,57.2800000000,43.4000000000,22.9000000000,-0.0160324075,-0.0077504191,-0.0134230203
2018-01-31,13.5400000000,57.2000000000,43.2600000000,22.2300000000,0.0032580899,0.0339399733,0.0440599898
2018-02-01,13.4700000000,57.8300000000,43.5800000000,22.2400000000,0.0152181862,0.0165749651,-0.0010781672
2018-02-02,17.3100000000,60.3300000000,42.2400000000,23.8000000000,-0.0073495967,-0.0035680016,-0.0340131526
2018-02-05,37.3200000000,60.4100000000,41.7400000000,25.9100000000,-0.0192403142,-0.0313354689,0.0122020371
2018-02-06,29.9800000000,,41.8900000000,26.5900000000,-0.0113440637,0.0131339787,-0.0302205426
2018-02-07,27.7300000000,66.0700000000,40.8100000000,26.7900000000,-0.0250293830,0.0224268100,0.0213611270
2018-02-08,33.4600000000,67.8500000000,40.2000000000,29.5000000000,-0.0099600791,-0.0201334234,0.0143569556
2018-02-09,29.0600000000,,40.2300000000,29.8500000000,-0.0325218355,0.0001676024,0.0119892444
2018-02-12,25.6100000000,69.8600000000,40.4900000000,29.4200000000,0.0015245196,0.0030120505,0.0267252678
2018-02-13,24.9700000000,68.9700000000,40.9100000000,30.3900000000,-0.0008466684,0.0195787310,0.0433504409
2018-02-14,19.2600000000,69.5200000000,42.0400000000,27.7300000000,0.0247628514,-0.0086115224,-0.0307716587
2018-02-15,19.1300000000,66.6800000000,42.3700000000,27.5700000000,0.0108482326,-0.0210428606,-0.0062696130
2018-02-16,19.4600000000,63.0300000000,41.9700000000,26.9700000000,0.0061929794,0.0238483745,-0.0020986367
2018-02-18,,,,,0.0027581749,,
2018-02-19,,,,,0.0106366837,0.0522788556,0.0371176630
2018-02-20,20.6000000000,60.2600000000,41.6500000000,27.5800000000,-0.0095031721,0.0361963290,-0.0163268933
2018-02-21,20.0200000000,61.1600000000,41.3900000000,26.9300000000,-0.0043792139,-0.0041316127,-0.0165978914
2018-02-22,18.7200000000,61.1400000000,41.8100000000,24.9800000000,0.0174029529,0.0061408559,0.0165978914
2018-02-23,16.4900000000,64.6000000000,41.9000000000,24.3700000000,0.0128562996,0.0384908974,0.0092166551
2018-02-26,15.8000000000,63.7200000000,42.2800000000,24.3600000000,0.0056612826,-0.1073475736,-0.0185190478
2018-02-27,18.5900000000,63.9300000000,42.1500000000,25.2900000000,-0.0137366966,0.0308596219,0.0525904797
2018-02-28,19.8500000000,62.9700000000,41.9200000000,26.9200000000,-0.0229969128,-0.1005362173,-0.0049382816
2018-03-01,22.4700000000,63.6600000000,42.1000000000,26.9800000000,-0.0109594619,0.0110054991,-0.0109508312
2018-03-02,19.5900000000,65.3000000000,42.1400000000,26.1500000000,0.0047583977,0.0215983810,0.0149034055
2018-03-05,18.7300000000,64.7100000000,42.2500000000,26.3000000000,0.0210568195,-0.0217123995,0.0214642387
2018-03-06,18.3600000000,63.5000000000,42.6000000000,25.5500000000,0.0009612304,0.0153322570,0.0105617881
2018-03-07,17.7600000000,63.3500000000,42.2600000000,26.9400000000,-0.0231645573,-0.0004492615,0.0161064590
2018-03-08,16.5400000000,61.5800000000,41.8900000000,26.1600000000,-0.0158576167,0.0264405836,0.0441248049
2018-03-09,14.6400000000,58.9700000000,42.0900000000,26.2300000000,0.0304991667,0.0353101143,0.0000000000
2018-03-12,15.7800000000,58.2900000000,42.0100000000,24.0200000000,-0.0095741096,0.0458260872,-0.0036036075
2018-03-13,16.3500000000,55.0700000000,41.9100000000,25.5000000000,-0.0095020374,-0.0116693359,0.0284716741
2018-03-14,17.2300000000,57.8500000000,41.6500000000,25.2100000000,0.0044345971,-0.0623261196,-0.0194868877
2018-03-15,16.5900000000,57.7100000000,41.3300000000,25.0700000000,0.0037621701,0.0272712515,0.0008940546
2018-03-16,15.8000000000,59.0100000000,41.3400000000,24.5300000000,0.0187616695,-0.0128196654,-0.0017889092
2018-03-19,19.0200000000,59.9800000000,41.2500000000,25.2800000000,-0.0044965549,0.0031002804,-0.0098966170
2018-03-20,18.2000000000,57.8900000000,41.3600000000,25.3000000000,0.0224406648,0.0224811579,0.0433504409
2018-03-21,17.8600000000,55.7200000000,42.1200000000,25.9500000000,0.0219481143,0.0110022388,0.0909717782
2018-03-22,23.3400000000,55.9300000000,41.5700000000,26.4700000000,-0.0119261074,-0.0185450957,-0.0248111967
2018-03-23,24.8700000000,56.1700000000,41.7500000000,27.5600000000,0.0235594852,-0.0302115206,0.0216441315
2018-03-26,21.0300000000,54.5500000000,42.1800000000,27.7100000000,-0.0045759689,-0.0260225488,0.0296896807
2018-03-27,22.5000000000,56.2700000000,41.8900000000,27.3800000000,-0.0035224786,0.0281878720,0.0517550815
2018-03-28,22.8700000000,58.3500000000,41.7200000000,26.6700000000,-0.0128157394,-0.0054221247,-0.0517550815
2018-03-29,19.9700000000,58.5400000000,42.5700000000,25.0700000000,0.0080483332,-0.0102189474,0.0220793134
2018-04-02,23.6200000000,58.6600000000,42.4800000000,27.5300000000,-0.0294092836,,
2018-04-03,21.1000000000,56.0200000000,42.8300000000,26.8900000000,0.0074338025,-0.0086055253,0.0015048912
2018-04-04,20.0600000000,55.3500000000,43.2700000000,26.1700000000,-0.0020506356,0.0078912199,-0.0182099114
2018-04-05,18.9400000000,53.7200000000,43.4200000000,24.3800000000,0.0033104783,-0.0020908998,-0.0326877351
2018-04-06,21.4900000000,56.0700000000,42.9800000000,24.9900000000,-0.0229236399,0.0002203007,0.0273134420
2018-04-09,21.7700000000,52.5100000000,42.7200000000,25.6400000000,0.0211909467,0.0260898542,0.0258373035
2018-04-10,20.4700000000,51.4300000000,43.4300000000,28.0500000000,0.0311967566,0.0115219710,0.0037439205
2018-04-11,20.2400000000,50.5000000000,43.8100000000,29.4200000000,0.0196707810,0.0230678643,0.0037299558
2018-04-12,18.4900000000,51.4900000000,43.5300000000,28.7300000000,0.0031415988,-0.0037905386,0.0118432176
2018-04-13,17.4100000000,51.1400000000,43.3000000000,28.5200000000,0.0056598304,0.0194741098,0.0254281772
2018-04-16,16.5600000000,49.7400000000,43.5900000000,28.8400000000,-0.0169254396,-0.0081967672,0.0042949243
2018-04-17,15.2500000000,48.3400000000,44.2700000000,27.8800000000,0.0046718494,-0.0184825114,-0.0187460428
2018-04-18,15.6000000000,50.0000000000,44.6700000000,29.4200000000,0.0290433808,0.0138421318,0.0108578700
2018-04-19,15.9600000000,51.1000000000,44.9500000000,29.3600000000,-0.0020467843,0.0211696815,-0.0314468325
2018-04-20,16.8800000000,52.7100000000,44.8400000000,28.9900000000,0.0010239158,0.0005058425,-0.0309341904
2018-04-23,16.3400000000,52.7900000000,44.4400000000,28.9700000000,0.0010228685,0.0084601169,-0.0123363168
2018-04-24,18.0200000000,53.0000000000,44.4500000000,29.1500000000,-0.0132315956,-0.0130219374,0.0260351612
2018-04-25,17.8400000000,55.2000000000,44.0000000000,28.1600000000,0.0051664444,0.0094552594,0.0022650066
2018-04-26,16.2400000000,53.1400000000,44.2800000000,26.8600000000,0.0023529423,0.0148358075,0.0171966855
2018-04-27,15.4100000000,51.2700000000,44.0000000000,25.5900000000,-0.0014699400,0.0039588334,0.0051756123
2018-04-30,15.9300000000,50.3500000000,43.7600000000,28.2800000000,0.0073281876,0.0174292085,0.0022099457
2018-05-01,15.4900000000,51.7800000000,43.3400000000,28.0700000000,-0.0199106939,-0.0217847885,-0.0148260685
2018-05-02,15.9700000000,49.0500000000,43.5400000000,27.3200000000,0.0094885812,-0.0141874695,-0.0249540359
2018-05-03,15.9000000000,49.4300000000,42.9900000000,26.6900000000,0.0072043243,0.0010057328,-0.0076864329
2018-05-04,14.7700000000,,43.2000000000,26.1700000000,0.0191532262,0.0250161943,0.0046189459
2018-05-07,14.7500000000,48.0200000000,43.1700000000,28.8600000000,0.0148362208,0.0121804186,0.0450526639
2018-05-08,14.7100000000,48.8200000000,42.8100000000,26.7600000000,-0.0236417631,0.0013066520,-0.0014695080
2018-05-09,13.4200000000,49.3700000000,42.9300000000,26.7100000000,0.0297122271,0.0077082812,0.0289875369
2018-05-10,13.2300000000,47.8100000000,43.4900000000,26.6100000000,0.0036527155,0.0025403230,0.0426488961
2018-05-11,12.6500000000,47.0600000000,43.5100000000,25.7400000000,-0.0088739226,0.0167097783,0.0013679893
2018-05-14,12.9300000000,48.3400000000,43.1700000000,25.9300000000,0.0043763746,0.0165740623,0.0006832935
2018-05-15,14.6300000000,52.6600000000,42.6200000000,26.6100000000,0.0053385909,0.0043891128,-0.0221003470
2018-05-16,13.4200000000,55.1300000000,42.7400000000,25.7300000000,0.0026586457,-0.0054082920,0.0583216104
2018-05-17,13.4300000000,54.1900000000,42.8000000000,25.1100000000,0.0001397331,0.0304471564,0.0078740564
2018-05-18,13.4200000000,53.2600000000,42.5200000000,25.2300000000,-0.0027983788,-0.0085337463,-0.0032733253
2018-05-21,13.0800000000,53.0800000000,42.6500000000,25.7900000000,0.0136378401,0.0118552629,0.0201240157
2018-05-22,13.2200000000,52.5700000000,42.8500000000,25.8900000000,-0.0020754072,0.0287980328,0.0247553105
2018-05-23,12.5800000000,53.2700000000,42.5400000000,26.0400000000,-0.0068098380,-0.0093609887,0.0037546978
2018-05-24,12.5300000000,52.1600000000,42.7000000000,25.3700000000,-0.0158833896,-0.0004835484,0.0173378956
2018-05-25,13.2200000000,54.1000000000,42.5900000000,27.7600000000,-0.0404796521,-0.0369491887,-0.0179627004
2018-05-27,,,,,-0.0062157962,,
2018-05-28,,,,,-0.0046127602,0.0017322336,0.0191896944
2018-05-29,17.0200000000,63.0000000000,41.9300000000,29.0400000000,-0.0064337770,0.0372813926,-0.0006133088
2018-05-30,14.9400000000,61.8600000000,42.1800000000,27.9000000000,0.0216786515,0.0129478453,-0.0286267214
2018-05-31,15.4300000000,60.5400000000,42.1400000000,27.6100000000,-0.0173350515,-0.0213197823,-0.0605062576
2018-06-01,13.4600000000,56.9400000000,42.5400000000,28.6500000000,-0.0171846255,-0.0381062901,0.0251668912
2018-06-04,12.7400000000,54.3000000000,42.6800000000,29.4900000000,-0.0167117726,0.0087868397,0.0534818722
2018-06-05,12.4000000000,54.4600000000,42.8000000000,29.3000000000,0.0119872344,-0.0217409881,-0.0225714912
2018-06-06,11.6400000000,56.4400000000,43.2900000000,29.1400000000,-0.0116780676,-0.0076660965,0.0100947229
2018-06-07,12.1300000000,56.5800000000,42.9400000000,28.0500000000,0.0182254834,0.0157820831,0.0043845983
2018-06-08,12.1800000000,59.5700000000,42.8600000000,27.5900000000,-0.0033444847,-0.0052795010,-0.0113137599
2018-06-11,12.3500000000,57.8300000000,42.7500000000,26.8600000000,0.0054669840,-0.0091895690,-0.0210803079
2018-06-12,12.3400000000,55.9600000000,42.7800000000,26.5800000000,0.0037790084,0.0209147645,-0.0221941225
2018-06-13,12.9400000000,53.7900000000,42.4500000000,27.0800000000,0.0036144618,0.0271186179,0.0105056777
2018-06-14,12.1200000000,52.5000000000,42.0800000000,26.6900000000,0.0025523623,0.0044120668,-0.0264740809
2018-06-15,11.9800000000,53.0800000000,41.3600000000,27.6400000000,-0.0279781059,-0.0329084116,-0.0258166512
2018-06-18,12.3100000000,52.3300000000,41.2200000000,27.5800000000,0.0128697961,0.0188921062,0.0048060511
2018-06-19,13.3500000000,52.4000000000,40.4200000000,28.0100000000,-0.0120990832,-0.0215611060,-0.0249666227
2018-06-20,12.7900000000,51.9200000000,40.2100000000,28.0600000000,0.0124034972,-0.0097236493,0.0180937434
2018-06-21,14.6400000000,53.0900000000,39.7900000000,27.7800000000,-0.0130200200,0.0037154046,0.0211539789
2018-06-22,13.7700000000,53.0300000000,40.0500000000,25.5200000000,0.0418205707,0.0050862458,0.0207157425
2018-06-25,17.3300000000,53.0400000000,39.6900000000,26.1000000000,-0.0087622154,-0.0040669249,-0.0059701670
2018-06-26,15.9200000000,51.3000000000,39.5900000000,25.6700000000,0.0328668081,-0.0061781639,0.0000000000
2018-06-27,17.9100000000,53.0500000000,39.2500000000,27.6900000000,0.0281788959,0.0265762768,0.0151868221
2018-06-28,16.8500000000,52.1300000000,38.8800000000,27.3500000000,0.0076885819,-0.0035909946,-0.0171848248
2018-06-29,16.0900000000,51.1700000000,39.2500000000,27.1800000000,0.0090109433,-0.0041067820,-0.0006668890
2018-07-02,15.6000000000,50.2500000000,38.8400000000,28.6500000000,-0.0116603209,0.0149764542,0.0053227005
2018-07-03,16.1400000000,51.2200000000,38.7900000000,28.5800000000,-0.0004189652,0.0036868888,0.0019887312
2018-07-04,,,,,0.0348649093,-0.0013922262,0.0274347709
2018-07-05,14.9700000000,51.4600000000,38.6200000000,28.7700000000,-0.0483653252,0.0094825598,0.0102565002
2018-07-06,13.3700000000,50.1300000000,39.0200000000,28.1300000000,0.0132210083,-0.0047747698,0.0012746974
2018-07-09,12.6900000000,49.6900000000,39.8100000000,28.1200000000,0.0057123109,0.0166788820,0.0189280099
2018-07-10,12.6400000000,49.8100000000,39.3000000000,26.9000000000,0.0080255032,-0.0000439918,0.0031201273
2018-07-11,13.6300000000,50.4800000000,38.4100000000,28.5600000000,-0.0523383479,-0.0066650729,0.0166825000
2018-07-12,12.5800000000,48.5700000000,38.7100000000,27.8100000000,0.0070906889,-0.0273411567,-0.0141933885
2018-07-13,12.1800000000,48.2800000000,38.9400000000,27.5400000000,0.0086145544,0.0132476222,-0.0018662525
2018-07-16,12.8300000000,47.7900000000,38.8000000000,29.0100000000,-0.0420438510,-0.0109290705,-0.0081275846
2018-07-17,12.0600000000,46.6400000000,39.3900000000,28.0000000000,0.0013409821,-0.0077495032,0.0093721398
2018-07-18,12.1000000000,45.2600000000,39.5900000000,27.2400000000,0.0087466276,0.0130031384,0.0203146414
2018-07-19,12.8700000000,47.1100000000,39.1200000000,26.8400000000,0.0072064434,0.0006773385,0.0270530475
2018-07-20,12.8600000000,49.0500000000,39.3900000000,26.0100000000,0.0002930403,-0.0126742106,0.0123785842
2018-07-23,12.6200000000,51.5100000000,39.4200000000,26.1500000000,-0.0223696462,0.0070156545,0.0185727916
2018-07-24,12.4100000000,50.3100000000,40.0600000000,25.6500000000,0.0065701297,0.0031274813,-0.0168168649
2018-07-25,12.2900000000,48.2900000000,40.6600000000,25.3400000000,0.0121303263,0.0033883789,0.0139375078
2018-07-26,12.1400000000,49.2700000000,40.1100000000,24.8800000000,0.0061565718,-0.0026645607,-0.0028876717
2018-07-27,13.0300000000,48.8300000000,40.3000000000,24.9700000000,-0.0102821117,-0.0100443976,-0.0098809290
2018-07-30,14.2600000000,49.4200000000,40.3600000000,25.8300000000,0.0178523910,0.0075994086,-0.0040971670
2018-07-31,12.8300000000,46.5000000000,40.6200000000,26.5200000000,-0.0193299327,0.0024449890,0.0203200025
2018-08-01,13.1500000000,48.3800000000,40.2300000000,26.4500000000,-0.0168497239,-0.0082189133,0.0216040239
2018-08-02,12.1900000000,48.0000000000,39.1400000000,25.7300000000,0.0172932157,0.0001823653,-0.0079051795
2018-08-03,11.6400000000,47.6700000000,39.6500000000,25.6100000000,-0.0045922605,0.0147071456,0.0022650066
2018-08-06,11.2700000000,46.8600000000,39.1400000000,25.4200000000,0.0087220599,0.0106790407,-0.0062411550
2018-08-07,10.9300000000,47.1500000000,39.3200000000,25.2200000000,0.0057239461,0.0049212043,-0.0034207559
2018-08-08,10.8500000000,46.8400000000,39.1600000000,26.4100000000,-0.0309134439,-0.0005308560,-0.0063019401
2018-08-09,11.2700000000,47.3500000000,39.3700000000,25.4000000000,-0.0016617573,0.0050317903,0.0114286958
2018-08-10,13.1600000000,50.6300000000,38.7900000000,25.4500000000,0.0120229882,0.0073694241,0.0163429955
2018-08-13,14.7800000000,50.7700000000,38.1200000000,25.3100000000,-0.0055426702,0.0266935493,0.0094576505
2018-08-14,13.3100000000,49.8400000000,38.2300000000,26.1800000000,-0.0036117421,0.0094867728,0.0055218252
2018-08-15,14.6400000000,51.5200000000,37.0500000000,27.2600000000,-0.0285974072,-0.0086785889,-0.0038620738
2018-08-16,13.4500000000,50.6100000000,36.9700000000,26.3300000000,0.0064945334,0.0132625698,-0.0055432514
2018-08-17,12.6400000000,50.6900000000,37.1700000000,25.7100000000,0.0050734216,0.0133374211,0.0083033967
2018-08-20,12.4900000000,50.9700000000,37.3600000000,25.2600000000,0.0032151907,0.0010758919,0.0191106007
2018-08-21,12.8600000000,50.3200000000,37.3100000000,25.0800000000,0.0063995343,0.0093445159,0.0433930510
2018-08-22,12.2500000000,49.6400000000,37.4900000000,24.7200000000,0.0250481787,0.0017194093,0.0250588413
2018-08-23,12.4100000000,49.2000000000,37.1000000000,24.3500000000,0.0002962085,0.0126810348,0.0288720901
2018-08-24,11.9900000000,49.1600000000,37.6500000000,23.3100000000,0.0122159147,0.0086458767,0.0150964640
2018-08-27,12.1600000000,49.3800000000,37.9900000000,23.6800000000,0.0026296582,0.0173068266,0.0290565810
2018-08-28,12.5000000000,49.9500000000,37.9300000000,24.5000000000,-0.0046797395,-0.0020090216,-0.0290565810
2018-08-29,12.2500000000,49.1000000000,37.9400000000,24.3200000000,0.0138294656,0.0198335540,0.0177250149
2018-08-30,13.5300000000,50.4100000000,36.8300000000,24.8900000000,0.0092100234,0.0100773959,0.0047371003
2018-08-31,12.8600000000,50.7100000000,36.9600000000,25.0200000000,-0.0063227686,-0.0112765064,-0.0033136125
2018-09-02,,,,,0.0078972340,,
2018-09-03,,,,,0.0028563287,0.0154392805,-0.0446026425
2018-09-04,13.1600000000,49.5700000000,36.0700000000,26.7000000000,-0.0080183706,0.0178660490,0.0004956630
2018-09-05,13.9100000000,48.4000000000,36.0300000000,26.6200000000,-0.0165245099,0.0114274196,0.0093712153
2018-09-06,14.6500000000,48.6500000000,35.4500000000,26.1600000000,-0.0132413293,0.0159715546,0.0525933817
2018-09-07,14.8800000000,49.4300000000,35.4100000000,26.0700000000,0.0004442141,0.0192996990,0.0783573644
2018-09-10,14.1600000000,47.6900000000,35.0900000000,26.1300000000,-0.0020746895,0.0397853360,0.0830197864
2018-09-11,13.2200000000,47.9700000000,34.9400000000,27.1400000000,0.0238926719,-0.0118467201,-0.0425079175
2018-09-12,13.1400000000,46.7900000000,35.3900000000,26.9400000000,0.0160923013,-0.0457823927,-0.0522079087
2018-09-13,12.3700000000,46.0600000000,35.4800000000,26.7000000000,-0.0252593353,-0.0252674486,-0.1941560144
2018-09-14,12.0700000000,47.4500000000,35.5400000000,26.4000000000,0.0052485906,0.0045034224,0.0550692254
2018-09-17,13.6800000000,46.8100000000,35.3200000000,26.4900000000,-0.0013095673,0.0417469630,0.0474300580
2018-09-18,12.7900000000,47.9700000000,35.7400000000,26.8000000000,0.0131628428,-0.0240428255,-0.0344945543
2018-09-19,11.7500000000,48.7900000000,36.3300000000,26.3500000000,0.0168143032,0.0327309775,0.0594899607
2018-09-20,11.8000000000,49.3400000000,36.9600000000,26.0700000000,-0.0063789287,0.0094530952,0.0257485489
2018-09-21,11.6800000000,48.8300000000,37.1400000000,26.1500000000,0.0007107826,0.0046410273,0.0045289932
2018-09-24,12.2000000000,48.3100000000,36.9700000000,26.9700000000,0.0195601818,0.0179414142,0.0134651945
2018-09-25,12.4200000000,49.3800000000,37.1300000000,26.8300000000,0.0047268265,-0.0004104248,-0.0540424532
2018-09-26,12.8900000000,47.4400000000,37.1100000000,26.5300000000,-0.0096161287,-0.0337458535,-0.0486960510
2018-09-27,12.4100000000,45.7100000000,36.9300000000,26.4500000000,0.0076724935,-0.0245360542,0.0287334109
2018-09-28,12.1200000000,46.1600000000,36.9200000000,26.7300000000,0.0151706123,-0.0090336825,0.0180785133
2018-10-01,12.0000000000,44.2800000000,37.1000000000,27.9500000000,0.0280720188,0.0041627169,0.0075153008
2018-10-02,12.0500000000,45.3500000000,37.2500000000,27.6800000000,-0.0013317354,-0.0068007575,-0.0184184664
2018-10-03,11.6100000000,50.2100000000,36.8900000000,28.0400000000,0.0158649546,-0.0052601692,0.0094877372
2018-10-04,14.2200000000,55.0700000000,36.5500000000,28.9000000000,-0.0264484817,0.0130807031,0.0075259057
2018-10-05,14.8200000000,55.1900000000,36.5500000000,28.8400000000,0.0001346711,0.0155674681,0.0377056160
2018-10-08,15.6900000000,,36.4200000000,28.8600000000,-0.0012126930,-0.0248198517,-0.0099774070
2018-10-09,15.9500000000,53.4500000000,36.7800000000,27.9000000000,0.0085918101,-0.0141715135,-0.0538393530
2018-10-10,22.9600000000,55.7000000000,36.0700000000,28.8100000000,-0.0240812503,-0.0231845273,-0.0661110251
2018-10-11,24.9800000000,56.0700000000,36.5300000000,29.2900000000,-0.0308700820,-0.0177383977,0.0208499798
2018-10-12,21.3100000000,54.3700000000,36.4600000000,27.7300000000,0.0052116464,0.0331792131,0.0248521737
2018-10-15,21.3000000000,51.2500000000,36.5600000000,28.5900000000,0.0060228489,-0.0001126697,-0.0919774969
2018-10-16,17.6200000000,50.1800000000,36.7400000000,28.5900000000,0.0020924887,-0.0112176124,0.0375010935
2018-10-17,17.4000000000,48.9900000000,36.5400000000,28.1300000000,-0.0291269000,-0.0147697347,-0.0010373445
2018-10-18,20.0600000000,52.6300000000,36.0300000000,28.5300000000,-0.0143055687,0.0031943376,0.0240975516
2018-10-19,19.8900000000,52.0400000000,35.7900000000,27.4200000000,0.0082615152,0.0315061137,-0.0015209128
2018-10-22,19.6400000000,51.8500000000,35.6000000000,27.7600000000,0.0011540682,-0.0280921592,-0.0366871420
2018-10-23,20.7100000000,55.0100000000,35.1500000000,29.3800000000,-0.0403054997,-0.0172654489,0.0120325804
2018-10-24,25.2300000000,57.6900000000,34.8600000000,29.8000000000,0.0050905934,-0.0159444157,0.0195680806
2018-10-25,24.2200000000,56.7000000000,34.7700000000,28.5000000000,0.0071428875,-0.0157602959,-0.0273989742
2018-10-26,24.1600000000,62.7000000000,34.6200000000,29.0900000000,0.0045861461,-0.0238072570,-0.0428331000
2018-10-29,24.7000000000,59.7700000000,34.4900000000,29.4600000000,-0.0080024138,0.0121575824,-0.0915971691
2018-10-30,23.3500000000,61.7900000000,34.5900000000,29.9000000000,-0.0134813306,-0.0291036206,-0.0403724553
2018-10-31,21.2300000000,60.1300000000,34.8500000000,30.1200000000,-0.0132070231,0.0190853405,0.0210013895
2018-11-01,19.3400000000,58.5400000000,35.6400000000,31.5400000000,-0.0252237744,-0.0285126230,-0.0462871868
2018-11-02,19.5100000000,61.4200000000,35.6100000000,32.2100000000,-0.0083405944,0.0264556863,0.0893560439
2018-11-05,19.9600000000,59.9000000000,35.7700000000,32.6800000000,-0.0011068070,-0.0197548584,0.0087438622
2018-11-06,19.9100000000,59.0100000000,35.7000000000,34.1500000000,-0.0138592421,0.0036894223,0.0195408517
2018-11-07,16.3600000000,,36.1000000000,33.0500000000,-0.0083763376,0.0216913878,0.0580433696
2018-11-08,16.7200000000,51.5800000000,35.7000000000,32.2300000000,-0.0156507922,0.0003684825,0.0492503928
2018-11-09,17.3600000000,53.5400000000,35.3500000000,35.1000000000,-0.0082495106,-0.0042252140,-0.0030721990
2018-11-12,20.4500000000,,34.7300000000,40.1400000000,-0.0046496264,0.0648185321,0.0500104206
2018-11-13,20.0200000000,52.2300000000,34.6500000000,55.7100000000,-0.0731865490,0.0214971879,-0.0177169989
2018-11-14,21.2500000000,53.9000000000,34.8700000000,47.0700000000,0.0106876685,-0.0091293700,-0.0205675673
2018-11-15,19.9800000000,56.2200000000,35.6400000000,43.8700000000,0.0042432878,0.0150696837,-0.0377013409
2018-11-16,18.1400000000,60.4300000000,36.0500000000,40.5600000000,0.0000000000,-0.0273989742,0.0057727791
2018-11-19,20.1000000000,59.4700000000,35.9500000000,43.4500000000,0.0091324836,-0.0720356044,-0.0094637930
2018-11-20,22.4800000000,59.4900000000,35.1000000000,56.5600000000,-0.0655646885,0.0082467893,0.0276131115
2018-11-21,20.8000000000,57.6500000000,35.4500000000,51.7900000000,0.0227009841,0.0060591359,0.0515758855
2018-11-22,,,,,-0.0143358456,0.0085349024,0.0207686769
2018-11-23,21.5200000000,57.3100000000,34.7300000000,65.1700000000,-0.0656004201,0.0044014689,-0.0345281078
2018-11-26,18.9000000000,51.5300000000,34.8600000000,57.8700000000,0.0236362210,-0.0111828077,-0.0189815889
2018-11-27,19.0200000000,51.2400000000,34.8000000000,54.6400000000,-0.0013522653,0.0247890042,-0.0116663763
2018-11-28,18.4900000000,50.7600000000,35.3900000000,53.9900000000,-0.0242625871,-0.0346570339,-0.0159427393
2018-11-29,18.7900000000,50.9200000000,35.3900000000,53.9600000000,0.0221338974,0.0135283559,0.0371449470
2018-11-30,18.0700000000,52.4300000000,35.2900000000,56.0400000000,-0.0103204109,0.0023517974,0.0236931123
2018-12-03,16.4400000000,50.3100000000,35.8700000000,49.6100000000,0.0393411570,0.0157515211,0.0063214409
2018-12-04,20.7400000000,53.8600000000,35.8600000000,49.8400000000,0.0060037704,-0.0269107148,0.0048355994
2018-12-05,,,,,-0.0063802055,-0.0246700876,-0.0524872940
2018-12-06,21.1900000000,,35.6100000000,50.1300000000,-0.0270957237,-0.0279238369,0.0161375161
2018-12-07,23.2300000000,60.7400000000,35.5600000000,41.8300000000,0.0212427852,-0.0009933275,0.0148960053
2018-12-10,22.6400000000,60.2600000000,35.2500000000,45.0600000000,-0.0309610347,0.0046127730,0.0277052957
2018-12-11,21.7600000000,58.7300000000,35.4400000000,41.4600000000,0.0124225200,0.0158310148,-0.0341330064
2018-12-12,21.4600000000,58.2300000000,35.6500000000,39.9000000000,-0.0093023927,0.0125787822,0.0629561687
2018-12-13,20.6500000000,55.7500000000,35.7100000000,39.2500000000,0.0282195518,0.0127115075,0.0388265256
2018-12-14,21.6300000000,56.1300000000,35.3500000000,42.3800000000,-0.0260800975,0.0171881789,0.0459700110
2018-12-17,24.5200000000,55.4100000000,35.5400000000,46.5900000000,-0.0249840870,0.0014191013,0.0373757550
2018-12-18,25.5800000000,59.4000000000,35.3800000000,53.3500000000,-0.0744144856,-0.0392093685,0.0028812533
2018-12-19,25.5800000000,59.0100000000,34.8700000000,50.8600000000,0.0331358795,0.0199414226,0.0118489640
2018-12-20,28.3800000000,58.7600000000,35.0300000000,52.8900000000,-0.0419730962,0.0161839034,-0.0061112433
2018-12-21,30.1100000000,61.6100000000,34.8100000000,51.7600000000,-0.0065160960,0.0119181292,0.0182228165
2018-12-24,36.0700000000,66.0400000000,34.9200000000,56.7300000000,-0.0692419452,-0.0265749051,0.0103793347
2018-12-25,,,,,0.0079088572,,
2018-12-26,30.4100000000,63.8900000000,35.3200000000,54.0700000000,0.0753980175,,0.0000000000
2018-12-27,29.9600000000,68.3400000000,35.2200000000,57.1600000000,-0.0358743631,-0.0389815369,-0.0067742837
2018-12-28,28.3400000000,66.6600000000,35.1900000000,53.1100000000,0.0154699218,-0.0221123252,-0.0012002402
2018-12-31,25.4200000000,66.5800000000,35.5000000000,51.8700000000,0.0026281224,-0.0369750996,0.0012002402
2019-01-01,,,,,0.0037113895,,
2019-01-02,23.2200000000,62.8000000000,35.7000000000,54.7200000000,0.0209172047,0.0220906520,0.0119238297
2019-01-03,25.4500000000,65.7900000000,35.5900000000,53.5700000000,0.0114577956,-0.0097029535,-0.0818882131
2019-01-04,21.3800000000,65.8200000000,36.1400000000,51.5200000000,0.0183951675,0.0298344617,0.0174287090
2019-01-07,21.4000000000,60.8800000000,36.1300000000,50.4200000000,0.0111226687,-0.0629523398,-0.0643980618
2019-01-08,20.4700000000,59.0400000000,36.1200000000,46.0800000000,0.0260805240,0.0257217949,0.0261713762
2019-01-09,19.9800000000,57.0200000000,36.3500000000,44.3600000000,0.0502050952,-0.0170280985,-0.0361082240
2019-01-10,19.5000000000,56.6500000000,36.5100000000,42.9900000000,0.0041666727,-0.0020740680,0.0036248341
2019-01-11,18.1900000000,55.9400000000,36.4500000000,40.9900000000,-0.0190809071,0.0264533170,0.0280954935
2019-01-14,19.0700000000,55.3400000000,36.6700000000,40.8100000000,-0.0216150953,-0.0264071798,-0.0083904224
2019-01-15,18.6000000000,53.0100000000,36.2300000000,39.7500000000,0.0308193788,0.0148374751,0.0030994047
2019-01-16,19.0400000000,51.9500000000,36.5400000000,38.7700000000,0.0041904823,0.0002727025,0.0339015517
2019-01-17,18.0600000000,53.4400000000,36.6500000000,37.0300000000,-0.0047632747,0.0439636121,0.0114724012
2019-01-18,17.8000000000,53.7800000000,36.6000000000,35.6300000000,0.0315815721,-0.0171064306,0.0490516626
2019-01-20,,,,,-0.0072430440,,
2019-01-21,,,,,0.0109371746,-0.0374102843,-0.0158122086
2019-01-22,20.8000000000,54.6400000000,36.2000000000,38.2600000000,-0.0229380686,0.0017895249,0.0297928637
2019-01-23,19.5200000000,54.1900000000,36.2500000000,37.6900000000,-0.0016992358,0.0171806789,-0.0196281086
2019-01-24,18.8900000000,54.1800000000,36.3600000000,36.7500000000,0.0094038684,-0.0419661304,-0.0266463808
2019-01-25,17.4200000000,52.5000000000,36.9000000000,35.2100000000,0.0104283999,-0.0184979663,-0.0058333499
2019-01-28,18.8700000000,50.9500000000,36.6900000000,37.6100000000,-0.0318084594,-0.0162644448,-0.0496890218
2019-01-29,19.1300000000,49.8000000000,37.0800000000,37.1300000000,0.0247439199,0.0016529733,0.0268647005
2019-01-30,17.6600000000,48.3200000000,37.2000000000,35.5900000000,0.0161010233,-0.0198696654,-0.0142090658
2019-01-31,16.5700000000,49.8100000000,37.7600000000,34.9700000000,-0.0079255783,-0.0164368100,-0.0335128364
2019-02-01,16.1400000000,48.7900000000,37.9800000000,33.4000000000,0.0275590030,-0.0282514766,-0.0139988739
2019-02-04,15.7300000000,48.8700000000,38.1300000000,33.7000000000,-0.0119523335,0.0028975029,0.0475117103
2019-02-05,15.5700000000,48.6200000000,38.2600000000,34.5700000000,-0.0163471360,-0.0112748967,0.0047588236
2019-02-06,15.3800000000,47.4400000000,38.2100000000,33.0200000000,0.0062765574,-0.0116677626,0.0226167097
2019-02-07,16.3700000000,48.9700000000,37.8300000000,34.3400000000,-0.0249686904,-0.0002114836,-0.0093260532
2019-02-08,15.7200000000,49.6300000000,37.9400000000,32.5600000000,0.0016966730,-0.0348647320,-0.0484282195
2019-02-11,15.9700000000,48.3200000000,37.5500000000,33.3400000000,-0.0058562555,-0.0116200333,0.0013401834
2019-02-12,15.4300000000,49.0200000000,37.5400000000,32.6900000000,0.0129884179,-0.0149564706,-0.0789272586
2019-02-13,15.6500000000,48.1700000000,37.6800000000,32.2600000000,0.0155876231,0.0132378284,0.0115275052
2019-02-14,16.2200000000,47.1900000000,37.7000000000,32.1000000000,0.0087993235,-0.0149260674,-0.0569898792
2019-02-15,14.9100000000,45.7300000000,37.9700000000,29.4600000000,0.0214867885,0.0192447719,0.0318434865
2019-02-17,,,,,0.0062327688,,
2019-02-18,,,,,-0.0010657195,-0.0377764527,-0.0202826641
2019-02-19,14.8800000000,45.0600000000,38.5300000000,31.0000000000,0.0031937572,0.0155986312,0.0099453828
2019-02-20,14.0200000000,44.5400000000,38.7100000000,30.7600000000,0.0124990625,0.0246058108,0.0132712688
2019-02-21,14.4600000000,46.5500000000,38.2900000000,30.1600000000,0.0052347005,-0.0349397660,-0.0855919303
2019-02-22,13.5100000000,47.2200000000,38.7100000000,29.8500000000,0.0050342959,-0.0166900743,0.0074192179
2019-02-25,14.8500000000,46.1600000000,38.5800000000,32.6900000000,-0.0322012515,-0.0166782694,0.0157153575
2019-02-26,15.1700000000,46.2800000000,38.5300000000,31.5700000000,0.0008937350,0.0057664179,0.0215946695
2019-02-27,14.7000000000,,38.6000000000,31.0100000000,0.0247056857,0.0330661093,0.0787115145
2019-02-28,14.7800000000,47.2200000000,38.7000000000,30.2700000000,0.0041746451,0.0111203201,0.0195536956
2019-03-01,13.5700000000,47.9000000000,38.2900000000,30.3100000000,-0.0249573586,-0.0280650268,0.0268380902
2019-03-04,14.6300000000,46.7400000000,38.7500000000,30.2000000000,0.0137860084,0.0045505680,0.0374410612
2019-03-05,14.7400000000,45.8600000000,38.5900000000,29.7900000000,-0.0005267316,-0.0126660841,-0.0082483645
2019-03-06,15.7400000000,45.6300000000,38.4600000000,29.6900000000,-0.0056358022,-0.0193941199,-0.0359479576
2019-03-07,16.5900000000,45.8300000000,38.3500000000,30.4300000000,0.0072151655,0.0010083337,0.0502308233
2019-03-08,16.0500000000,45.8300000000,38.4900000000,29.7700000000,-0.0105765132,-0.0082745955,-0.0108015740
2019-03-11,14.3300000000,44.8400000000,38.7000000000,29.1800000000,0.0121533861,-0.0063564618,-0.0326739882
2019-03-12,13.7700000000,44.8600000000,38.9800000000,28.5600000000,0.0013995804,-0.0252206350,0.0022416508
2019-03-13,13.4100000000,44.5700000000,39.2200000000,28.1300000000,0.0240101352,-0.0303148409,-0.0022416508
2019-03-14,13.5000000000,45.2400000000,38.9600000000,27.2200000000,0.0054468220,-0.0077885991,0.0204360733
2019-03-15,12.8800000000,46.0500000000,39.4300000000,26.2700000000,-0.0015289224,-0.0227525615,-0.0119444021
2019-03-18,13.1000000000,44.9500000000,39.4200000000,26.4800000000,0.0094755362,-0.0179946639,-0.0293541058
2019-03-19,13.5600000000,43.6800000000,39.5500000000,28.4400000000,-0.0015168116,0.0015342030,-0.0326065216
2019-03-20,13.9100000000,42.5300000000,39.6800000000,27.2100000000,0.0157299093,0.0139001444,0.0243229951
2019-03-21,13.6300000000,44.5100000000,39.7300000000,27.1400000000,-0.0004982147,-0.0436662600,-0.0328822485
2019-03-22,16.4800000000,52.2600000000,39.2300000000,27.7800000000,-0.0152316946,-0.0075128726,-0.0129778317
2019-03-25,16.3300000000,57.1100000000,39.0800000000,29.3200000000,-0.0035482001,-0.0187861246,0.0129778317
2019-03-26,14.6800000000,56.5100000000,39.3600000000,27.9200000000,0.0171173839,0.0139314095,0.0282504663
2019-03-27,15.1500000000,60.9700000000,39.1300000000,28.1100000000,-0.0081864963,0.0415336434,0.0142892498
2019-03-28,14.4300000000,59.9300000000,39.0300000000,28.5200000000,-0.0021832236,-0.0384793580,0.0185904243
2019-03-29,13.7100000000,58.5500000000,39.2900000000,26.7500000000,0.0133602522,-0.0150137243,-0.0328796741
2019-04-01,13.4000000000,52.6900000000,39.4400000000,26.2300000000,0.0234456186,-0.0263051130,0.0170314819
2019-04-02,13.3600000000,54.2100000000,39.4700000000,26.2800000000,0.0144790174,-0.0283525090,0.0045537419
2019-04-03,13.7400000000,53.8400000000,39.5800000000,25.5700000000,-0.0014385042,0.0529675998,0.0509297572
2019-04-04,13.5800000000,51.7000000000,39.8500000000,25.2200000000,-0.0052922904,0.0426330254,0.0537944816
2019-04-05,12.8200000000,49.2200000000,39.6400000000,24.0000000000,0.0153186337,0.1162886319,0.0065253086
2019-04-08,13.1800000000,47.8900000000,40.0400000000,24.3300000000,0.0185132366,-0.0410524866,-0.0118586546
2019-04-09,14.2800000000,48.8300000000,39.7800000000,24.6600000000,-0.0057681975,0.0484798942,0.0489664429
2019-04-10,13.3000000000,48.6000000000,39.5000000000,24.6800000000,0.0107302173,-0.0632463643,0.0232298483
2019-04-11,13.0200000000,46.9000000000,38.9400000000,25.7000000000,-0.0152746112,0.0167064563,0.0445349552
2019-04-12,12.0100000000,48.8400000000,39.3000000000,25.7000000000,0.0054820405,-0.0089174165,-0.0274599814
2019-04-15,12.3200000000,47.6400000000,39.0500000000,25.5100000000,-0.0072111929,-0.0545088756,0.0086158990
2019-04-16,12.1800000000,48.3100000000,39.0900000000,25.5700000000,0.0098630937,-0.0117932216,0.0070619138
2019-04-17,12.6000000000,48.6500000000,38.8800000000,25.1900000000,-0.0049976678,0.0239097667,0.0168935343
2019-04-18,12.0900000000,49.2300000000,38.5400000000,24.4500000000,0.0031264681,-0.0494419066,-0.0209759301
2019-04-19,12.0900000000,,,,,,
2019-04-22,12.4200000000,48.7800000000,38.3200000000,26.0700000000,0.0228369746,,0.0000000000
2019-04-23,12.2800000000,49.7900000000,38.0700000000,26.5600000000,0.0104712999,-0.0027697013,0.0235218489
2019-04-24,13.1400000000,50.5200000000,37.6400000000,25.2800000000,-0.0052978252,-0.0110159379,-0.0047333058
2019-04-25,13.2500000000,49.7900000000,37.3600000000,25.5700000000,-0.0093009743,0.0188206535,-0.0043891804
2019-04-26,12.7300000000,49.4300000000,38.0000000000,31.2400000000,-0.0295373564,-0.0077353794,-0.0538432320
2019-04-29,13.1100000000,48.0500000000,37.8800000000,29.0400000000,0.0029933067,0.0070471481,0.0202955463
2019-04-30,13.1200000000,49.4700000000,38.1300000000,29.3100000000,0.0064288736,-0.0094072770,-0.0034175085
2019-05-01,14.8000000000,46.7500000000,37.5400000000,29.4100000000,-0.0045429701,-0.0234146749,-0.0195896412
2019-05-02,14.4200000000,46.7200000000,37.5900000000,30.4900000000,-0.0285073847,0.0218149528,-0.0427957539
2019-05-03,12.8700000000,45.7800000000,37.8400000000,29.8800000000,0.0022591586,0.0138257421,0.0200407509
2019-05-06,15.4400000000,47.8200000000,37.8100000000,30.9100000000,0.0053050522,-0.0159859465,0.0051454695
2019-05-07,19.3200000000,52.3600000000,37.7600000000,34.0700000000,-0.0138846273,-0.0126361808,0.0413745461
2019-05-08,19.4000000000,51.3100000000,37.2800000000,32.2300000000,0.0114767282,0.0117288980,0.0191339546
2019-05-09,19.1000000000,54.7200000000,37.0900000000,32.4800000000,-0.0066113278,0.0093819097,-0.0153532317
2019-05-10,16.0400000000,53.4900000000,36.5700000000,32.8000000000,-0.0001617992,-0.0323357054,-0.0337714365
2019-05-13,20.5500000000,57.8900000000,36.1000000000,34.6000000000,-0.0095927896,-0.0170045167,-0.0232981910
2019-05-14,18.0600000000,55.3500000000,36.0600000000,32.1300000000,0.0121784407,0.0015974444,0.0337816883
2019-05-15,16.4400000000,57.4000000000,35.9600000000,29.2600000000,0.0045088643,0.0052824031,0.0030852319
2019-05-16,15.2900000000,56.9800000000,35.8400000000,29.4200000000,0.0130887742,-0.0345836748,-0.0155222364
2019-05-17,15.9600000000,56.9700000000,35.6600000000,29.4400000000,-0.0022225759,-0.0403240485,-0.0225439644
2019-05-20,16.3100000000,56.5500000000,35.5100000000,27.6300000000,0.0045984383,0.0036492140,0.0079681696
2019-05-21,14.9500000000,55.3500000000,35.8500000000,26.9300000000,-0.0012664241,-0.0154642257,0.0071174678
2019-05-22,14.7500000000,54.9600000000,35.2900000000,28.1900000000,-0.0261589176,-0.0044174561,0.0382655381
2019-05-23,16.9200000000,61.0700000000,34.9600000000,33.7900000000,-0.0587665929,-0.0042782509,-0.0118254287
2019-05-24,15.8500000000,60.5400000000,34.9400000000,33.1900000000,0.0123394882,-0.0278556088,-0.0229002827
2019-05-26,,,,,0.0010214505,,
2019-05-27,,,,,0.0066141172,-0.0071279643,0.0047003612
2019-05-28,17.5000000000,61.7700000000,34.7200000000,34.3600000000,0.0032064832,0.0288512718,-0.0043078195
2019-05-29,17.9000000000,63.1600000000,34.7800000000,36.4300000000,-0.0067624941,-0.0238481857,0.0019604005
2019-05-30,17.3000000000,61.7400000000,34.9100000000,39.6200000000,-0.0382101976,-0.0630615247,-0.0090498355
2019-05-31,18.7100000000,72.6800000000,35.0100000000,46.9100000000,-0.0561843710,-0.0238977909,-0.0337652655
2019-06-03,18.8600000000,73.5600000000,35.3700000000,46.7800000000,-0.0048589144,-0.0094149989,-0.0298777411
2019-06-04,16.9700000000,75.2600000000,35.4400000000,43.4600000000,0.0046724690,0.0704332750,0.0339577141
2019-06-05,16.0900000000,77.6400000000,35.6400000000,45.1900000000,-0.0341394808,-0.0262870821,-0.0127024859
2019-06-06,15.9300000000,73.4200000000,35.8100000000,40.6600000000,0.0172154213,-0.0438759592,-0.0111964678
2019-06-07,16.3000000000,68.6900000000,36.5100000000,38.7500000000,0.0267580751,0.0368693132,0.0218610479
2019-06-10,15.9400000000,65.6200000000,36.3900000000,39.1200000000,-0.0126348764,0.0243538018,0.0277627970
2019-06-11,15.9900000000,64.9300000000,36.6200000000,38.6900000000,0.0007476636,-0.0523461233,-0.0087684898
2019-06-12,15.9100000000,68.4300000000,36.4700000000,43.0600000000,-0.0410010713,-0.0053705822,-0.0064257249
2019-06-13,15.8200000000,75.7400000000,36.4600000000,41.5600000000,0.0225204398,0.0224529111,0.0056247637
2019-06-14,15.2800000000,80.8200000000,36.4100000000,42.8900000000,0.0043680632,-0.0066919330,0.0035992840
2019-06-17,15.3500000000,76.8800000000,35.5900000000,46.1500000000,-0.0114352304,0.0221056575,-0.0011983225
2019-06-18,15.1500000000,76.7400000000,35.9100000000,43.4300000000,0.0365113946,-0.0476069723,0.0039888366
2019-06-19,14.3300000000,71.3700000000,35.8700000000,40.7900000000,-0.0025906750,-0.0511311294,-0.0063897981
2019-06-20,14.7500000000,72.3700000000,36.6900000000,41.6600000000,0.0558502479,-0.0325736437,0.0055933026
2019-06-21,15.4000000000,74.6300000000,36.8100000000,42.1300000000,0.0075063633,0.0201928531,0.0079365496
2019-06-24,15.2600000000,73.7600000000,37.1100000000,41.0000000000,0.0074504373,-0.0152778722,0.0414226046
2019-06-25,16.2800000000,74.2200000000,36.7100000000,40.2600000000,-0.0006907270,-0.0350247824,0.0015157259
2019-06-26,16.2100000000,73.7300000000,37.0100000000,38.4500000000,0.0262544913,-0.0233225756,0.0364352570
2019-06-27,15.8200000000,69.9200000000,37.0400000000,37.8400000000,0.0010090818,-0.0256910318,-0.0184235130
2019-06-28,15.0800000000,70.4300000000,37.0400000000,39.4600000000,-0.0164396550,0.0760639444,-0.0229462767
2019-07-01,14.0600000000,66.5300000000,37.0600000000,35.9200000000,0.0105389383,0.0242175687,0.0240613112
2019-07-02,12.9300000000,68.6000000000,37.2100000000,37.7700000000,-0.0485027520,-0.0134034641,-0.0074571561
2019-07-03,12.5700000000,68.3300000000,37.2300000000,36.7200000000,0.0193361623,0.0065299194,-0.0078903284
2019-07-04,,,,,-0.0112045990,0.0241854399,-0.0190409408
2019-07-05,13.2800000000,65.2800000000,37.3700000000,34.7000000000,0.0138126158,0.0615946892,0.0141250678
2019-07-08,13.9600000000,63.2200000000,37.2800000000,34.0000000000,0.0029475531,0.0573466193,0.0161688050
2019-07-09,14.0900000000,62.9000000000,37.1500000000,30.3000000000,0.0031114978,-0.0101540896,-0.0093686276
2019-07-10,13.0300000000,62.3900000000,37.3800000000,30.7600000000,0.0435658966,0.0313951531,0.0595609805
2019-07-11,12.9300000000,62.9600000000,37.3400000000,29.8600000000,-0.0039735152,0.0788945109,0.0035410802
2019-07-12,12.3900000000,62.7800000000,37.5300000000,30.3900000000,0.0003317300,0.0112850063,0.0175197193
2019-07-15,12.6800000000,61.9000000000,37.4200000000,30.8300000000,-0.0103351478,-0.0294240019,0.0089903787
2019-07-16,12.8600000000,61.2900000000,37.6200000000,32.0600000000,-0.0330467817,-0.1217562484,-0.0201675820
2019-07-17,13.9700000000,62.2900000000,37.7500000000,34.9400000000,-0.0143034010,-0.0381245117,0.0000000000
2019-07-18,13.5300000000,63.1200000000,37.9200000000,33.0700000000,-0.0267062338,-0.0232011880,-0.0245345640
2019-07-19,14.4500000000,63.8600000000,37.8000000000,34.8400000000,0.0061162270,0.0071465337,0.0391791772
2019-07-22,13.5300000000,60.9700000000,37.7500000000,33.6300000000,0.0082157990,-0.0622906718,0.0034554285
2019-07-23,12.6100000000,61.2300000000,37.5400000000,32.2500000000,0.0111436547,0.0563542848,0.0278929648
2019-07-24,12.0700000000,60.7100000000,37.8200000000,32.8600000000,-0.0150645295,-0.0649541500,-0.0210177228
2019-07-25,12.7400000000,60.9900000000,37.6000000000,31.9500000000,0.0028530690,-0.0049761249,-0.0058409374
2019-07-26,12.1600000000,58.9000000000,37.2700000000,32.2900000000,0.0030224932,-0.0059038546,-0.0254768621
2019-07-29,12.8300000000,58.5500000000,37.0300000000,31.6300000000,0.0111220142,-0.0154743922,0.0045847374
2019-07-30,13.9400000000,57.8400000000,36.6000000000,30.0700000000,0.0199884990,-0.0020406088,-0.0184664338
2019-07-31,16.1200000000,55.2500000000,35.8700000000,30.7700000000,0.0089087449,0.1162498417,0.0028632804
2019-08-01,17.8700000000,64.6800000000,35.4400000000,36.4300000000,-0.0820772964,0.1168329168,0.0512039409
2019-08-02,17.6100000000,66.1100000000,34.8700000000,35.5600000000,0.0302721876,-0.0285569582,-0.0064725145
2019-08-05,24.5900000000,77.2400000000,34.1300000000,37.0400000000,-0.0197738869,-0.0466904804,-0.0193242728
2019-08-06,20.1700000000,73.9200000000,34.1900000000,36.4300000000,-0.0183050318,-0.0457768283,-0.0101559269
2019-08-07,19.4900000000,79.0800000000,34.5100000000,38.1000000000,-0.0489487884,0.0411433454,-0.0045863548
2019-08-08,16.9100000000,78.5500000000,34.8900000000,35.9800000000,0.0276372794,0.0564717662,0.0088013242
2019-08-09,17.9700000000,78.9700000000,34.2200000000,35.1400000000,0.0357615567,-0.0042325471,-0.0144750983
2019-08-12,21.0900000000,81.5800000000,33.7300000000,34.4300000000,0.0087896556,-0.0515384482,-0.0518175015
2019-08-13,17.5200000000,77.7000000000,33.8300000000,33.1900000000,0.0402019299,0.0377208688,0.0148701625
2019-08-14,22.1000000000,87.2200000000,33.0700000000,35.8300000000,-0.0329357763,-0.0589606053,-0.0070357631
2019-08-15,21.1800000000,90.6200000000,33.1600000000,36.2000000000,-0.0151366070,0.0038387763,-0.0351709535
2019-08-16,18.4700000000,89.5200000000,33.3300000000,35.0200000000,0.0071409257,-0.0241692710,-0.0007701194
2019-08-19,16.8800000000,86.4900000000,33.3100000000,32.9900000000,0.0239759119,-0.0155469761,0.0228494328
2019-08-20,17.5000000000,86.8600000000,33.3500000000,32.3400000000,-0.0001781420,0.0391814877,-0.0117403356
2019-08-21,15.8000000000,84.5100000000,33.2500000000,32.3900000000,-0.0114676046,0.0174101875,-0.0088005160
2019-08-22,16.6800000000,83.1500000000,33.1300000000,32.3900000000,-0.0059647714,-0.0377639160,-0.0139321139
2019-08-23,19.8700000000,91.8200000000,33.0800000000,35.2000000000,-0.0208837046,-0.0378278160,-0.0220655130
2019-08-26,19.3200000000,87.9800000000,32.8400000000,35.4200000000,-0.0096726945,-0.0258437048,0.0286687610
2019-08-27,20.3100000000,88.6700000000,33.1400000000,33.7300000000,0.0234609449,-0.0238445286,-0.0163938098
2019-08-28,19.3500000000,89.8700000000,33.4700000000,32.7200000000,0.0150406025,0.0163502116,0.0233382821
2019-08-29,17.8800000000,86.9400000000,33.5400000000,31.8200000000,0.0151720893,0.0458270334,0.0171530792
2019-08-30,18.9800000000,86.8900000000,33.8600000000,32.1600000000,-0.0280241080,0.1774728168,-0.0053050522
2019-09-01,,,,,-0.0016409886,,
2019-09-02,,,,,-0.0025580135,-0.0770516915,-0.0438820161
2019-09-03,19.6600000000,85.2700000000,33.8100000000,35.7300000000,-0.0166024843,0.0208810727,0.0015866723
2019-09-04,17.3300000000,81.6000000000,34.1500000000,34.5600000000,0.0426061163,-0.0116396392,0.0114286958
2019-09-05,16.2700000000,79.9200000000,34.4700000000,33.5000000000,0.0010689472,0.0229819158,0.0003917728
2019-09-06,15.0000000000,78.8200000000,34.4500000000,33.2100000000,0.0047961723,0.0093546052,-0.0177835155
2019-09-09,15.2700000000,76.4400000000,34.0600000000,33.2800000000,0.0227760371,-0.0093546052,-0.0023952107
2019-09-10,15.2000000000,76.7800000000,34.1600000000,33.5500000000,-0.0076508807,0.1631235195,0.0657368436
2019-09-11,14.6100000000,76.7000000000,34.5000000000,34.9400000000,-0.0286846862,-0.0034076322,-0.0169847450
2019-09-12,14.2200000000,77.5700000000,34.6900000000,35.5800000000,-0.0111995390,0.0074953505,0.0060721249
2019-09-13,13.7400000000,85.5300000000,35.0700000000,35.4800000000,-0.0045516692,0.0170018492,-0.0018935813
2019-09-16,14.6700000000,85.9500000000,34.9500000000,48.5800000000,0.1341926703,0.0414770719,0.0247111039
2019-09-17,14.4400000000,84.7600000000,34.8600000000,44.8900000000,-0.0586519398,-0.1317628480,-0.0307947728
2019-09-18,13.9500000000,79.6600000000,34.5800000000,40.4400000000,-0.0180984964,-0.0778750812,-0.0298067353
2019-09-19,14.0500000000,78.1400000000,34.5700000000,41.1500000000,0.0025810907,-0.0145006389,0.0194558666
2019-09-20,15.3200000000,80.0700000000,34.6100000000,38.9900000000,-0.0017199867,0.0365337433,0.0221045585
2019-09-23,14.9100000000,81.0100000000,34.6200000000,39.5200000000,0.0056647650,-0.0375134152,-0.0279016762
2019-09-24,17.0500000000,83.0700000000,34.5100000000,38.7400000000,-0.0232045044,0.0078106328,-0.0101286413
2019-09-25,15.9600000000,80.2200000000,34.5900000000,38.3700000000,-0.0134040808,-0.0321173850,-0.0130051094
2019-09-26,16.0700000000,79.8700000000,34.9300000000,37.5200000000,-0.0007104796,0.0079190178,0.0169128909
2019-09-27,17.2200000000,79.9700000000,35.0100000000,38.9000000000,-0.0087445904,-0.0087562583,-0.0133492363
2019-09-30,16.2400000000,77.2000000000,35.0600000000,38.7500000000,-0.0329810343,0.3169830586,-0.0231917631
2019-10-01,18.5600000000,85.6100000000,33.9800000000,38.8800000000,-0.0089319537,0.0223210087,0.0128619136
2019-10-02,20.5600000000,89.3900000000,33.7900000000,39.6200000000,-0.0186780263,-0.0462757287,-0.0345352216
2019-10-03,19.1200000000,87.9400000000,34.0000000000,40.4000000000,-0.0028606866,0.0002499063,-0.0400643926
2019-10-04,17.0400000000,83.1500000000,34.3400000000,39.3100000000,0.0072312399,-0.0150426099,-0.0129928203
2019-10-07,17.8600000000,81.8600000000,34.0700000000,39.4200000000,-0.0005689901,-0.0167544525,0.0202811698
2019-10-08,20.2800000000,80.4700000000,34.0300000000,39.4900000000,-0.0017089153,0.0085402002,-0.0383155271
2019-10-09,18.6400000000,79.3100000000,33.6900000000,38.0000000000,-0.0001900599,-0.0042930896,0.0053120975
2019-10-10,17.5700000000,80.1400000000,33.9200000000,39.5200000000,0.0178963051,0.0176308548,0.0265752952
2019-10-11,15.5800000000,79.8600000000,34.6700000000,39.6500000000,0.0225226430,0.0178833003,0.0494859872
2019-10-14,14.5700000000,,34.6700000000,40.2100000000,-0.0208436948,-0.0059671982,-0.0119367542
2019-10-15,13.5400000000,80.0600000000,34.6200000000,39.4700000000,-0.0144562735,0.0015573901,0.0625956412
2019-10-16,13.6800000000,77.9400000000,34.7000000000,39.4700000000,0.0107214419,0.0004978530,0.0226889179
2019-10-17,13.7900000000,77.6100000000,34.3300000000,37.7100000000,0.0107928104,-0.0028660456,-0.0091673675
2019-10-18,14.2500000000,78.3500000000,34.5700000000,36.4300000000,-0.0029657112,-0.0037507077,-0.0069311021
2019-10-21,14.0000000000,80.2500000000,34.4300000000,36.6600000000,-0.0067051844,-0.0226123578,0.0019301299
2019-10-22,14.4600000000,78.7300000000,34.5900000000,35.5200000000,0.0179651095,-0.0008972634,-0.0104672404
2019-10-23,14.0100000000,73.0300000000,34.8200000000,35.6600000000,0.0273394415,-0.0116734098,-0.0361078702
2019-10-24,13.7100000000,68.9700000000,34.8500000000,35.9500000000,0.0049884301,0.0155131688,0.0274972495
2019-10-25,12.6500000000,67.0700000000,35.0300000000,34.6400000000,0.0077890286,-0.0272588177,-0.0186476342
2019-10-28,13.1100000000,67.4100000000,35.1400000000,35.6400000000,-0.0143861819,-0.0569924012,0.0059892373
2019-10-29,13.2000000000,67.6100000000,35.2500000000,35.7000000000,-0.0039433641,-0.0395459693,0.0130514014
2019-10-30,12.3300000000,63.3200000000,35.1300000000,34.3600000000,-0.0104712999,-0.0039113479,0.0213807950
2019-10-31,13.2200000000,65.8800000000,35.3600000000,35.8400000000,-0.0155467237,0.1577211697,-0.0151136378
2019-11-01,12.3000000000,57.2800000000,36.0700000000,34.3700000000,0.0365585410,0.0027236167,-0.0125738395
2019-11-04,12.8300000000,60.1800000000,35.8800000000,35.6300000000,0.0058474518,0.0184356775,0.0133544797
2019-11-05,13.1000000000,61.4800000000,35.5600000000,33.7700000000,0.0121171032,0.0186977522,-0.0046930082
2019-11-06,12.6200000000,61.7300000000,35.4200000000,33.2200000000,-0.0160116027,-0.0307251263,-0.0286301861
2019-11-07,12.7300000000,67.0800000000,35.5100000000,31.4500000000,0.0135649046,-0.0100621238,0.0060325942
2019-11-08,12.0700000000,64.4400000000,34.8500000000,31.4500000000,0.0019229094,-0.0109795239,-0.0040176832
2019-11-11,12.6900000000,64.4400000000,34.7300000000,34.2200000000,-0.0063069585,-0.0061031429,0.0036166405
2019-11-12,12.6800000000,69.8200000000,34.4100000000,33.7400000000,-0.0008791209,-0.0190506223,-0.0330305257
2019-11-13,13.0000000000,66.1000000000,34.3200000000,35.1500000000,0.0061376782,-0.0061296446,0.0111318404
2019-11-14,13.0500000000,64.1700000000,34.1900000000,33.9400000000,-0.0056101129,0.0140105120,-0.0177874390
2019-11-15,12.0500000000,61.7000000000,34.6300000000,32.4200000000,0.0165638867,0.0028041571,-0.0046015559
2019-11-18,12.4600000000,64.1300000000,34.8600000000,33.6800000000,-0.0120032754,-0.0312868903,-0.0194756367
2019-11-19,12.8600000000,62.6400000000,34.7200000000,32.9400000000,-0.0318277376,0.0041283110,0.0021353841
2019-11-20,12.7800000000,65.5800000000,34.5900000000,32.2000000000,0.0295500319,0.0191715716,0.0248590850
2019-11-21,13.1300000000,61.8300000000,34.5700000000,31.5900000000,0.0242604170,0.0023068061,-0.0037523496
2019-11-22,12.3400000000,62.1700000000,34.4700000000,32.3800000000,-0.0129234158,0.0267760376,0.0263824040
2019-11-25,11.8700000000,61.5500000000,34.5500000000,31.9000000000,0.0043263890,0.0117083574,-0.0057119698
2019-11-26,11.5400000000,60.3900000000,34.4500000000,31.2500000000,0.0070550065,-0.0241861818,-0.0024580103
2019-11-27,11.7500000000,57.6200000000,34.3300000000,30.8200000000,-0.0046403796,0.0082315335,0.0295030491
2019-11-28,,57.6200000000,,,0.0005166624,-0.0209309232,-0.0039904283
2019-11-29,12.6200000000,56.5700000000,34.3500000000,36.7300000000,-0.0519459649,0.0425968898,0.0083615856
2019-12-02,14.9100000000,59.4200000000,34.4600000000,34.9700000000,0.0138678494,-0.0323612558,-0.0359271737
2019-12-03,15.9600000000,64.6200000000,34.1500000000,35.0500000000,0.0021440065,-0.0024698407,-0.0136563264
2019-12-04,14.8000000000,63.0100000000,34.2100000000,32.2100000000,0.0404007029,0.0070135820,0.0303675366
2019-12-05,14.5200000000,63.7300000000,34.4000000000,30.4100000000,0.0000000000,-0.0298453311,-0.0020230636
2019-12-06,13.6200000000,64.0700000000,34.4200000000,30.0200000000,0.0129429600,-0.0179347653,0.0100746369
2019-12-09,15.8600000000,67.2900000000,34.4600000000,30.0200000000,-0.0030503328,-0.0168507767,0.0075894113
2019-12-10,15.6800000000,67.0900000000,34.4300000000,27.9400000000,0.0037269228,-0.0242024050,-0.0075894113
2019-12-11,14.9900000000,61.3000000000,34.7700000000,27.8100000000,-0.0083199393,-0.0339442645,-0.0186164826
2019-12-12,13.9400000000,61.6300000000,34.9200000000,27.4400000000,0.0069663012,0.0500538279,0.0238154545
2019-12-13,12.6300000000,56.4400000000,35.2000000000,26.7600000000,0.0154572970,-0.0675042725,-0.0427850955
2019-12-16,12.1400000000,56.1300000000,34.8500000000,26.5100000000,0.0026640042,0.0062107515,0.0343732694
2019-12-17,12.2900000000,55.3800000000,34.9400000000,26.3300000000,0.0120652649,0.0402862139,0.0475251419
2019-12-18,12.5800000000,53.4100000000,35.2300000000,26.7700000000,-0.0003286231,0.0333228166,0.0193738253
2019-12-19,12.5000000000,53.7000000000,35.5500000000,24.8000000000,0.0054085193,0.0037385717,0.0101067677
2019-12-20,12.5100000000,54.1900000000,36.3000000000,25.5400000000,-0.0153177664,-0.0528130382,-0.0067264828
2019-12-23,12.6100000000,55.3100000000,36.3900000000,25.1100000000,0.0016583752,-0.0886795940,-0.0048863093
2019-12-24,12.6700000000,58.3200000000,36.5900000000,25.4600000000,0.0097288260,-0.0327719115,-0.0174842918
2019-12-25,,58.3200000000,,,0.0040940039,,
2019-12-26,12.6500000000,56.4200000000,37.0300000000,24.0800000000,0.0047281412,,0.0000000000
2019-12-27,13.4300000000,55.3000000000,36.9700000000,25.1600000000,0.0008129421,0.0126115016,0.0234948283
2019-12-30,14.8200000000,59.6300000000,37.0200000000,25.8600000000,-0.0014637719,-0.0378337222,-0.0621942050
2019-12-31,13.7800000000,58.2800000000,37.0500000000,28.3000000000,-0.0109648427,-0.0198823506,-0.0180982217
2020-01-01,,58.2800000000,,,0.0091728735,,
2020-01-02,12.4700000000,57.2000000000,37.2400000000,28.7500000000,-0.0062152637,0.0018239103,-0.0101979264
2020-01-03,14.0200000000,60.1200000000,36.9400000000,31.9200000000,0.0302196382,0.0728232908,0.0239022925
2020-01-06,13.8500000000,62.7900000000,36.9800000000,32.3200000000,0.0034959514,-0.0558229224,-0.0304839699
2020-01-07,13.7900000000,62.6300000000,36.8300000000,31.8000000000,-0.0084429016,-0.0289995124,0.0131203194
2020-01-08,13.4500000000,60.4900000000,36.7000000000,32.6000000000,-0.0500227264,0.0029297305,-0.0193302338
2020-01-09,12.5400000000,57.6600000000,36.5700000000,33.2200000000,-0.0003364172,0.0178110163,0.0242063101
2020-01-10,12.5600000000,53.3200000000,36.6000000000,30.3800000000,-0.0075994624,-0.0198190491,-0.0188221596
2020-01-13,12.3200000000,53.2700000000,36.5300000000,34.2500000000,-0.0155465675,0.0095024471,-0.0028955553
2020-01-14,12.3900000000,52.3500000000,36.6400000000,33.6200000000,0.0030943810,-0.0643283779,-0.0125053735
2020-01-15,12.4200000000,50.5400000000,36.6600000000,33.3800000000,-0.0072351737,-0.0110311589,0.0277163553
2020-01-16,12.3200000000,50.3700000000,36.7700000000,29.7900000000,0.0118588655,-0.0055615500,0.0137765550
2020-01-17,12.1000000000,49.6700000000,36.9100000000,28.6000000000,0.0008538981,-0.0170556616,0.0234649859
2020-01-19,,,,,0.0117099344,,
2020-01-20,,49.6700000000,,,-0.0091526063,-0.0337785080,-0.0106699293
2020-01-21,12.8500000000,53.4200000000,36.7100000000,27.6600000000,-0.0059773041,0.0197729349,-0.0099821152
2020-01-22,12.9100000000,51.3100000000,36.9300000000,30.7000000000,-0.0281415131,-0.0303339007,0.0036050510
2020-01-23,12.9800000000,55.3400000000,36.8300000000,31.9500000000,-0.0204688111,-0.0025858368,-0.0124725013
2020-01-24,14.5600000000,59.9400000000,36.5200000000,34.5500000000,-0.0256821328,0.0025858368,-0.0130401196
2020-01-27,18.2300000000,66.7300000000,35.6500000000,37.7200000000,-0.0189985226,0.0067680541,0.0085767322
2020-01-28,16.2800000000,65.6000000000,35.5400000000,36.4200000000,0.0063730300,0.0249567320,0.0024370443
2020-01-29,16.3900000000,66.1700000000,35.2200000000,35.7300000000,-0.0020574215,-0.0613314134,-0.0271398236
2020-01-30,15.4900000000,71.0700000000,34.8500000000,37.4900000000,-0.0223409519,-0.0370319772,-0.0104756877
2020-01-31,18.8400000000,72.9800000000,34.4400000000,40.3500000000,-0.0105861830,-0.0026617542,0.0058798993
2020-02-03,17.9700000000,72.8100000000,34.2700000000,41.8100000000,-0.0274634758,-0.0573815521,-0.0284580682
2020-02-04,16.0500000000,68.1700000000,35.1200000000,39.4400000000,-0.0095923997,0.0166876888,0.0064419377
2020-02-05,15.1500000000,64.0700000000,35.4000000000,37.8800000000,0.0222407897,-0.0056748372,0.0173991234
2020-02-06,14.9600000000,61.2400000000,35.0000000000,36.4400000000,0.0043111962,-0.0177666898,-0.0088739226
2020-02-07,15.4700000000,65.5900000000,34.5000000000,37.5100000000,-0.0116040244,-0.0088928511,-0.0102389973
2020-02-10,15.0400000000,68.1300000000,34.3100000000,39.0100000000,-0.0153496485,-0.0480019879,-0.0068847088
2020-02-11,15.1800000000,64.8900000000,34.5500000000,37.5200000000,0.0078039416,-0.0100000833,0.0060267079
2020-02-12,13.7400000000,63.5200000000,34.7800000000,35.5800000000,0.0244154676,0.0190989080,0.0245879280
2020-02-13,14.1500000000,63.5100000000,34.6700000000,35.8400000000,0.0048510816,0.0189659878,0.0215418438
2020-02-14,13.6800000000,62.3800000000,34.5700000000,35.9300000000,0.0126949195,-0.0011256192,-0.0045183893
2020-02-16,,,,,0.0007642339,,
2020-02-17,,,34.5700000000,,-0.0030604462,0.0476149529,0.0308090845
2020-02-18,14.8300000000,67.6600000000,34.3000000000,33.4700000000,0.0017226533,0.0072758720,0.0035863756
2020-02-19,14.3800000000,68.0400000000,34.6100000000,32.2700000000,0.0226895723,0.0202624070,0.0224198181
2020-02-20,15.5600000000,69.6000000000,34.5800000000,33.1600000000,0.0072646310,-0.0005224934,-0.0027263892
2020-02-21,17.0800000000,74.5400000000,34.5700000000,35.8700000000,-0.0070776976,-0.0165467231,-0.0011707318
2020-02-24,25.0300000000,86.9200000000,33.9700000000,39.5300000000,-0.0365476534,-0.0396713992,-0.0414567137
2020-02-25,27.8500000000,87.3800000000,32.9900000000,42.5000000000,-0.0299117144,-0.0040995016,-0.0160003413
2020-02-26,27.5600000000,87.0000000000,32.8500000000,43.4000000000,-0.0238539711,0.0070804588,0.0033030583
2020-02-27,39.1600000000,92.5900000000,31.5100000000,49.4200000000,-0.0330694582,-0.0222949821,-0.0275821915
2020-02-28,40.1100000000,109.6700000000,31.2400000000,51.2500000000,-0.0509705899,0.0003381234,0.0004236391
2020-03-02,33.4200000000,104.8900000000,31.8900000000,48.3300000000,0.0431157570,0.0014638818,-0.0038192281
2020-03-03,36.8200000000,102.9700000000,31.6900000000,50.8000000000,0.0087003201,0.0312386943,-0.0068259651
2020-03-04,31.9900000000,89.5900000000,32.5900000000,50.5900000000,-0.0080611383,-0.0284295459,0.0199201332
2020-03-05,39.6200000000,96.9600000000,31.9300000000,52.5800000000,-0.0191383113,-0.0070942249,-0.0008396306
2020-03-06,41.9400000000,125.2100000000,30.9400000000,65.0200000000,-0.1040105323,-0.0230920183,-0.0165153023
2020-03-09,54.4600000000,163.7000000000,28.8500000000,115.9200000000,-0.2768996510,-0.0023156199,-0.0059957353
2020-03-10,47.3000000000,123.7200000000,30.0300000000,92.9300000000,0.0985691557,0.0415496768,0.0346172176
2020-03-11,53.9000000000,127.8400000000,28.1900000000,105.2500000000,-0.0393474128,0.0409598700,-0.0074969114
2020-03-12,75.4700000000,152.6200000000,24.8500000000,123.4500000000,-0.0431457465,-0.0048146458,-0.0603111258
2020-03-13,57.8300000000,138.4000000000,25.5000000000,118.4800000000,0.0040568007,-0.0041915264,-0.0260923484
2020-03-14,,,25.5000000000,,,,
2020-03-16,82.6900000000,124.5300000000,23.1100000000,128.5000000000,-0.1018716781,-0.0603755952,-0.1194366355
2020-03-17,75.9100000000,109.8500000000,24.2800000000,133.3200000000,-0.0593108300,-0.0314940909,-0.0614274607
2020-03-18,76.4500000000,124.1400000000,21.5100000000,166.7900000000,-0.2715907447,-0.0245007774,-0.1795945303
2020-03-19,72.0000000000,141.1300000000,22.1900000000,164.0600000000,0.2182347393,0.0331995509,0.0688185644
2020-03-20,66.0400000000,133.3700000000,21.7200000000,190.0800000000,-0.1353525349,-0.0298174967,-0.0172311956
2020-03-21,,,21.7200000000,,,,
2020-03-23,61.5900000000,135.3800000000,21.1400000000,185.6800000000,0.1186173711,-0.0550256503,-0.0360228522
2020-03-24,61.6700000000,111.0900000000,21.2600000000,170.8600000000,0.0278655801,0.0074887702,0.0767703561
2020-03-25,63.9500000000,87.1400000000,22.6400000000,144.0300000000,0.0359858919,-0.0209565553,0.0425844453
2020-03-26,61.0000000000,88.4800000000,23.6100000000,150.0600000000,-0.0548652814,-0.0220649986,-0.0091796399
2020-03-27,65.5400000000,88.3300000000,22.2300000000,175.8800000000,-0.0220221247,-0.0482754452,-0.0569211136
2020-03-28,,,22.2300000000,,,,
2020-03-30,57.0800000000,90.7000000000,22.3800000000,174.2200000000,-0.0430610799,-0.0454913718,0.0400651493
2020-03-31,53.5400000000,83.8700000000,23.0800000000,170.5500000000,0.0172843809,0.0007246902,0.0356975151
2020-04-01,57.0600000000,83.1300000000,22.3000000000,158.9800000000,-0.0319198084,-0.0113654145,-0.0345258688
2020-04-02,50.9100000000,71.9900000000,22.4100000000,162.6500000000,0.1668272428,0.0161352436,0.0557913596
2020-04-03,46.8000000000,65.0100000000,21.8700000000,141.6800000000,0.0967675519,-0.0018763086,-0.0055524851
2020-04-06,45.2400000000,66.2800000000,22.6000000000,144.1900000000,-0.0302256912,0.0513871935,0.1273878380
2020-04-07,46.7000000000,72.2100000000,23.0200000000,139.1300000000,-0.0439818627,-0.0005490735,0.0053776712
2020-04-08,43.3500000000,75.7100000000,23.3900000000,141.4600000000,0.0502994232,-0.0033007869,0.0302544084
2020-04-09,41.6700000000,74.3900000000,24.1300000000,129.8800000000,-0.0457784626,0.0027514118,-0.0028422568
2020-04-13,41.1700000000,75.8500000000,24.6300000000,114.4400000000,0.0151518050,,
2020-04-14,37.7600000000,69.5200000000,25.0200000000,115.4800000000,-0.0656783822,-0.0572473117,-0.0621378630
2020-04-15,40.8400000000,70.5000000000,24.5300000000,120.3800000000,-0.0509091961,-0.0332797110,-0.0286758000
2020-04-16,40.1100000000,69.9300000000,24.7100000000,115.1000000000,-0.0197795861,0.0380689227,0.0841501447
2020-04-17,38.1500000000,69.8400000000,24.8500000000,95.9100000000,-0.0197791258,0.0125172485,0.0356510551
2020-04-20,43.8300000000,70.6000000000,24.5100000000,226.1300000000,-0.2030706966,-0.0552594291,-0.0148563549
2020-04-21,45.4100000000,73.8300000000,23.9400000000,325.1500000000,-0.5685888676,-0.0468654537,-0.0742518985
2020-04-22,41.9800000000,72.2900000000,24.4000000000,236.8000000000,0.5812349506,-0.0141936838,0.0399954566
2020-04-23,41.3800000000,67.2500000000,24.6100000000,211.0000000000,0.0356078444,-0.0275194440,0.0177505260
2020-04-24,35.9300000000,66.0900000000,24.5400000000,173.5300000000,-0.0103142030,-0.0485425475,-0.0138857869
2020-04-27,33.2900000000,62.7000000000,24.5900000000,185.4700000000,-0.1601377782,0.0292053889,-0.0224290241
2020-04-28,33.5700000000,58.8900000000,24.7900000000,198.7700000000,-0.0269074529,0.0340866886,-0.0034576473
2020-04-29,31.2300000000,57.1500000000,25.7200000000,195.5900000000,0.0828360056,-0.0218740734,-0.0009900991
2020-04-30,34.1500000000,53.5900000000,25.2800000000,104.9800000000,0.1334660139,0.0338405810,-0.0311896509
2020-05-01,37.1900000000,48.1100000000,24.8700000000,110.1800000000,0.0199372259,-0.0626863020,-0.0311389975
2020-05-02,,,24.8700000000,,,,
2020-05-03,,,24.8700000000,,,,
2020-05-04,35.9700000000,49.2500000000,25.5400000000,97.4200000000,0.0217448106,-0.0177851532,0.0198336355
2020-05-05,33.6100000000,49.6500000000,25.9800000000,97.2700000000,0.1508843453,-0.0115648739,-0.0135277817
2020-05-06,34.1200000000,51.3100000000,25.8600000000,115.3900000000,-0.0333940068,0.0155638361,-0.0047256586
2020-05-07,31.4400000000,54.9300000000,26.3600000000,110.6200000000,-0.0313206969,0.0144705367,0.0280246674
2020-05-08,27.9800000000,57.4000000000,26.5700000000,98.7000000000,0.0525611170,-0.0027401970,-0.0097712271
2020-05-09,,,26.5700000000,,,,
2020-05-10,,,26.5700000000,,,,
2020-05-11,27.5700000000,61.6000000000,26.4000000000,109.7200000000,-0.0425430008,-0.0214950207,-0.0145759999
2020-05-12,33.0400000000,61.2600000000,26.0600000000,86.8600000000,0.0486382577,-0.0715368441,-0.0292651904
2020-05-13,35.2800000000,57.5600000000,25.5400000000,82.8300000000,-0.0249964947,-0.0371975400,0.0080667283
2020-05-14,32.6100000000,59.0500000000,25.5200000000,80.0500000000,0.0821971071,0.0281220381,0.0090643116
2020-05-15,31.8900000000,56.5300000000,26.0100000000,76.3900000000,0.0571584138,-0.0089669589,0.0173642879
2020-05-18,29.3000000000,58.7000000000,27.0800000000,76.1400000000,0.0696701489,-0.0583992347,0.0592428336
2020-05-19,30.5300000000,60.0900000000,26.6000000000,73.2200000000,0.0097469723,-0.0650533496,-0.0183582432
2020-05-20,27.9900000000,58.8500000000,27.4800000000,73.6200000000,0.0601091389,-0.0330645064,0.0625962255
2020-05-21,29.5300000000,55.6200000000,27.4000000000,89.0600000000,0.0117165957,-0.1543001008,-0.0037700327
2020-05-22,28.1600000000,51.6700000000,26.9600000000,84.9800000000,-0.0202977994,0.0168550600,0.0103335819
2020-05-24,,,,,-0.0225403983,,
2020-05-25,,51.6700000000,,,0.0305321532,0.2092130808,0.0088393225
2020-05-26,28.0100000000,52.2200000000,27.2100000000,75.4700000000,0.0247501351,-0.1507840823,0.0004630702
2020-05-27,27.6200000000,52.9800000000,27.2300000000,73.8900000000,-0.0453018637,-0.1096004993,-0.0125787822
2020-05-28,28.5900000000,50.5700000000,27.2100000000,72.9800000000,0.0246705929,-0.0516494578,-0.0032871596
2020-05-29,27.5100000000,51.5500000000,27.3000000000,69.2300000000,0.0509409129,0.2228585292,0.0065635491
2020-06-01,28.2300000000,55.0700000000,27.7800000000,64.3800000000,-0.0013960633,-0.0787322782,-0.0202980771
2020-06-02,26.8400000000,55.3500000000,28.0300000000,64.7100000000,0.0348696961,0.1799336434,0.0511263754
2020-06-03,25.6600000000,61.2400000000,28.9300000000,65.7300000000,0.0141998367,0.0941478468,0.0004530011
2020-06-04,25.8100000000,61.1800000000,28.9200000000,65.1300000000,0.0034524002,0.0113775358,0.0058704165
2020-06-05,24.5200000000,61.9700000000,30.3000000000,64.2000000000,0.0536764545,0.0569523260,0.0453322941
2020-06-07,,,30.3000000000,,,,
2020-06-08,25.8100000000,62.7700000000,30.3400000000,67.2400000000,-0.0350285077,-0.0838311173,-0.0230695759
2020-06-09,27.5700000000,62.9400000000,30.0100000000,67.7600000000,0.0188174131,-0.0881724450,-0.0101793311
2020-06-10,27.5700000000,60.0200000000,30.3100000000,63.0600000000,0.0157084558,-0.0008326395,0.0189474714
2020-06-11,40.7900000000,56.4700000000,28.4800000000,69.9600000000,-0.0841360413,0.0380025300,-0.0283330152
2020-06-12,36.0900000000,55.8100000000,29.0600000000,70.2200000000,-0.0016420365,0.0555644327,-0.0121980279
2020-06-15,34.4000000000,58.0900000000,28.6700000000,68.1100000000,0.0248863262,0.0450534994,0.0072464085
2020-06-16,33.6700000000,60.4900000000,28.6800000000,66.6300000000,0.0320742531,-0.0473318372,0.0275940961
2020-06-17,33.4700000000,58.1600000000,28.7100000000,61.4500000000,-0.0114495136,-0.0099332240,-0.0013178126
2020-06-18,32.9400000000,55.1500000000,28.1400000000,61.3500000000,0.0217456148,0.0454111793,0.0728827321
2020-06-19,35.1200000000,53.4500000000,28.4800000000,58.7300000000,0.0197775209,0.0296425101,-0.0127495044
2020-06-22,31.7700000000,53.9300000000,28.5800000000,56.7600000000,0.0223445245,-0.0216030003,0.0151984852
2020-06-23,31.3700000000,54.0400000000,28.8400000000,58.8300000000,-0.0054160644,0.0590068712,0.0352459391
2020-06-24,33.8400000000,54.8900000000,28.5400000000,64.9600000000,-0.0584515958,-0.0288916719,-0.0003936233
2020-06-25,32.2200000000,51.5700000000,28.0700000000,62.6900000000,0.0181540255,-0.0745835059,-0.0086991454
2020-06-26,34.7300000000,51.2100000000,28.1800000000,63.6900000000,-0.0067045120,-0.0291498296,-0.0180329471
2020-06-29,31.7800000000,52.9600000000,28.2400000000,60.0400000000,0.0295713620,0.1343390977,0.0740213183
2020-06-30,30.4300000000,54.1300000000,28.4300000000,57.6600000000,-0.0118763241,0.0540041227,0.0126867373
2020-07-01,28.6200000000,53.2800000000,28.2300000000,53.4300000000,0.0146356385,-0.0499022540,0.0270682217
2020-07-02,27.6800000000,50.9600000000,28.0700000000,51.2900000000,0.0208237569,0.0137208894,-0.0123458358
2020-07-03,27.6800000000,,,,-0.0118461405,0.0145305271,0.0195375245
2020-07-04,,,28.0700000000,,,,
2020-07-05,,,28.0700000000,,,,
2020-07-06,27.9400000000,52.0300000000,28.3800000000,50.7300000000,0.0111098538,0.0107199839,0.0621619983
2020-07-07,29.4300000000,50.9800000000,28.7600000000,51.3900000000,-0.0007368292,0.0045826594,-0.0104925654
2020-07-08,28.0800000000,49.8000000000,28.8100000000,48.8500000000,0.0083191084,-0.0310115225,-0.0023846034
2020-07-09,29.2600000000,50.0700000000,28.5400000000,53.7700000000,-0.0299268037,-0.0307874496,-0.0245135700
2020-07-10,27.2900000000,49.1900000000,28.7300000000,49.7100000000,0.0230808112,-0.0502242300,0.0142289404
2020-07-11,,,28.7300000000,,,,
2020-07-12,,,28.7300000000,,,,
2020-07-13,32.1900000000,49.5500000000,28.3700000000,53.4100000000,-0.0108535846,-0.0689928715,0.0113072988
2020-07-14,29.5200000000,50.8100000000,28.5700000000,53.0400000000,0.0056881568,-0.0049043747,0.0098322542
2020-07-15,27.7600000000,47.0800000000,28.8700000000,47.0500000000,0.0207451003,0.0273511376,-0.0270148075
2020-07-16,28.0000000000,46.4300000000,28.8000000000,46.1200000000,-0.0114175903,-0.0326750189,-0.0808229080
2020-07-17,25.6800000000,45.6800000000,28.9400000000,40.2200000000,-0.0044074508,0.0110107286,0.0444681015
2020-07-20,24.4600000000,46.8200000000,29.4200000000,42.5900000000,0.0041631014,-0.0776339308,-0.0611414700
2020-07-21,24.8400000000,46.4500000000,29.8900000000,41.1000000000,0.0241440989,0.0125999147,0.0166733684
2020-07-22,24.3200000000,45.3200000000,30.1000000000,41.3000000000,0.0028585060,0.0076915461,0.0007513148
2020-07-23,26.0800000000,43.9300000000,29.7000000000,43.8300000000,-0.0199406007,0.0315933746,0.0259466001
2020-07-24,25.8400000000,42.4800000000,30.0200000000,42.3500000000,0.0058069362,0.0054027145,-0.0357579996
2020-07-25,,,30.0200000000,,,,
2020-07-26,,,30.0200000000,,,,
2020-07-27,24.7400000000,42.6100000000,30.9700000000,41.3700000000,0.0084084579,-0.0457315856,-0.0529512555
2020-07-28,25.4400000000,41.2700000000,30.4700000000,41.0900000000,-0.0125182184,0.0350985232,0.0287704573
2020-07-29,24.1000000000,41.6300000000,31.1100000000,39.5800000000,0.0062786973,0.0432233043,0.0173314564
2020-07-30,24.7600000000,40.6600000000,30.5600000000,42.0600000000,-0.0317952927,0.0088462115,-0.0251318079
2020-07-31,24.4600000000,41.9800000000,30.5100000000,44.4300000000,0.0081673514,0.1425135246,0.0285623430
2020-08-02,,,30.5100000000,,,,
2020-08-03,24.2800000000,43.1300000000,30.3600000000,41.5600000000,0.0180757242,0.1216312125,-0.0057241141
2020-08-04,23.7600000000,44.1100000000,30.3600000000,40.2800000000,0.0144198605,0.0781636675,0.0264365849
2020-08-05,22.9900000000,41.7500000000,31.2200000000,37.1200000000,0.0123311973,-0.0047700261,-0.0022388069
2020-08-06,22.6500000000,42.6000000000,31.3400000000,37.5900000000,-0.0054354382,0.0813029473,-0.0142967070
2020-08-07,22.2100000000,,31.0800000000,37.4300000000,-0.0169677867,-0.0011341442,0.0011361486
2020-08-08,,,31.0800000000,,,,
2020-08-09,,,31.0800000000,,,,
2020-08-10,22.1300000000,42.2100000000,30.9600000000,35.7400000000,0.0162566334,-0.0440793007,0.0109167280
2020-08-11,24.0300000000,45.2600000000,30.0900000000,37.5000000000,-0.0071394877,-0.0230600022,-0.0196603686
2020-08-12,22.2800000000,44.2300000000,30.6100000000,34.7400000000,0.0254670684,-0.0334552725,-0.0084356328
2020-08-13,22.1300000000,45.0800000000,30.9700000000,34.8700000000,-0.0100620950,0.0193322784,-0.0210124462
2020-08-14,22.0500000000,43.0900000000,31.0300000000,35.1000000000,-0.0049510887,0.0922968917,0.0019642513
2020-08-17,21.3500000000,45.8100000000,31.3300000000,32.4300000000,0.0201223448,0.0200006667,0.0316751085
2020-08-18,21.5100000000,46.0600000000,31.4100000000,31.7000000000,-0.0011588830,0.0439999245,0.0094608085
2020-08-19,22.5400000000,44.6000000000,31.0300000000,32.8500000000,-0.0002319378,-0.0231935613,-0.0121259538
2020-08-20,22.7200000000,44.5800000000,30.9600000000,32.8300000000,-0.0067497056,-0.0246028285,-0.0126608252
2020-08-21,22.5400000000,45.1400000000,30.7100000000,33.6800000000,-0.0046816565,-0.0669791248,-0.0096993971
2020-08-22,,,30.7100000000,,,,
2020-08-23,,,30.7100000000,,,,
2020-08-24,22.3700000000,46.3300000000,30.6500000000,32.2500000000,0.0072472556,0.0925392347,0.0689148957
2020-08-25,22.0300000000,47.8900000000,30.5300000000,33.0300000000,0.0166324000,0.0587584832,0.0402978397
2020-08-26,23.2700000000,47.9900000000,30.8100000000,33.7900000000,0.0009159607,0.0313080633,0.0003494671
2020-08-27,24.4700000000,49.2900000000,30.6200000000,33.7400000000,-0.0087356877,-0.0307443336,-0.0087735253
2020-08-28,22.9600000000,48.1900000000,31.4000000000,32.0600000000,-0.0004618938,0.2302418335,0.0397357509
2020-08-30,,,31.4000000000,,,,
2020-08-31,26.4100000000,47.0200000000,31.4900000000,32.5900000000,-0.0090498355,0.0062477890,-0.0295655773
2020-09-01,26.1200000000,44.3000000000,31.5200000000,31.7400000000,0.0041870264,0.0051473312,-0.0326270075
2020-09-02,26.5700000000,44.8600000000,31.5700000000,35.4900000000,-0.0289670554,-0.0166916001,0.0175098274
2020-09-03,33.6000000000,45.7600000000,31.2100000000,41.2800000000,-0.0031111668,0.0545597808,0.0179046384
2020-09-04,30.7500000000,47.0400000000,31.1100000000,44.0200000000,-0.0383581897,-0.0043561888,-0.0492077879
2020-09-06,,,,,-0.0354916846,,
2020-09-07,,,,,0.0115459910,-0.0392823483,-0.0113950875
2020-09-08,31.4600000000,50.6800000000,30.6700000000,55.9000000000,-0.0526368389,-0.0390355451,-0.0096583217
2020-09-09,28.8100000000,48.8200000000,31.0300000000,49.4200000000,0.0322779344,-0.0063150284,0.0151882897
2020-09-10,29.7100000000,45.2100000000,30.3600000000,52.1600000000,-0.0197193191,-0.0205183669,0.0438761494
2020-09-11,26.8700000000,43.1200000000,30.0600000000,50.1300000000,-0.0002655690,-0.0018084048,-0.0056457454
2020-09-13,,,30.0600000000,,,,
2020-09-14,25.8500000000,44.2100000000,30.3500000000,49.4100000000,-0.0023932999,0.0198082311,0.0752952157
2020-09-15,25.5900000000,43.0600000000,30.1100000000,45.1900000000,0.0260164457,0.0174980162,-0.0225698263
2020-09-16,26.0400000000,42.4300000000,30.1600000000,41.1300000000,0.0471211791,0.0379986293,0.0066912260
2020-09-17,26.4600000000,38.4500000000,30.2200000000,38.7300000000,0.0198462964,-0.0175591659,-0.0534190671
2020-09-18,25.8300000000,37.2400000000,30.2100000000,39.0700000000,0.0024230688,0.0313355431,-0.0155976221
2020-09-21,27.7800000000,38.6300000000,29.5400000000,42.8900000000,-0.0440338265,0.0019153758,-0.0584832934
2020-09-22,26.8600000000,39.3500000000,29.7000000000,41.2800000000,0.0065540945,0.0178445319,0.0534689562
2020-09-23,28.5800000000,38.6300000000,28.6300000000,44.6400000000,0.0104974721,0.0265580673,-0.0496882334
2020-09-24,28.5100000000,37.2200000000,29.0400000000,42.8800000000,0.0089109501,-0.0325568855,0.0108839506
2020-09-25,26.3800000000,36.9700000000,29.1300000000,41.4100000000,-0.0017264772,0.0027467828,-0.0234149670
2020-09-26,,,29.1300000000,,,,
2020-09-27,,,29.1300000000,,,,
2020-09-28,26.1900000000,37.4000000000,29.2900000000,40.6400000000,0.0088474404,0.0571393650,0.0571796423
2020-09-29,26.2700000000,36.6200000000,29.3100000000,46.1300000000,-0.0325777908,-0.0058460706,-0.0337646753
2020-09-30,26.3700000000,39.2100000000,29.5000000000,44.0000000000,0.0227424521,0.0787389265,0.0052122233
2020-10-01,26.7000000000,38.6500000000,29.3100000000,49.3500000000,-0.0367429354,-0.0079344505,-0.0157188865
2020-10-02,27.6300000000,39.9700000000,29.3900000000,55.5100000000,-0.0437528854,-0.0118290386,0.0194253400
2020-10-03,,,29.3900000000,,,,
2020-10-04,,,29.3900000000,,,,
2020-10-05,27.9600000000,39.8100000000,29.6900000000,49.4400000000,0.0562355338,0.0297242530,-0.0033351893
2020-10-06,29.4800000000,57.7500000000,29.4500000000,46.6000000000,0.0355626186,-0.0083814006,-0.0055834874
2020-10-07,28.0600000000,56.9800000000,29.4100000000,45.5000000000,-0.0172503045,0.0297623389,0.0040976031
2020-10-08,26.3600000000,57.3100000000,29.7300000000,41.1500000000,0.0303572883,0.0138362887,-0.0210375903
2020-10-09,25.0000000000,57.5200000000,30.0000000000,42.3800000000,-0.0135957423,-0.0106318580,-0.0242086750
2020-10-12,25.0700000000,,30.1300000000,44.0400000000,-0.0292679621,0.0061614489,0.0062039749
2020-10-13,26.0700000000,55.5900000000,30.2200000000,46.0700000000,0.0189484602,-0.0176427992,-0.0254466657
2020-10-14,26.4000000000,53.5000000000,29.9100000000,43.5300000000,0.0207755242,0.0200967882,0.0207972966
2020-10-15,26.9700000000,55.6200000000,29.8200000000,43.8300000000,-0.0024218951,0.0261122588,-0.0311600836
2020-10-16,27.4100000000,57.2500000000,30.0500000000,44.0600000000,-0.0029140380,0.0180950027,-0.0028084271
2020-10-19,29.1800000000,61.1600000000,29.5800000000,43.3500000000,-0.0014602096,0.0149915530,0.0036093883
2020-10-20,29.3500000000,60.4200000000,29.7400000000,43.8500000000,0.0154667172,0.0119543517,-0.0230826203
2020-10-21,28.6500000000,59.0700000000,30.3000000000,47.5800000000,-0.0339015517,-0.0018815945,-0.0354425256
2020-10-22,28.1100000000,59.7300000000,30.3200000000,46.6100000000,0.0155080031,0.0258944225,0.0259754864
2020-10-23,27.5500000000,58.4600000000,30.5300000000,46.3200000000,-0.0194851398,0.0099782352,0.0527603732
2020-10-26,32.4600000000,58.9500000000,30.2200000000,53.0500000000,-0.0318852922,-0.0359399230,-0.0665020011
2020-10-27,33.3500000000,57.8800000000,30.5700000000,50.2200000000,0.0248870132,-0.0083083324,0.0091820345
2020-10-28,40.2800000000,57.1300000000,29.4100000000,59.6100000000,-0.0554337036,-0.0175166983,-0.0441685380
2020-10-29,37.5900000000,61.3000000000,29.3200000000,63.3800000000,-0.0326042621,-0.0188836047,0.0274107097
2020-10-30,38.0200000000,61.9100000000,29.3000000000,68.8400000000,-0.0099092471,-0.0109630832,0.0016884766
2020-11-02,37.1300000000,63.5600000000,29.7000000000,66.7300000000,0.0280940337,-0.0292260221,-0.0016884766
2020-11-03,35.5500000000,64.3700000000,30.1800000000,63.6300000000,0.0215519849,0.0006588339,0.0299647887
2020-11-04,29.5700000000,47.7400000000,29.5700000000,54.5300000000,0.0382179225,0.0158272507,0.0290929609
2020-11-05,27.5800000000,43.7600000000,30.4500000000,53.6900000000,-0.0091627009,0.0404444832,0.0340608381
2020-11-06,24.8600000000,39.8800000000,30.8500000000,55.7500000000,-0.0423039580,-0.0390768386,-0.0217907455
2020-11-09,25.7500000000,44.9400000000,31.9500000000,52.2000000000,0.0801863254,-0.0034587151,0.0434934819
2020-11-10,24.8000000000,46.1900000000,29.8900000000,49.6400000000,0.0255208893,0.0129802102,-0.0121259538
2020-11-11,23.4500000000,,30.3200000000,49.2400000000,0.0016784562,0.0043368594,-0.0038197143
2020-11-12,25.3500000000,44.1700000000,29.9300000000,50.9000000000,-0.0079375041,-0.0067623136,-0.0080692080
2020-11-13,23.1000000000,42.9500000000,30.5900000000,48.2400000000,-0.0246926126,0.0168559232,0.0137933221
2020-11-16,22.4500000000,42.4900000000,30.6500000000,46.8900000000,0.0285489683,0.0177500919,0.0413697897
2020-11-17,22.7100000000,43.0800000000,31.4600000000,45.0800000000,0.0019226153,-0.0369657716,-0.0277641376
2020-11-18,23.8400000000,43.6200000000,31.7600000000,46.0600000000,0.0086063166,-0.0206878988,0.0204354130
2020-11-19,23.1100000000,43.5300000000,31.4800000000,46.3400000000,-0.0026218583,-0.0494408655,-0.0313809837
2020-11-20,23.7000000000,42.3100000000,31.8300000000,43.9400000000,0.0123341222,-0.0098781479,0.0146922967
2020-11-23,22.6600000000,43.0400000000,32.0600000000,42.7900000000,0.0200706854,0.0486645903,0.0188929494
2020-11-24,21.6400000000,42.3800000000,32.9300000000,42.8400000000,0.0414133169,0.0266060375,0.0138486178
2020-11-25,21.2500000000,39.6200000000,33.1000000000,43.5600000000,0.0175790068,0.0021556378,-0.0003619910
2020-11-26,21.2500000000,,,,-0.0204650117,-0.0012928250,0.0172294284
2020-11-27,20.8400000000,39.6400000000,33.5500000000,46.2100000000,0.0167552421,0.0402181037,0.0010670462
2020-11-30,20.5700000000,40.8400000000,33.4000000000,47.3700000000,-0.0050411066,0.0440945077,0.0352751783
2020-12-01,20.7700000000,41.5300000000,33.9900000000,47.8100000000,-0.0172876646,-0.0150418809,-0.0096552474
2020-12-02,21.1700000000,43.9200000000,34.0900000000,45.6800000000,0.0157483570,-0.0004695308,0.0236271905
2020-12-03,21.2800000000,42.5300000000,34.3700000000,40.9500000000,0.0076729523,-0.0524769251,-0.0187879139
2020-12-04,20.7900000000,43.8900000000,34.4500000000,38.3400000000,0.0136646742,0.0347426035,0.0375615125
2020-12-07,21.3000000000,49.6700000000,34.3000000000,37.6800000000,-0.0101765520,-0.0197247774,-0.0164075337
2020-12-08,20.6800000000,49.1000000000,34.3400000000,37.7000000000,-0.0032697577,0.0062491524,-0.0016894750
2020-12-09,22.2700000000,48.4800000000,34.2400000000,39.5200000000,-0.0017482522,0.0196030952,0.0043867119
2020-12-10,22.5200000000,47.1500000000,34.4100000000,39.7000000000,0.0267603366,0.0532631171,0.0396091381
2020-12-11,23.3100000000,47.5200000000,33.8100000000,39.5100000000,-0.0044819198,0.0266699406,-0.0123739775
2020-12-14,24.7200000000,49.2200000000,33.3900000000,39.9600000000,0.0085197533,0.0398013598,0.0094571062
2020-12-15,22.8900000000,48.1400000000,33.9900000000,39.3400000000,0.0132731328,0.0365375237,0.0435058290
2020-12-16,22.5000000000,46.9600000000,34.5000000000,38.6800000000,0.0045938690,-0.0502396903,-0.0125079805
2020-12-17,21.9300000000,44.1500000000,34.8400000000,36.8600000000,0.0111871894,-0.0272277200,0.0056479598
2020-12-18,21.5700000000,44.6400000000,34.8200000000,37.1500000000,0.0143181010,-0.0034561884,-0.0272773017
2020-12-21,25.1600000000,46.6600000000,34.4100000000,41.5600000000,-0.0261304858,0.0556430049,-0.0067753123
2020-12-22,24.2300000000,43.5700000000,33.9700000000,42.0600000000,-0.0170297398,0.0488610444,0.0083817383
2020-12-23,23.3100000000,42.7400000000,34.4400000000,39.8900000000,0.0226424767,-0.0073414665,0.0244185273
2020-12-24,21.5300000000,42.1100000000,34.5000000000,39.4100000000,0.0022776695,0.0080783236,0.0084230727
2020-12-25,21.5300000000,,,,,,
2020-12-28,21.7000000000,45.2600000000,34.5400000000,39.6700000000,-0.0120683945,0.0817280243,0.0380969429
2020-12-29,23.0800000000,46.1000000000,34.5900000000,38.6400000000,0.0077156050,-0.0199342149,-0.0126393497
2020-12-30,22.7700000000,47.1900000000,35.0000000000,38.0100000000,0.0074503656,0.0120186754,-0.0254575932
2020-12-31,22.7500000000,48.9800000000,34.6800000000,37.8300000000,0.0026768265,0.0064001897,0.0163306664
2021-01-04,26.9700000000,49.5900000000,35.1000000000,42.1200000000,-0.0180521553,0.0370098954,0.0292145457
2021-01-05,25.3400000000,48.9500000000,35.4700000000,40.3900000000,0.0460345163,-0.0971411233,-0.0219063524
2021-01-06,25.0700000000,44.6400000000,35.5700000000,39.3100000000,0.0135056671,-0.0249092185,0.0201238207
2021-01-07,22.3700000000,45.2000000000,36.3700000000,36.0600000000,0.0035447064,0.0944091715,0.0330487746
2021-01-08,21.5600000000,44.8100000000,36.2000000000,36.6500000000,0.0269579013,0.0413544125,0.0045924306
2021-01-11,24.0800000000,47.7700000000,35.9500000000,35.3100000000,0.0001913326,0.0950480554,-0.0112312196
2021-01-12,23.3300000000,50.1200000000,35.9500000000,33.8500000000,0.0183874008,0.1673773847,0.0037577729
2021-01-13,22.2100000000,45.6000000000,35.6900000000,36.7900000000,-0.0052730819,-0.1959874417,-0.0295732282
2021-01-14,23.2500000000,46.2300000000,35.6700000000,37.9500000000,0.0123852212,-0.0077977656,-0.0035724956
2021-01-15,24.3400000000,45.1400000000,34.9100000000,40.3900000000,-0.0226339349,-0.0545725652,-0.0548628454
2021-01-17,,,,,-0.0042057030,,
2021-01-18,,,,,0.0030604462,-0.0598761396,-0.0037878833
2021-01-19,23.2400000000,45.2300000000,35.2600000000,35.3700000000,0.0117715428,0.0661435868,0.0454412902
2021-01-20,21.5800000000,42.5300000000,35.7000000000,35.6700000000,0.0062094470,-0.0033015528,-0.0054545590
2021-01-21,21.3200000000,43.0100000000,35.6500000000,35.0500000000,-0.0048890658,-0.0097711761,0.0358140335
2021-01-22,21.9100000000,43.0900000000,35.2600000000,36.2500000000,-0.0163439594,0.0683846020,0.0038039548
2021-01-25,23.1900000000,43.0800000000,35.0000000000,38.0200000000,0.0091551278,-0.0634622801,-0.0320502210
2021-01-26,23.0200000000,43.1400000000,34.8400000000,37.1300000000,-0.0028519841,-0.0329237471,0.0057134421
2021-01-27,37.2100000000,44.1600000000,34.1200000000,40.2100000000,0.0039905041,0.0097934983,-0.0021011564
2021-01-28,30.2100000000,45.5300000000,34.6400000000,40.4500000000,-0.0093360686,0.0594624650,0.0199322381
2021-01-29,33.0900000000,47.4100000000,34.3200000000,40.2000000000,-0.0030674871,-0.0534907873,-0.0298975931
2021-02-01,30.2400000000,46.2800000000,35.8000000000,39.1600000000,0.0254042098,-0.0885767572,-0.0030395160
2021-02-02,25.5600000000,45.9100000000,35.3000000000,38.6200000000,0.0222149084,0.0061555567,0.0625388061
2021-02-03,22.9100000000,46.9300000000,35.1800000000,37.1100000000,0.0167033658,-0.0219923003,0.0679819708
2021-02-04,21.7700000000,47.2500000000,35.2800000000,35.3700000000,0.0094974283,0.0147887279,-0.0042838084
2021-02-05,20.8700000000,47.2000000000,36.4000000000,34.9400000000,0.0111733006,0.0142468163,0.0246468021
2021-02-08,21.2400000000,48.4500000000,36.9000000000,34.4800000000,0.0197334614,0.0933793428,0.0106757947
2021-02-09,21.6300000000,46.7500000000,37.4000000000,33.5400000000,0.0072364203,-0.0578378598,-0.0091063463
2021-02-10,21.9900000000,46.2700000000,37.7100000000,33.7700000000,0.0054785277,-0.0259036370,0.0275826224
2021-02-11,21.2500000000,45.9500000000,37.2200000000,34.3300000000,-0.0073687250,-0.0659836860,-0.0145987994
2021-02-12,19.9700000000,47.0100000000,37.6600000000,34.2500000000,0.0211035742,0.0140038298,0.0319905421
2021-02-14,,,,,0.0165348235,,
2021-02-15,,,,,-0.0046488545,-0.0631394171,-0.0125724563
2021-02-16,21.4600000000,56.7800000000,37.7100000000,35.1300000000,-0.0001664309,0.0105248303,-0.0168414289
2021-02-17,21.5000000000,55.9700000000,38.0200000000,36.9000000000,0.0178163736,-0.0105248303,-0.0200136635
2021-02-18,22.4900000000,56.1200000000,37.6600000000,37.9000000000,-0.0103542712,0.0465997091,0.0060201726
2021-02-19,22.0500000000,60.4300000000,38.1800000000,37.7600000000,-0.0212045678,-0.0457536342,-0.0243012487
2021-02-22,23.4500000000,62.4200000000,38.7200000000,38.5700000000,0.0403493888,-0.0365421724,0.0148622693
2021-02-23,23.1100000000,61.7300000000,38.9700000000,39.7500000000,-0.0043856157,0.0178842323,0.0185311319
2021-02-24,21.3400000000,61.9200000000,38.8900000000,39.5800000000,0.0252364112,0.0081523023,0.0123363168
2021-02-25,28.8900000000,74.1600000000,38.3200000000,40.5800000000,0.0034859804,-0.0276041788,-0.0229954584
2021-02-26,27.9500000000,75.6600000000,37.0700000000,42.4900000000,-0.0319834413,-0.0152394742,-0.0259479742
2021-03-01,23.3500000000,68.7300000000,37.2300000000,42.5600000000,-0.0133170895,0.0244221604,-0.0040317216
2021-03-02,24.1000000000,57.7000000000,37.3800000000,40.9600000000,-0.0141680843,-0.0133331135,0.0323292596
2021-03-03,26.6700000000,65.8300000000,37.5000000000,39.8300000000,0.0253597745,-0.0217870766,-0.0232139150
2021-03-04,28.5700000000,68.1300000000,36.5700000000,37.2700000000,0.0404160201,0.0257492213,0.0182472338
2021-03-05,24.6600000000,69.3700000000,36.0100000000,36.6100000000,0.0355139993,0.0269374472,0.0222864886
2021-03-08,25.4700000000,71.6500000000,35.7600000000,38.8900000000,-0.0151321191,-0.0132851453,0.0028151010
2021-03-09,24.0300000000,67.4400000000,36.2400000000,37.9700000000,-0.0145829454,0.0468098515,0.0381093998
2021-03-10,22.5600000000,63.1900000000,36.5800000000,37.5600000000,0.0066973228,0.0409236142,0.0216579825
2021-03-11,21.9100000000,63.9000000000,36.8500000000,37.8600000000,0.0242305981,0.0276871065,0.0093447427
2021-03-12,20.6900000000,70.8300000000,36.8700000000,37.5100000000,-0.0054694758,0.0175534240,0.0217040839
2021-03-15,20.0300000000,70.7900000000,36.6700000000,39.3800000000,-0.0030515739,-0.0283691372,-0.0107931597
2021-03-16,19.7900000000,70.8100000000,36.3000000000,39.1000000000,-0.0089025914,-0.0153978878,-0.0188123181
2021-03-17,19.2300000000,66.7500000000,36.3200000000,37.4000000000,-0.0035524016,0.0176260527,0.0328673632
2021-03-18,21.5800000000,70.4800000000,35.7600000000,48.4400000000,-0.0733346367,-0.0118099489,-0.0138191683
2021-03-19,20.9500000000,68.8000000000,35.7300000000,44.3800000000,0.0227170263,-0.0282657925,-0.0101932849
2021-03-22,18.8800000000,67.6200000000,35.3700000000,40.2800000000,0.0019512201,0.0441848038,0.0205171682
2021-03-23,20.3000000000,60.7700000000,34.2300000000,48.6200000000,-0.0633696139,0.0188829850,-0.0334669895
2021-03-24,21.2000000000,60.7100000000,33.9000000000,64.9100000000,0.0568506860,0.0107629693,0.0040949112
2021-03-25,19.8100000000,59.5400000000,33.6400000000,49.8800000000,-0.0432707610,-0.0120144318,-0.0305087726
2021-03-26,18.8600000000,61.4900000000,34.3600000000,44.9300000000,0.0399952913,0.0179144703,0.0336288999
2021-03-29,20.7400000000,65.9600000000,33.8100000000,44.1600000000,0.0093069494,-0.0137851518,0.0028715023
2021-03-30,19.6100000000,67.4400000000,34.0000000000,41.4600000000,-0.0158902516,0.0193847185,0.0047675895
2021-03-31,19.4000000000,71.2700000000,33.9900000000,45.6500000000,-0.0230509622,0.0100535267,0.0118204686
2021-04-01,17.3300000000,64.9900000000,34.6400000000,40.1500000000,0.0381282717,0.0093277415,-0.0018819107
2021-04-02,17.3300000000,63.7100000000,,,,,
2021-04-05,17.9100000000,61.7900000000,34.9000000000,42.0000000000,-0.0466129654,,0.0000000000
2021-04-06,18.1200000000,60.2900000000,35.7400000000,42.4100000000,0.0116900950,0.0312709997,0.0408314129
2021-04-07,17.1600000000,62.5400000000,35.8100000000,41.2700000000,0.0073838228,-0.0252905872,-0.0086266142
2021-04-08,16.9500000000,60.0800000000,36.7700000000,40.7000000000,-0.0030140679,-0.0154661111,-0.0087016807
2021-04-09,16.6900000000,61.2100000000,36.2400000000,39.1900000000,-0.0047066821,-0.0027946972,0.0036730987
2021-04-12,16.9100000000,63.5000000000,35.7200000000,37.0400000000,0.0067170698,0.0369068528,0.0190654890
2021-04-13,16.6500000000,61.2000000000,35.7000000000,35.2000000000,0.0081673927,-0.0070476774,-0.0142649311
2021-04-14,16.9900000000,60.0800000000,35.1800000000,35.7000000000,0.0482841233,0.0086748516,-0.0006843847
2021-04-15,16.5700000000,59.0500000000,35.6500000000,34.2000000000,0.0045766670,0.0289439863,0.0077290678
2021-04-16,16.2500000000,62.5700000000,35.8300000000,32.7900000000,-0.0050513130,0.0136283300,0.0058704165
2021-04-19,17.2900000000,63.9600000000,34.4000000000,35.0700000000,0.0037908749,0.0194321310,-0.0015771097
2021-04-20,18.6800000000,64.3500000000,32.8400000000,35.6800000000,-0.0120540714,0.0059514066,0.0121023440
2021-04-21,17.5000000000,62.2700000000,32.9400000000,42.4400000000,-0.0225925375,0.0020391234,0.0224679055
2021-04-22,18.7100000000,59.6200000000,31.5300000000,39.3900000000,0.0011418319,0.0121949860,0.0253777060
2021-04-23,17.3300000000,59.9800000000,31.8400000000,38.7000000000,0.0110247550,-0.0638648432,-0.0029774586
2021-04-26,17.6400000000,60.9800000000,31.8800000000,41.2300000000,-0.0035535492,-0.0022473603,0.0053106869
2021-04-27,17.5600000000,60.1500000000,31.7700000000,38.4400000000,0.0160517090,0.0677488268,0.0021164029
2021-04-28,17.2800000000,60.3100000000,31.7500000000,36.4200000000,0.0150141106,0.0070303151,0.0103061171
2021-04-29,17.6100000000,59.0200000000,31.9500000000,36.3700000000,0.0175702258,0.0429983385,0.0048011782
2021-04-30,18.6100000000,58.1300000000,31.7300000000,38.3900000000,-0.0218145141,0.0342496238,0.0169320584
2021-05-03,18.3100000000,57.3300000000,31.9600000000,40.1500000000,0.0145440049,0.0224222736,0.0118055513
2021-05-04,19.4800000000,58.5100000000,31.7100000000,37.1500000000,0.0184592228,-0.0326526523,-0.0165259295
2021-05-05,19.1500000000,56.9300000000,31.8600000000,38.3300000000,-0.0003048781,0.0388902444,0.0171327870
2021-05-06,18.3900000000,57.7500000000,31.9000000000,37.7400000000,-0.0141258298,0.0152409146,0.0098602268
2021-05-07,16.6900000000,54.1300000000,33.0700000000,37.6300000000,0.0032419943,-0.0161176864,0.0101604619
2021-05-08,,,,37.6300000000,,,
2021-05-10,19.6600000000,55.4800000000,34.9000000000,37.9900000000,0.0007703567,0.0509340134,0.0344828165
2021-05-11,21.8400000000,58.0100000000,34.9000000000,37.9300000000,0.0056822698,0.0239642804,0.0155807826
2021-05-12,27.5900000000,58.4700000000,35.1900000000,36.9400000000,0.0121767106,0.0236305349,0.0420881609
2021-05-13,23.1300000000,56.5900000000,35.0200000000,37.9400000000,-0.0347887937,-0.0064172155,-0.0151173082
2021-05-14,18.8100000000,54.9900000000,35.3800000000,36.4600000000,0.0235304974,0.0218165809,0.0388747889
2021-05-17,19.7200000000,58.5900000000,35.0900000000,36.4200000000,0.0139777420,-0.0195715694,-0.0054872250
2021-05-18,21.3400000000,57.1800000000,34.5600000000,37.0100000000,-0.0118380499,-0.0586619918,-0.0597929656
2021-05-19,22.1800000000,57.3100000000,33.5100000000,38.8200000000,-0.0333752359,-0.0905534645,-0.0660093592
2021-05-20,20.6700000000,55.0400000000,33.6600000000,39.4300000000,-0.0225087322,0.0854621330,0.0590130179
2021-05-21,20.1500000000,54.5900000000,32.5800000000,39.3400000000,0.0226665730,0.0044059167,-0.0181910234
2021-05-22,,,,39.3400000000,,,
2021-05-24,18.4000000000,54.9400000000,31.9800000000,35.5400000000,0.0374830933,-0.0013318537,0.0195184153
2021-05-25,18.8400000000,53.7200000000,31.5400000000,36.2300000000,0.0001520103,0.0560314559,0.0103686479
2021-05-26,17.3600000000,52.8200000000,31.4500000000,33.8900000000,0.0025806466,0.0090849242,0.0065426909
2021-05-27,16.7400000000,53.4700000000,31.6600000000,33.6300000000,0.0096560799,-0.0475819036,-0.0346921341
2021-05-28,16.7600000000,52.0400000000,32.9100000000,33.5400000000,-0.0075358307,-0.0106923021,-0.0157483570
2021-05-30,,,,,0.0073856693,,
2021-05-31,,,,,0.0055410101,0.0076717522,0.0130440864
2021-06-01,17.9000000000,54.9900000000,33.0800000000,33.4300000000,0.0083284241,0.0333507758,0.0136396313
2021-06-02,17.4800000000,55.2100000000,33.4500000000,32.7700000000,0.0163059066,-0.0097490037,-0.0194592404
2021-06-03,18.0400000000,53.9600000000,33.2300000000,33.8900000000,-0.0004372222,-0.0006222050,-0.0228266503
2021-06-04,16.4200000000,49.7800000000,34.7200000000,31.7600000000,0.0114502302,0.0034173463,-0.0053886968
2021-06-07,16.4200000000,49.5500000000,31.7800000000,31.7000000000,-0.0050567181,0.0266621259,0.0295762883
2021-06-08,17.0700000000,49.9300000000,31.6200000000,31.9500000000,0.0119503258,0.0482651599,0.0135085034
2021-06-09,17.8900000000,52.8400000000,30.5000000000,31.7900000000,-0.0011456395,0.0176831702,0.0253609353
2021-06-10,16.1000000000,48.2600000000,30.8000000000,33.0300000000,0.0042893975,0.0136529277,0.0050330985
2021-06-11,15.6500000000,50.8500000000,30.9000000000,32.5500000000,0.0072500140,-0.0297906414,-0.0208556173
2021-06-14,16.3900000000,54.0300000000,30.0500000000,33.1300000000,0.0004248389,0.0340691321,0.0043573054
2021-06-15,17.0200000000,52.9200000000,29.8900000000,31.5600000000,0.0172647983,-0.0237792846,-0.0287651664
2021-06-16,18.1500000000,54.2800000000,29.2000000000,33.8300000000,0.0012516516,-0.0036678993,-0.0011679970
2021-06-17,17.7500000000,54.9100000000,28.9200000000,36.8400000000,-0.0163949584,0.0100103779,-0.0084108075
2021-06-18,20.7000000000,60.4500000000,28.4000000000,33.9500000000,0.0071795902,0.0378449765,0.0192594223
2021-06-21,17.8900000000,61.8600000000,27.9800000000,35.0100000000,0.0253458620,0.0071840363,0.0099694077
2021-06-22,16.6600000000,58.6400000000,28.0300000000,34.2800000000,-0.0036993945,0.0371523848,0.0187097965
2021-06-23,16.3200000000,55.6000000000,28.1400000000,34.6800000000,-0.0067488721,0.0260113567,0.0233171186
2021-06-24,15.9700000000,54.8300000000,28.4400000000,32.0500000000,0.0037243991,0.0147572805,0.0076530986
2021-06-25,15.6200000000,55.5800000000,28.6500000000,31.3000000000,0.0095917425,0.0113978159,-0.0007263483
2021-06-28,15.7600000000,56.3300000000,29.2900000000,31.8600000000,-0.0155297562,-0.0029069788,0.0081411576
2021-06-29,16.0200000000,56.8000000000,28.9800000000,31.9900000000,0.0015223863,0.0364008261,0.0025193463
2021-06-30,15.8300000000,57.2700000000,29.0600000000,32.7400000000,0.0063413502,0.0333618771,0.0130347350
2021-07-01,15.4800000000,57.5200000000,29.1000000000,32.4700000000,0.0212108564,0.0429939741,0.0224531446
2021-07-02,15.0700000000,52.4100000000,28.8600000000,32.8700000000,0.0004035241,-0.0087814931,-0.0052174031
2021-07-03,,,28.8600000000,,,,
2021-07-04,,,28.8600000000,,0.0104348773,,
2021-07-05,,,28.8600000000,,0.0146643753,0.0574359438,0.0090262720
2021-07-06,16.4400000000,56.5500000000,28.4300000000,37.5900000000,-0.0493280137,-0.1066937417,-0.0688447672
2021-07-07,16.2000000000,60.6500000000,28.5400000000,42.0100000000,-0.0149919521,-0.0532009918,-0.0262580728
2021-07-08,19.0000000000,61.6800000000,28.5500000000,38.8000000000,0.0100195661,0.0296746831,-0.0051443383
2021-07-09,16.1800000000,59.9200000000,29.1000000000,37.0200000000,0.0217772079,0.0950044829,0.0358353699
2021-07-12,16.1700000000,60.7800000000,28.8800000000,38.7300000000,-0.0050254775,-0.0556533102,-0.0481361208
2021-07-13,17.1200000000,60.8000000000,28.7900000000,35.4000000000,0.0168774681,0.0232210342,0.0218065259
2021-07-14,16.3300000000,57.3100000000,28.5100000000,38.2000000000,-0.0278304801,-0.0195911616,0.0097910780
2021-07-15,17.0100000000,56.9800000000,28.5700000000,38.0400000000,-0.0174980162,-0.0285266967,-0.0075230748
2021-07-16,18.4500000000,58.2400000000,28.4100000000,37.1500000000,0.0025185406,0.0304515145,-0.0015114305
2021-07-19,22.5000000000,67.5800000000,27.8400000000,46.3600000000,-0.0755924979,0.0228975404,-0.0091168723
2021-07-20,19.7300000000,69.3100000000,27.9900000000,52.2600000000,0.0127294868,-0.0136698262,-0.0231625873
2021-07-21,17.9100000000,65.2800000000,28.6700000000,42.9100000000,0.0346601924,0.0220499976,0.0179975830
2021-07-22,17.6900000000,64.9600000000,28.3800000000,36.4400000000,0.0223163266,0.0049945996,-0.0262329237
2021-07-23,17.2000000000,65.2800000000,28.0700000000,34.0500000000,0.0033679515,-0.0169154929,0.0019669558
2021-07-26,17.5800000000,69.0300000000,28.3000000000,35.5900000000,-0.0005605381,0.0384105089,0.0443919557
2021-07-27,19.3600000000,70.0700000000,28.2100000000,35.1400000000,-0.0028074134,0.0181471747,-0.0054660394
2021-07-28,18.3100000000,62.4000000000,28.8000000000,34.6200000000,0.0090954241,0.0545627510,0.0174243284
2021-07-29,17.7000000000,62.0800000000,28.9900000000,33.3600000000,0.0164402404,0.0360203192,0.0038928587
2021-07-30,18.2400000000,61.1900000000,26.8500000000,32.8500000000,0.0034197421,-0.0097180596,-0.0134105195
2021-08-02,19.4600000000,64.2900000000,27.0200000000,36.2300000000,-0.0364333955,0.0337027882,0.0204164478
2021-08-03,18.0400000000,65.4200000000,26.9200000000,37.5500000000,-0.0082480559,-0.0218244549,-0.0044190829
2021-08-04,17.9700000000,62.6700000000,26.5000000000,42.2700000000,-0.0325090302,0.0241939558,0.0231656506
2021-08-05,17.2800000000,63.5700000000,26.3900000000,39.0900000000,0.0139165800,0.0151731584,0.0093324439
2021-08-06,16.1500000000,62.6400000000,26.3800000000,39.3100000000,-0.0093540583,0.0050920277,0.0120740103
2021-08-07,,,26.3800000000,,,,
2021-08-08,,,26.3800000000,,,,
2021-08-09,16.7200000000,65.7200000000,25.8800000000,43.2800000000,-0.0267873160,-0.0077295971,-0.0007062147
2021-08-10,16.7900000000,66.5500000000,26.2000000000,39.2800000000,0.0261997719,0.0427553369,0.0138562245
2021-08-11,16.0600000000,60.6600000000,26.3300000000,38.3200000000,0.0140066486,0.0293707192,0.0064241909
2021-08-12,15.5900000000,57.3900000000,26.5500000000,36.5000000000,-0.0017401397,-0.0025038932,-0.0266588920
2021-08-13,15.4500000000,55.4500000000,26.5500000000,35.9100000000,-0.0100649964,-0.0274716444,-0.0157652853
2021-08-16,16.1200000000,59.4000000000,26.1800000000,38.8400000000,-0.0171525719,0.0725895149,0.0489793155
2021-08-17,17.9100000000,60.2800000000,25.5700000000,39.5000000000,-0.0106455762,-0.0218890735,-0.0161195968
2021-08-18,21.5700000000,58.0500000000,25.1500000000,40.8600000000,-0.0171802021,-0.0338802522,-0.0017488637
2021-08-19,21.6700000000,59.3800000000,23.9300000000,40.9800000000,-0.0265729255,-0.1164756390,-0.0656477188
2021-08-20,18.5600000000,59.9500000000,24.1600000000,40.6700000000,-0.0216500019,0.0376293803,0.0163147853
2021-08-23,17.1500000000,62.2300000000,25.3000000000,38.6700000000,0.0502145022,-0.0063139978,0.0174995352
2021-08-24,17.2200000000,63.0300000000,26.0000000000,36.7900000000,0.0288126123,0.0737480225,0.0232194750
2021-08-25,16.7900000000,64.5100000000,26.0700000000,35.6000000000,0.0119726506,0.0092064318,-0.0017670971
2021-08-26,18.8400000000,63.4100000000,25.7200000000,36.3300000000,-0.0142056251,0.0110461962,0.0056437540
2021-08-27,16.3900000000,57.9800000000,26.5500000000,34.9300000000,0.0203576879,0.0431291066,0.0369453377
2021-08-30,16.1900000000,60.1400000000,26.4400000000,35.2700000000,0.0065497651,0.0384311540,0.0293942338
2021-08-31,16.4800000000,59.5400000000,26.8800000000,34.2800000000,-0.0097675534,0.0131779505,0.0000000000
2021-09-01,16.1100000000,58.0900000000,26.6400000000,36.1300000000,0.0008786060,-0.0021079853,-0.0105891128
2021-09-02,16.4100000000,55.8000000000,26.4900000000,31.3500000000,0.0204280918,0.0329747540,0.0230197603
2021-09-03,16.4100000000,53.2600000000,26.7700000000,36.9100000000,-0.0095101581,-0.0079481375,-0.0032562712
2021-09-05,,,,,-0.0046437466,,
2021-09-06,,,,,0.0007270084,0.0262328343,0.0160158726
2021-09-07,18.1400000000,57.0500000000,26.7000000000,32.9100000000,-0.0097861002,0.0193671652,-0.0051488448
2021-09-08,17.9600000000,57.0200000000,26.6000000000,31.9100000000,0.0134132351,0.0252769969,0.0073931549
2021-09-09,18.8000000000,52.6100000000,27.0100000000,33.8700000000,-0.0165003379,0.0231173530,0.0047923414
2021-09-10,20.9500000000,51.7300000000,27.3800000000,33.5400000000,0.0225644627,0.0233204451,-0.0295970500
2021-09-13,19.3700000000,53.1000000000,27.1700000000,32.7400000000,0.0103108460,0.0564435218,0.0024592192
2021-09-14,19.4600000000,51.7300000000,27.0200000000,33.6300000000,0.0005697194,0.0706353694,-0.0201793152
2021-09-15,18.1800000000,53.9300000000,27.2900000000,32.3800000000,0.0294634107,0.0724720018,0.0001670704
2021-09-16,18.6900000000,53.7000000000,26.7500000000,33.1600000000,0.0005528680,-0.1114336401,-0.0092305766
2021-09-17,20.8100000000,56.0600000000,26.8000000000,32.3200000000,-0.0076288601,0.0288596933,0.0028621957
2021-09-20,25.7100000000,59.5800000000,26.2700000000,35.2300000000,-0.0236697441,0.1457352418,0.0199740329
2021-09-21,24.3600000000,59.2000000000,26.4200000000,34.4500000000,0.0049776111,-0.0205910735,-0.0086064748
2021-09-22,20.8700000000,55.9200000000,26.3700000000,32.4300000000,0.0196663172,-0.0287356340,0.0072872134
2021-09-23,18.6300000000,56.7900000000,26.7100000000,32.3000000000,0.0146371020,-0.0284084292,-0.0009905895
2021-09-24,17.7500000000,58.4600000000,26.7100000000,34.0100000000,0.0090066111,0.0079472131,0.0388775880
2021-09-27,18.7600000000,60.5000000000,27.0700000000,34.9800000000,0.0197733256,0.0854642906,0.0224657944
2021-09-28,23.2500000000,62.7100000000,26.6500000000,36.1000000000,-0.0024003212,0.0265440677,-0.0388044568
2021-09-29,22.5600000000,61.2100000000,26.5000000000,35.2600000000,-0.0053547651,0.0974774286,0.0153849188
2021-09-30,23.1400000000,61.0700000000,26.3600000000,38.6800000000,0.0026809668,0.1212549568,-0.0182961290
2021-10-01,21.1500000000,57.3800000000,26.4000000000,37.3800000000,0.0117116058,-0.0433612512,0.0048473192
2021-10-04,22.9600000000,60.6100000000,26.3300000000,37.2700000000,0.0228902807,0.0318194568,0.0216845231
2021-10-05,21.3000000000,62.8300000000,26.3500000000,37.2000000000,0.0159079686,0.1826456914,0.0206064113
2021-10-06,21.0000000000,60.6500000000,26.4800000000,41.0200000000,-0.0194056080,-0.0698644064,-0.0905009961
2021-10-07,19.5400000000,60.9100000000,27.9900000000,46.1500000000,0.0116115354,-0.1134850876,0.0209230162
2021-10-08,18.7700000000,59.6500000000,27.8600000000,38.0000000000,0.0102093791,-0.0975636073,-0.0343757520
2021-10-11,20.0000000000,,27.9800000000,38.5100000000,0.0146208806,-0.0276602791,0.0139600497
2021-10-12,19.8500000000,62.9500000000,28.4700000000,37.1000000000,0.0000000000,0.0056402785,-0.0037262916
2021-10-13,18.6400000000,60.8400000000,28.6100000000,36.0500000000,-0.0012520347,0.0883718209,0.0023728825
2021-10-14,16.8600000000,59.3500000000,29.2700000000,36.9800000000,0.0118315098,0.0874563586,0.0393379075
2021-10-15,16.3000000000,62.7000000000,30.1800000000,34.0500000000,0.0118155221,-0.0871145951,-0.0330936884
2021-10-18,16.3100000000,70.7700000000,30.3100000000,35.0200000000,-0.0004895362,0.0030386896,-0.0149155308
2021-10-19,15.7000000000,68.2500000000,30.3800000000,35.1400000000,0.0091391607,-0.0435279330,-0.0709341574
2021-10-20,15.4900000000,65.4700000000,30.4500000000,35.1600000000,0.0118173327,0.0383834056,0.0575249828
2021-10-21,15.0100000000,69.4200000000,30.3300000000,36.5500000000,-0.0250043370,-0.0548528493,0.0034554285
2021-10-22,15.4300000000,72.0400000000,30.4800000000,36.8700000000,0.0139145416,-0.0127987367,0.0049892577
2021-10-25,15.2400000000,68.9600000000,30.9100000000,36.0700000000,0.0013324452,0.0148314184,0.0122805569
2021-10-26,15.9800000000,66.7000000000,30.4600000000,35.5000000000,0.0090378394,-0.0016936144,0.0138049330
2021-10-27,16.9800000000,70.0600000000,30.0200000000,37.6300000000,-0.0228109866,-0.0190979611,0.0015036341
2021-10-28,16.5300000000,71.9600000000,30.2100000000,37.2300000000,-0.0002454891,-0.1196045718,-0.0224538850
2021-10-29,16.2600000000,75.4500000000,30.0200000000,37.9200000000,0.0039206127,-0.1719281497,0.0023874500
2021-11-01,16.4100000000,78.3400000000,30.3600000000,36.7400000000,0.0081593341,0.0115725179,-0.0306119882
2021-11-02,16.0300000000,71.0400000000,29.7900000000,35.5600000000,-0.0001212930,0.0298314483,0.0433057357
2021-11-03,15.1000000000,71.2200000000,29.5600000000,39.4400000000,-0.0354336186,0.1241428733,0.0060362356
2021-11-04,15.4400000000,64.6100000000,29.0500000000,38.5600000000,-0.0237818800,-0.0422427031,0.0006684492
2021-11-05,16.4800000000,66.9000000000,29.3500000000,37.8400000000,0.0307950584,0.0088329848,-0.0078826404
2021-11-08,17.2200000000,70.9700000000,29.7800000000,37.7100000000,0.0075837996,0.0659542314,0.0206639581
2021-11-09,17.7800000000,73.0200000000,29.7300000000,36.3300000000,0.0222911863,-0.0855982805,-0.0036351659
2021-11-10,18.7300000000,78.3100000000,29.7100000000,37.0900000000,-0.0307489482,-0.0345349995,0.0445165352
2021-11-11,17.6600000000,,30.1900000000,36.2000000000,0.0044865479,0.0644333433,0.0085133732
2021-11-12,16.2900000000,78.6100000000,30.3100000000,36.1000000000,-0.0091187941,0.0117636687,-0.0067732794
2021-11-15,16.4900000000,81.5900000000,30.2200000000,36.4200000000,0.0007526343,0.0549160602,0.0411822900
2021-11-16,16.3700000000,81.5800000000,29.8400000000,34.6900000000,-0.0001253997,0.1639394868,0.0242744913
2021-11-17,17.1100000000,81.5800000000,29.5700000000,33.7500000000,-0.0278484523,0.0086155940,-0.0057902322
2021-11-18,17.5900000000,74.5100000000,29.6000000000,37.6800000000,0.0110285806,0.0017142471,0.0284768986
2021-11-19,17.9100000000,73.3900000000,29.4200000000,37.1300000000,-0.0320079154,-0.0882893740,0.0037556017
2021-11-22,19.1700000000,79.2100000000,28.6500000000,36.6100000000,0.0023674876,-0.0363247098,0.0078983681
2021-11-23,19.3800000000,80.5700000000,28.8500000000,35.1000000000,0.0236282575,0.0790378275,-0.0106414579
2021-11-24,18.5800000000,83.1500000000,28.9600000000,34.7900000000,-0.0016693423,0.0330675682,0.0526585612
2021-11-25,18.5800000000,,,,-0.0051539864,-0.0084412131,0.0210362646
2021-11-26,28.6200000000,89.4500000000,27.9200000000,65.7200000000,-0.1319639797,-0.0599407988,-0.0228208763
2021-11-29,22.9600000000,89.4100000000,28.3100000000,63.3400000000,0.0258998909,0.0594256115,0.0194577198
2021-11-30,27.1900000000,84.0400000000,28.6400000000,75.2300000000,-0.0556724542,-0.0068189794,0.0155104059
2021-12-01,31.1200000000,82.9700000000,27.5200000000,78.1800000000,-0.0073159906,0.0336078561,0.0189255222
2021-12-02,27.9500000000,82.5500000000,28.1000000000,57.2700000000,0.0136738685,-0.0088712164,0.0389402616
2021-12-03,30.6700000000,79.1400000000,27.8800000000,64.5500000000,-0.0025685592,-0.0580930299,-0.0203662722
2021-12-06,27.1800000000,87.8900000000,28.3000000000,56.2100000000,0.0472761593,0.0050165652,0.0376219918
2021-12-07,21.8900000000,88.1400000000,28.8400000000,48.1500000000,0.0359965178,0.0641193480,0.0440610508
2021-12-08,19.9000000000,80.2900000000,28.9100000000,45.2200000000,0.0047215752,0.0569498045,0.0456952733
2021-12-09,21.5800000000,79.5400000000,28.8800000000,47.4300000000,-0.0194452514,-0.0104681887,-0.1027636305
2021-12-10,18.6900000000,74.3600000000,28.6900000000,46.2300000000,0.0096999425,0.0517133366,0.0430738213
2021-12-13,20.3100000000,76.4100000000,28.0600000000,45.8800000000,-0.0058930997,0.0929904164,-0.0194157441
2021-12-14,21.8900000000,78.9800000000,27.5700000000,54.7600000000,-0.0076282331,0.1000649988,-0.0326761745
2021-12-15,19.2900000000,74.0600000000,27.1400000000,56.5300000000,0.0019832844,0.0305720607,0.0127517667
2021-12-16,20.5700000000,69.1000000000,27.7800000000,49.9700000000,0.0208676433,0.0762487953,0.0516845222
2021-12-17,21.5700000000,72.4600000000,28.1300000000,48.3100000000,-0.0200188669,-0.0418542342,-0.1456539863
2021-12-20,22.8700000000,77.0200000000,27.7200000000,60.2400000000,-0.0302901216,0.0705833711,0.0799587270
2021-12-21,21.0100000000,79.5200000000,28.2300000000,52.3100000000,0.0317031500,0.2045100265,0.0194616921
2021-12-22,18.6300000000,76.8500000000,28.2500000000,46.0000000000,0.0210975342,-0.0418702952,-0.0521129506
2021-12-23,17.9600000000,77.2900000000,28.8200000000,43.7100000000,0.0149573972,-0.2653900958,-0.0313331204
2021-12-24,17.9600000000,,,43.7100000000,,-0.1824437556,0.0245419229
2021-12-27,17.6800000000,80.1200000000,29.3600000000,43.5800000000,0.0236888601,-0.0329066045,0.0079619294
2021-12-28,17.5400000000,77.5200000000,29.3700000000,41.2300000000,0.0055710450,-0.0028386354,0.0303460966
2021-12-29,16.9500000000,78.0000000000,29.3500000000,40.2400000000,0.0076426779,-0.0996954260,0.0134045227
2021-12-30,17.3300000000,77.6200000000,29.7300000000,40.2000000000,0.0056286555,-0.1030758574,-0.0024919026
2021-12-31,17.2200000000,77.1000000000,29.6200000000,42.6200000000,-0.0228407844,-0.2128351392,0.0060941672
2022-01-03,16.6000000000,84.0800000000,30.1000000000,37.5700000000,0.0128708736,0.1340536962,0.0408170348
2022-01-04,16.9100000000,83.1100000000,30.6000000000,39.4800000000,0.0116653790,0.0982850424,0.0106560326
2022-01-05,19.7300000000,78.6800000000,30.5900000000,44.4900000000,0.0094676798,0.0308573658,0.0309607894
2022-01-06,19.6100000000,77.7300000000,30.9300000000,36.8600000000,0.0180369457,0.0529843530,-0.0096375230
2022-01-07,18.7600000000,74.6900000000,31.6200000000,37.0000000000,-0.0055937090,-0.0902515985,-0.0153348730
2022-01-10,19.4000000000,78.1200000000,31.6100000000,37.6500000000,-0.0094787440,-0.0412951295,-0.0644292631
2022-01-11,18.4100000000,77.8500000000,32.4800000000,34.3100000000,0.0375115016,-0.0719165214,0.0149950142
2022-01-12,17.6200000000,74.5500000000,33.6200000000,34.3900000000,0.0165963610,-0.0465744486,-0.0159943897
2022-01-13,20.3100000000,72.5700000000,33.3200000000,37.1100000000,-0.0048887900,0.1285223947,0.0068506215
2022-01-14,19.1900000000,76.5900000000,33.4300000000,41.1800000000,0.0203742192,0.0175148014,0.0186921330
2022-01-16,,,,,0.0063423895,,
2022-01-17,,,,,-0.0016714426,-0.1216019777,-0.0184439017
2022-01-18,22.7900000000,84.6300000000,33.5400000000,42.2800000000,0.0135297578,0.0170204822,0.0256062995
2022-01-19,23.8500000000,80.1400000000,34.1000000000,42.7500000000,0.0113697527,-0.0354989982,-0.0070405729
2022-01-20,25.5900000000,80.9600000000,33.8500000000,41.1500000000,-0.0029180062,-0.0052916141,0.0417522475
2022-01-21,28.8500000000,81.0300000000,33.3100000000,42.5700000000,-0.0166189222,0.0490035321,-0.0131720122
2022-01-24,29.9000000000,83.7700000000,32.3900000000,47.8400000000,-0.0207752894,0.1634048373,-0.0053415760
2022-01-25,31.1600000000,84.5700000000,32.4500000000,47.6300000000,0.0235050994,0.0062385641,0.0400123357
2022-01-26,31.9600000000,85.7500000000,32.2800000000,45.6700000000,0.0186701836,-0.0188227908,0.0137416279
2022-01-27,30.4900000000,85.6200000000,32.4100000000,46.9000000000,-0.0078248574,0.0050397092,0.0123306125
2022-01-28,27.6600000000,85.2900000000,32.5500000000,47.7400000000,0.0016401128,-0.0025927126,-0.0060342121
2022-01-31,24.8300000000,85.1400000000,32.9300000000,42.3500000000,0.0123314732,-0.0836772946,0.0002241399
2022-02-01,21.9600000000,85.2200000000,32.1600000000,41.3100000000,-0.0003469211,-0.1058566705,0.0031326944
2022-02-02,22.0900000000,84.8500000000,32.0100000000,41.8600000000,0.0026566576,0.0154252072,0.0510642691
2022-02-03,24.3500000000,85.7400000000,31.4400000000,42.1500000000,0.0200988837,0.0364567516,0.0063485559
2022-02-04,23.2200000000,87.6800000000,31.5400000000,43.8800000000,0.0210322106,0.0298287656,0.0171498504
2022-02-07,22.8600000000,87.4400000000,31.9200000000,43.3400000000,-0.0062187874,-0.0376877456,0.0025886631
2022-02-08,21.4400000000,82.7200000000,33.1900000000,41.2600000000,-0.0210510391,-0.0292573212,0.0023756660
2022-02-09,19.9600000000,81.7600000000,33.8400000000,39.4000000000,0.0071416729,-0.0380095452,-0.0654399211
2022-02-10,23.9100000000,88.5200000000,34.2500000000,43.8100000000,0.0003388108,-0.0008603886,-0.0001101504
2022-02-11,27.3600000000,94.0300000000,33.8700000000,47.4400000000,0.0317839845,0.0404986197,0.0227616688
2022-02-14,28.3300000000,102.2800000000,34.1100000000,48.8300000000,0.0224971634,0.0422953487,-0.0120241930
2022-02-15,25.7000000000,94.0000000000,34.5800000000,48.3600000000,-0.0358211506,-0.1300796095,-0.0067796870
2022-02-16,24.2900000000,92.7400000000,34.9500000000,49.3800000000,0.0177987560,-0.0159760067,-0.0141438822
2022-02-17,28.1100000000,96.1700000000,34.7800000000,53.1400000000,-0.0196850256,0.0707784150,-0.0388023720
2022-02-18,27.7500000000,94.3600000000,34.5200000000,52.0100000000,0.0018862696,-0.0154970951,0.0344528419
2022-02-20,,,,,0.0155093028,,
2022-02-21,,,,,0.0111793643,-0.0163747628,0.0023444052
2022-02-22,28.8100000000,95.5400000000,33.9600000000,50.1100000000,-0.0080191154,0.0949167193,0.0010030650
2022-02-23,31.0200000000,95.1500000000,34.1100000000,50.5100000000,-0.0133627399,0.1080252497,0.0573626186
2022-02-24,30.3200000000,100.7500000000,33.4100000000,49.0400000000,0.0027528509,0.4127843326,-0.0883605756
2022-02-25,27.5900000000,93.3400000000,34.3100000000,49.5000000000,-0.0116132478,-0.3524211358,0.0126735726
2022-02-28,30.1500000000,100.4000000000,34.8400000000,52.5000000000,0.0393747357,0.0432464535,-0.0696495102
2022-03-01,33.3200000000,118.2600000000,34.8400000000,61.4300000000,0.0693065478,0.2103247867,-0.1773467240
2022-03-02,30.7400000000,110.2800000000,35.5900000000,61.5300000000,0.0661214409,0.3078856427,-0.0052424760
2022-03-03,30.4800000000,115.1800000000,36.0800000000,64.3700000000,-0.0231502756,-0.0289265985,-0.0167848464
2022-03-04,31.9800000000,131.8200000000,36.2100000000,77.2900000000,0.0692413828,0.1800514789,-0.0339783536
2022-03-07,36.4500000000,140.0300000000,35.9700000000,78.9100000000,0.0323840330,0.1654792280,-0.1103224559
2022-03-08,35.1300000000,133.3700000000,36.2200000000,75.8200000000,0.0327062492,-0.0572736333,0.1613776267
2022-03-09,32.4500000000,110.9000000000,36.6300000000,73.2500000000,-0.1301343871,-0.3194749745,0.0659424396
2022-03-10,30.2300000000,105.3100000000,37.0600000000,67.3400000000,-0.0198045312,-0.2096429102,0.0431914181
2022-03-11,30.7500000000,99.0300000000,36.8200000000,68.0100000000,0.0316333892,0.0375003184,0.0045700935
2022-03-14,31.7700000000,105.0800000000,35.8800000000,65.4200000000,-0.0493641765,-0.1361769444,0.0196084714
2022-03-15,29.8300000000,101.0300000000,35.5600000000,63.6200000000,-0.0652371904,0.0079753076,-0.0109178401
2022-03-16,26.6700000000,100.5700000000,36.4900000000,59.3500000000,-0.0127403783,-0.1176801728,0.0093837053
2022-03-17,25.6700000000,91.7600000000,36.9000000000,67.7800000000,0.0826119999,0.0237360152,0.0218926808
2022-03-18,23.8700000000,91.7700000000,36.7700000000,69.0900000000,0.0140668530,-0.0004187844,-0.0125962114
2022-03-21,23.5300000000,101.9400000000,37.0000000000,70.7800000000,0.0646052082,-0.0868902230,-0.0063581089
2022-03-22,22.9400000000,105.3800000000,37.4300000000,69.5600000000,-0.0063857177,0.0250719366,0.0286703907
2022-03-23,23.5700000000,105.7200000000,37.4100000000,72.5900000000,0.0245876980,0.1696214582,-0.0517696822
2022-03-24,21.6700000000,113.1400000000,37.2300000000,69.1400000000,-0.0231245062,-0.0471897498,0.0211839490
2022-03-25,20.8100000000,125.2700000000,37.7000000000,68.9100000000,0.0147855204,-0.0972123893,0.0045906737
2022-03-28,19.6300000000,129.2800000000,37.2900000000,67.0400000000,-0.0712722288,0.0125213839,0.0277290208
2022-03-29,18.9000000000,117.9200000000,37.3200000000,62.4600000000,-0.0133354777,0.0553510703,0.0109532816
2022-03-30,19.3300000000,112.9800000000,37.1400000000,61.0400000000,0.0349527710,0.0932185636,-0.0423786931
2022-03-31,20.5600000000,106.8800000000,37.2000000000,57.6600000000,-0.0701560870,0.0566642363,-0.0236460400
2022-04-01,19.6300000000,108.3400000000,37.6000000000,54.3600000000,-0.0063130237,-0.1156983358,0.0259419594
2022-04-04,18.5700000000,108.3700000000,37.7100000000,54.3100000000,0.0394564047,-0.0237026881,0.0001273966
2022-04-05,21.0300000000,116.3700000000,36.8000000000,53.8000000000,-0.0114557840,-0.0087947120,-0.0057489778
2022-04-06,22.1000000000,123.9200000000,36.8300000000,53.1500000000,-0.0537637755,-0.0164662075,-0.0112092909
2022-04-07,21.5500000000,122.6700000000,36.9700000000,54.2300000000,0.0010475593,-0.0210743292,0.0351359972
2022-04-08,21.1600000000,124.8600000000,36.3900000000,53.1400000000,0.0229776203,-0.0065436845,0.0018746491
2022-04-11,24.3700000000,129.8700000000,35.9500000000,54.8100000000,-0.0397652183,-0.0367163912,-0.0270834068
2022-04-12,24.2600000000,117.7900000000,35.5400000000,55.2500000000,0.0642257060,0.0205783221,0.0135068312
2022-04-13,21.8200000000,116.3300000000,35.1100000000,51.2000000000,0.0357005649,0.0299237429,-0.0200709838
2022-04-14,22.7000000000,119.6600000000,34.9400000000,53.3800000000,0.0246479623,-0.0966593102,0.0321481214
2022-04-15,22.7000000000,,,,,,
2022-04-18,22.1700000000,122.3200000000,34.8100000000,50.9400000000,0.0114959909,,
2022-04-19,21.3700000000,122.7400000000,34.7900000000,50.3400000000,-0.0530506910,-0.0195583568,0.0028719505
2022-04-20,20.3200000000,125.1200000000,34.8700000000,52.2300000000,0.0013709364,0.0049255681,0.0907657503
2022-04-21,22.6800000000,130.6900000000,34.0100000000,49.8600000000,0.0075067377,0.0600307855,-0.0158387335
2022-04-22,28.2100000000,128.1200000000,33.4800000000,51.1500000000,-0.0187251194,-0.0532197643,0.0290734722
2022-04-25,27.0200000000,131.6300000000,31.7100000000,52.8600000000,-0.0340209944,-0.0217149685,-0.0641565287
2022-04-26,33.5200000000,129.2700000000,31.1800000000,53.5700000000,0.0276673544,0.1059011022,-0.0090269615
2022-04-27,31.6000000000,130.1100000000,31.6800000000,53.3800000000,0.0026853664,0.0400651777,-0.0207679099
2022-04-28,29.9900000000,128.7400000000,31.8300000000,51.9400000000,0.0273345453,-0.0702223684,0.0204051310
2022-04-29,33.4000000000,128.4000000000,31.9500000000,53.1000000000,-0.0051354214,-0.0069341734,0.0211819084
2022-05-02,32.3400000000,135.1700000000,31.5400000000,54.1500000000,0.0046520727,-0.0244183918,-0.0168372238
2022-05-03,29.2500000000,126.4600000000,31.9300000000,54.0400000000,-0.0246684396,0.0241770353,0.0601711585
2022-05-04,25.4200000000,121.9900000000,32.2200000000,53.1500000000,0.0513824876,0.0432546135,0.0013597736
2022-05-05,31.2000000000,122.7200000000,30.4200000000,54.7200000000,0.0048835559,0.0255518373,0.0067712707
2022-05-06,30.1900000000,121.4200000000,29.8500000000,54.8200000000,0.0147861531,-0.0461141370,0.0291514131
2022-05-09,34.7500000000,125.2200000000,28.6300000000,57.9000000000,-0.0624667588,-0.0810797090,-0.0506380579
2022-05-10,32.9900000000,126.7600000000,28.2900000000,56.0600000000,-0.0331665601,0.0520814725,0.0036705708
2022-05-11,32.5600000000,118.0500000000,28.3400000000,53.4300000000,0.0551305140,-0.0496852925,0.0169158827
2022-05-12,31.7700000000,118.7300000000,27.6800000000,52.7100000000,0.0035503564,0.1266080966,-0.0064374269
2022-05-13,28.8700000000,114.6100000000,28.6600000000,51.2200000000,0.0397179370,-0.0965471091,0.0024895339
2022-05-16,27.4700000000,117.9500000000,28.6100000000,51.8900000000,0.0289428232,-0.0423904386,0.0121322540
2022-05-17,26.1000000000,119.4600000000,29.2500000000,50.3400000000,-0.0197793759,0.0140617710,0.0238316663
2022-05-18,30.9600000000,114.8600000000,28.5600000000,51.8900000000,-0.0239084633,0.0038471165,-0.0803334899
2022-05-19,29.3500000000,115.0500000000,29.5100000000,51.1600000000,0.0262772691,-0.0378786621,-0.0174000338
2022-05-20,29.4300000000,111.1000000000,29.7700000000,50.7200000000,0.0035427207,-0.0349006504,-0.0341171440
2022-05-23,28.4800000000,110.1900000000,30.3700000000,48.6300000000,-0.0251597148,-0.0539180764,-0.0282597335
2022-05-24,29.4500000000,111.1500000000,30.1600000000,47.0400000000,-0.0031666227,0.0145298900,0.0397619319
2022-05-25,28.3700000000,105.6900000000,30.3900000000,46.7600000000,0.0051174803,0.0413884144,0.0009832842
2022-05-26,27.5000000000,102.4900000000,30.8200000000,46.0300000000,0.0319661921,-0.0242127554,0.0404484604
2022-05-27,25.7200000000,98.4800000000,31.2400000000,47.9200000000,0.0087704160,0.0104602738,-0.0066288122
2022-05-29,,,,,0.0296721207,,
2022-05-30,26.5400000000,,,,0.0171516082,0.0127187724,-0.0027353291
2022-05-31,26.1900000000,107.1200000000,30.9600000000,49.8200000000,-0.0496790890,0.0661482583,0.0005952735
2022-06-01,25.6900000000,109.3800000000,30.7900000000,49.1400000000,0.0072118908,-0.0942246452,0.0242222307
2022-06-02,24.7200000000,99.2700000000,31.7000000000,47.8000000000,0.0139197032,-0.0189508669,0.0030158937
2022-06-03,24.7900000000,97.7300000000,31.3800000000,46.2300000000,0.0167444159,-0.0101050870,0.0061197581
2022-06-06,25.0700000000,102.2600000000,30.9900000000,47.9000000000,-0.0014636879,-0.0065556588,-0.0646689928
2022-06-07,24.0200000000,102.6100000000,31.1900000000,45.8800000000,0.0089209718,-0.0363864863,-0.0014747453
2022-06-08,23.9600000000,105.2900000000,31.1700000000,44.3700000000,0.0226284562,-0.0025280647,-0.0186202003
2022-06-09,26.0900000000,105.2900000000,29.4800000000,43.8700000000,-0.0057772171,0.0666519687,0.0149237940
2022-06-10,27.7500000000,114.2300000000,29.2500000000,42.9200000000,-0.0081784529,-0.0288766598,0.0104378672
2022-06-13,34.0200000000,139.2100000000,28.4200000000,47.5600000000,0.0010999705,0.0113104554,-0.0039167737
2022-06-14,32.6900000000,144.0900000000,28.1200000000,46.6300000000,-0.0169719651,0.1514509747,0.0315072232
2022-06-15,29.6200000000,135.9300000000,28.4700000000,47.0400000000,-0.0276451004,0.2151313246,0.0240692570
2022-06-16,32.9500000000,138.1000000000,28.1900000000,46.2700000000,0.0189197200,0.0329581601,-0.0378295699
2022-06-17,31.1300000000,133.7500000000,27.8500000000,49.1900000000,-0.0650650516,-0.0547509325,-0.0076193148
2022-06-19,,,,,0.0087586417,,
2022-06-20,31.0300000000,,,,-0.0009183580,0.0242413230,0.0195955059
2022-06-21,30.1900000000,138.9100000000,27.5700000000,46.5600000000,0.0062282671,0.0400805921,0.0086529314
2022-06-22,28.9500000000,129.9400000000,26.9300000000,48.9900000000,-0.0518124403,0.0127489055,-0.0342149694
2022-06-23,29.0500000000,125.9800000000,25.9500000000,48.5800000000,-0.0234480753,0.0474221157,0.0271084608
2022-06-24,27.2300000000,127.0000000000,26.3600000000,46.9900000000,0.0278618226,-0.0369869391,-0.0083552646
2022-06-27,26.9500000000,133.2200000000,26.4900000000,46.9900000000,0.0183091013,0.0073964146,0.0192313619
2022-06-28,28.3600000000,135.2200000000,26.6800000000,46.5900000000,0.0233206090,-0.0021884131,0.0272559638
2022-06-29,28.1600000000,130.4300000000,26.3900000000,48.5700000000,-0.0174159103,0.0775194112,0.0108109161
2022-06-30,28.7100000000,135.5000000000,25.5200000000,48.9000000000,-0.0372228970,0.0346811619,0.0202796710
2022-07-01,26.7000000000,144.1700000000,25.9300000000,49.4000000000,0.0219683639,0.0223753596,-0.0521342587
2022-07-03,,,,,0.0262211858,,
2022-07-04,27.5300000000,,,49.4000000000,0.0202211931,0.0976302866,-0.0121085356
2022-07-05,27.5400000000,156.1600000000,24.9600000000,52.6100000000,-0.1343598931,0.0130057654,-0.0162159270
2022-07-06,26.7300000000,151.1400000000,24.5700000000,54.6700000000,-0.0160838976,0.0352699082,0.0003605553
2022-07-07,26.0800000000,149.7100000000,25.4800000000,52.8700000000,0.0439755764,0.0688279446,0.0202219333
2022-07-08,24.6400000000,145.2500000000,25.2400000000,52.1000000000,0.0227124017,-0.0444889839,-0.0254023557
2022-07-11,26.1700000000,147.7200000000,24.6900000000,53.1000000000,-0.0031567551,-0.0629645259,0.0187860745
2022-07-12,27.2900000000,148.1100000000,24.2900000000,54.4000000000,-0.0812702830,0.0479967776,0.0151758692
2022-07-13,26.8200000000,136.1000000000,24.2800000000,51.7600000000,0.0055573511,0.0447295572,-0.0211204830
2022-07-14,26.4000000000,137.7600000000,23.5500000000,53.0300000000,-0.0107147709,-0.0307839506,0.0013108505
2022-07-15,24.2300000000,129.8500000000,23.7300000000,51.7700000000,0.0185704376,-0.0925106309,0.0166522891
2022-07-18,25.3000000000,127.6900000000,24.4200000000,49.6600000000,0.0500129996,-0.0145761280,-0.0051667564
2022-07-19,24.5000000000,124.7000000000,25.0600000000,48.7700000000,0.0131896397,-0.0179720282,-0.0153036975
2022-07-20,23.8800000000,122.9000000000,25.5400000000,47.5400000000,-0.0085734749,0.0037545077,-0.0592209451
2022-07-21,23.1100000000,121.1500000000,25.6400000000,51.1000000000,-0.0630178518,0.0036183636,-0.0093023927
2022-07-22,23.0300000000,123.7000000000,25.6500000000,47.8400000000,-0.0145000124,0.0270348420,-0.0234451513
2022-07-25,23.3600000000,128.2700000000,25.4600000000,47.9600000000,0.0213013138,0.0996544305,0.0009170106
2022-07-26,24.6900000000,128.5500000000,25.5500000000,47.8100000000,-0.0164445777,0.1239293982,0.0040509693
2022-07-27,23.2400000000,117.2800000000,25.2200000000,48.9900000000,0.0256165360,0.0261996558,-0.0070671672
2022-07-28,22.3300000000,119.9300000000,25.4800000000,47.1700000000,-0.0067389957,-0.0311539342,0.0363676442
2022-07-29,21.3300000000,116.3600000000,25.8900000000,46.1900000000,0.0219444543,-0.0411247012,-0.0052060304
2022-08-01,22.8400000000,120.5000000000,25.6400000000,49.9700000000,-0.0461115842,0.0504512041,0.0255151151
2022-08-02,23.9300000000,129.2300000000,25.3900000000,52.7700000000,0.0089435433,0.0215788927,0.0168588254
2022-08-03,21.9500000000,122.0400000000,25.4400000000,50.1200000000,-0.0380456904,-0.0295741552,0.0245884389
2022-08-04,21.4400000000,120.5700000000,25.5500000000,55.1400000000,-0.0245923279,0.0002660355,0.0023784052
2022-08-05,21.1500000000,122.5800000000,25.6800000000,48.7600000000,0.0059212198,-0.0148042990,0.0067475841
2022-08-08,21.2900000000,124.1200000000,26.3600000000,46.4000000000,0.0207860975,-0.0167708586,-0.0112714013
2022-08-09,21.7700000000,125.1200000000,26.2900000000,46.2300000000,-0.0028953250,-0.0045218759,0.0249806792
2022-08-10,19.7400000000,115.2600000000,26.7600000000,46.5600000000,0.0169186321,0.0663453760,-0.0001163806
2022-08-11,20.2000000000,111.1100000000,27.1200000000,45.3700000000,0.0252273434,0.0132681636,0.0187934280
2022-08-12,19.5300000000,106.2800000000,27.3000000000,44.0000000000,-0.0223805222,-0.0096664828,0.0149645690
2022-08-15,19.9500000000,113.8200000000,26.8700000000,46.6300000000,-0.0289521636,0.0657271181,0.0212643693
2022-08-16,19.6900000000,116.8300000000,27.0000000000,50.2500000000,-0.0307435218,0.0260269745,0.0142187674
2022-08-17,19.9000000000,117.7000000000,26.6000000000,51.5500000000,0.0176018349,-0.0003497517,0.0396049206
2022-08-18,19.5600000000,120.2600000000,26.5900000000,47.4100000000,0.0272232785,0.0650088867,0.0025020864
2022-08-19,20.6000000000,123.8100000000,26.1200000000,50.3400000000,0.0036555012,0.0146062561,0.0203047429
2022-08-22,23.8000000000,135.8900000000,25.5100000000,50.6400000000,-0.0008849558,0.1236875578,-0.0614348163
2022-08-23,24.1100000000,133.8500000000,26.2200000000,47.3500000000,0.0314823669,-0.0282138257,-0.0317451985
2022-08-24,22.8200000000,133.1300000000,26.1400000000,48.3300000000,0.0122570146,0.0823738499,-0.0005601300
2022-08-25,21.7800000000,126.3300000000,26.5700000000,48.7800000000,-0.0236894083,0.0954626428,0.0007840941
2022-08-26,25.5600000000,122.9500000000,26.3900000000,47.0800000000,0.0021670829,0.0538480996,0.0111347326
2022-08-29,26.2100000000,130.1400000000,26.1800000000,47.7300000000,0.0403066545,-0.2185615871,-0.0412557800
2022-08-30,26.2100000000,127.6900000000,25.8100000000,49.7400000000,-0.0535995066,-0.0748760785,-0.0698916961
2022-08-31,25.8700000000,124.8400000000,25.4400000000,52.1100000000,-0.0237525040,-0.0528890976,-0.0096991559
2022-09-01,25.5600000000,126.5800000000,24.5100000000,53.9000000000,-0.0320712223,0.0128265559,0.0094516311
2022-09-02,25.4700000000,120.7200000000,24.9400000000,53.9000000000,0.0030110040,-0.1239992307,-0.0365556206
2022-09-04,,,,,0.0202605225,,
2022-09-05,25.9900000000,,,,0.0080131347,0.1359520042,-0.0451698158
2022-09-06,26.9100000000,133.5400000000,25.0500000000,50.0000000000,-0.0279268163,-0.0250503045,-0.0633482739
2022-09-07,24.6400000000,133.1200000000,25.1200000000,53.3200000000,-0.0580631727,-0.1145512367,-0.0122382926
2022-09-08,23.6100000000,,25.3300000000,51.2900000000,0.0174867844,0.0306544821,-0.0262728842
2022-09-09,22.7900000000,121.5400000000,26.1100000000,48.8400000000,0.0388409798,-0.0629253085,-0.0174021793
2022-09-12,23.8700000000,123.0700000000,26.5200000000,44.1500000000,0.0120850869,-0.0830442800,0.0832968596
2022-09-13,27.2700000000,128.8700000000,25.6800000000,44.8100000000,-0.0059667417,0.0412391426,-0.0292455681
2022-09-14,26.1600000000,125.3500000000,25.7000000000,45.6200000000,0.0132618841,0.0926004591,0.0392207132
2022-09-15,26.2700000000,124.0700000000,25.5900000000,46.6300000000,-0.0393797264,-0.0166560606,-0.0095575213
2022-09-16,26.3000000000,124.9500000000,25.4000000000,47.4400000000,0.0012986248,-0.1319572789,0.0195706356
2022-09-19,25.7600000000,133.7900000000,25.9000000000,46.7500000000,0.0070538736,-0.0298950800,-0.0300639114
2022-09-20,27.1600000000,134.6600000000,25.6800000000,48.2300000000,-0.0167753491,0.0637471079,0.0005624297
2022-09-21,27.9900000000,130.5400000000,25.3900000000,48.6500000000,-0.0181528096,-0.0233215444,-0.0191590335
2022-09-22,27.3500000000,131.9300000000,25.2700000000,47.1000000000,0.0072525399,-0.0122626116,0.0092705506
2022-09-23,29.9200000000,137.2800000000,23.8000000000,50.8200000000,-0.0592931589,-0.0105802367,-0.0685974763
2022-09-26,32.2600000000,153.6100000000,23.4500000000,56.6800000000,-0.0268098684,-0.0649271066,0.0670346430
2022-09-27,32.6000000000,158.1200000000,23.4400000000,55.8900000000,0.0211709966,0.0681779693,-0.0342791535
2022-09-28,30.1800000000,158.9900000000,24.4300000000,55.0200000000,0.0431377791,0.1073429769,-0.0422269932
2022-09-29,31.8400000000,148.1400000000,24.3500000000,54.4100000000,-0.0101448352,-0.0989633087,0.0088631387
2022-09-30,31.6200000000,141.8900000000,24.5400000000,55.6900000000,-0.0213656487,0.0060297953,0.0150991846
2022-10-03,30.1000000000,152.9400000000,25.1300000000,56.2400000000,0.0493223493,-0.1054075977,-0.0119093893
2022-10-04,29.0700000000,151.2100000000,25.9300000000,59.5100000000,0.0332967739,-0.0479930103,0.0147526385
2022-10-05,28.5500000000,152.0100000000,25.8800000000,54.2000000000,0.0155509691,0.0700017275,0.0022389740
2022-10-06,30.5200000000,153.2900000000,25.9100000000,53.3900000000,0.0085994912,0.0115569180,0.0277897762
2022-10-07,31.3600000000,148.4600000000,25.7700000000,53.6400000000,0.0420314466,-0.1176642404,0.0128234593
2022-10-10,32.4500000000,,25.4400000000,51.4200000000,-0.0166679724,-0.0134635080,-0.0450962078
2022-10-11,33.6300000000,155.5700000000,25.4400000000,51.9200000000,-0.0210344632,0.0171313843,-0.0064608444
2022-10-12,33.5700000000,160.7200000000,25.3500000000,51.5200000000,-0.0219511199,0.0215106836,0.0055618332
2022-10-13,31.9400000000,155.0800000000,25.3900000000,50.5200000000,0.0217237438,-0.0406490378,0.0314301046
2022-10-14,32.0200000000,152.8900000000,24.8700000000,50.3000000000,-0.0382433626,-0.0799056423,-0.0119831918
2022-10-17,31.3700000000,150.4200000000,25.2800000000,50.2700000000,-0.0014186076,-0.1039475565,-0.0075260445
2022-10-18,30.5000000000,145.7900000000,25.4200000000,49.1200000000,-0.0295339593,-0.1225078810,0.0038438841
2022-10-19,30.7600000000,147.7300000000,25.1400000000,47.7800000000,0.0294156511,-0.0063083866,-0.0071079819
2022-10-20,29.9800000000,155.6100000000,25.3000000000,47.9800000000,-0.0001183222,0.1223017908,-0.0062612011
2022-10-21,29.6900000000,156.9500000000,25.7300000000,47.1900000000,-0.0066484870,-0.1128716810,0.0272898416
2022-10-24,29.8500000000,154.0200000000,25.4100000000,47.7800000000,-0.0042974878,-0.1356366672,0.0510604384
2022-10-25,28.4600000000,147.7800000000,25.8200000000,47.3000000000,0.0085765862,0.0062725121,0.0641322578
2022-10-26,27.2800000000,140.2000000000,26.8200000000,48.5800000000,0.0277226947,0.0443550369,-0.0172666160
2022-10-27,27.3900000000,142.7800000000,26.5500000000,49.0200000000,0.0131799513,0.0289480970,0.0566818376
2022-10-28,25.7500000000,144.6000000000,26.4700000000,47.8100000000,-0.0139878456,0.0442638779,0.0123901969
2022-10-31,25.8800000000,147.9200000000,26.2700000000,47.4100000000,-0.0140691815,0.0943669838,-0.0153868280
2022-11-01,25.8100000000,148.4200000000,27.3300000000,47.0400000000,0.0207435446,-0.0597894552,-0.0414891338
2022-11-02,25.8600000000,141.1700000000,26.5400000000,47.7500000000,0.0189724521,0.0799414122,-0.0002607222
2022-11-03,25.3000000000,136.2800000000,26.3700000000,46.4700000000,-0.0190871507,-0.0033265983,-0.0054909276
2022-11-04,24.5500000000,128.4400000000,28.1200000000,47.5000000000,0.0478174280,-0.0887978903,0.0010482181
2022-11-07,24.3500000000,128.3300000000,28.0200000000,45.1100000000,-0.0079043117,-0.0454751381,0.0146898969
2022-11-08,25.5400000000,126.3300000000,28.3600000000,45.0400000000,-0.0305512487,0.0743352247,-0.0186263933
2022-11-09,26.0900000000,124.4000000000,28.1700000000,45.3800000000,-0.0346855580,-0.0432682681,-0.0443561489
2022-11-10,23.5300000000,111.6900000000,28.7800000000,43.4800000000,0.0077347157,0.0027184963,0.0039777845
2022-11-11,22.5200000000,,29.5600000000,42.0600000000,0.0287673732,-0.1479134874,0.0374817198
2022-11-14,23.7300000000,119.9900000000,29.8800000000,44.4200000000,-0.0346215054,0.1501322279,-0.0080757704
2022-11-15,24.5400000000,128.6200000000,29.6900000000,46.7200000000,0.0127182159,0.0875213433,0.0186995177
2022-11-16,24.1100000000,130.8300000000,29.6000000000,45.1200000000,-0.0145987994,-0.0857990533,-0.0431894392
2022-11-17,23.9300000000,132.1800000000,29.2300000000,45.3400000000,-0.0432759835,-0.0118699949,-0.0138538667
2022-11-18,23.1200000000,129.3300000000,28.8600000000,45.9300000000,-0.0159745828,0.0258975734,0.0009663837
2022-11-19,,,,45.9300000000,,,
2022-11-20,,,,45.9300000000,,,
2022-11-21,22.3600000000,132.1300000000,28.3700000000,47.1100000000,-0.0008741805,0.0053445820,0.0291018634
2022-11-22,21.2900000000,133.5300000000,29.3400000000,46.3000000000,0.0085837437,0.0297858443,-0.0096970457
2022-11-23,20.3500000000,136.2000000000,29.3700000000,51.5600000000,-0.0335043933,0.0801282177,0.0264438485
2022-11-24,20.4200000000,,,51.5600000000,-0.0015382646,-0.0460609033,0.0364947332
2022-11-25,20.5000000000,129.6000000000,29.3700000000,50.1600000000,-0.0196923062,0.0047148039,0.0035519510
2022-11-28,22.2100000000,131.7300000000,28.5100000000,50.5300000000,0.0117066894,-0.0087865796,-0.0048235686
2022-11-29,21.8900000000,131.2300000000,28.9300000000,47.9100000000,0.0122101639,0.0704918313,0.0350079505
2022-11-30,20.5800000000,127.2700000000,29.6800000000,46.1500000000,0.0299506469,0.1013558641,0.0422216780
2022-12-01,19.8400000000,119.7700000000,29.8100000000,45.6100000000,0.0059332683,-0.0499937817,-0.0002355990
2022-12-02,19.0600000000,118.6200000000,29.7800000000,45.7600000000,-0.0135246183,-0.0268992275,0.0358710216
2022-12-05,20.7500000000,126.5000000000,28.9900000000,45.4100000000,-0.0378075959,-0.0063864408,-0.0092492809
2022-12-06,22.1700000000,129.0900000000,29.4400000000,46.3600000000,-0.0345817751,0.0277410198,0.0163844830
2022-12-07,22.6800000000,131.1000000000,29.1100000000,47.9100000000,-0.0297146027,0.0748055716,-0.0047511402
2022-12-08,22.2900000000,129.5400000000,29.8100000000,47.1700000000,-0.0097317604,-0.0718853984,0.0083559655
2022-12-09,22.8300000000,132.7900000000,29.6400000000,46.9300000000,-0.0051824473,0.0015827000,-0.0135856273
2022-12-12,25.0000000000,141.9300000000,29.4200000000,44.9900000000,0.0286544624,-0.0183028145,0.0234324115
2022-12-13,22.5500000000,135.0800000000,28.8100000000,43.3700000000,0.0290499180,0.0068510659,-0.0091723238
2022-12-14,21.1400000000,120.2600000000,28.5700000000,41.8200000000,0.0244856750,-0.0447443056,-0.0319698422
2022-12-15,22.8300000000,111.2600000000,27.9900000000,43.7000000000,-0.0151182340,0.0244568631,-0.0115527278
2022-12-16,22.6200000000,113.6500000000,27.8700000000,42.2900000000,-0.0224430109,-0.1547011639,-0.0180014335
2022-12-19,22.4200000000,118.3200000000,27.6600000000,42.4700000000,0.0122799194,-0.0616997897,0.0425795314
2022-12-20,21.4800000000,119.9200000000,28.1200000000,41.7900000000,0.0112130982,-0.0266550503,0.0224219562
2022-12-21,20.0700000000,115.0000000000,28.3100000000,41.1800000000,0.0260259397,-0.0780576986,-0.0180795885
2022-12-22,21.9700000000,112.0500000000,28.3400000000,41.8000000000,-0.0105358806,-0.0613192222,0.0165106091
2022-12-23,20.8700000000,113.1700000000,28.4800000000,41.2100000000,0.0282713340,-0.1025509759,0.0023525469
2022-12-26,20.8700000000,,,,0.0165622365,,
2022-12-27,21.6500000000,124.8900000000,28.6800000000,43.5000000000,-0.0165622365,-0.0359994707,-0.0109130857
2022-12-28,22.1400000000,120.0700000000,28.6900000000,43.9500000000,-0.0070564809,0.0162091359,-0.0253178080
2022-12-29,21.4400000000,120.2500000000,28.7200000000,42.6000000000,-0.0073613735,0.0300178125,-0.0232404826
2022-12-30,21.6700000000,121.6100000000,28.6700000000,41.2600000000,0.0245372487,-0.0939214273,-0.0234287162
2023-01-02,,,,,0.0002485707,0.0091566653,0.0365239308
2023-01-03,22.9000000000,129.9700000000,28.9700000000,44.1400000000,-0.0425217939,-0.0630084287,-0.0282914388
2023-01-04,22.0100000000,125.7800000000,29.2000000000,45.8300000000,-0.0535342835,-0.1062920739,-0.0678395185
2023-01-05,22.4600000000,119.5300000000,29.6500000000,43.9300000000,0.0111550606,0.1077844465,0.0132027810
2023-01-06,21.1300000000,113.8700000000,30.5300000000,42.9400000000,0.0016220604,-0.0406942791,-0.0116555914
2023-01-09,21.9700000000,116.6700000000,30.6200000000,42.7500000000,0.0118153899,0.0663220277,0.0426240287
2023-01-10,20.5800000000,119.5200000000,31.2100000000,41.6000000000,0.0059884403,-0.0586288555,-0.0024721891
2023-01-11,21.0900000000,115.1700000000,31.2000000000,41.1900000000,0.0301885061,-0.0698127844,-0.0221494383
2023-01-12,18.8300000000,112.3400000000,31.9300000000,39.2800000000,0.0124098055,0.0221415727,0.0143218528
2023-01-13,18.3500000000,113.5500000000,32.1200000000,38.1900000000,0.0183930607,-0.0303470306,-0.0067584738
2023-01-15,,,,,-0.0041278437,,
2023-01-16,19.4900000000,,,,-0.0093187930,-0.1559369231,-0.0268549387
2023-01-17,19.3600000000,122.2700000000,31.5200000000,40.1000000000,0.0176818200,0.0798068642,0.0242142581
2023-01-18,20.3400000000,112.6100000000,31.3000000000,39.2500000000,-0.0081123690,0.0270690749,0.0539214168
2023-01-19,20.5200000000,114.5300000000,31.3800000000,39.0200000000,0.0100992068,-0.0162060626,0.0052356141
2023-01-20,19.8500000000,114.7600000000,31.4500000000,37.8100000000,0.0126966266,0.0969453466,0.0098022633
2023-01-23,19.8100000000,114.6900000000,31.4000000000,37.3000000000,0.0035458862,-0.0135294809,-0.0074314704
2023-01-24,19.2000000000,112.7600000000,31.4500000000,38.2600000000,-0.0183536592,-0.1245693709,-0.0299247228
2023-01-25,19.0800000000,107.7400000000,31.5200000000,38.5400000000,0.0000000000,-0.0280017251,0.0327622750
2023-01-26,18.7300000000,104.2800000000,31.7100000000,38.1200000000,0.0103884189,-0.0331046153,0.0538932174
2023-01-27,18.5100000000,100.7000000000,31.5200000000,38.6000000000,-0.0163734742,0.0110668764,0.0017883094
2023-01-30,19.9400000000,103.7700000000,30.9200000000,40.1800000000,-0.0225126493,-0.0048652215,0.0028991992
2023-01-31,19.4000000000,99.5400000000,31.0900000000,38.5500000000,0.0125835788,0.0390421826,0.0349031655
2023-02-01,17.8700000000,97.3300000000,31.4300000000,37.9900000000,-0.0313046730,0.0372222746,0.0275733269
2023-02-02,18.7300000000,97.7600000000,31.0300000000,38.4900000000,-0.0069313035,-0.0426772150,-0.0212492799
2023-02-03,18.3300000000,98.9900000000,30.8100000000,39.4800000000,-0.0328160699,0.0147746077,0.0008544271
2023-02-06,19.4300000000,105.6300000000,30.5500000000,38.9200000000,0.0098509669,0.0037931734,-0.0269423924
2023-02-07,18.6600000000,103.1500000000,30.7500000000,37.3100000000,0.0384612136,-0.0476868133,-0.0074857241
2023-02-08,19.6300000000,100.7500000000,30.2400000000,37.0200000000,0.0166585093,-0.0314628574,-0.0012162089
2023-02-09,20.7100000000,102.4500000000,30.1800000000,35.7500000000,-0.0053516947,-0.0179104777,0.0102361799
2023-02-10,20.5300000000,109.6300000000,29.7700000000,35.8900000000,0.0208617465,0.0227416743,0.0216646255
2023-02-13,20.3400000000,110.6700000000,30.0300000000,37.7700000000,0.0051170158,-0.0424089142,-0.0094746617
2023-02-14,18.9100000000,110.5900000000,29.9300000000,36.6700000000,-0.0136619284,0.0130462112,-0.0114237221
2023-02-15,18.2300000000,108.6400000000,29.7100000000,35.7000000000,-0.0051875868,0.0435167912,0.0344156989
2023-02-16,20.1700000000,111.0100000000,29.7100000000,35.0300000000,-0.0011423496,-0.0507009366,0.0338839316
2023-02-17,20.0200000000,110.1100000000,29.6000000000,36.0400000000,-0.0282071634,-0.0586762126,-0.0187750512
2023-02-19,,,,,0.0015663755,,
2023-02-20,21.2300000000,,,,0.0081834580,0.0167208028,0.0233633845
2023-02-21,22.8700000000,119.6200000000,29.5900000000,37.0500000000,-0.0122349567,-0.0270704223,0.0183454394
2023-02-22,22.2900000000,118.2100000000,29.2200000000,38.3600000000,-0.0288296287,0.0408895626,-0.0389011478
2023-02-23,21.1400000000,117.4500000000,29.3100000000,36.6900000000,0.0188269130,0.0041836111,0.0040416657
2023-02-24,21.6700000000,122.8400000000,28.7100000000,37.2500000000,0.0114422239,0.0045779259,0.0119257093
2023-02-27,20.9500000000,120.0300000000,29.2000000000,37.5500000000,-0.0086682970,-0.0755913486,0.0246302953
2023-02-28,20.7000000000,123.6000000000,29.0400000000,35.4200000000,0.0180397049,-0.0134947346,-0.0075064157
2023-03-01,20.5800000000,121.0800000000,29.9700000000,36.6300000000,0.0082570460,0.0089388215,-0.0247152168
2023-03-02,19.5900000000,124.1200000000,29.8100000000,35.6100000000,0.0061483478,-0.0057295762,-0.0432448635
2023-03-03,18.4900000000,122.5200000000,30.3000000000,35.2000000000,0.0187228746,-0.0399857179,-0.0078804316
2023-03-06,18.6100000000,128.1900000000,30.1500000000,33.0300000000,0.0096040651,-0.0650069872,0.0073426526
2023-03-07,19.5900000000,133.3300000000,29.4700000000,33.7600000000,-0.0358896239,0.0285569985,0.0316612819
2023-03-08,19.1100000000,129.7600000000,29.6500000000,33.3900000000,-0.0117777845,-0.0240593107,0.0195082824
2023-03-09,22.6100000000,129.2800000000,29.2200000000,34.8600000000,-0.0127089821,0.0293255672,0.0149142926
2023-03-10,24.8000000000,140.0600000000,29.1500000000,36.7600000000,0.0123183316,0.1925559396,0.0087231716
2023-03-13,26.5200000000,173.5900000000,29.1200000000,38.1300000000,-0.0246567966,-0.0639219528,-0.0476377886
2023-03-14,23.7300000000,169.6500000000,29.5300000000,47.4100000000,-0.0467298132,-0.1152828361,-0.0280302883
2023-03-15,26.1400000000,198.7100000000,28.5600000000,49.7800000000,-0.0538807324,-0.0293969957,-0.0399833599
2023-03-16,22.9900000000,167.9600000000,28.4200000000,48.6500000000,0.0114488261,0.0329213877,-0.0154726674
2023-03-17,25.5100000000,180.1100000000,28.5400000000,51.4800000000,-0.0234783763,-0.0340407647,0.0061273311
2023-03-20,24.1500000000,182.6400000000,28.8800000000,51.1400000000,0.0132098396,-0.0860085433,-0.0062411550
2023-03-21,21.3800000000,162.3100000000,29.3100000000,48.1200000000,0.0269126723,0.0752879133,0.0290558328
2023-03-22,22.2600000000,142.8400000000,29.0200000000,46.9700000000,0.0191917185,-0.0589191195,-0.0081044018
2023-03-23,22.6100000000,151.4000000000,29.0900000000,46.9000000000,-0.0127534675,0.0772871259,0.0370919387
2023-03-24,21.7400000000,173.6600000000,29.0900000000,48.3600000000,-0.0101771107,-0.0496542432,-0.0581572065
2023-03-25,,,,48.3600000000,,,
2023-03-27,20.6000000000,161.6700000000,29.3500000000,45.4100000000,0.0494691276,0.0343005571,0.0032960194
2023-03-28,19.9700000000,155.9600000000,30.0100000000,44.3100000000,0.0056060856,0.0052532954,0.0143076851
2023-03-29,19.1200000000,150.5800000000,30.4500000000,43.3300000000,-0.0030042355,0.0011922157,0.0069111857
2023-03-30,19.0200000000,141.2400000000,30.4500000000,42.0200000000,0.0185629610,0.0186553575,0.0086274177
2023-03-31,18.7000000000,135.9300000000,30.4800000000,40.3400000000,0.0174334045,0.0926612656,0.0104082013
2023-04-03,18.5500000000,138.1700000000,30.6000000000,39.4900000000,0.0594132723,0.0710711262,0.0452807045
2023-04-04,19.0000000000,147.7500000000,30.4800000000,39.4200000000,0.0034748111,-0.0980823330,-0.0106818483
2023-04-05,19.0800000000,153.9000000000,30.3300000000,39.1400000000,-0.0011155873,-0.0437404462,0.0211477229
2023-04-06,18.4000000000,147.7300000000,30.5000000000,34.7600000000,0.0006199244,-0.0330702884,-0.0026837341
2023-04-07,18.4000000000,139.2000000000,,,,,
2023-04-10,18.9700000000,143.0000000000,30.4000000000,34.3100000000,-0.0113432192,0.0000000000,
2023-04-11,19.1000000000,139.7800000000,31.0800000000,34.2300000000,0.0213328194,0.0130621436,0.0074143064
2023-04-12,19.0900000000,129.6800000000,30.9700000000,33.7400000000,0.0194440443,-0.0187595022,-0.0123878946
2023-04-13,17.8000000000,119.9500000000,31.5800000000,32.7800000000,-0.0127174245,-0.0185240607,-0.0197216085
2023-04-14,17.0700000000,118.8400000000,31.6900000000,32.5100000000,0.0047425151,-0.0226818306,-0.0029708245
2023-04-17,16.9500000000,122.6900000000,31.5600000000,32.9300000000,-0.0196012646,-0.0005347854,-0.0128330282
2023-04-18,16.8300000000,122.7800000000,31.6500000000,33.6900000000,0.0008656403,0.0380491699,0.0238233111
2023-04-19,16.4600000000,124.0200000000,31.5700000000,34.4400000000,-0.0207326022,-0.0584121701,-0.0080194584
2023-04-20,17.1700000000,120.6100000000,31.5000000000,36.4100000000,-0.0238821133,0.0066037859,-0.0284766462
2023-04-21,16.7700000000,120.8400000000,31.2300000000,35.1700000000,0.0043848407,-0.0099345538,-0.0207055855
2023-04-24,16.8900000000,126.2800000000,31.2600000000,34.2800000000,0.0113877502,-0.0059683779,-0.0145726152
2023-04-25,18.7600000000,137.1300000000,30.6700000000,36.6400000000,-0.0222560161,-0.0023069796,-0.0199584660
2023-04-26,18.8400000000,130.3900000000,30.6700000000,39.2500000000,-0.0354863132,-0.0327136745,-0.0065877152
2023-04-27,17.0300000000,122.4300000000,30.7800000000,37.7600000000,0.0052430045,0.0125791065,0.0050890695
2023-04-28,15.7800000000,122.4600000000,31.0200000000,35.6300000000,0.0268552418,-0.0129163790,0.0111284347
2023-05-01,16.0800000000,128.1800000000,30.9700000000,35.9400000000,-0.0144625187,0.0076513841,-0.0233159223
2023-05-02,17.7800000000,137.5500000000,30.8200000000,39.4800000000,-0.0538685918,-0.0341821841,0.0331928261
2023-05-03,18.3400000000,134.5000000000,30.5300000000,43.2300000000,-0.0428331000,-0.0201053724,-0.0388141081
2023-05-04,20.0900000000,140.7100000000,30.5600000000,43.7500000000,-0.0005836860,-0.0311753003,-0.0076628727
2023-05-05,17.1900000000,130.2100000000,31.4000000000,37.3500000000,0.0394957615,0.0255043107,0.0054290231
2023-05-08,16.9800000000,135.0700000000,32.0600000000,35.5400000000,0.0249424043,0.0081690902,0.0073878964
2023-05-09,17.7100000000,133.9300000000,31.8600000000,35.1300000000,0.0074988421,-0.0253776115,0.0221846187
2023-05-10,16.9400000000,125.6000000000,31.1500000000,34.1300000000,-0.0150543421,-0.0269810427,0.0175572273
2023-05-11,16.9300000000,128.2100000000,30.6900000000,35.7400000000,-0.0228740796,0.0000000000,-0.0055171001
2023-05-12,17.0300000000,120.5200000000,30.3300000000,37.3200000000,-0.0122073908,-0.0657261301,0.0040563436
2023-05-15,17.1200000000,127.8900000000,30.7000000000,35.1600000000,0.0151657644,-0.0139213385,-0.0203335227
2023-05-16,17.9900000000,130.3000000000,30.5600000000,35.9800000000,-0.0035228670,-0.0153741237,0.0203335227
2023-05-17,16.8700000000,120.7800000000,30.6900000000,36.4400000000,0.0285276425,0.0041396239,-0.0100582868
2023-05-18,16.0500000000,122.5000000000,30.0400000000,36.0200000000,-0.0131190171,-0.0702611620,0.0181219434
2023-05-19,16.8100000000,127.5100000000,30.2800000000,35.8500000000,-0.0034811704,0.0130419954,-0.0024570037
2023-05-22,17.2100000000,132.2900000000,30.4600000000,35.5200000000,0.0050090546,-0.0155295588,-0.0246786353
2023-05-23,18.5300000000,131.7000000000,30.0200000000,35.1100000000,0.0110422102,-0.0198517686,-0.0167585546
2023-05-24,20.0300000000,132.2900000000,29.4500000000,35.8600000000,0.0195738205,-0.0471692723,-0.0118413952
2023-05-25,19.1400000000,139.5400000000,29.3300000000,36.7400000000,-0.0322829293,-0.0877019814,-0.0258048006
2023-05-26,17.9500000000,145.3700000000,29.6200000000,35.9500000000,0.0114729298,-0.0373052143,0.0060328368
2023-05-28,,,,,0.0063022540,,
2023-05-29,17.4600000000,,,,-0.0047915760,0.0017114221,-0.0015650397
2023-05-30,17.4600000000,141.3600000000,29.3600000000,39.6800000000,-0.0459124643,0.0048331837,-0.0320752188
2023-05-31,17.9400000000,136.0200000000,29.4300000000,40.6800000000,-0.0197336642,0.0843065892,0.0048402204
2023-06-01,15.6500000000,124.6300000000,30.0700000000,40.5000000000,0.0283174078,-0.1503778269,-0.0227908688
2023-06-02,14.6000000000,120.9500000000,30.6000000000,39.6000000000,0.0230931130,0.0250483262,-0.0054613713
2023-06-05,14.7300000000,119.0800000000,30.7800000000,37.4500000000,0.0058293017,0.1841210540,0.0537990672
2023-06-06,13.9600000000,114.4200000000,31.0700000000,36.0700000000,-0.0056901132,-0.1358717733,-0.0148330987
2023-06-07,13.9400000000,120.5000000000,30.3400000000,34.1300000000,0.0109351218,0.0574868662,0.0268294038
2023-06-08,13.6500000000,115.1100000000,30.5400000000,35.1800000000,-0.0166577977,0.0230507991,-0.0061001325
2023-06-09,13.8300000000,115.7700000000,30.4100000000,33.7000000000,-0.0156594862,0.1734682302,0.0329252704
2023-06-12,15.0100000000,119.8000000000,30.5200000000,36.3500000000,-0.0441868131,-0.0321181606,0.0238598151
2023-06-13,14.6100000000,118.8000000000,30.8100000000,32.3800000000,0.0334655325,0.1497867816,0.0279441453
2023-06-14,13.8800000000,114.3700000000,30.9800000000,33.6600000000,-0.0162275366,0.0608285604,0.0314661959
2023-06-15,14.5000000000,107.3400000000,31.1600000000,33.0700000000,0.0337506006,0.0713392500,-0.0073975143
2023-06-16,13.5400000000,104.4300000000,31.4400000000,32.9900000000,0.0156931902,-0.1615258063,-0.0109278880
2023-06-18,,,,,-0.0064156426,,
2023-06-19,14.1900000000,,,,-0.0022412112,-0.0031470858,0.0141509248
2023-06-20,13.8800000000,114.1900000000,31.0000000000,34.7500000000,-0.0016842109,0.1036167760,0.0136360907
2023-06-21,13.2000000000,110.8400000000,30.6900000000,33.2600000000,0.0185100268,-0.0520985657,-0.0394958542
2023-06-22,12.9100000000,107.7000000000,30.5800000000,34.9300000000,-0.0406668769,-0.0747383274,0.0011001101
2023-06-23,13.4400000000,105.7400000000,30.0500000000,35.3600000000,-0.0044620441,-0.0477539531,-0.0380998462
2023-06-26,14.2500000000,109.0200000000,30.3200000000,36.6700000000,0.0031686617,-0.0165011033,-0.0121812584
2023-06-27,13.7400000000,110.8500000000,30.3900000000,39.3000000000,-0.0238660920,0.0761788745,0.0296182944
2023-06-28,13.4300000000,108.3000000000,30.0200000000,36.8600000000,0.0265946067,-0.0111029685,-0.0099267595
2023-06-29,13.5400000000,113.4500000000,30.1600000000,35.4200000000,0.0041502743,0.0304474858,-0.0009073382
2023-06-30,13.5900000000,110.6400000000,30.6500000000,33.2800000000,0.0107955594,0.0532200896,0.0162074454
2023-07-03,13.5700000000,110.7700000000,30.7800000000,33.8800000000,-0.0123677744,-0.0894277230,-0.0224677811
2023-07-04,13.7000000000,,,,0.0163158901,0.0427241602,0.0012552064
2023-07-05,14.1800000000,110.5300000000,30.7700000000,33.9100000000,0.0114734713,-0.0297228936,-0.0216723180
2023-07-06,15.4400000000,134.6300000000,30.2500000000,35.1300000000,-0.0012528713,-0.0607191772,0.0055781667
2023-07-07,14.8300000000,130.4100000000,30.5600000000,34.5500000000,0.0272069543,0.0343363114,-0.0016237535
2023-07-10,15.0700000000,131.7300000000,31.1300000000,38.3500000000,-0.0111778699,-0.1021529420,0.0012760282
2023-07-11,14.8400000000,127.0700000000,31.3400000000,32.4300000000,0.0238396770,-0.0393384956,0.0091166750
2023-07-12,13.5400000000,114.0700000000,31.9400000000,32.6900000000,0.0110483653,-0.0870207617,-0.0141140705
2023-07-13,13.6100000000,111.7500000000,32.4300000000,30.0400000000,0.0160213539,-0.0012019684,0.0005823773
2023-07-14,13.3400000000,112.4800000000,32.4400000000,30.0000000000,-0.0189379674,-0.0247330163,0.0054578316
2023-07-17,13.4800000000,113.5000000000,32.5700000000,31.3400000000,-0.0166001135,-0.0335336368,0.0049673758
2023-07-18,13.3000000000,112.4500000000,32.9200000000,30.6600000000,0.0211040289,0.0754814757,0.0160039996
2023-07-19,13.7600000000,107.1900000000,32.8900000000,31.0600000000,-0.0049022953,-0.0039236059,0.0090314454
2023-07-20,13.9900000000,112.8500000000,32.7900000000,30.1500000000,0.0047701164,0.0383816050,0.0206880919
2023-07-21,13.6000000000,106.6600000000,32.8100000000,29.6500000000,0.0148267493,0.0051974059,0.0107304216
2023-07-24,13.9100000000,109.9500000000,32.5200000000,30.1100000000,0.0208797378,0.0815492253,-0.0057888862
2023-07-25,13.8600000000,113.0200000000,33.1000000000,30.6300000000,0.0101523715,0.0661898062,0.0114361645
2023-07-26,13.1900000000,104.8800000000,33.3200000000,29.9700000000,-0.0101523715,-0.1090496886,-0.0171485825
2023-07-27,14.4100000000,111.1500000000,33.0200000000,29.1200000000,0.0155669789,-0.0291482973,0.0016511644
2023-07-28,13.3300000000,109.7600000000,33.4900000000,29.4100000000,0.0068832009,-0.0956232344,-0.0247201097
2023-07-31,13.6300000000,112.0300000000,33.8500000000,28.4800000000,0.0141178815,0.0932288670,-0.0215380669
2023-08-01,13.9300000000,116.3800000000,33.5500000000,28.3500000000,-0.0049309765,-0.0448091684,-0.0255511771
2023-08-02,16.0900000000,115.1500000000,32.9500000000,28.7400000000,-0.0223689427,0.0579773912,-0.0169232975
2023-08-03,15.9200000000,124.6000000000,32.8000000000,28.5400000000,0.0243442520,0.0584815780,0.0144385302
2023-08-04,17.1000000000,115.9100000000,32.9700000000,28.0600000000,0.0145701996,-0.0546270720,-0.0119176717
2023-08-07,15.7700000000,120.9400000000,33.3400000000,27.7300000000,-0.0095262078,0.0550863896,-0.0092743814
2023-08-08,15.9900000000,118.7400000000,33.3300000000,27.1400000000,0.0106195688,0.0188136103,0.0159657674
2023-08-09,15.9600000000,112.5500000000,33.4300000000,28.5600000000,0.0160196139,0.2483306613,-0.0008339787
2023-08-10,15.8500000000,108.6400000000,33.3300000000,27.2700000000,-0.0168699024,-0.0720143529,0.0077174619
2023-08-11,14.8400000000,112.1300000000,32.7800000000,28.0400000000,0.0033968248,-0.0485473180,0.0262635463
2023-08-14,14.8200000000,119.9400000000,32.4200000000,27.5500000000,-0.0079032571,-0.0248385156,0.0131618495
2023-08-15,16.4600000000,121.8000000000,31.9000000000,28.3000000000,-0.0174859769,0.1197107937,-0.0123557229
2023-08-16,16.7800000000,117.2400000000,31.5500000000,28.5400000000,-0.0185561994,-0.0268695095,0.0194933502
2023-08-17,17.8900000000,121.1400000000,31.4600000000,29.3000000000,0.0110748678,-0.0257087702,0.0030434561
2023-08-18,17.3000000000,120.5100000000,31.0700000000,28.4300000000,0.0094669367,-0.0113335002,-0.0090447197
2023-08-21,17.1300000000,130.6900000000,31.2900000000,28.9000000000,-0.0067172786,0.1133973454,-0.0022740203
2023-08-22,16.9700000000,126.6500000000,31.5400000000,28.5600000000,-0.0060090316,0.0508174811,0.0242899606
2023-08-23,15.9800000000,118.4000000000,32.1100000000,28.4700000000,-0.0132720143,-0.1539409507,-0.0225839608
2023-08-24,17.2000000000,117.5600000000,31.8000000000,28.8800000000,0.0008903021,-0.1413208146,-0.0322180166
2023-08-25,15.6800000000,110.3700000000,31.6500000000,28.8100000000,0.0104964606,0.0851597253,0.0004693183
2023-08-28,15.0800000000,110.4500000000,32.0100000000,28.6600000000,0.0022618758,0.0994657277,0.0040971670
2023-08-29,14.4500000000,110.6800000000,32.3700000000,27.6300000000,0.0125976097,-0.0875179494,-0.0070340267
2023-08-30,13.8800000000,109.8400000000,32.4900000000,26.6300000000,0.0054388268,0.0223926645,0.0116960398
2023-08-31,13.5700000000,107.9300000000,32.0300000000,26.5600000000,0.0224290241,-0.0271204017,0.0003487764
2023-09-01,13.0900000000,102.9200000000,32.2300000000,27.4800000000,0.0213471823,0.0166467621,-0.0045436089
2023-09-03,,,,,0.0128958411,,
2023-09-04,13.8200000000,,,,-0.0003495078,-0.0591604529,-0.0183837372
2023-09-05,14.0100000000,109.6400000000,31.7200000000,28.6500000000,0.0022114890,0.0258173704,-0.0020239307
2023-09-06,14.4500000000,111.3100000000,31.4000000000,28.3300000000,0.0090278391,-0.1030763321,-0.0025058184
2023-09-07,14.4000000000,105.2000000000,31.0900000000,27.5900000000,-0.0074014447,0.0526519848,-0.0049104835
2023-09-08,13.8400000000,104.3400000000,31.0900000000,27.1600000000,0.0076318594,0.0521355590,-0.0202541640
2023-09-11,13.8000000000,107.2300000000,31.4100000000,24.3700000000,-0.0017294061,0.0380965963,0.0013468016
2023-09-12,14.2300000000,105.1100000000,31.5000000000,24.2300000000,0.0171609291,-0.0325192725,-0.0074915917
2023-09-13,13.4800000000,101.8600000000,31.3700000000,25.0600000000,-0.0031810979,0.0591911900,0.0320260267
2023-09-14,12.8200000000,97.1100000000,31.6300000000,26.5600000000,0.0194946734,-0.0358356241,-0.0099586881
2023-09-15,13.7900000000,96.6100000000,31.6600000000,27.1600000000,0.0045649470,0.0267223278,-0.0100588620
2023-09-18,14.0000000000,99.3200000000,31.7400000000,27.9100000000,0.0062015703,-0.0566119750,-0.0149714417
2023-09-19,14.1100000000,101.3100000000,31.2900000000,30.3200000000,-0.0011046063,0.0647741714,0.0051794418
2023-09-20,15.1400000000,97.0400000000,31.2100000000,30.3800000000,-0.0091040931,0.0135556851,0.0177988363
2023-09-21,17.5400000000,106.0000000000,30.6100000000,31.3500000000,-0.0150581562,0.0476860559,0.0199779358
2023-09-22,17.2000000000,101.1100000000,30.5100000000,30.6100000000,0.0003396162,0.0173904200,0.0102516658
2023-09-25,16.9000000000,117.3300000000,30.4200000000,30.9600000000,-0.0020394297,0.1105442122,-0.0048181537
2023-09-26,18.9400000000,117.7200000000,29.9100000000,31.3000000000,0.0068946303,-0.0972877426,-0.0284368026
2023-09-27,18.2200000000,122.0900000000,29.7600000000,32.4800000000,0.0279893882,-0.0257744932,-0.0079090271
2023-09-28,17.3400000000,115.2400000000,29.9300000000,31.6200000000,-0.0189070810,0.0111348453,0.0151545605
2023-09-29,17.5200000000,113.5500000000,30.1800000000,32.2400000000,-0.0088570566,0.0520492498,-0.0201756965
2023-10-02,17.6100000000,127.5900000000,29.3300000000,32.0000000000,-0.0185264150,-0.0621921198,-0.0092507598
2023-10-03,19.7800000000,141.6700000000,29.1800000000,33.2500000000,0.0030926088,-0.0615482082,-0.0112150708
2023-10-04,18.5800000000,128.2300000000,29.0600000000,35.3500000000,-0.0575486735,0.0385580988,0.0249982080
2023-10-05,18.4900000000,130.1800000000,28.7800000000,36.5900000000,-0.0213034501,-0.0598721280,-0.0118024483
2023-10-06,17.4500000000,126.6400000000,29.1600000000,35.6800000000,0.0057992636,0.0543942345,-0.0029725065
2023-10-09,17.7000000000,,29.2300000000,39.8500000000,0.0400342828,0.1394741764,0.0124500838
2023-10-10,17.0300000000,136.1700000000,29.3200000000,39.5400000000,-0.0055710450,0.1179422840,0.0373909037
2023-10-11,16.0900000000,127.1800000000,29.5200000000,38.9400000000,-0.0247906799,-0.0709445994,-0.0113934297
2023-10-12,16.6900000000,126.3700000000,28.9100000000,38.5200000000,-0.0032952980,0.1402110829,0.0197370940
2023-10-13,19.3200000000,128.3300000000,29.1200000000,44.2400000000,0.0541315610,0.0183210090,0.0024545626
2023-10-16,17.2100000000,130.1600000000,29.3700000000,40.7000000000,-0.0127033933,-0.1077675037,-0.0266177659
2023-10-17,17.8800000000,130.1700000000,29.3500000000,41.3700000000,0.0021089639,0.0088124396,-0.0091533820
2023-10-18,19.2200000000,129.1700000000,29.0500000000,44.4000000000,0.0211923860,0.0388501564,-0.0104598375
2023-10-19,21.4000000000,134.6200000000,29.2000000000,45.7000000000,0.0125257844,-0.0130886478,0.0025642605
2023-10-20,21.7100000000,135.4500000000,29.0000000000,43.7900000000,-0.0032870531,0.0185622011,-0.0040325099
2023-10-23,20.3700000000,131.8300000000,28.8600000000,41.7400000000,-0.0424411521,0.0032035031,-0.0169171164
2023-10-24,18.9700000000,128.1300000000,29.0300000000,41.0800000000,-0.0173252437,-0.0400292153,0.0044731685
2023-10-25,20.1900000000,131.2100000000,28.9400000000,44.9100000000,0.0205184343,0.0133082579,-0.0090915378
2023-10-26,20.6800000000,130.9400000000,29.0400000000,43.9300000000,-0.0257145066,0.0175716552,-0.0043884466
2023-10-27,21.2700000000,129.1600000000,29.1200000000,46.6400000000,0.0258325773,-0.0054667053,-0.0027683420
2023-10-30,19.7500000000,131.9000000000,29.1600000000,44.0100000000,-0.0363064278,0.0002967976,-0.0073353054
2023-10-31,18.1400000000,126.8600000000,28.8500000000,41.9900000000,-0.0145519894,-0.0515775934,0.0079651474
2023-11-01,16.8700000000,120.5500000000,29.2100000000,40.5200000000,-0.0049813304,-0.0052003501,-0.0094895379
2023-11-02,15.6600000000,118.6400000000,29.4000000000,39.7900000000,0.0253927115,0.0167568626,0.0050722909
2023-11-03,14.9100000000,118.7400000000,29.5200000000,38.5300000000,-0.0237710559,-0.0104947093,-0.0238076008
2023-11-06,14.8900000000,121.7400000000,29.6900000000,36.3100000000,0.0046011397,-0.0694656362,-0.0172463120
2023-11-07,14.8100000000,120.0900000000,29.3000000000,38.7200000000,-0.0429696672,0.0269575897,-0.0068765148
2023-11-08,14.4500000000,117.1000000000,29.1400000000,40.4400000000,-0.0249160542,-0.0060979783,0.0005306447
2023-11-09,15.2900000000,117.0500000000,29.0600000000,41.2300000000,0.0058255163,0.0501031245,0.0248866806
2023-11-10,14.1700000000,116.7900000000,29.2500000000,39.2900000000,0.0183131344,-0.0315979053,0.0154046692
2023-11-13,14.7600000000,124.4700000000,28.9300000000,39.4000000000,0.0133901833,0.0262646704,-0.0187738573
2023-11-14,14.1600000000,124.1100000000,29.9700000000,38.2900000000,-0.0002558199,-0.0055508568,0.0196651797
2023-11-15,14.1800000000,122.1900000000,30.2800000000,39.5100000000,-0.0178115189,-0.0120662883,0.0155335573
2023-11-16,14.3200000000,116.0800000000,30.4000000000,42.5300000000,-0.0493828649,-0.0255811378,-0.0331240474
2023-11-17,13.8000000000,113.1100000000,30.7200000000,40.4300000000,0.0395679591,-0.0172696866,-0.0126443710
2023-11-20,13.4100000000,115.0900000000,31.0200000000,39.0000000000,0.0232674434,0.0166587997,0.0056249740
2023-11-21,13.3500000000,112.7900000000,31.2000000000,38.5200000000,0.0011556984,-0.0390766848,-0.0190958591
2023-11-22,12.8500000000,111.5700000000,30.8500000000,42.7600000000,-0.0086357436,0.0124267225,-0.0014636421
2023-11-23,12.8000000000,,,,-0.0118498685,0.0485168958,0.0193847964
2023-11-24,12.4600000000,107.4300000000,30.9200000000,43.3800000000,-0.0074946114,-0.0037864653,-0.0014376269
2023-11-27,12.6900000000,109.3100000000,30.5300000000,43.9000000000,-0.0090150418,-0.0589970382,-0.0453498425
2023-11-28,12.6900000000,110.0600000000,30.9000000000,43.1400000000,0.0197791258,-0.0278954901,-0.0078313239
2023-11-29,12.9800000000,114.5900000000,30.8800000000,42.9000000000,0.0181140934,-0.0580912459,-0.0240100869
2023-11-30,12.9200000000,115.3200000000,30.6200000000,39.4000000000,-0.0251895946,0.0419947456,-0.0031130632
2023-12-01,12.6300000000,111.5100000000,31.4900000000,35.7000000000,-0.0239532410,0.0328350387,0.0264332571
2023-12-04,13.0800000000,118.2500000000,30.8500000000,38.0800000000,-0.0126043547,-0.0811928999,-0.0282773600
2023-12-05,12.8500000000,127.2000000000,30.5900000000,36.3600000000,-0.0108331536,-0.0503960310,-0.0218180034
2023-12-06,12.9700000000,124.9800000000,30.4300000000,39.7200000000,-0.0405175691,0.0304752040,0.0007253210
2023-12-07,13.0600000000,129.7400000000,30.3600000000,37.8200000000,-0.0008618214,0.0165238810,0.0145399524
2023-12-08,12.3500000000,121.6500000000,30.6800000000,36.2400000000,0.0262370577,-0.0348786723,-0.0194825413
2023-12-11,12.6300000000,126.6600000000,30.6600000000,35.3000000000,0.0016783221,-0.0664091056,-0.0188296237
2023-12-12,12.0700000000,118.6200000000,30.6200000000,36.3800000000,-0.0386060335,-0.0399652175,0.0132764895
2023-12-13,12.1900000000,113.7700000000,31.5700000000,36.6000000000,0.0125569955,0.0314568942,0.0093349569
2023-12-14,12.4800000000,118.0400000000,32.7500000000,33.9800000000,0.0309281165,-0.0272298956,-0.0317112332
2023-12-15,12.2800000000,115.7500000000,33.8200000000,35.1300000000,-0.0018094514,-0.0488346415,0.0125094706
2023-12-18,12.5600000000,118.4600000000,34.0300000000,37.0900000000,0.0143847570,0.0679337271,0.0596055512
2023-12-19,12.5300000000,115.0300000000,34.6700000000,35.0400000000,0.0152633108,-0.0868220116,0.0029237751
2023-12-20,13.6700000000,111.8700000000,33.8300000000,34.9800000000,0.0068738056,0.0288418969,0.0465832064
2023-12-21,13.6500000000,111.9300000000,34.1900000000,35.4400000000,-0.0052521836,0.0201412514,0.0362254594
2023-12-22,13.0300000000,111.3800000000,34.4500000000,33.3200000000,-0.0044658035,-0.0008482385,0.0127163463
2023-12-25,13.0300000000,,,,0.0008134491,,
2023-12-26,12.9900000000,116.0000000000,34.6000000000,34.5300000000,0.0256870310,,
2023-12-27,12.4300000000,114.5300000000,34.6000000000,35.4100000000,-0.0182610872,0.0384337056,0.0113080738
2023-12-28,12.4700000000,113.7800000000,34.5400000000,36.4500000000,-0.0323997993,-0.0702144983,0.0024956339
2023-12-29,12.4500000000,114.6200000000,34.3800000000,36.2200000000,-0.0018079415,-0.0230703074,-0.0006233248
2024-01-01,,,,,0.0018079415,,
2024-01-02,13.2000000000,127.0200000000,34.0400000000,39.0500000000,-0.0189359750,-0.0565294636,-0.0514311344
2024-01-03,14.0400000000,124.5700000000,33.6700000000,38.2200000000,0.0316380649,0.0701915074,0.0171812114
2024-01-04,14.1300000000,121.1200000000,33.8000000000,37.5800000000,-0.0072977949,0.0185791916,-0.0211275464
2024-01-05,13.3500000000,116.1900000000,33.7300000000,36.0700000000,0.0205177489,0.0335812370,0.0035524016
2024-01-08,13.0800000000,117.7200000000,33.8900000000,36.7900000000,-0.0406189282,-0.0899124845,-0.0552134285
2024-01-09,12.7600000000,114.9200000000,33.6300000000,36.0900000000,0.0191333258,-0.0301850274,0.0001387829
2024-01-10,12.6900000000,109.6300000000,33.8000000000,36.3500000000,-0.0118278704,0.0097755029,-0.0288610163
2024-01-11,12.4400000000,103.4500000000,33.6600000000,36.7800000000,0.0090574018,-0.0040479985,-0.0306020544
2024-01-12,12.7000000000,106.5100000000,34.0000000000,40.6400000000,0.0096632447,0.0373881275,-0.0312642321
2024-01-15,13.2500000000,,,,0.0000000000,-0.0668271978,0.0164271647
2024-01-16,13.8400000000,113.4400000000,33.5600000000,38.3400000000,-0.0037161972,-0.0089629496,-0.0213015079
2024-01-17,14.7900000000,105.8600000000,33.1600000000,37.0600000000,-0.0005517242,-0.0679432857,-0.0338541647
2024-01-18,14.1300000000,107.2200000000,33.0300000000,35.9800000000,0.0200785274,0.0066545811,-0.0004739711
2024-01-19,13.3000000000,104.9700000000,33.2800000000,35.7900000000,-0.0095109413,0.0190339896,0.0022099457
2024-01-22,13.1900000000,106.8700000000,33.3500000000,35.7100000000,0.0204047347,-0.0418426003,-0.0160537502
2024-01-23,12.5500000000,107.7000000000,33.5900000000,34.9900000000,-0.0065758809,-0.0013580226,0.0136857642
2024-01-24,13.1400000000,105.7800000000,33.3500000000,33.9900000000,0.0095143096,0.0606354242,0.0392085552
2024-01-25,13.4500000000,105.8900000000,33.6400000000,35.1000000000,0.0290485037,-0.0403842368,-0.0369982606
2024-01-26,13.2600000000,100.2300000000,33.7700000000,34.7800000000,0.0086424272,0.0105616505,-0.0049008082
2024-01-29,13.6000000000,106.3400000000,34.1200000000,36.3200000000,-0.0154018446,0.0033776009,-0.0213029598
2024-01-30,13.3100000000,104.2600000000,33.8100000000,36.1900000000,0.0127010520,0.0422889382,0.0357777248
2024-01-31,14.3500000000,107.2800000000,33.6600000000,37.2500000000,-0.0253012975,0.0283116887,0.0059180986
2024-02-01,13.8800000000,113.9200000000,34.1500000000,35.3800000000,-0.0256870310,-0.0420147567,-0.0328312315
2024-02-02,13.8500000000,106.7200000000,33.6700000000,34.8500000000,-0.0203990919,0.0107385885,0.0187575043
2024-02-05,13.6700000000,108.6800000000,33.1900000000,34.4300000000,0.0075784035,-0.0334145060,-0.0144343850
2024-02-06,13.0600000000,110.6000000000,33.7300000000,33.0100000000,0.0071126001,0.0093419237,0.0142768922
2024-02-07,12.8300000000,107.8600000000,33.8600000000,31.2100000000,0.0073330041,-0.0148260424,-0.0186000116
2024-02-08,12.7900000000,108.6000000000,33.5200000000,31.6400000000,0.0303820837,-0.0133578185,-0.0261739724
2024-02-09,12.9300000000,106.2100000000,33.5300000000,32.4400000000,0.0075837184,-0.0253067448,-0.0319665742
2024-02-12,13.9300000000,109.7800000000,33.8700000000,32.6900000000,0.0006510841,-0.0525420771,-0.0275879565
2024-02-13,15.8500000000,113.2200000000,33.4200000000,32.3700000000,0.0095868075,-0.0114532670,-0.0096619109
2024-02-14,14.3800000000,111.9700000000,33.8300000000,32.7600000000,-0.0155928315,-0.0230260904,-0.0037138605
2024-02-15,14.0100000000,112.0900000000,34.8500000000,32.0200000000,0.0159795540,0.0043754962,0.0264024428
2024-02-16,14.2400000000,109.2000000000,35.0600000000,30.8400000000,0.0111503879,-0.0057845425,-0.0146013371
2024-02-19,14.7100000000,,,,-0.0044708512,-0.0460865464,-0.0720492923
2024-02-20,15.4200000000,111.0200000000,34.9800000000,31.8100000000,-0.0137933221,0.0193856338,0.0199354529
2024-02-21,15.3400000000,114.2700000000,35.0200000000,31.0500000000,0.0034985458,-0.0079344066,0.0055187778
2024-02-22,14.5400000000,115.5900000000,35.0900000000,30.5500000000,0.0079876745,-0.0332445285,-0.0358581835
2024-02-23,13.7500000000,108.3100000000,35.1300000000,31.3100000000,-0.0240255696,-0.0112299834,-0.0015223600
2024-02-26,13.7400000000,110.7700000000,35.0400000000,31.7100000000,0.0131881522,0.0458082344,0.0248273049
2024-02-27,13.4300000000,110.8000000000,35.1500000000,31.3500000000,0.0146796352,0.0158264496,0.0388062172
2024-02-28,13.8400000000,108.7100000000,34.7200000000,31.2100000000,-0.0051262447,0.0490790540,0.0220915585
2024-02-29,13.4000000000,109.1000000000,35.1500000000,31.5000000000,-0.0048943941,-0.0298730715,-0.0135505813
2024-03-01,13.1100000000,106.4800000000,35.4600000000,31.0800000000,0.0209538777,0.0372620761,-0.0023059877
2024-03-04,13.4900000000,109.5700000000,35.6500000000,30.4700000000,-0.0117005023,0.0408452420,0.0170793834
2024-03-05,14.4600000000,110.3300000000,35.5400000000,30.1900000000,-0.0097699710,0.0214531805,0.0463930396
2024-03-06,14.5000000000,105.3300000000,35.9600000000,29.5700000000,0.0128354990,-0.0331636610,-0.0203727898
2024-03-07,14.4400000000,105.4500000000,36.7200000000,29.5700000000,-0.0011484720,-0.0220692314,0.0109956280
2024-03-08,14.7400000000,100.8800000000,37.0900000000,29.6400000000,-0.0105250619,0.0152721356,-0.0159406462
2024-03-11,15.2200000000,106.6300000000,37.3600000000,29.1100000000,0.0003870219,-0.0569890364,-0.0413563253
2024-03-12,13.8400000000,101.3600000000,37.3300000000,29.3600000000,-0.0036180425,-0.0062368173,0.0153808389
2024-03-13,13.7500000000,97.0300000000,38.4100000000,29.5200000000,0.0261912129,0.0051531979,-0.0200237044
2024-03-14,14.4000000000,98.6700000000,38.3700000000,31.5100000000,0.0179959868,0.0449911016,0.0511142914
2024-03-15,14.4100000000,97.8200000000,39.1600000000,29.7700000000,-0.0019836357,0.0368199859,0.0098156144
2024-03-18,14.3300000000,102.8700000000,38.9400000000,29.8100000000,0.0194180859,0.0643396188,0.0337780457
2024-03-19,13.8200000000,99.9900000000,38.3900000000,29.2200000000,0.0069137276,0.0015254475,-0.0017925532
2024-03-20,13.0400000000,92.7200000000,39.5000000000,28.8200000000,-0.0178053484,-0.0397169216,-0.0214317468
2024-03-21,12.9200000000,90.8200000000,39.5500000000,27.5300000000,-0.0077821404,-0.0392207132,-0.0107221667
2024-03-22,13.0600000000,91.0400000000,39.3300000000,26.9200000000,-0.0058454243,0.0253552956,0.0352481265
2024-03-25,13.1900000000,92.2400000000,39.1000000000,27.4900000000,0.0149801625,0.0404359551,0.0528855221
2024-03-26,13.2400000000,90.6300000000,38.5700000000,27.2500000000,-0.0041866826,-0.0488042048,-0.0287879705
2024-03-27,12.7800000000,86.2800000000,38.6500000000,26.6000000000,-0.0032134498,0.0202491459,-0.0062097166
2024-03-28,13.0100000000,86.3800000000,39.1700000000,26.2700000000,0.0200987158,-0.0126121577,-0.0109202948
2024-03-29,13.0100000000,,,,,,
2024-04-01,13.6500000000,94.2000000000,39.0900000000,27.6500000000,0.0048414522,,
2024-04-02,14.6100000000,96.5700000000,39.2600000000,29.0400000000,0.0167628446,-0.0424769233,-0.0501636243
2024-04-03,14.3300000000,97.8800000000,40.4000000000,29.0800000000,0.0046200402,-0.0247279145,-0.0231869555
2024-04-04,16.3500000000,96.1300000000,39.9200000000,32.1700000000,0.0140830869,0.0248423987,0.0144905071
2024-04-05,16.0300000000,94.3100000000,39.8800000000,32.3600000000,0.0033738616,0.0151483621,0.0438931429
2024-04-08,15.1900000000,99.3700000000,40.1100000000,30.5700000000,-0.0066422198,0.0477766318,0.0382683351
2024-04-09,14.9800000000,98.7300000000,40.5900000000,28.9600000000,-0.0125891421,-0.0201602948,0.0089517677
2024-04-10,15.8000000000,109.5900000000,40.3000000000,30.0800000000,0.0115363257,-0.0092193634,-0.0175069529
2024-04-11,14.9100000000,108.8600000000,40.7300000000,31.2700000000,-0.0116547320,0.0806783274,0.0908887614
2024-04-12,17.3100000000,112.8200000000,39.9200000000,32.1900000000,0.0074323471,0.0450924018,0.0400138808
2024-04-15,19.2300000000,121.1500000000,39.3800000000,35.5900000000,-0.0025891506,0.0132850439,-0.0208752291
2024-04-16,18.4000000000,119.5900000000,39.2000000000,33.6100000000,-0.0003535860,0.0621213356,0.0566594296
2024-04-17,18.2100000000,113.2900000000,39.4000000000,33.0000000000,-0.0321024093,-0.0574442385,-0.0542393274
2024-04-18,18.0000000000,108.6600000000,39.8800000000,31.4000000000,-0.0006088280,0.0320792311,0.0171980557
2024-04-19,18.7100000000,111.2600000000,40.0400000000,31.8600000000,0.0014605650,-0.0491957062,-0.0432708325
2024-04-22,16.9400000000,108.5600000000,39.8100000000,29.7000000000,-0.0038995906,-0.0482213683,-0.0314286170
2024-04-23,15.6900000000,106.8500000000,39.6300000000,28.8600000000,0.0080263109,-0.0309411971,-0.0003012502
2024-04-24,15.9700000000,110.2100000000,39.9300000000,29.0400000000,-0.0057090954,0.0209287695,0.0070554973
2024-04-25,15.3700000000,108.5500000000,40.4600000000,28.3400000000,0.0080078079,0.0256184382,0.0230677092
2024-04-26,15.0300000000,104.4000000000,41.0900000000,27.8100000000,0.0045816333,-0.0301777166,-0.0132432777
2024-04-29,14.6700000000,105.4200000000,41.7000000000,27.8400000000,-0.0133206135,-0.0313668472,-0.0256558967
2024-04-30,15.6500000000,107.4600000000,40.8400000000,27.8700000000,-0.0091850502,0.0393663382,0.0503810243
2024-05-01,15.3900000000,100.6400000000,40.5900000000,28.7000000000,-0.0355659825,-0.0134146667,-0.0188175635
2024-05-02,14.6800000000,100.7000000000,40.7800000000,27.6500000000,0.0005098139,0.0732349344,0.0680205244
2024-05-03,13.4900000000,95.9600000000,41.2100000000,,-0.0092166551,-0.0125325121,-0.0117623995
2024-05-06,13.4900000000,94.5000000000,41.6500000000,,0.0048749295,0.0408534406,0.0251542367
2024-05-07,13.2300000000,98.0400000000,41.6500000000,27.8300000000,-0.0010243279,-0.0233515733,-0.0390306946
2024-05-08,13.0000000000,95.5800000000,41.5000000000,27.9100000000,0.0063849023,-0.0148520792,0.0149894240
2024-05-09,12.6900000000,93.8500000000,42.3600000000,,0.0030503328,0.0083287725,0.0233623378
2024-05-10,12.5500000000,94.2300000000,42.5900000000,27.8800000000,-0.0122575590,-0.0274592744,-0.0279613285
2024-05-13,13.6000000000,105.3500000000,42.5500000000,,0.0097162616,-0.0151327397,-0.0214606570
2024-05-14,13.4200000000,106.5500000000,43.1800000000,,-0.0121601498,0.0030718879,0.0004280517
2024-05-15,12.4500000000,93.7800000000,43.3600000000,28.0700000000,0.0065464581,0.0021884425,-0.0130664505
2024-05-16,12.4200000000,91.8300000000,43.0600000000,,0.0073932778,0.0171388944,0.0228614043
2024-05-17,11.9900000000,89.3500000000,44.1000000000,28.0600000000,0.0106115195,0.0170776230,-0.0038213903
2024-05-20,12.1500000000,88.1300000000,44.9200000000,27.8900000000,-0.0035246764,0.0319518042,0.0514067309
2024-05-21,11.8600000000,85.3400000000,44.8500000000,27.3800000000,-0.0081033616,0.0381692724,0.0260583742
2024-05-22,12.2900000000,82.4900000000,42.8900000000,27.7100000000,-0.0193831882,0.0411079796,0.0061490349
2024-05-23,12.7700000000,86.1500000000,42.7400000000,28.6600000000,-0.0089838505,0.0241044751,-0.0074622327
2024-05-24,11.9300000000,83.5700000000,43.0000000000,27.5600000000,0.0100202543,-0.0321040507,-0.0042138593
2024-05-27,12.3600000000,,,,0.0182196469,0.0325297577,0.0095870457
2024-05-28,12.9200000000,89.6700000000,43.8900000000,27.5300000000,0.0088608175,-0.0497070785,-0.0252809440
2024-05-29,14.2800000000,93.4500000000,43.2600000000,26.7700000000,-0.0069554501,0.0102355039,-0.0087513181
2024-05-30,14.4700000000,91.0900000000,42.9500000000,29.2400000000,-0.0161190646,0.0380234306,0.0167620418
2024-05-31,12.9200000000,91.1400000000,43.8500000000,30.3400000000,-0.0105011661,-0.0279208514,-0.0151406389
2024-06-03,13.1100000000,93.9200000000,43.5900000000,30.8400000000,-0.0350121958,0.0510098191,0.0075319791
2024-06-04,13.1600000000,100.1100000000,42.2800000000,30.5900000000,-0.0139995491,-0.0635357106,-0.0278531694
2024-06-05,12.6300000000,102.4300000000,42.4700000000,29.1800000000,0.0103486762,-0.0131643550,-0.0080232828
2024-06-06,12.5800000000,100.9900000000,42.9700000000,27.7100000000,0.0190533068,0.0098746346,-0.0065491769
2024-06-07,12.2200000000,91.8200000000,41.8400000000,26.4200000000,-0.0002658514,-0.0172771720,-0.0015390000
2024-06-10,12.7400000000,94.1600000000,42.0300000000,25.6900000000,0.0276648256,0.0341149653,-0.0071664749
2024-06-11,12.8500000000,97.2700000000,40.4000000000,25.5400000000,0.0028409110,0.0007878267,-0.0070761688
2024-06-12,12.0400000000,91.7300000000,40.8400000000,24.8000000000,0.0077071672,0.0290050371,-0.0015634997
2024-06-13,11.9400000000,91.9300000000,40.1500000000,24.4500000000,0.0014065599,0.0121097540,0.0080754140
2024-06-14,12.6600000000,100.1600000000,39.8500000000,24.7100000000,-0.0026869698,-0.0102414941,-0.0335756072
2024-06-17,12.7500000000,99.0700000000,39.8500000000,24.1700000000,0.0211708484,-0.0330632388,-0.0054137231
2024-06-18,12.3000000000,97.9900000000,40.3300000000,23.7300000000,0.0123419880,0.0142216880,0.0032225017
2024-06-19,12.4800000000,,,,-0.0014879110,0.0182191852,0.0339307996
2024-06-20,13.2800000000,94.1400000000,40.7800000000,24.2300000000,0.0086484354,-0.0250435712,-0.0221548403
2024-06-21,13.2000000000,94.0900000000,40.3200000000,24.7400000000,-0.0164964981,-0.0154389032,-0.0166136144
2024-06-24,13.3300000000,95.2000000000,40.7400000000,25.4200000000,0.0111927546,0.0042343041,-0.0072266372
2024-06-25,12.8400000000,96.9700000000,40.3500000000,25.7500000000,-0.0098180121,0.0224285148,0.0035461030
2024-06-26,12.5500000000,97.9100000000,40.2900000000,26.2400000000,0.0014975667,-0.0299686070,-0.0084426185
2024-06-27,12.2400000000,95.6900000000,39.8000000000,26.2800000000,0.0079493649,0.0216709997,-0.0110680161
2024-06-28,12.4400000000,98.5900000000,40.2300000000,26.5400000000,-0.0023533794,-0.0024621636,0.0129998095
2024-07-01,12.2200000000,106.2300000000,40.1000000000,27.2900000000,0.0206192872,-0.0292818684,0.0142975389
2024-07-02,12.0300000000,107.5100000000,40.2700000000,25.8200000000,-0.0049930080,0.0059550571,0.0373445664
2024-07-03,12.0900000000,102.8300000000,41.4900000000,24.6200000000,0.0134604591,-0.0299528237,-0.0002820079
2024-07-04,12.2600000000,,,,0.0110207153,0.0168346485,-0.0103480972
2024-07-05,12.4800000000,98.7800000000,41.9200000000,23.7800000000,-0.0202172951,-0.0053986529,0.0024194134
2024-07-08,12.3700000000,97.9600000000,42.0100000000,23.8100000000,-0.0090365739,-0.0239021065,-0.0187967368
2024-07-09,12.5100000000,95.6200000000,41.9200000000,24.1900000000,-0.0118461405,-0.0298980161,-0.0075603733
2024-07-10,12.8500000000,92.9700000000,42.1300000000,24.0100000000,0.0063107306,-0.0177406092,-0.0082063767
2024-07-11,12.9200000000,89.6700000000,42.3900000000,24.0100000000,0.0038165636,0.0105985224,0.0082063767
2024-07-12,12.4600000000,86.7900000000,42.2400000000,24.1200000000,-0.0044335048,0.0193222736,0.0120404733
2024-07-15,13.1200000000,94.5000000000,41.7600000000,23.8300000000,-0.0022241452,-0.0110319711,-0.0258540655
2024-07-16,13.1900000000,93.8700000000,42.2600000000,24.4100000000,-0.0140768441,0.0444531485,0.0053128814
2024-07-17,14.4800000000,91.0000000000,41.9000000000,25.2800000000,0.0214715044,-0.0279504978,-0.0226267468
2024-07-18,15.9300000000,91.9700000000,40.6600000000,25.6800000000,-0.0017205362,0.0241931046,-0.0046781946
2024-07-19,16.5200000000,94.2900000000,41.0200000000,26.8300000000,-0.0332655407,-0.0155453134,-0.0016652793
2024-07-22,14.9100000000,94.4500000000,41.0600000000,26.8300000000,-0.0030565485,-0.0103423878,-0.0185034716
2024-07-23,14.7200000000,95.0400000000,41.0000000000,26.7400000000,-0.0321437731,-0.0068388726,0.0153165806
2024-07-24,18.0400000000,94.8100000000,40.9800000000,26.8500000000,0.0086557917,0.0311031719,0.0461883269
2024-07-25,18.4600000000,99.0800000000,40.5000000000,26.4900000000,0.0068970278,-0.0261505585,-0.0267702411
2024-07-26,16.3900000000,97.7600000000,40.6400000000,29.7700000000,-0.0144996336,0.0216648683,0.0093479425
2024-07-29,16.6000000000,98.6500000000,40.5900000000,30.8200000000,-0.0159154553,0.0421476743,0.0156791255
2024-07-30,17.6900000000,100.4200000000,40.5500000000,31.4900000000,-0.0123757296,0.0143039634,-0.0029120580
2024-07-31,16.3600000000,99.4100000000,41.1200000000,33.6900000000,0.0392831826,0.0429233328,0.0095777833
2024-08-01,18.5900000000,101.8200000000,40.1400000000,33.4200000000,-0.0189180629,0.0302341905,0.0274926510
2024-08-02,23.3900000000,112.2600000000,39.0800000000,38.8300000000,-0.0379801037,-0.0086935808,-0.0103100977
2024-08-05,38.5700000000,121.2200000000,38.4100000000,43.6300000000,-0.0053871254,-0.0319097860,-0.0226858257
2024-08-06,27.7100000000,119.2400000000,38.7600000000,40.4200000000,0.0019371806,0.0326462333,0.0158481922
2024-08-07,27.8500000000,112.6900000000,38.5400000000,38.0100000000,0.0249825292,0.0472621132,0.0086814749
2024-08-08,23.7900000000,110.4200000000,39.3200000000,34.7700000000,0.0116615489,0.0418669348,0.0069194656
2024-08-09,20.3700000000,108.2600000000,39.3600000000,33.3700000000,0.0075672449,0.0074791319,-0.0130313459
2024-08-12,20.7100000000,118.2600000000,39.5200000000,35.1700000000,0.0370003912,-0.0184380770,0.0351601453
2024-08-13,18.1200000000,118.4400000000,39.6700000000,33.2600000000,-0.0213843006,-0.0044984786,-0.0188973249
2024-08-14,16.1900000000,106.3400000000,39.5100000000,31.5100000000,-0.0125787822,-0.0130790805,0.0081028664
2024-08-15,15.2300000000,103.7400000000,40.2200000000,31.1400000000,0.0150496853,0.0161392364,0.0033337994
2024-08-16,14.8000000000,102.8100000000,40.1500000000,31.0000000000,-0.0190132260,0.0010852421,0.0056696550
2024-08-19,14.6500000000,110.1300000000,40.5000000000,32.0300000000,-0.0252024063,0.0050573143,0.0085130268
2024-08-20,15.8800000000,111.5700000000,40.5800000000,32.0500000000,-0.0066744101,-0.0485429868,-0.0009575269
2024-08-21,16.2700000000,111.3800000000,40.5900000000,32.7000000000,-0.0258891735,-0.0252657937,-0.0128092103
2024-08-22,17.5500000000,108.5000000000,40.0200000000,31.7300000000,0.0136511383,-0.0114951603,-0.0079326837
2024-08-23,15.8600000000,105.6300000000,40.6100000000,30.5400000000,0.0225712338,0.0075153519,-0.0061668030
2024-08-26,16.1500000000,106.6600000000,40.7000000000,30.9900000000,0.0298489848,0.0212839661,-0.0090383330
2024-08-27,15.4300000000,109.2200000000,40.7200000000,31.2500000000,-0.0227056159,0.0270630178,0.0140867240
2024-08-28,17.1100000000,108.7600000000,40.1000000000,32.1200000000,-0.0137933221,-0.0043777350,-0.0101223977
2024-08-29,15.6500000000,106.7000000000,40.3100000000,31.8100000000,0.0166096587,0.0021005959,0.0040894085
2024-08-30,15.0000000000,107.7700000000,40.6800000000,33.3600000000,-0.0274250150,0.0311664520,-0.0107527918
2024-09-01,,,,,0.0045320410,,
2024-09-02,15.5500000000,,,,0.0109022612,-0.0317106273,0.0018475099
2024-09-03,20.7200000000,114.2000000000,39.1000000000,35.3600000000,-0.0584668133,-0.0366134359,-0.0327614262
2024-09-04,21.3200000000,119.1500000000,38.9100000000,37.9500000000,-0.0154952054,-0.0382285456,-0.0171652631
2024-09-05,19.9000000000,114.8100000000,39.2100000000,36.6100000000,-0.0002919282,0.0110289618,-0.0120121564
2024-09-06,22.3800000000,107.2400000000,38.5300000000,37.5800000000,-0.0224396779,0.0078157648,0.0045214847
2024-09-09,19.4500000000,104.6100000000,38.8100000000,37.0000000000,0.0137892318,0.0231409015,0.0003007067
2024-09-10,19.0800000000,108.3600000000,38.6400000000,40.2300000000,-0.0416444993,-0.0565047351,-0.0243469117
2024-09-11,17.6900000000,103.7900000000,39.0700000000,37.7600000000,0.0221657777,0.0240827051,0.0225413138
2024-09-12,17.0700000000,98.0300000000,39.9500000000,36.0700000000,0.0230065806,-0.0266652559,-0.0144105641
2024-09-13,16.5600000000,100.6000000000,40.5500000000,35.2200000000,-0.0058866984,0.0129026762,-0.0070530804
2024-09-16,17.1400000000,101.2200000000,40.6600000000,34.7100000000,0.0185718579,-0.0449530001,-0.0277708954
2024-09-17,17.6100000000,101.5800000000,40.4400000000,35.2900000000,0.0135273325,0.0421157202,0.0177190053
2024-09-18,18.2300000000,98.6100000000,40.9000000000,36.1900000000,-0.0011441649,-0.0085320893,-0.0099969592
2024-09-19,16.3300000000,92.6400000000,41.4000000000,33.7200000000,0.0181513775,-0.0633041199,-0.0139110685
2024-09-20,16.1500000000,91.0000000000,41.3500000000,32.2200000000,-0.0022509858,0.0403152616,0.0090326262
2024-09-23,15.8900000000,93.8700000000,41.6200000000,34.3900000000,-0.0197716419,0.0500281232,0.0111382436
2024-09-24,15.3900000000,93.3000000000,43.1700000000,33.7600000000,0.0175155777,-0.0222839557,-0.0035945964
2024-09-25,15.4100000000,91.6400000000,42.4300000000,34.4000000000,-0.0244350230,0.0524235960,0.0212230102
2024-09-26,15.3700000000,90.1400000000,44.2200000000,39.7600000000,-0.0284643630,0.0151846447,0.0194298766
2024-09-27,16.9600000000,92.5300000000,44.0500000000,39.6200000000,0.0071185233,0.0058944437,-0.0028603708
2024-09-30,16.7300000000,94.6100000000,43.1800000000,39.8600000000,0.0014766689,0.0241075466,-0.0116765297
2024-10-01,19.2600000000,104.1400000000,43.2400000000,42.8700000000,0.0236231458,0.0058480446,-0.0301950632
2024-10-02,18.9000000000,102.1700000000,43.4200000000,46.5200000000,0.0043140705,-0.0168446658,-0.0160054126
2024-10-03,20.4900000000,101.1600000000,43.0900000000,54.5000000000,0.0487286654,0.0329844365,0.0025526498
2024-10-04,19.2100000000,100.1500000000,43.7200000000,46.3700000000,0.0069458911,0.0264071123,-0.0113774162
2024-10-07,22.6400000000,124.2300000000,43.3900000000,48.3200000000,0.0371671151,-0.0181232184,-0.0046846059
2024-10-08,21.4200000000,123.7700000000,42.6000000000,52.3500000000,-0.0467130760,-0.0334783612,-0.0240896532
2024-10-09,20.8600000000,122.3900000000,42.6300000000,48.8000000000,-0.0053582597,-0.0149627436,0.0281294099
2024-10-10,20.9300000000,116.5600000000,43.4300000000,52.3600000000,0.0341265344,0.0496579369,0.0470916075
2024-10-11,20.4600000000,118.4700000000,43.8500000000,52.6800000000,-0.0034675948,-0.0103278870,-0.0058633095
2024-10-14,19.7000000000,,43.7300000000,51.6200000000,-0.0217443911,0.0169078346,0.0206761328
2024-10-15,20.6400000000,127.2300000000,42.9300000000,48.6400000000,-0.0451036308,-0.0145534779,-0.0134291657
2024-10-16,19.5800000000,121.8600000000,43.4000000000,47.8400000000,-0.0027175873,-0.0184821076,-0.0321601241
2024-10-17,19.1100000000,122.1400000000,43.6600000000,46.8800000000,0.0038596288,0.0103688295,-0.0007935879
2024-10-18,18.0300000000,123.1300000000,44.5500000000,47.2200000000,-0.0201765023,-0.0113121657,-0.0111768687
2024-10-21,18.3700000000,128.9500000000,44.7300000000,46.8200000000,0.0194628792,0.0207004918,-0.0083844412
2024-10-22,18.2000000000,129.2600000000,44.9200000000,47.6900000000,0.0239819647,0.0168470935,0.0079026296
2024-10-23,19.2400000000,129.0500000000,44.6600000000,47.7800000000,-0.0192814361,0.0164713046,0.0415349933
2024-10-24,19.0800000000,127.4800000000,44.7200000000,46.6600000000,-0.0075601244,0.0185319068,0.0264613979
2024-10-25,20.3300000000,128.4000000000,44.9200000000,48.9700000000,0.0213904324,0.0317301649,0.0050898313
2024-10-28,19.8000000000,130.9200000000,45.0000000000,42.9600000000,-0.0632032766,-0.0231087092,-0.0085477014
2024-10-29,19.3400000000,131.8700000000,44.5600000000,42.4700000000,-0.0025412974,0.0081979191,0.0131659592
2024-10-30,20.3500000000,130.8000000000,44.1500000000,41.1300000000,0.0202984968,-0.0469455440,-0.0272709932
2024-10-31,23.1600000000,135.1800000000,43.5800000000,48.7900000000,0.0091978165,-0.0077309536,-0.0136872571
2024-11-01,21.8800000000,132.5800000000,43.3500000000,44.1400000000,0.0039161701,-0.0354336682,-0.0110549978
2024-11-04,21.9800000000,136.2500000000,43.6100000000,45.7500000000,0.0278370697,0.0283374943,0.0209164028
2024-11-05,20.4900000000,130.4300000000,43.8800000000,45.6100000000,0.0074339356,0.0047281412,-0.0142065391
2024-11-06,16.2700000000,117.6400000000,43.4300000000,44.7400000000,-0.0044818002,-0.0025717126,-0.0084335968
2024-11-07,15.2000000000,104.0800000000,44.3000000000,42.5500000000,0.0100559507,0.0217485061,0.0351345846
2024-11-08,14.9400000000,99.8500000000,43.3800000000,38.7600000000,-0.0260449719,0.0270793866,0.0295411605
2024-11-11,14.9700000000,,42.8000000000,37.7400000000,-0.0317348952,0.0306280253,-0.0066376820
2024-11-12,14.7100000000,108.5500000000,42.5700000000,34.3200000000,0.0007358894,0.0119797302,-0.0005921540
2024-11-13,14.0200000000,102.0800000000,42.3100000000,37.1200000000,0.0042575121,-0.0133985922,-0.0182312282
2024-11-14,14.3100000000,99.4300000000,42.3300000000,30.9000000000,0.0039476621,0.0569293765,0.0291297160
2024-11-15,16.1400000000,102.4700000000,42.3500000000,35.0700000000,-0.0237737295,0.0070493420,-0.0038156782
2024-11-18,15.5800000000,102.0100000000,42.9600000000,36.8900000000,0.0330693665,0.0074691897,0.0218158739
2024-11-19,16.3500000000,105.1200000000,43.4600000000,37.2800000000,0.0010114877,-0.0266198416,-0.0200529823
2024-11-20,17.1600000000,106.6900000000,43.4200000000,36.7400000000,-0.0071019938,0.0243998954,0.0036627394
2024-11-21,16.8700000000,101.9000000000,43.6300000000,36.9100000000,0.0147273814,0.0316959413,0.0232719905
2024-11-22,15.2400000000,99.1400000000,43.3100000000,35.7400000000,0.0142310641,-0.0269631634,-0.0103404627
2024-11-25,14.6000000000,99.9600000000,42.9200000000,37.4400000000,-0.0314342351,0.0150924755,0.0084813273
2024-11-26,14.1000000000,99.1800000000,42.9900000000,38.7400000000,-0.0020434980,-0.0108901644,-0.0090589447
2024-11-27,14.1000000000,97.7400000000,43.1400000000,37.0000000000,-0.0013158859,-0.0096619109,-0.0110386016
2024-11-28,13.9000000000,,,,,-0.0107932505,-0.0123440215
2024-11-29,13.5100000000,95.2200000000,42.6400000000,34.9500000000,-0.0092600059,0.0329780817,0.0113211530
2024-12-02,13.3400000000,97.8100000000,42.9600000000,34.7100000000,0.0017704342,0.0174988397,0.0062668718
2024-12-03,13.3000000000,95.6000000000,43.3400000000,34.5500000000,0.0247501351,-0.0020162127,-0.0049519472
2024-12-04,13.4500000000,92.2500000000,43.1200000000,33.8200000000,-0.0196042000,-0.0316125191,-0.0092409899
2024-12-05,13.5400000000,91.4800000000,43.3900000000,29.4500000000,-0.0033786297,-0.0105773607,-0.0076923456
2024-12-06,12.7700000000,83.2000000000,42.8800000000,30.9800000000,-0.0145252294,-0.0015263732,0.0143017550
2024-12-09,14.1900000000,85.6300000000,43.9900000000,27.7000000000,0.0164362921,-0.0355870475,-0.0288110216
2024-12-10,14.1800000000,90.1000000000,43.4100000000,28.6100000000,0.0026400719,0.0154194655,0.0269061196
2024-12-11,13.5800000000,82.4000000000,44.2200000000,31.9900000000,0.0231659411,-0.0190152661,0.0065784902
2024-12-12,13.9200000000,82.6600000000,43.5100000000,33.6400000000,-0.0030101076,-0.0432077083,-0.0375610101
2024-12-13,13.8100000000,85.6600000000,42.8700000000,34.9200000000,0.0165151817,-0.0378292884,-0.0255893837
2024-12-16,14.6900000000,90.8800000000,42.4600000000,33.4100000000,-0.0075119055,-0.0230216813,0.0129531495
2024-12-17,15.8700000000,90.4200000000,41.0500000000,30.7100000000,-0.0091468410,0.0434354546,-0.0155951590
2024-12-18,27.6200000000,87.2100000000,40.1800000000,32.6000000000,0.0052982153,-0.0254732572,0.0092937472
2024-12-19,24.0900000000,90.4100000000,40.0700000000,30.5000000000,-0.0091822740,0.0492696421,0.0427073576
2024-12-20,18.3600000000,91.7500000000,40.1900000000,29.2700000000,-0.0052023239,0.0241273973,0.0075061063
2024-12-23,16.7800000000,95.8500000000,40.1700000000,30.1600000000,-0.0030472345,0.0315610249,0.0214687677
2024-12-24,14.2700000000,96.9500000000,40.3600000000,30.3500000000,0.0119900317,0.0040755567,-0.0030183278
2024-12-26,14.7300000000,95.2000000000,40.4800000000,30.0100000000,-0.0059048202,,
2024-12-27,15.9500000000,94.8000000000,40.0400000000,30.2100000000,0.0136290755,0.0428046771,0.0296412539
2024-12-30,17.4000000000,99.0800000000,39.3100000000,30.7700000000,0.0049747811,-0.0020552836,0.0058520440
2024-12-31,17.3500000000,98.8000000000,39.6100000000,30.0200000000,0.0101566679,0.0260266240,0.0140711385
2025-01-02,17.9300000000,96.6700000000,39.9600000000,29.5400000000,0.0173917427,0.0279157314,0.0295588022
2025-01-03,16.1300000000,93.3500000000,39.8700000000,29.9800000000,0.0097454618,-0.0130338699,0.0099253114
2025-01-06,16.0400000000,97.8900000000,40.2700000000,29.3100000000,-0.0039690738,-0.0473744564,-0.0210253920
2025-01-07,17.8200000000,102.7800000000,39.9600000000,31.0900000000,0.0088743841,0.0031223654,-0.0043126751
2025-01-08,17.7000000000,100.7600000000,40.3200000000,31.5600000000,-0.0123086893,-0.0411740035,-0.0255810406
2025-01-09,18.0700000000,99.7300000000,,,0.0078130752,-0.0126346301,0.0177165933
2025-01-10,19.5400000000,96.5700000000,40.0600000000,33.9100000000,0.0336967246,0.0004666926,0.0187450705
2025-01-13,19.1900000000,103.5100000000,39.9300000000,33.9800000000,0.0202555112,0.0697835293,0.0272798099
2025-01-14,18.7100000000,101.9900000000,40.4700000000,33.5100000000,-0.0121040067,-0.0276044752,0.0005198856
2025-01-15,16.1200000000,93.1000000000,40.8700000000,32.9300000000,0.0301802633,0.0012559473,0.0131665772
2025-01-16,16.6000000000,92.7200000000,40.7500000000,33.1300000000,-0.0003812186,-0.0164084027,0.0044782878
2025-01-17,15.9700000000,95.6000000000,40.4400000000,33.5200000000,-0.0102198130,0.0138736011,0.0118029164
2025-01-20,15.8100000000,,,,,0.0203933603,0.0091680391
2025-01-21,15.0600000000,96.7800000000,40.8400000000,35.1000000000,-0.0258842571,0.0444290478,0.0034943253
2025-01-22,15.1000000000,89.9000000000,40.4300000000,34.6800000000,-0.0059472851,-0.0265553415,-0.0167078819
2025-01-23,15.0200000000,88.5100000000,40.3900000000,34.1800000000,-0.0109290705,0.0083198387,0.0227937232
2025-01-24,14.8500000000,86.7500000000,40.3800000000,29.9800000000,0.0005359057,0.0117178168,0.0112049439
2025-01-27,17.9000000000,95.0500000000,39.8300000000,35.9800000000,-0.0201589726,-0.0377233036,-0.0286922744
2025-01-28,16.4100000000,92.8300000000,39.8800000000,31.9500000000,0.0081666440,0.0075349523,0.0112769019
2025-01-29,16.5600000000,90.7300000000,40.2500000000,33.0200000000,-0.0157117789,0.0590229651,0.0329666518
2025-01-30,15.8400000000,90.5400000000,40.9100000000,31.0500000000,0.0015135882,0.0110807689,-0.0035022076
2025-01-31,16.4300000000,91.7600000000,40.2800000000,29.9600000000,-0.0027536848,0.0287930869,0.0152473090
2025-02-03,18.6200000000,94.1500000000,40.1800000000,35.3000000000,0.0086485541,0.0104082935,-0.0360279126
2025-02-04,17.2100000000,90.2800000000,41.1000000000,33.6200000000,-0.0063074390,-0.0329955671,-0.0009886308
2025-02-05,15.7700000000,94.6800000000,41.4500000000,34.2500000000,-0.0232390615,0.0263557336,0.0029629651
2025-02-06,15.5000000000,93.9000000000,42.0600000000,36.2500000000,-0.0059305455,0.0197152949,0.0099356843
2025-02-07,16.5400000000,93.1300000000,41.8600000000,29.6600000000,0.0055080995,0.0221555899,0.0042628406
2025-02-10,15.8100000000,87.6800000000,42.4100000000,32.0900000000,0.0141251212,0.0407222103,0.0079893900
2025-02-11,16.0200000000,85.5800000000,41.3000000000,29.7600000000,0.0147497332,-0.0047148311,-0.0042288470
2025-02-12,15.8900000000,86.5800000000,41.7900000000,31.7900000000,-0.0255002731,-0.0371206451,-0.0282435276
2025-02-13,15.1000000000,84.5700000000,42.1800000000,31.4700000000,-0.0014046919,-0.0799723437,-0.0282954332
2025-02-14,14.7700000000,84.6700000000,42.2800000000,28.4600000000,-0.0060627609,-0.0136773696,0.0215470947
2025-02-17,15.3700000000,,,,,-0.0515996709,-0.0323677593
2025-02-18,15.3500000000,84.5100000000,42.0200000000,27.4700000000,0.0159936069,0.0221681172,-0.0192225598
2025-02-19,15.2700000000,83.8600000000,41.6900000000,28.3600000000,0.0055517145,-0.0195125139,-0.0229710955
2025-02-20,15.6600000000,86.2600000000,42.1300000000,29.3000000000,0.0044192863,-0.0160825539,-0.0184066823
2025-02-21,18.2100000000,91.8300000000,41.0900000000,35.7900000000,-0.0303583501,-0.0063154325,0.0167841833
2025-02-24,18.9800000000,88.4400000000,41.0100000000,31.3000000000,0.0042523097,-0.0010812072,-0.0032529169
2025-02-25,19.4300000000,96.6100000000,41.0000000000,32.7700000000,-0.0253540760,-0.0624252514,-0.0262720564
2025-02-26,19.1000000000,97.5200000000,41.4600000000,33.3600000000,-0.0045074595,-0.0690477052,-0.0102263271
2025-02-27,21.1300000000,96.2700000000,40.6700000000,31.7200000000,0.0248987461,0.0833719321,0.0244796647
2025-02-28,19.6300000000,104.4600000000,40.9400000000,29.9700000000,-0.0084220040,-0.0136696806,-0.0247613151
2025-03-03,22.7800000000,105.6500000000,40.5200000000,38.5200000000,-0.0201266477,0.0199486137,0.0077166290
2025-03-04,23.5100000000,108.8700000000,40.4400000000,37.5200000000,-0.0016101884,-0.0394516469,-0.0435627607
2025-03-05,21.9300000000,104.3200000000,41.4700000000,35.0400000000,-0.0289832281,-0.0460468295,0.0042246403
2025-03-06,24.8700000000,108.9500000000,41.4600000000,37.1400000000,0.0007537499,-0.0820040916,-0.0216010162
2025-03-07,23.3700000000,104.4100000000,41.5800000000,29.7500000000,0.0101949909,0.0442721030,0.0192723876
2025-03-10,27.8600000000,112.5000000000,40.6900000000,34.8200000000,-0.0204949910,0.0310604627,0.0055216647
2025-03-11,26.9200000000,114.6000000000,41.1000000000,31.8300000000,0.0037991080,0.0352184309,-0.0112205184
2025-03-12,24.2300000000,104.1100000000,41.7500000000,,0.0217546649,-0.0107340610,0.0200209792
2025-03-13,24.6600000000,106.1900000000,42.2500000000,32.8000000000,-0.0166109319,-0.0042215170,0.0139782621
2025-03-14,21.7700000000,101.0100000000,43.3700000000,,0.0096111267,0.0050731446,0.0055088776
2025-03-17,20.5100000000,99.7800000000,44.1200000000,,0.0068513822,-0.0249480247,-0.0124735848
2025-03-18,21.7000000000,96.6800000000,44.2800000000,,-0.0070008478,-0.0120240952,0.0168308902
2025-03-19,19.9000000000,91.4000000000,44.4800000000,33.8700000000,0.0038788651,0.0618435053,0.0295724189
2025-03-20,19.8000000000,95.7400000000,44.5900000000,29.7200000000,0.0162461113,-0.0115997125,-0.0058723282
2025-03-21,19.2800000000,94.5400000000,44.6600000000,28.4300000000,0.0002929544,-0.0058507071,-0.0215985137
2025-03-24,17.4800000000,95.2200000000,44.6000000000,29.6700000000,0.0120825402,0.0033507934,0.0009792265
2025-03-25,17.1500000000,93.5700000000,45.2300000000,28.2700000000,-0.0015929335,-0.0283045597,-0.0149319580
2025-03-26,18.3300000000,91.4100000000,44.4900000000,28.8400000000,0.0093761956,-0.0166215534,0.0052374669
2025-03-27,18.6900000000,91.0300000000,44.8600000000,28.4900000000,0.0038690311,0.0080905013,-0.0328651233
2025-03-28,21.6500000000,96.8300000000,44.2000000000,28.7000000000,-0.0080413989,-0.0150389806,0.0037862285
2025-03-31,22.2800000000,101.3500000000,43.8900000000,30.8800000000,0.0301073578,0.0019691345,-0.0119902007
2025-04-01,21.7700000000,104.7300000000,44.5700000000,,-0.0039248719,0.0429099600,0.0272796951
2025-04-02,21.5100000000,106.3900000000,44.8500000000,,0.0071373895,-0.0283606981,-0.0189298334
2025-04-03,30.0200000000,112.0000000000,43.4200000000,,-0.0686841358,-0.0512129402,-0.0369999860
2025-04-04,45.3100000000,125.7100000000,40.0500000000,,-0.0769729904,-0.0741570277,-0.0344967991
2025-04-07,46.9800000000,137.3000000000,39.0700000000,,-0.0210293836,0.0163216659,-0.0154748075
2025-04-08,52.3300000000,139.8800000000,38.5300000000,,-0.0186237508,-0.0210028067,-0.0124901544
2025-04-09,33.6200000000,128.8300000000,41.4600000000,,0.0454437248,-0.0734266800,-0.0182118855
2025-04-10,40.7200000000,128.3500000000,40.8100000000,,-0.0372531233,-0.0111412613,0.0191782247
2025-04-11,37.5600000000,137.2600000000,42.0800000000,50.8800000000,0.0235266260,0.0050931862,0.0425461994
2025-04-14,30.8900000000,132.4600000000,43.1400000000,47.7600000000,-0.0073439743,0.0304899873,0.0257381146
2025-04-15,30.1200000000,122.5600000000,43.1500000000,42.3100000000,-0.0049261183,-0.0026703061,-0.0048229182
2025-04-16,32.6400000000,119.4000000000,43.3500000000,43.5600000000,0.0279193593,0.0259628175,0.0117153638
2025-04-17,29.6500000000,114.6400000000,43.2000000000,41.2700000000,0.0347655932,0.0097226315,-0.0162580730
2025-04-21,33.8200000000,128.5600000000,43.4800000000,41.2100000000,-0.0250482726,,
2025-04-22,30.5700000000,118.3500000000,43.8400000000,43.1500000000,0.0193113781,-0.0404341141,-0.0230283434
2025-04-23,28.4500000000,116.6000000000,43.9800000000,43.5600000000,-0.0322353713,-0.0024559980,0.0382406256
2025-04-24,26.4700000000,108.2800000000,44.5500000000,44.3700000000,0.0083160562,-0.0173034110,-0.0088582518
2025-04-25,24.8400000000,105.7900000000,44.4300000000,43.5300000000,0.0036563112,-0.0346063682,0.0018080463
2025-04-28,25.1500000000,110.0100000000,44.6000000000,43.5500000000,-0.0155116247,-0.0010488972,-0.0170035978
2025-04-29,24.1700000000,112.2700000000,44.8000000000,48.4100000000,-0.0266203357,-0.0168709452,-0.0070682532
2025-04-30,24.7000000000,112.4800000000,44.3300000000,54.4600000000,-0.0372630147,0.0143676602,0.0258766341
2025-05-01,24.6000000000,107.3300000000,43.7400000000,51.9600000000,0.0175398281,-0.0052120616,0.0070375375
2025-05-02,22.6800000000,101.4000000000,44.4400000000,50.5900000000,-0.0161664373,0.0284870628,0.0256310982
2025-05-05,23.6400000000,104.4500000000,44.7000000000,42.5800000000,-0.0201011793,-0.0044843124,-0.0189391259
2025-05-06,24.7600000000,106.1800000000,45.4500000000,42.1400000000,0.0337323326,0.0535940165,0.0263288574
2025-05-07,23.5500000000,99.8700000000,44.7900000000,42.6600000000,-0.0174125260,-0.0061206416,0.0255126786
2025-05-08,22.4800000000,98.6600000000,45.0200000000,40.6000000000,0.0311942567,0.0231862917,-0.0047961723
2025-05-09,21.9000000000,100.4000000000,45.3300000000,39.8200000000,0.0183582432,-0.0206699850,-0.0046772107
2025-05-12,18.3900000000,102.9000000000,44.7400000000,37.5000000000,0.0088106297,0.0220555164,0.0420089585
2025-05-13,18.2200000000,100.1300000000,45.1100000000,36.7100000000,0.0270828186,0.0099531285,-0.0069715271
2025-05-14,18.6200000000,100.7300000000,44.9500000000,36.7200000000,-0.0090527101,-0.0196638724,-0.0078496582
2025-05-15,17.8300000000,98.6500000000,45.0600000000,37.4000000000,-0.0247125554,0.0069944273,0.0148211853
2025-05-16,17.2400000000,96.7000000000,44.5700000000,37.8800000000,0.0133205348,-0.0039176771,-0.0335211441
2025-05-19,18.1400000000,103.8100000000,45.1600000000,38.0000000000,0.0115515483,0.0019607571,-0.0080617083
2025-05-20,18.0900000000,101.3700000000,45.5700000000,34.6200000000,-0.0020758490,0.0485941262,0.0384448459
2025-05-21,20.8700000000,102.1000000000,45.6600000000,39.1200000000,-0.0159513573,-0.0097283376,-0.0060307200
2025-05-22,20.2800000000,99.4700000000,45.7600000000,41.4400000000,-0.0060275494,-0.0072625941,-0.0081441543
2025-05-23,22.2900000000,100.9100000000,46.7600000000,43.1300000000,0.0053776712,0.0025822062,-0.0082110266
2025-05-25,,,,,0.0064798542,,
2025-05-26,20.5700000000,,,,-0.0071301550,0.0217910200,0.0203340570
2025-05-27,18.9600000000,97.9300000000,46.8300000000,41.9400000000,-0.0098056023,-0.0066524168,-0.0175430979
2025-05-28,19.3100000000,93.2000000000,46.5400000000,40.4200000000,0.0154814467,-0.0086575928,0.0043106512
2025-05-29,19.1800000000,92.6700000000,46.6100000000,40.2600000000,-0.0146606307,-0.0425702805,-0.0158034196
2025-05-30,18.5700000000,92.1100000000,46.6400000000,40.7100000000,-0.0024644718,-0.0268081658,-0.0074991508
2025-06-02,18.3600000000,95.7600000000,47.7200000000,38.7000000000,0.0280612038,0.0227325186,0.0070761688
2025-06-03,17.6900000000,100.0000000000,47.9500000000,37.7500000000,0.0141350722,0.0235112364,0.0235534545
2025-06-04,17.6100000000,96.9800000000,48.0600000000,37.7000000000,-0.0088706427,-0.0055386306,0.0001377316
2025-06-05,18.4800000000,94.6500000000,48.8000000000,34.8900000000,0.0082396283,0.0206273016,0.0017887862
2025-06-06,16.7700000000,89.6500000000,48.5900000000,35.7200000000,0.0189142020,-0.0039094813,0.0103939667
2025-06-09,17.1600000000,92.6200000000,48.5300000000,34.4200000000,-0.0055900767,-0.0179808897,0.0098829749
2025-06-10,16.9500000000,91.2200000000,48.2300000000,35.0500000000,-0.0048388450,-0.0275347321,-0.0213773543
2025-06-11,17.2600000000,89.3600000000,48.4400000000,43.2400000000,0.0457231235,0.0361480016,0.0231271361
2025-06-12,18.0200000000,88.9900000000,48.5800000000,45.3700000000,-0.0038939693,0.0073242109,0.0137564774
2025-06-13,20.8200000000,95.3100000000,48.2900000000,57.2300000000,0.0674510673,0.0463692304,0.0072689146
2025-06-16,19.1100000000,93.4800000000,47.7100000000,56.6000000000,0.0067104963,0.0003166227,-0.0079323525
2025-06-17,21.6000000000,97.1800000000,47.6200000000,71.5600000000,0.0418859400,0.0363440894,-0.0093346457
2025-06-18,20.1400000000,93.6400000000,47.4100000000,66.8600000000,0.0040005387,-0.0157947952,-0.0004020101
2025-06-19,22.1700000000,,,,-0.0177233425,0.0731143127,-0.0253831069
2025-06-20,20.6200000000,90.1000000000,47.0800000000,64.6700000000,0.0149246468,-0.0169341595,0.0031569582
2025-06-23,19.8300000000,95.0300000000,46.9700000000,53.6500000000,-0.0895746244,-0.0099938217,0.0041028504
2025-06-24,17.4800000000,92.6200000000,47.3100000000,48.8000000000,-0.0623320340,-0.1290781391,0.0036782277
2025-06-25,16.7600000000,91.2400000000,47.3200000000,42.7500000000,0.0085080566,-0.0060268291,-0.0330391513
2025-06-26,16.5900000000,89.4700000000,49.1100000000,41.8600000000,0.0049170351,-0.0396739104,-0.0105970614
2025-06-27,16.3200000000,87.9300000000,48.4900000000,41.2300000000,0.0042826618,-0.0279257020,0.0079230748
2025-06-30,16.7300000000,90.2600000000,48.5900000000,38.8900000000,-0.0062772923,-0.0057285903,-0.0284447106
2025-07-01,16.8300000000,93.4800000000,48.8600000000,38.0000000000,0.0052083451,0.0238782350,0.0230751908
2025-07-02,16.6400000000,91.3700000000,49.7500000000,40.2400000000,0.0301000903,-0.0030319267,0.0189466056
2025-07-03,16.3800000000,86.0900000000,50.0600000000,37.7500000000,-0.0066939633,0.0008926978,0.0018056814
2025-07-04,17.4800000000,,,,-0.0076410590,-0.0045312345,-0.0054268553
2025-07-07,17.7900000000,88.5300000000,49.6200000000,41.2300000000,0.0214262028,0.0045312345,-0.0065794316
2025-07-08,16.8100000000,88.0500000000,49.3000000000,35.7100000000,0.0058711456,0.0176301736,-0.0110155047
2025-07-09,15.9400000000,84.3100000000,48.8100000000,34.1700000000,0.0007314754,0.0024809201,-0.0004261061
2025-07-10,15.7800000000,81.5800000000,49.1200000000,32.8000000000,-0.0268263586,0.0249314810,0.0049599762
2025-07-11,16.4000000000,85.4800000000,48.8300000000,37.0600000000,0.0278495261,0.0110560852,-0.0026895055
2025-07-14,17.2000000000,90.7300000000,48.6900000000,33.5300000000,-0.0393317493,-0.0030134501,-0.0018443646
2025-07-15,17.3800000000,88.9500000000,48.1200000000,34.3800000000,-0.0067083648,-0.0288722325,0.0153599863
2025-07-16,17.1600000000,89.5200000000,48.0000000000,33.1600000000,0.0153323687,0.0105121250,-0.0028007300
2025-07-17,16.5200000000,85.5700000000,48.2000000000,32.8400000000,0.0173242087,-0.0116159420,-0.0107148917
2025-07-18,16.4100000000,83.2900000000,48.3200000000,32.1700000000,-0.0029656012,-0.0238827857,-0.0093991008
2025-07-21,16.6500000000,86.6200000000,48.9300000000,31.3800000000,-0.0020811662,-0.0130630734,-0.0008588606
2025-07-22,16.5000000000,89.8900000000,49.5500000000,32.2600000000,-0.0148417386,-0.0014486195,-0.0103642788
2025-07-23,15.3700000000,85.9500000000,50.3000000000,32.3900000000,-0.0146054627,-0.0127963327,0.0036108944
2025-07-24,15.3900000000,82.7500000000,49.9800000000,32.3700000000,0.0118831380,-0.0102079352,0.0216779738
2025-07-25,14.9300000000,82.0900000000,49.6100000000,32.8800000000,-0.0132634005,0.0043480340,0.0064688736
2025-07-28,15.0300000000,83.7300000000,49.1500000000,35.3700000000,0.0235090830,0.0122329425,-0.0097190708
2025-07-29,15.9800000000,85.0700000000,49.4400000000,38.0400000000,0.0367904941,0.0359430948,0.0338166224
2025-07-30,15.4800000000,81.8800000000,47.9900000000,37.7500000000,0.0113498812,0.0126458562,-0.0030149399
2025-07-31,16.7200000000,79.8400000000,48.6500000000,36.7800000000,-0.0106277031,0.0212566729,-0.0027487648
2025-08-01,20.3800000000,83.8300000000,48.3500000000,39.3700000000,-0.0282616364,-0.0377512301,-0.0225479281
2025-08-04,17.5200000000,87.9500000000,49.2700000000,38.7900000000,-0.0155668463,0.0091129486,-0.0026781325
2025-08-05,17.8500000000,89.2000000000,49.7000000000,35.3000000000,-0.0171932725,0.0035813633,0.0103904333
2025-08-06,16.7700000000,83.8900000000,50.1800000000,36.6700000000,-0.0125088497,-0.0339656965,-0.0084163774
2025-08-07,16.5700000000,80.1500000000,50.7100000000,35.0100000000,-0.0073306107,-0.0092436618,0.0109275394
2025-08-08,15.1500000000,79.2000000000,51.7200000000,34.0600000000,0.0000000000,-0.0154444405,0.0198654622
2025-08-11,16.2500000000,81.7600000000,51.1300000000,31.4000000000,-0.0124440450,0.0169000890,-0.0115401748
2025-08-12,14.7300000000,77.4200000000,51.7500000000,30.3100000000,-0.0097157729,-0.0180410960,-0.0120943992
2025-08-13,14.4900000000,77.3100000000,52.1600000000,33.8200000000,-0.0088417906,0.0058761264,0.0033510224
2025-08-14,14.8300000000,76.7700000000,51.9500000000,35.9600000000,0.0322531730,-0.0141798147,-0.0109321341
2025-08-15,15.0900000000,76.6600000000,52.1900000000,37.2200000000,-0.0183028145,-0.0351457689,-0.0039536905
2025-08-18,14.9900000000,81.8200000000,52.3800000000,32.1500000000,0.0098241956,0.0077364237,0.0160003413
2025-08-19,15.5700000000,82.1500000000,51.6800000000,33.0400000000,-0.0170155970,-0.0014400233,-0.0092321260
2025-08-20,15.6900000000,80.7500000000,51.7500000000,32.5100000000,0.0136988444,0.0215109747,0.0018252023
2025-08-21,16.6000000000,80.5200000000,52.0100000000,31.5400000000,0.0048923005,0.0390025003,0.0184843009
2025-08-22,14.2200000000,78.1000000000,53.2300000000,30.3500000000,0.0022016049,0.0119255923,-0.0012400966
2025-08-25,14.7900000000,77.5600000000,52.9300000000,31.2400000000,0.0177491815,0.0059691032,-0.0046987372
2025-08-26,14.6200000000,79.3600000000,53.3900000000,33.7300000000,-0.0242104758,-0.0093405802,0.0077273739
2025-08-27,14.8500000000,77.6600000000,52.9700000000,31.9400000000,0.0141289635,-0.0275426054,-0.0070349969
2025-08-28,14.4300000000,77.5500000000,53.4200000000,33.9800000000,0.0069903197,-0.0309492804,-0.0072242604
2025-08-29,15.3600000000,79.3900000000,53.8000000000,32.6300000000,-0.0091750896,0.0019942711,0.0175527967
2025-08-31,,,,,-0.0007814332,,
2025-09-01,16.1200000000,,,,0.0105755262,0.0137872573,0.0133371601
2025-09-02,17.1700000000,85.2800000000,54.9100000000,34.2800000000,0.0145898311,-0.0090549394,-0.0048787195
2025-09-03,16.3500000000,89.6700000000,56.0100000000,35.2200000000,-0.0250090218,0.0106443933,0.0180403385
2025-09-04,15.3000000000,88.2600000000,55.7300000000,,-0.0076893278,0.0092989325,0.0065164138
2025-09-05,15.1800000000,85.2900000000,56.5000000000,33.3300000000,-0.0256894861,-0.0137620413,0.0079218793
2025-09-08,15.1100000000,84.0000000000,56.6500000000,35.0300000000,0.0062837555,0.0336783940,0.0147512628
2025-09-09,15.0400000000,82.2000000000,56.0000000000,33.4400000000,0.0059252315,-0.0040306138,-0.0035049040
2025-09-10,15.3500000000,79.5800000000,56.4500000000,33.3500000000,0.0164690975,0.0057832508,0.0025974041
2025-09-11,14.7100000000,75.0700000000,57.5500000000,33.9600000000,-0.0206291035,-0.0244186630,-0.0204409633
2025-09-12,14.7600000000,73.3700000000,57.7700000000,31.7700000000,0.0051175547,0.0104332715,0.0030401187
2025-09-15,15.6900000000,76.8800000000,58.4400000000,30.9800000000,0.0052501910,-0.0156754629,0.0128509505
2025-09-16,16.3600000000,77.0900000000,57.9200000000,33.1700000000,0.0235231169,0.0054278005,0.0098535738
2025-09-17,15.7200000000,75.9500000000,57.8700000000,31.0500000000,-0.0073112249,0.0022246263,-0.0068613124
2025-09-18,15.7000000000,71.9100000000,57.1400000000,31.8800000000,-0.0075223674,0.0168626706,0.0111097900
2025-09-19,15.4500000000,72.5100000000,57.8100000000,30.5300000000,-0.0140992435,-0.0197370796,-0.0037325483
2025-09-22,16.1000000000,75.8000000000,58.5900000000,30.8800000000,-0.0006383658,-0.0144658964,-0.0174302019
2025-09-23,16.6400000000,75.6600000000,58.8800000000,32.5800000000,0.0122175260,0.0131340702,0.0075817357
2025-09-24,16.1800000000,75.1300000000,59.8900000000,34.0800000000,0.0246118342,-0.0112830021,-0.0100779598
2025-09-25,16.7400000000,75.4400000000,59.7800000000,36.8500000000,-0.0001538817,0.0171852766,-0.0034260147
2025-09-26,15.2900000000,74.3800000000,59.3000000000,35.8500000000,0.0113237629,0.0073980047,0.0028996989
2025-09-29,16.1200000000,75.5100000000,60.8000000000,35.5400000000,-0.0351510990,-0.0196741834,0.0106042756
2025-09-30,16.2800000000,77.9300000000,61.5000000000,35.5800000000,-0.0171678036,-0.0204509971,-0.0140320970
2025-10-01,16.2900000000,73.5000000000,61.0500000000,36.3900000000,-0.0095047030,-0.0024224664,0.0080237195
2025-10-02,16.6300000000,71.2100000000,61.3300000000,37.6200000000,-0.0212669556,0.0038222693,0.0143082566
2025-10-03,16.6500000000,69.5300000000,62.3100000000,36.5000000000,0.0065919817,-0.0005406007,0.0220968183
2025-10-06,16.3700000000,72.9900000000,62.7100000000,,0.0132171297,0.0519991970,-0.0051928430
2025-10-07,17.2400000000,75.4300000000,61.8700000000,,0.0006481932,0.0039179098,-0.0056029689
2025-10-08,16.3000000000,74.8700000000,63.5300000000,31.5300000000,0.0131962005,-0.0165593812,0.0088991180
2025-10-09,16.4300000000,74.1200000000,62.6500000000,32.4800000000,-0.0167664737,-0.0103592830,0.0027805882
2025-10-10,21.6600000000,81.6500000000,60.9100000000,37.7300000000,-0.0433586726,-0.0059814537,0.0056635983
2025-10-13,19.0300000000,,63.4100000000,35.9200000000,0.0028820907,-0.0218407613,-0.0197725073
2025-10-14,20.8100000000,79.9500000000,63.3000000000,37.9000000000,-0.0136358002,0.0103041559,-0.0154801853
2025-10-15,20.6400000000,75.1100000000,64.1000000000,36.6200000000,0.0000000000,0.0007858300,0.0124032598
2025-10-16,25.3100000000,81.2300000000,64.5500000000,38.2600000000,-0.0139983276,0.0171956140,0.0207136194
2025-10-17,20.7800000000,78.6200000000,62.9700000000,37.2400000000,0.0013913046,-0.0175098719,-0.0006290495
2025-10-20,18.2300000000,77.2200000000,64.0000000000,36.7700000000,-0.0003476447,-0.0024230993,0.0045203492
2025-10-21,17.8700000000,77.1800000000,61.3500000000,35.8700000000,0.0052020232,0.0144202439,-0.0030112946
2025-10-22,18.6000000000,75.4900000000,60.7100000000,38.0900000000,0.0116920176,-0.0135069587,-0.0141738642
2025-10-23,17.3000000000,74.0500000000,61.6100000000,40.4600000000,0.0547147848,0.0213642083,-0.0002549395
2025-10-24,16.3700000000,68.9400000000,61.6200000000,38.7000000000,-0.0047043643,-0.0135879243,-0.0015310031
2025-10-27,15.7900000000,66.8700000000,61.5500000000,38.9600000000,-0.0030942130,-0.0194278849,-0.0070472455
2025-10-28,16.4200000000,67.3000000000,62.5300000000,37.1800000000,-0.0191015194,0.0029891586,0.0070472455
2025-10-29,16.9200000000,65.7500000000,63.1200000000,37.1400000000,0.0054712895,0.0118366990,0.0062368941
2025-10-30,16.9100000000,66.8800000000,63.1100000000,34.7400000000,0.0014869891,-0.0260993564,-0.0017780040
2025-10-31,17.4400000000,66.6100000000,62.7800000000,36.2000000000,0.0067462206,0.0023805705,-0.0016538392
2025-11-03,17.1700000000,67.2300000000,62.1600000000,34.3100000000,0.0011472590,0.0196942560,0.0333071980
2025-11-04,19.0000000000,68.0200000000,60.3100000000,34.2700000000,-0.0080585914,0.0251988696,0.0135773598
2025-11-05,18.0100000000,72.4200000000,61.3900000000,33.6900000000,-0.0159790351,-0.0227444945,-0.0100122937
2025-11-06,19.5000000000,72.4400000000,61.7500000000,33.7600000000,-0.0028564247,-0.0085534001,-0.0163309333
2025-11-07,19.0800000000,74.4100000000,61.7700000000,33.3300000000,0.0053700414,-0.0110600500,-0.0087697881
2025-11-10,17.6000000000,78.8600000000,63.1300000000,32.1200000000,0.0046752465,-0.0041752373,0.0061469177
2025-11-11,17.2800000000,,63.0400000000,32.0200000000,0.0158654790,0.0009972175,0.0085922949
2025-11-12,17.5100000000,81.1200000000,64.3800000000,33.0000000000,-0.0418541169,-0.0054485506,0.0155022790
2025-11-13,20.0000000000,79.1000000000,62.5200000000,32.6300000000,0.0025612581,-0.0154748898,-0.0069831830
2025-11-14,19.8300000000,79.7100000000,62.3400000000,33.1200000000,0.0220938239,0.0256706908,-0.0050533170
2025-11-17,22.3800000000,82.5800000000,61.1600000000,32.3800000000,-0.0006674454,0.0053616009,-0.0125584492
2025-11-18,24.6900000000,83.1800000000,60.3200000000,33.3300000000,0.0137590235,0.0087464114,0.0161353879
2025-11-19,23.6600000000,84.3200000000,61.2500000000,34.1200000000,-0.0216350592,-0.0240775434,-0.0069187328
2025-11-20,26.4200000000,77.8100000000,59.5000000000,36.3800000000,-0.0050598860,0.0070532829,0.0086409623
2025-11-21,23.4300000000,78.8100000000,59.6400000000,35.9700000000,-0.0184305558,-0.0313274310,-0.0117452052
2025-11-24,20.5200000000,76.8200000000,61.0200000000,36.3000000000,0.0133449371,-0.0150474105,0.0024841647
2025-11-25,18.5600000000,72.8200000000,61.5600000000,37.5700000000,-0.0152413259,-0.0122099161,0.0155099121
2025-11-26,17.1900000000,71.9000000000,63.1000000000,35.7000000000,0.0120070053,-0.0006127243,-0.0023234495
2025-11-27,17.2100000000,,,,0.0059498688,-0.0118859403,0.0064677753
2025-11-28,16.3500000000,68.9500000000,64.4700000000,35.9500000000,-0.0076563539,-0.0070542151,0.0126912926
2025-12-01,17.2400000000,71.3500000000,64.5700000000,35.8200000000,0.0130654272,-0.0206865241,-0.0074744170
2025-12-02,16.5900000000,69.9100000000,64.6700000000,35.8900000000,-0.0115294597,-0.0062903347,-0.0099721123
2025-12-03,16.0800000000,66.4600000000,66.0300000000,33.7200000000,0.0052725694,0.0055460893,-0.0003667258
2025-12-04,15.7800000000,65.6900000000,67.0000000000,33.3000000000,0.0121397546,-0.0404438959,0.0077944616
2025-12-05,15.4100000000,67.2800000000,67.0300000000,32.0600000000,0.0068476259,0.0065496794,-0.0054741332
2025-12-08,16.6600000000,72.3000000000,66.5300000000,33.0300000000,-0.0244304965,-0.0145928666,0.0000000000
2025-12-09,16.9300000000,75.3800000000,67.4800000000,30.8200000000,-0.0094251405,0.0227382865,0.0105564288
2025-12-10,15.7700000000,68.6200000000,68.2900000000,30.7800000000,0.0037807228,-0.0327995237,-0.0052036180
2025-12-11,14.8500000000,69.2400000000,69.6800000000,31.8800000000,-0.0146870891,0.0076020363,0.0177974876
2025-12-12,15.7400000000,69.2500000000,69.3000000000,29.9300000000,-0.0036620496,0.0322661917,-0.0013119448
2025-12-15,16.5000000000,73.3100000000,69.2500000000,32.8500000000,-0.0073645783,-0.0093996228,0.0408076729
2025-12-16,16.4800000000,67.1400000000,69.3000000000,36.2300000000,-0.0276581106,-0.0243973052,0.0009161705
2025-12-17,17.6200000000,62.7400000000,69.1800000000,36.7400000000,0.0120494219,0.0219147367,-0.0064308903
2025-12-18,16.8700000000,60.0100000000,69.9800000000,33.6000000000,0.0037469934,0.0107256205,-0.0036934483
2025-12-19,14.9100000000,59.4100000000,71.2000000000,33.6200000000,0.0090418132,0.0182399839,0.0065694929
2025-12-22,14.0800000000,61.7000000000,72.0800000000,33.0300000000,0.0235469151,-0.0169750531,0.0049275296
2025-12-23,14.0000000000,61.1700000000,72.7800000000,33.0200000000,0.0063579559,0.0016239921,0.0120442315
2025-12-24,13.4700000000,59.4800000000,72.7400000000,31.7100000000,-0.0005140067,0.0130046435,-0.0060039829
2025-12-25,,,72.7400000000,,,,
2025-12-26,13.6000000000,58.5000000000,73.7700000000,32.2200000000,-0.0279799294,,
2025-12-29,14.2000000000,59.2100000000,71.9500000000,32.1600000000,0.0233419411,0.0155047341,-0.0062688984
2025-12-30,14.3300000000,63.9800000000,72.9100000000,30.7600000000,-0.0022408007,-0.0272841081,-0.0020602045
2025-12-31,14.9500000000,63.9600000000,72.3500000000,30.1700000000,-0.0091878951,0.0141257914,0.0010306328
2026-01-01,14.9500000000,,,,,,
2026-01-02,14.5100000000,62.3600000000,72.7100000000,28.4000000000,-0.0017430717,0.0294957095,0.0107013772
2026-01-05,14.9000000000,64.7100000000,74.8700000000,29.4100000000,0.0131717676,-0.0569272351,-0.0120757904
2026-01-06,14.7500000000,65.8200000000,76.7100000000,30.0600000000,-0.0198232887,0.0242661219,0.0096949719
2026-01-07,15.3800000000,66.1500000000,75.4200000000,32.9800000000,-0.0168249785,0.0248038187,0.0003404642
2026-01-08,15.4500000000,66.9400000000,76.5500000000,35.8000000000,0.0311233912,-0.0381801455,0.0006805808
2026-01-09,14.4900000000,61.5500000000,78.1900000000,36.8000000000,0.0232727821,0.0240769214,0.0154152138
2026-01-12,15.1200000000,62.9000000000,80.5500000000,38.8500000000,0.0033772406,0.0638907114,0.0060113729
2026-01-13,15.9800000000,60.7900000000,80.9900000000,40.4300000000,0.0267791470,0.0397660911,0.0070781096
2026-01-14,16.7500000000,58.1100000000,82.2600000000,44.1900000000,0.0177312494,0.0107449759,0.0118318646
2026-01-15,15.8400000000,56.1400000000,83.0100000000,42.0600000000,-0.0467043050,0.0414090035,0.0045637371
2026-01-16,15.8600000000,58.0500000000,82.6300000000,43.1900000000,0.0042147917,0.1063582685,-0.0021706108
2026-01-18,,,,,-0.0079385604,,
2026-01-19,18.8400000000,,,,0.0070970220,-0.0410717161,-0.0432968058
2026-01-20,20.0900000000,66.6700000000,84.7800000000,42.7800000000,0.0158693717,0.0138045457,-0.0367459019
2026-01-21,16.9000000000,59.5600000000,85.0400000000,45.4500000000,0.0046296379,0.0885056947,0.0244169786
2026-01-22,15.6400000000,56.5000000000,86.2000000000,44.7000000000,-0.0210042728,-0.0292178585,0.0160659754
2026-01-23,16.0900000000,56.2500000000,88.3800000000,47.6400000000,0.0284001484,0.0501910300,-0.0007915419
2026-01-26,16.1500000000,55.7700000000,90.4300000000,47.7800000000,-0.0072309272,-0.0234246538,-0.0144707134
2026-01-27,16.3500000000,56.1200000000,91.6100000000,49.6100000000,0.0286151860,-0.0090147388,0.0141312893
2026-01-28,16.3500000000,57.4300000000,92.0700000000,50.3900000000,0.0130575104,0.0025765905,-0.0209258107
2026-01-29,16.8800000000,60.7300000000,92.5700000000,55.3700000000,0.0343655056,0.0317092943,-0.0300280595
2026-01-30,17.4400000000,59.2000000000,86.6000000000,55.9100000000,-0.0032151907,-0.0208577047,-0.0329247847
2026-02-02,16.3400000000,59.3000000000,87.4000000000,48.7000000000,-0.0482229274,-0.1461011989,0.0245545337
2026-02-03,18.0000000000,57.5400000000,91.3300000000,52.3400000000,0.0170726125,-0.0324854551,-0.0020433927
2026-02-04,18.6400000000,57.5100000000,88.3800000000,55.1300000000,0.0300762834,0.0193191765,-0.0022887440
2026-02-05,21.7700000000,62.1600000000,85.1700000000,54.9700000000,-0.0288114611,0.0069605849,-0.0586066400
2026-02-06,17.7600000000,63.6200000000,88.1500000000,53.1800000000,0.0040996588,0.0564467334,0.0067546296
2026-02-09,17.3600000000,62.7400000000,91.0800000000,50.7900000000,0.0101762131,-0.0635565787,0.0327365565
2026-02-10,17.7900000000,64.5500000000,89.4300000000,48.0200000000,-0.0064067724,-0.0505142433,-0.0310867052
2026-02-11,17.6500000000,61.3500000000,90.0500000000,44.3300000000,0.0104484381,0.0100292969,-0.0052126493
2026-02-12,20.8200000000,68.5700000000,87.0300000000,42.0000000000,-0.0284811950,0.0253846444,-0.0783233453
2026-02-13,20.6000000000,70.1000000000,86.6700000000,42.1800000000,0.0015948967,-0.0150856374,-0.0259754864
2026-02-15,,,,,0.0001593499,,
2026-02-16,21.2000000000,,,,0.0128237331,-0.0503868228,-0.0214508439
2026-02-17,20.2900000000,68.8400000000,84.9100000000,42.5400000000,-0.0196988101,-0.0356068904,0.0129256431
2026-02-18,19.6200000000,64.1900000000,86.5700000000,51.4900000000,0.0448632321,0.0541378131,0.0210385451
2026-02-19,20.2300000000,68.0300000000,88.1300000000,56.7300000000,0.0188426787,0.0628475812,-0.0032188118
2026-02-20,19.0900000000,64.2700000000,89.6600000000,56.1200000000,-0.0006023189,-0.0455900280,0.0336305122
2026-02-23,21.0100000000,68.0300000000,90.6600000000,59.0500000000,-0.0012057274,-0.0061068414,-0.0330699741
2026-02-24,19.5500000000,65.2700000000,92.1800000000,58.8200000000,-0.0103078069,-0.0300700217,-0.0099965634
2026-02-25,17.9300000000,62.4300000000,93.3700000000,58.9700000000,-0.0032048864,0.0051339290,0.0266682471
2026-02-26,18.6300000000,63.9300000000,93.4600000000,59.8000000000,-0.0032151907,0.0371127082,-0.0224321492
2026-02-27,19.8600000000,73.3800000000,93.8400000000,64.6800000000,0.0273782509,-0.0082576852,-0.0096277113
2026-03-02,21.4400000000,73.2100000000,93.3800000000,68.9000000000,0.0609229957,0.3311701802,0.0039755838
2026-03-03,23.5700000000,77.7500000000,87.5500000000,73.9900000000,0.0456900924,0.1987160364,0.0383646771
2026-03-04,21.1500000000,70.0300000000,88.6700000000,75.2000000000,0.0013403031,-0.1072861933,-0.0356759328
2026-03-05,23.7500000000,74.5300000000,84.7200000000,83.8300000000,0.0816281304,0.0394833090,-0.0058110857
2026-03-06,29.4900000000,81.2600000000,83.1900000000,103.6000000000,0.1151873973,0.0509926440,0.0031223415
2026-03-09,25.5000000000,79.7400000000,83.9700000000,100.5300000000,0.0063603680,0.0558786259,0.0046653085
2026-03-10,24.9300000000,76.3300000000,86.8700000000,108.1900000000,-0.1081823527,-0.1749338951,0.0279553703
2026-03-11,24.2300000000,78.5900000000,84.6700000000,120.9100000000,0.0472229022,0.0533284428,-0.0145060221
2026-03-12,27.2900000000,95.3000000000,81.9500000000,120.2200000000,0.0926979006,0.0174703776,-0.0445339966
2026-03-13,27.1900000000,91.1700000000,80.0700000000,119.0200000000,0.0252013128,-0.0149529944,0.0062368757
2026-03-16,23.5100000000,85.2500000000,81.4600000000,101.9700000000,-0.0350986958,0.0152871237,-0.0023161562
2026-03-17,22.3700000000,79.2300000000,81.8100000000,95.9200000000,0.0285718661,0.0131192948,-0.0346514580
2026-03-18,25.0900000000,81.2500000000,78.2500000000,97.2800000000,0.0011426792,0.0584419867,-0.0117719440
2026-03-19,24.0600000000,84.8800000000,76.6300000000,92.6800000000,-0.0018705191,0.1235756650,-0.0342837776
2026-03-20,26.7800000000,108.8400000000,74.2700000000,91.8500000000,0.0224220028,-0.0428942700,0.0610958383
2026-03-23,26.1500000000,98.1500000000,76.9500000000,89.7800000000,-0.1094144681,-0.0443758225,0.0233723756
2026-03-24,26.9500000000,103.0100000000,77.0400000000,89.3400000000,0.0467727095,-0.0477313244,0.0279061389
2026-03-25,25.3300000000,97.5900000000,78.9700000000,90.1600000000,-0.0222267868,-0.0229288426,-0.0067624941
2026-03-26,27.4400000000,115.0200000000,76.7100000000,92.3700000000,0.0450292520,0.0444748120,0.0127819705
2026-03-27,31.0500000000,111.9500000000,76.6800000000,96.6400000000,0.0531755185,-0.0190325229,0.0002790957
2026-03-30,30.6100000000,108.3300000000,76.1500000000,95.8400000000,0.0319995701,0.0116891716,0.0070907492
2026-03-31,25.2500000000,96.0500000000,80.7100000000,89.3900000000,-0.0146874274,-0.0768960963,0.0045614842
2026-04-01,24.5400000000,90.1900000000,82.6600000000,91.8000000000,-0.0125063665,-0.0661093242,0.0289520732
2026-04-02,23.8700000000,84.4100000000,81.5600000000,93.1400000000,0.1080138044,0.0519624033,-0.0403252887
2026-04-03,23.8700000000,81.7800000000,,,,,
2026-04-06,24.1700000000,81.6800000000,81.9800000000,96.1400000000,0.0077696305,,
2026-04-07,25.7800000000,83.1500000000,81.7200000000,98.7900000000,0.0047923414,0.0620388465,-0.0025139678
2026-04-08,21.0400000000,78.7400000000,85.5800000000,83.9100000000,-0.1792982432,-0.1616123577,0.0022349499
2026-04-09,19.4900000000,74.0100000000,85.9400000000,81.7400000000,0.0359930677,0.0191094188,0.0282018828
2026-04-10,19.2300000000,72.1500000000,85.7000000000,78.0100000000,-0.0133719335,-0.0565101957,-0.0120088779
2026-04-12,,,,,,0.1245280387,
2026-04-13,19.1200000000,74.4200000000,87.5800000000,80.5500000000,-0.0382064198,-0.0628767767,-0.0034380836
2026-04-14,18.3600000000,74.3500000000,87.0900000000,75.3500000000,-0.0525681363,-0.0679269283,0.0309261049
2026-04-15,18.1700000000,67.9400000000,82.8700000000,72.2300000000,-0.0006805808,-0.0463959382,-0.0096632077
2026-04-16,17.9400000000,65.8900000000,84.6500000000,73.0400000000,0.0717954009,0.0244103696,0.0112647027
2026-04-17,17.4800000000,65.7000000000,85.1700000000,69.0100000000,-0.1215789097,-0.0900461374,0.0324069028
2026-04-19,,,,,,0.0799296054,
2026-04-20,18.8700000000,67.9000000000,84.8200000000,73.7900000000,0.0664374326,-0.0413976255,-0.0173192688
2026-04-21,19.5000000000,70.7800000000,82.0200000000,85.5700000000,0.0277337022,0.0398724721,-0.0056642449
2026-04-22,18.9200000000,69.8800000000,83.3800000000,76.7700000000,0.0089686700,0.0379302163,-0.0171878190
2026-04-23,19.3100000000,67.7000000000,81.4200000000,78.6700000000,0.0306151764,0.0214436710,0.0058957695
2026-04-24,18.7100000000,66.9700000000,81.4900000000,75.8300000000,-0.0152433963,0.0081695229,0.0006677797
2026-04-26,,,,,,-0.0047145131,
2026-04-27,18.0200000000,68.4200000000,80.6000000000,73.1100000000,0.0206538767,-0.0000895897,-0.0021384665
2026-04-28,17.8300000000,68.6800000000,78.7600000000,70.5000000000,0.0362749910,-0.0238451914,0.0049382816
2026-04-29,18.8100000000,74.3300000000,77.5600000000,75.9600000000,0.0672367689,0.0720955146,-0.0257582847
2026-04-30,16.8900000000,72.0700000000,79.3700000000,75.0800000000,-0.0170799151,-0.0186562929,0.0080278001
2026-05-01,16.9900000000,70.4100000000,78.7000000000,75.4000000000,-0.0302423898,-0.0048172905,0.0020307324
2026-05-03,,,,,,-0.0095723924,
2026-05-04,18.2900000000,77.8600000000,77.8600000000,78.6300000000,0.0430091243,0.0602066837,-0.0122467172
2026-05-05,17.3800000000,76.7800000000,78.5600000000,74.7300000000,-0.0397771544,-0.0256038558,0.0359030158
2026-05-06,17.3900000000,70.6300000000,81.8400000000,72.3400000000,-0.0728977323,-0.0666120157,0.0044807666
2026-05-07,17.0800000000,72.2400000000,81.8400000000,72.2500000000,-0.0028437536,-0.0077976225,-0.0121710723
2026-05-08,17.1900000000,67.2500000000,83.3300000000,72.1500000000,0.0064133112,0.0132721094,0.0006652918
2026-05-10,,,,,,0.0192281257,
2026-05-11,18.3800000000,70.7400000000,83.7800000000,75.6600000000,0.0273933093,0.0270313391,0.0262551180
2026-05-12,17.9900000000,71.6800000000,84.2000000000,75.6900000000,0.0410544545,0.0097076647,-0.0179101460
2026-05-13,17.8700000000,70.2400000000,84.5300000000,70.9400000000,-0.0114174469,0.0050425302,-0.0098091985
2026-05-14,17.2600000000,69.6300000000,83.8900000000,68.9200000000,0.0014837532,0.0155435326,0.0001332001
2026-05-15,18.4300000000,79.8700000000,80.0100000000,72.3500000000,0.0411501012,0.0513698836,0.0069020715
2026-05-17,,,,,,0.0191117542,
2026-05-18,17.8200000000,86.0700000000,80.2200000000,72.0700000000,0.0302713697,-0.0174586473,-0.0006615945
2026-05-19,18.0600000000,85.3200000000,79.3100000000,72.8900000000,-0.0082244145,0.0306884349,-0.0077066552
2026-05-20,17.4400000000,81.5300000000,82.0300000000,72.7700000000,-0.0923822999,-0.0472426128,0.0057192415
2026-05-21,16.7600000000,79.7200000000,83.5100000000,73.5400000000,-0.0196296319,-0.0003440147,-0.0062529306
2026-05-22,16.7000000000,78.4300000000,82.6000000000,75.9700000000,0.0025913464,-0.0147824612,0.0262115763
2026-05-25,16.5900000000,,,,,-0.0691572134,-0.0022125343
2026-05-26,17.0100000000,74.9500000000,86.0100000000,65.0600000000,-0.0284548569,0.0439673838,0.0165399817
2026-05-27,16.2900000000,70.9000000000,84.6800000000,59.9700000000,-0.0570894995,-0.0225604711,0.0088038846
2026-05-28,15.7400000000,69.7400000000,85.0900000000,58.3000000000,0.0024777578,0.0108857440,0.0180026263
2026-05-29,15.3200000000,70.2200000000,85.7700000000,57.8400000000,-0.0174746305,-0.0198022010,0.0059709096
2026-05-31,,,,,,0.0181811440,
2026-06-01,16.0500000000,73.3300000000,85.8800000000,61.2400000000,0.0534886850,0.0468110687,-0.0182733495
2026-06-02,15.7700000000,73.4300000000,86.1800000000,59.5300000000,0.0172121289,-0.0306755388,0.0041595825
2026-06-03,16.0600000000,73.5800000000,83.9600000000,60.5200000000,0.0238181773,0.0260611198,-0.0113853222
2026-06-04,15.4000000000,71.1600000000,83.8200000000,59.7900000000,-0.0315269949,-0.0022947068,-0.0196575996
2026-06-05,21.5100000000,75.2000000000,78.5600000000,57.7500000000,-0.0272377662,-0.0052649019,-0.0016882025
2026-06-07,,,,,,0.0269351895,
2026-06-08,18.9200000000,76.9800000000,78.1800000000,58.3600000000,0.0083590456,0.0001204263,0.0001299630
2026-06-09,19.8700000000,77.0300000000,82.5000000000,57.6300000000,-0.0345438246,-0.0219548232,-0.0104507809
2026-06-10,22.2200000000,73.9500000000,81.1900000000,60.2800000000,0.0205359851,0.0252208683,0.0175728570
2026-06-11,19.4400000000,69.4500000000,85.7400000000,56.3000000000,-0.0261070302,-0.0059992756,-0.0046559836
2026-06-12,17.6800000000,69.3600000000,87.5600000000,54.1000000000,-0.0327974237,-0.0604975923,0.0003888277
2026-06-14,,,,,,-0.0531934046,
2026-06-15,16.2000000000,69.3800000000,87.5300000000,47.7500000000,-0.0662364746,-0.0424439405,0.0362658230
2026-06-16,16.4100000000,67.2800000000,88.1100000000,53.1000000000,-0.0539203707,-0.0175143307,-0.0021267288
2026-06-17,18.4400000000,70.6600000000,88.8800000000,53.6500000000,0.0199927743,0.0034893205,-0.0008770282
2026-06-18,16.4000000000,65.3900000000,87.8200000000,51.5400000000,-0.0024773466,-0.0337740439,0.0028787804
2026-06-19,16.7800000000,,,,-0.0011756255,0.0379879847,0.0070988529
2026-06-21,,,,,,0.0299102590,
2026-06-22,17.2800000000,70.0200000000,87.6100000000,50.7000000000,-0.0223362223,-0.0347924416,0.0122110675
2026-06-23,19.4900000000,68.7800000000,84.3700000000,46.6000000000,-0.0217532053,0.0030273798,-0.0105990640
2026-06-24,18.6300000000,69.0600000000,82.9300000000,47.6100000000,-0.0399913966,-0.0274598023,0.0008669268
2026-06-25,18.8900000000,67.1000000000,82.8100000000,46.9600000000,0.0222137631,-0.0115895541,-0.0027271617
2026-06-26,18.4100000000,66.7900000000,83.4000000000,46.4600000000,-0.0381200955,0.0092872679,-0.0034817245
2026-06-28,,,,,,0.0179344313,
2026-06-29,17.6500000000,68.1400000000,82.4600000000,45.0700000000,0.0217182418,0.0248570805,-0.0188613664
2026-06-30,16.4500000000,71.9600000000,83.5000000000,43.1700000000,-0.0178257840,0.0204404331,0.0173654798
2026-07-01,16.5900000000,68.5600000000,82.7600000000,40.7600000000,-0.0133258055,-0.0154254244,-0.0077645976
2026-07-02,16.1500000000,65.4000000000,84.1300000000,41.6200000000,0.0016026812,0.0284831569,-0.0011321468
2026-07-03,15.8100000000,,,,0.0013093768,0.0243739343,0.0143707565
2026-07-05,,,,,,-0.0081482262,
2026-07-06,15.5700000000,65.7600000000,85.2800000000,40.3300000000,-0.0033495990,-0.0135937097,0.0146563372
2026-07-07,16.1300000000,70.2500000000,83.4500000000,47.5900000000,0.0271978776,0.0539229037,-0.0197561679
2026-07-08,16.9000000000,72.4100000000,82.4200000000,50.4500000000,0.0427961944,0.0511837899,-0.0144447654
2026-07-09,15.8400000000,68.8900000000,85.6300000000,45.9900000000,-0.0197808647,0.0217917505,0.0000000000
2026-07-10,15.0300000000,69.5500000000,86.3600000000,44.6700000000,-0.0093386977,-0.0293063492,0.0020222454
2026-07-12,,,,,,0.0141831876,
2026-07-13,17.1600000000,77.7700000000,85.2100000000,60.2500000000,0.0875013843,0.0382655381,0.0114243914
2026-07-14,16.5000000000,75.0300000000,86.7600000000,59.8900000000,0.0094496936,0.0323147253,0.0158517251
2026-07-15,15.6700000000,68.4800000000,86.7000000000,58.9600000000,0.0055766938,0.0259817806,-0.0028299004
2026-07-16,16.7300000000,68.1600000000,84.5300000000,55.9100000000,-0.0106735448,0.0079166240,-0.0245724867
2026-07-17,18.7700000000,70.8800000000,84.5100000000,60.0200000000,0.0437405724,0.0465407577,-0.0010107392
2026-07-19,,,,,,0.0510319134,
2026-07-20,18.6500000000,72.6600000000,84.5200000000,62.0700000000,0.0085231248,-0.0278341314,0.0512490512
2026-07-21,17.0500000000,74.6700000000,87.1300000000,63.7800000000,0.0223004086,0.0155570892,-0.0008409924
2026-07-22,16.6400000000,76.3100000000,88.1600000000,65.3100000000,-0.0083343738,0.0470463188,0.0403988281
2026-07-23,18.7000000000,80.0800000000,85.6800000000,68.9700000000,0.0395011800,-0.0102705126,-0.0322589699
2026-07-24,18.5800000000,76.8200000000,85.5000000000,68.0000000000,-0.0216086475,0.0267324423,-0.0057388967
2026-07-26,,,,,,-0.0789291583,
2026-07-27,18.6700000000,77.2100000000,85.4700000000,60.6200000000,-0.0302836685,-0.0084955598,-0.0129127481
2026-07-28,18.2100000000,76.0900000000,84.8400000000,57.1500000000,-0.0413971508,-0.0088973774,-0.0073144298
2026-07-29,20.6600000000,74.1800000000,83.3500000000,67.5900000000,0.0635444617,0.0454219601,0.0035419884
2026-07-30,17.0900000000,77.0900000000,86.8400000000,63.4400000000,-0.0103541538,-0.0377613350,-0.0089401122
2026-07-31,15.9900000000,83.0200000000,85.9800000000,63.0400000000,0.0128374519,0.0151812693,-0.0003691172
2026-08-02,,,,,,-0.0462709517,
2026-08-03,15.8600000000,80.4800000000,86.6000000000,57.2000000000,-0.0524937187,0.0194027420,-0.0049346263
2026-08-04,16.5000000000,77.5600000000,88.4800000000,53.4500000000,-0.0585651930,-0.0279319201,0.0059186363
2026-08-05,15.8100000000,73.5800000000,89.9000000000,51.4800000000,-0.0072852829,-0.0649570562,-0.0030782515
2026-08-06,15.1500000000,76.1200000000,89.4400000000,57.3400000000,0.0271474281,0.0622352352,0.0098172343
2026-08-07,14.9000000000,72.0300000000,90.7400000000,55.8000000000,0.0114492792,-0.0040426600,0.0169516107
2026-08-09,,,,,,0.0126305416,
2026-08-10,15.4600000000,75.4600000000,90.7000000000,56.0600000000,0.0374086546,0.0777508526,-0.0123219728
2026-08-11,15.2800000000,77.9200000000,89.8200000000,54.9900000000,0.0096867902,-0.0345210924,0.0020642348
2026-08-12,14.5500000000,72.0900000000,89.4500000000,52.3400000000,0.0026809668,0.0381822659,-0.0054734674
2026-08-13,14.6300000000,69.2300000000,88.0800000000,49.3600000000,-0.0212787070,-0.0102289623,0.0091058724
2026-08-14,14.2500000000,69.5800000000,88.6900000000,49.5200000000,0.0240738720,0.0168115333,-0.0115481743
2026-08-16,,,,,,0.0150432231,
2026-08-17,15.1900000000,75.6300000000,89.1900000000,52.9200000000,0.0251660974,-0.0096365320,-0.0025708529
2026-08-18,15.8400000000,74.9800000000,87.4900000000,47.1700000000,-0.0052207048,0.0301291499,0.0089084731
2026-08-19,14.8900000000,71.2600000000,89.9900000000,47.6900000000,0.0039180816,-0.0041723474,-0.0073162136
2026-08-20,16.0100000000,73.1800000000,90.7200000000,49.6300000000,0.0285032729,0.0297513317,0.0090156556
2026-08-21,15.1300000000,73.4000000000,94.0000000000,49.6200000000,0.0026453521,0.0086917290,0.0019386896
2026-08-23,,,,,,0.0006071185,
2026-08-24,15.8500000000,73.9800000000,94.2800000000,46.7400000000,-0.0238286395,0.0359882383,0.0143022689
2026-08-25,15.4500000000,71.9200000000,94.9700000000,46.1600000000,-0.0316690145,-0.0256781683,0.0073713329
2026-08-26,15.2100000000,69.4400000000,94.2900000000,46.8300000000,-0.0015796832,-0.0145524222,-0.0208266055
2026-08-27,14.5100000000,69.8600000000,94.4400000000,46.2200000000,0.0156856498,0.0369318301,-0.0031496089
2026-08-28,14.4300000000,70.9700000000,92.3000000000,43.4900000000,-0.0015575394,-0.0165246516,0.0037541673
2026-08-30,,,,,,0.0212860421,
2026-08-31,14.9200000000,75.3200000000,91.5600000000,44.9100000000,0.0279043880,0.0200977617,0.0044624087
